ano_arquivo,data_referencia,uf,evento,total_vitima,total,feminino,masculino,nao_informado,total_peso,valor_auto,valor_unidade
2025,2025-01-01,AC,Apreensão de Cocaína,0.0,0.0,0.0,0.0,0.0,11485.0,11485.0,kg
2025,2025-01-01,AC,Apreensão de Maconha,0.0,0.0,0.0,0.0,0.0,123975.0,123975.0,kg
2025,2025-01-01,AC,Arma de Fogo Apreendida,0.0,44.0,0.0,0.0,0.0,0.0,44.0,ocorrencias
2025,2025-01-01,AC,Atendimento pré-hospitalar,0.0,65.0,0.0,0.0,0.0,0.0,65.0,ocorrencias
2025,2025-01-01,AC,Busca e salvamento,0.0,448.0,0.0,0.0,0.0,0.0,448.0,ocorrencias
2025,2025-01-01,AC,Combate a incêndios,0.0,143.0,0.0,0.0,0.0,0.0,143.0,ocorrencias
2025,2025-01-01,AC,Emissão de Alvarás de licença,0.0,651.0,0.0,0.0,0.0,0.0,651.0,ocorrencias
2025,2025-01-01,AC,Estupro,11.0,0.0,11.0,0.0,0.0,0.0,11.0,vitimas
2025,2025-01-01,AC,Estupro de vulnerável,38.0,0.0,38.0,0.0,0.0,0.0,38.0,vitimas
2025,2025-01-01,AC,Feminicídio,1.0,0.0,1.0,0.0,0.0,0.0,1.0,vitimas
2025,2025-01-01,AC,Furto de veículo,0.0,44.0,0.0,0.0,0.0,0.0,44.0,ocorrencias
2025,2025-01-01,AC,Homicídio doloso,13.0,0.0,0.0,13.0,0.0,0.0,13.0,vitimas
2025,2025-01-01,AC,Lesão corporal seguida de morte,0.0,0.0,0.0,0.0,0.0,0.0,0.0,vitimas
2025,2025-01-01,AC,Mandado de prisão cumprido,0.0,135.0,0.0,0.0,0.0,0.0,135.0,ocorrencias
2025,2025-01-01,AC,Morte de Agente do Estado,0.0,0.0,0.0,0.0,0.0,0.0,0.0,vitimas
2025,2025-01-01,AC,Morte no trânsito ou em decorrência dele (exceto homicídio doloso),7.0,0.0,2.0,5.0,0.0,0.0,7.0,vitimas
2025,2025-01-01,AC,Morte por intervenção de Agente do Estado,0.0,0.0,0.0,0.0,0.0,0.0,0.0,vitimas
2025,2025-01-01,AC,Mortes a esclarecer (sem indício de crime),14.0,0.0,4.0,10.0,0.0,0.0,14.0,vitimas
2025,2025-01-01,AC,Mortes no trânsito,2.0,0.0,1.0,1.0,0.0,0.0,2.0,vitimas
2025,2025-01-01,AC,Pessoa Desaparecida,22.0,0.0,7.0,15.0,0.0,0.0,22.0,vitimas
2025,2025-01-01,AC,Pessoa Localizada,5.0,0.0,1.0,4.0,0.0,0.0,5.0,vitimas
2025,2025-01-01,AC,Realização de vistorias,0.0,852.0,0.0,0.0,0.0,0.0,852.0,ocorrencias
2025,2025-01-01,AC,Roubo a instituição financeira,0.0,0.0,0.0,0.0,0.0,0.0,0.0,ocorrencias
2025,2025-01-01,AC,Roubo de carga,0.0,0.0,0.0,0.0,0.0,0.0,0.0,ocorrencias
2025,2025-01-01,AC,Roubo de veículo,0.0,42.0,0.0,0.0,0.0,0.0,42.0,ocorrencias
2025,2025-01-01,AC,Roubo seguido de morte (latrocínio),1.0,0.0,0.0,1.0,0.0,0.0,1.0,vitimas
2025,2025-01-01,AC,Suicídio,8.0,0.0,2.0,6.0,0.0,0.0,8.0,vitimas
2025,2025-01-01,AC,Suicídio de Agente do Estado,0.0,0.0,0.0,0.0,0.0,0.0,0.0,vitimas
2025,2025-01-01,AC,Tentativa de feminicídio,5.0,0.0,5.0,0.0,0.0,0.0,5.0,vitimas
2025,2025-01-01,AC,Tentativa de homicídio,25.0,0.0,1.0,24.0,0.0,0.0,25.0,vitimas
2025,2025-01-01,AC,Tráfico de drogas,0.0,90.0,0.0,0.0,0.0,0.0,90.0,ocorrencias
2025,2025-01-01,AL,Apreensão de Cocaína,0.0,0.0,0.0,0.0,0.0,2538.0,2538.0,kg
2025,2025-01-01,AL,Apreensão de Maconha,0.0,0.0,0.0,0.0,0.0,12041.0,12041.0,kg
2025,2025-01-01,AL,Arma de Fogo Apreendida,0.0,135.0,0.0,0.0,0.0,0.0,135.0,ocorrencias
2025,2025-01-01,AL,Atendimento pré-hospitalar,0.0,645.0,0.0,0.0,0.0,0.0,645.0,ocorrencias
2025,2025-01-01,AL,Busca e salvamento,0.0,435.0,0.0,0.0,0.0,0.0,435.0,ocorrencias
2025,2025-01-01,AL,Combate a incêndios,0.0,260.0,0.0,0.0,0.0,0.0,260.0,ocorrencias
2025,2025-01-01,AL,Emissão de Alvarás de licença,0.0,799.0,0.0,0.0,0.0,0.0,799.0,ocorrencias
2025,2025-01-01,AL,Estupro,12.0,0.0,12.0,0.0,0.0,0.0,12.0,vitimas
2025,2025-01-01,AL,Estupro de vulnerável,29.0,0.0,29.0,0.0,0.0,0.0,29.0,vitimas
2025,2025-01-01,AL,Feminicídio,1.0,0.0,1.0,0.0,0.0,0.0,1.0,vitimas
2025,2025-01-01,AL,Furto de veículo,0.0,116.0,0.0,0.0,0.0,0.0,116.0,ocorrencias
2025,2025-01-01,AL,Homicídio doloso,97.0,0.0,3.0,94.0,0.0,0.0,97.0,vitimas
2025,2025-01-01,AL,Lesão corporal seguida de morte,1.0,0.0,0.0,1.0,0.0,0.0,1.0,vitimas
2025,2025-01-01,AL,Mandado de prisão cumprido,0.0,244.0,0.0,0.0,0.0,0.0,244.0,ocorrencias
2025,2025-01-01,AL,Morte de Agente do Estado,1.0,0.0,0.0,1.0,0.0,0.0,1.0,vitimas
2025,2025-01-01,AL,Morte no trânsito ou em decorrência dele (exceto homicídio doloso),42.0,0.0,8.0,28.0,6.0,0.0,42.0,vitimas
2025,2025-01-01,AL,Morte por intervenção de Agente do Estado,14.0,0.0,0.0,14.0,0.0,0.0,14.0,vitimas
2025,2025-01-01,AL,Mortes a esclarecer (sem indício de crime),65.0,0.0,17.0,33.0,15.0,0.0,65.0,vitimas
2025,2025-01-01,AL,Mortes no trânsito,11.0,0.0,3.0,8.0,0.0,0.0,11.0,vitimas
2025,2025-01-01,AL,Pessoa Desaparecida,60.0,0.0,19.0,40.0,1.0,0.0,60.0,vitimas
2025,2025-01-01,AL,Pessoa Localizada,10.0,0.0,5.0,5.0,0.0,0.0,10.0,vitimas
2025,2025-01-01,AL,Realização de vistorias,0.0,1258.0,0.0,0.0,0.0,0.0,1258.0,ocorrencias
2025,2025-01-01,AL,Roubo a instituição financeira,0.0,0.0,0.0,0.0,0.0,0.0,0.0,ocorrencias
2025,2025-01-01,AL,Roubo de carga,0.0,1.0,0.0,0.0,0.0,0.0,1.0,ocorrencias
2025,2025-01-01,AL,Roubo de veículo,0.0,128.0,0.0,0.0,0.0,0.0,128.0,ocorrencias
2025,2025-01-01,AL,Roubo seguido de morte (latrocínio),1.0,0.0,0.0,1.0,0.0,0.0,1.0,vitimas
2025,2025-01-01,AL,Suicídio,9.0,0.0,0.0,9.0,0.0,0.0,9.0,vitimas
2025,2025-01-01,AL,Suicídio de Agente do Estado,0.0,0.0,0.0,0.0,0.0,0.0,0.0,vitimas
2025,2025-01-01,AL,Tentativa de feminicídio,4.0,0.0,4.0,0.0,0.0,0.0,4.0,vitimas
2025,2025-01-01,AL,Tentativa de homicídio,53.0,0.0,6.0,42.0,5.0,0.0,53.0,vitimas
2025,2025-01-01,AL,Tráfico de drogas,0.0,100.0,0.0,0.0,0.0,0.0,100.0,ocorrencias
2025,2025-01-01,AM,Apreensão de Cocaína,0.0,0.0,0.0,0.0,0.0,616519.0,616519.0,kg
2025,2025-01-01,AM,Apreensão de Maconha,0.0,0.0,0.0,0.0,0.0,1608967.0,1608967.0,kg
2025,2025-01-01,AM,Arma de Fogo Apreendida,0.0,141.0,0.0,0.0,0.0,0.0,141.0,ocorrencias
2025,2025-01-01,AM,Atendimento pré-hospitalar,0.0,115.0,0.0,0.0,0.0,0.0,115.0,ocorrencias
2025,2025-01-01,AM,Busca e salvamento,0.0,8.0,0.0,0.0,0.0,0.0,8.0,ocorrencias
2025,2025-01-01,AM,Combate a incêndios,0.0,101.0,0.0,0.0,0.0,0.0,101.0,ocorrencias
2025,2025-01-01,AM,Emissão de Alvarás de licença,0.0,351.0,0.0,0.0,0.0,0.0,351.0,ocorrencias
2025,2025-01-01,AM,Estupro,28.0,0.0,26.0,2.0,0.0,0.0,28.0,vitimas
2025,2025-01-01,AM,Estupro de vulnerável,82.0,0.0,69.0,10.0,3.0,0.0,82.0,vitimas
2025,2025-01-01,AM,Feminicídio,1.0,0.0,1.0,0.0,0.0,0.0,1.0,vitimas
2025,2025-01-01,AM,Furto de veículo,0.0,139.0,0.0,0.0,0.0,0.0,139.0,ocorrencias
2025,2025-01-01,AM,Homicídio doloso,64.0,0.0,5.0,59.0,0.0,0.0,64.0,vitimas
2025,2025-01-01,AM,Lesão corporal seguida de morte,2.0,0.0,0.0,2.0,0.0,0.0,2.0,vitimas
2025,2025-01-01,AM,Mandado de prisão cumprido,0.0,263.0,0.0,0.0,0.0,0.0,263.0,ocorrencias
2025,2025-01-01,AM,Morte de Agente do Estado,0.0,0.0,0.0,0.0,0.0,0.0,0.0,vitimas
2025,2025-01-01,AM,Morte no trânsito ou em decorrência dele (exceto homicídio doloso),14.0,0.0,3.0,11.0,0.0,0.0,14.0,vitimas
2025,2025-01-01,AM,Morte por intervenção de Agente do Estado,4.0,0.0,0.0,4.0,0.0,0.0,4.0,vitimas
2025,2025-01-01,AM,Mortes a esclarecer (sem indício de crime),0.0,0.0,0.0,0.0,0.0,0.0,0.0,vitimas
2025,2025-01-01,AM,Mortes no trânsito,2.0,0.0,1.0,1.0,0.0,0.0,2.0,vitimas
2025,2025-01-01,AM,Pessoa Desaparecida,78.0,0.0,30.0,48.0,0.0,0.0,78.0,vitimas
2025,2025-01-01,AM,Pessoa Localizada,54.0,0.0,21.0,33.0,0.0,0.0,54.0,vitimas
2025,2025-01-01,AM,Realização de vistorias,0.0,388.0,0.0,0.0,0.0,0.0,388.0,ocorrencias
2025,2025-01-01,AM,Roubo a instituição financeira,0.0,0.0,0.0,0.0,0.0,0.0,0.0,ocorrencias
2025,2025-01-01,AM,Roubo de carga,0.0,1.0,0.0,0.0,0.0,0.0,1.0,ocorrencias
2025,2025-01-01,AM,Roubo de veículo,0.0,54.0,0.0,0.0,0.0,0.0,54.0,ocorrencias
2025,2025-01-01,AM,Roubo seguido de morte (latrocínio),1.0,0.0,0.0,1.0,0.0,0.0,1.0,vitimas
2025,2025-01-01,AM,Suicídio,11.0,0.0,2.0,9.0,0.0,0.0,11.0,vitimas
2025,2025-01-01,AM,Suicídio de Agente do Estado,0.0,0.0,0.0,0.0,0.0,0.0,0.0,vitimas
2025,2025-01-01,AM,Tentativa de feminicídio,5.0,0.0,5.0,0.0,0.0,0.0,5.0,vitimas
2025,2025-01-01,AM,Tentativa de homicídio,45.0,0.0,8.0,36.0,1.0,0.0,45.0,vitimas
2025,2025-01-01,AM,Tráfico de drogas,0.0,246.0,0.0,0.0,0.0,0.0,246.0,ocorrencias
2025,2025-01-01,AP,Apreensão de Cocaína,0.0,0.0,0.0,0.0,0.0,457.0,457.0,kg
2025,2025-01-01,AP,Apreensão de Maconha,0.0,0.0,0.0,0.0,0.0,791.0,791.0,kg
2025,2025-01-01,AP,Arma de Fogo Apreendida,0.0,35.0,0.0,0.0,0.0,0.0,35.0,ocorrencias
2025,2025-01-01,AP,Atendimento pré-hospitalar,0.0,585.0,0.0,0.0,0.0,0.0,585.0,ocorrencias
2025,2025-01-01,AP,Busca e salvamento,0.0,187.0,0.0,0.0,0.0,0.0,187.0,ocorrencias
2025,2025-01-01,AP,Combate a incêndios,0.0,65.0,0.0,0.0,0.0,0.0,65.0,ocorrencias
2025,2025-01-01,AP,Emissão de Alvarás de licença,0.0,328.0,0.0,0.0,0.0,0.0,328.0,ocorrencias
2025,2025-01-01,AP,Estupro,14.0,0.0,14.0,0.0,0.0,0.0,14.0,vitimas
2025,2025-01-01,AP,Estupro de vulnerável,57.0,0.0,50.0,3.0,4.0,0.0,57.0,vitimas
2025,2025-01-01,AP,Feminicídio,0.0,0.0,0.0,0.0,0.0,0.0,0.0,vitimas
2025,2025-01-01,AP,Furto de veículo,0.0,19.0,0.0,0.0,0.0,0.0,19.0,ocorrencias
2025,2025-01-01,AP,Homicídio doloso,23.0,0.0,1.0,22.0,0.0,0.0,23.0,vitimas
2025,2025-01-01,AP,Lesão corporal seguida de morte,1.0,0.0,0.0,1.0,0.0,0.0,1.0,vitimas
2025,2025-01-01,AP,Mandado de prisão cumprido,0.0,132.0,0.0,0.0,0.0,0.0,132.0,ocorrencias
2025,2025-01-01,AP,Morte de Agente do Estado,0.0,0.0,0.0,0.0,0.0,0.0,0.0,vitimas
2025,2025-01-01,AP,Morte no trânsito ou em decorrência dele (exceto homicídio doloso),7.0,0.0,3.0,4.0,0.0,0.0,7.0,vitimas
2025,2025-01-01,AP,Morte por intervenção de Agente do Estado,16.0,0.0,0.0,16.0,0.0,0.0,16.0,vitimas
2025,2025-01-01,AP,Mortes a esclarecer (sem indício de crime),2.0,0.0,1.0,1.0,0.0,0.0,2.0,vitimas
2025,2025-01-01,AP,Mortes no trânsito,1.0,0.0,0.0,1.0,0.0,0.0,1.0,vitimas
2025,2025-01-01,AP,Pessoa Desaparecida,27.0,0.0,11.0,16.0,0.0,0.0,27.0,vitimas
2025,2025-01-01,AP,Pessoa Localizada,24.0,0.0,8.0,16.0,0.0,0.0,24.0,vitimas
2025,2025-01-01,AP,Realização de vistorias,0.0,828.0,0.0,0.0,0.0,0.0,828.0,ocorrencias
2025,2025-01-01,AP,Roubo a instituição financeira,0.0,0.0,0.0,0.0,0.0,0.0,0.0,ocorrencias
2025,2025-01-01,AP,Roubo de carga,0.0,0.0,0.0,0.0,0.0,0.0,0.0,ocorrencias
2025,2025-01-01,AP,Roubo de veículo,0.0,11.0,0.0,0.0,0.0,0.0,11.0,ocorrencias
2025,2025-01-01,AP,Roubo seguido de morte (latrocínio),1.0,0.0,1.0,0.0,0.0,0.0,1.0,vitimas
2025,2025-01-01,AP,Suicídio,4.0,0.0,0.0,4.0,0.0,0.0,4.0,vitimas
2025,2025-01-01,AP,Suicídio de Agente do Estado,0.0,0.0,0.0,0.0,0.0,0.0,0.0,vitimas
2025,2025-01-01,AP,Tentativa de feminicídio,8.0,0.0,8.0,0.0,0.0,0.0,8.0,vitimas
2025,2025-01-01,AP,Tentativa de homicídio,21.0,0.0,4.0,17.0,0.0,0.0,21.0,vitimas
2025,2025-01-01,AP,Tráfico de drogas,0.0,106.0,0.0,0.0,0.0,0.0,106.0,ocorrencias
2025,2025-01-01,BA,Apreensão de Cocaína,0.0,0.0,0.0,0.0,0.0,235164.0,235164.0,kg
2025,2025-01-01,BA,Apreensão de Maconha,0.0,0.0,0.0,0.0,0.0,357505.0,357505.0,kg
2025,2025-01-01,BA,Arma de Fogo Apreendida,0.0,608.0,0.0,0.0,0.0,0.0,608.0,ocorrencias
2025,2025-01-01,BA,Atendimento pré-hospitalar,0.0,433.0,0.0,0.0,0.0,0.0,433.0,ocorrencias
2025,2025-01-01,BA,Busca e salvamento,0.0,1137.0,0.0,0.0,0.0,0.0,1137.0,ocorrencias
2025,2025-01-01,BA,Combate a incêndios,0.0,947.0,0.0,0.0,0.0,0.0,947.0,ocorrencias
2025,2025-01-01,BA,Emissão de Alvarás de licença,0.0,1912.0,0.0,0.0,0.0,0.0,1912.0,ocorrencias
2025,2025-01-01,BA,Estupro,107.0,0.0,101.0,6.0,0.0,0.0,107.0,vitimas
2025,2025-01-01,BA,Estupro de vulnerável,330.0,0.0,272.0,53.0,5.0,0.0,330.0,vitimas
2025,2025-01-01,BA,Feminicídio,8.0,0.0,8.0,0.0,0.0,0.0,8.0,vitimas
2025,2025-01-01,BA,Furto de veículo,0.0,623.0,0.0,0.0,0.0,0.0,623.0,ocorrencias
2025,2025-01-01,BA,Homicídio doloso,376.0,0.0,39.0,337.0,0.0,0.0,376.0,vitimas
2025,2025-01-01,BA,Lesão corporal seguida de morte,10.0,0.0,2.0,8.0,0.0,0.0,10.0,vitimas
2025,2025-01-01,BA,Mandado de prisão cumprido,0.0,868.0,0.0,0.0,0.0,0.0,868.0,ocorrencias
2025,2025-01-01,BA,Morte de Agente do Estado,2.0,0.0,0.0,2.0,0.0,0.0,2.0,vitimas
2025,2025-01-01,BA,Morte no trânsito ou em decorrência dele (exceto homicídio doloso),68.0,0.0,22.0,41.0,5.0,0.0,68.0,vitimas
2025,2025-01-01,BA,Morte por intervenção de Agente do Estado,131.0,0.0,0.0,131.0,0.0,0.0,131.0,vitimas
2025,2025-01-01,BA,Mortes a esclarecer (sem indício de crime),78.0,0.0,28.0,43.0,7.0,0.0,78.0,vitimas
2025,2025-01-01,BA,Mortes no trânsito,42.0,0.0,11.0,31.0,0.0,0.0,42.0,vitimas
2025,2025-01-01,BA,Pessoa Desaparecida,378.0,0.0,155.0,212.0,11.0,0.0,378.0,vitimas
2025,2025-01-01,BA,Pessoa Localizada,77.0,0.0,37.0,38.0,2.0,0.0,77.0,vitimas
2025,2025-01-01,BA,Realização de vistorias,0.0,800.0,0.0,0.0,0.0,0.0,800.0,ocorrencias
2025,2025-01-01,BA,Roubo a instituição financeira,0.0,0.0,0.0,0.0,0.0,0.0,0.0,ocorrencias
2025,2025-01-01,BA,Roubo de carga,0.0,16.0,0.0,0.0,0.0,0.0,16.0,ocorrencias
2025,2025-01-01,BA,Roubo de veículo,0.0,966.0,0.0,0.0,0.0,0.0,966.0,ocorrencias
2025,2025-01-01,BA,Roubo seguido de morte (latrocínio),10.0,0.0,2.0,8.0,0.0,0.0,10.0,vitimas
2025,2025-01-01,BA,Suicídio,70.0,0.0,11.0,55.0,4.0,0.0,70.0,vitimas
2025,2025-01-01,BA,Suicídio de Agente do Estado,0.0,0.0,0.0,0.0,0.0,0.0,0.0,vitimas
2025,2025-01-01,BA,Tentativa de feminicídio,19.0,0.0,19.0,0.0,0.0,0.0,19.0,vitimas
2025,2025-01-01,BA,Tentativa de homicídio,294.0,0.0,47.0,225.0,22.0,0.0,294.0,vitimas
2025,2025-01-01,BA,Tráfico de drogas,0.0,740.0,0.0,0.0,0.0,0.0,740.0,ocorrencias
2025,2025-01-01,CE,Apreensão de Cocaína,0.0,0.0,0.0,0.0,0.0,8841.0,8841.0,kg
2025,2025-01-01,CE,Apreensão de Maconha,0.0,0.0,0.0,0.0,0.0,36998.0,36998.0,kg
2025,2025-01-01,CE,Arma de Fogo Apreendida,0.0,613.0,0.0,0.0,0.0,0.0,613.0,ocorrencias
2025,2025-01-01,CE,Atendimento pré-hospitalar,0.0,84.0,0.0,0.0,0.0,0.0,84.0,ocorrencias
2025,2025-01-01,CE,Busca e salvamento,0.0,2221.0,0.0,0.0,0.0,0.0,2221.0,ocorrencias
2025,2025-01-01,CE,Combate a incêndios,0.0,566.0,0.0,0.0,0.0,0.0,566.0,ocorrencias
2025,2025-01-01,CE,Emissão de Alvarás de licença,0.0,1741.0,0.0,0.0,0.0,0.0,1741.0,ocorrencias
2025,2025-01-01,CE,Estupro,18.0,0.0,18.0,0.0,0.0,0.0,18.0,vitimas
2025,2025-01-01,CE,Estupro de vulnerável,102.0,0.0,87.0,13.0,2.0,0.0,102.0,vitimas
2025,2025-01-01,CE,Feminicídio,3.0,0.0,3.0,0.0,0.0,0.0,3.0,vitimas
2025,2025-01-01,CE,Furto de veículo,0.0,427.0,0.0,0.0,0.0,0.0,427.0,ocorrencias
2025,2025-01-01,CE,Homicídio doloso,266.0,0.0,23.0,243.0,0.0,0.0,266.0,vitimas
2025,2025-01-01,CE,Lesão corporal seguida de morte,0.0,0.0,0.0,0.0,0.0,0.0,0.0,vitimas
2025,2025-01-01,CE,Mandado de prisão cumprido,0.0,516.0,0.0,0.0,0.0,0.0,516.0,ocorrencias
2025,2025-01-01,CE,Morte de Agente do Estado,1.0,0.0,0.0,1.0,0.0,0.0,1.0,vitimas
2025,2025-01-01,CE,Morte no trânsito ou em decorrência dele (exceto homicídio doloso),131.0,0.0,11.0,119.0,1.0,0.0,131.0,vitimas
2025,2025-01-01,CE,Morte por intervenção de Agente do Estado,16.0,0.0,1.0,15.0,0.0,0.0,16.0,vitimas
2025,2025-01-01,CE,Mortes a esclarecer (sem indício de crime),33.0,0.0,6.0,27.0,0.0,0.0,33.0,vitimas
2025,2025-01-01,CE,Mortes no trânsito,11.0,0.0,0.0,11.0,0.0,0.0,11.0,vitimas
2025,2025-01-01,CE,Pessoa Desaparecida,204.0,0.0,58.0,146.0,0.0,0.0,204.0,vitimas
2025,2025-01-01,CE,Pessoa Localizada,114.0,0.0,35.0,79.0,0.0,0.0,114.0,vitimas
2025,2025-01-01,CE,Realização de vistorias,0.0,3092.0,0.0,0.0,0.0,0.0,3092.0,ocorrencias
2025,2025-01-01,CE,Roubo a instituição financeira,0.0,0.0,0.0,0.0,0.0,0.0,0.0,ocorrencias
2025,2025-01-01,CE,Roubo de carga,0.0,9.0,0.0,0.0,0.0,0.0,9.0,ocorrencias
2025,2025-01-01,CE,Roubo de veículo,0.0,518.0,0.0,0.0,0.0,0.0,518.0,ocorrencias
2025,2025-01-01,CE,Roubo seguido de morte (latrocínio),0.0,0.0,0.0,0.0,0.0,0.0,0.0,vitimas
2025,2025-01-01,CE,Suicídio,57.0,0.0,13.0,44.0,0.0,0.0,57.0,vitimas
2025,2025-01-01,CE,Suicídio de Agente do Estado,1.0,0.0,0.0,1.0,0.0,0.0,1.0,vitimas
2025,2025-01-01,CE,Tentativa de feminicídio,4.0,0.0,4.0,0.0,0.0,0.0,4.0,vitimas
2025,2025-01-01,CE,Tentativa de homicídio,102.0,0.0,22.0,80.0,0.0,0.0,102.0,vitimas
2025,2025-01-01,CE,Tráfico de drogas,0.0,535.0,0.0,0.0,0.0,0.0,535.0,ocorrencias
2025,2025-01-01,DF,Apreensão de Cocaína,0.0,0.0,0.0,0.0,0.0,1058.0,1058.0,kg
2025,2025-01-01,DF,Apreensão de Maconha,0.0,0.0,0.0,0.0,0.0,458.0,458.0,kg
2025,2025-01-01,DF,Arma de Fogo Apreendida,0.0,166.0,0.0,0.0,0.0,0.0,166.0,ocorrencias
2025,2025-01-01,DF,Atendimento pré-hospitalar,0.0,0.0,0.0,0.0,0.0,0.0,0.0,ocorrencias
2025,2025-01-01,DF,Busca e salvamento,0.0,0.0,0.0,0.0,0.0,0.0,0.0,ocorrencias
2025,2025-01-01,DF,Combate a incêndios,0.0,0.0,0.0,0.0,0.0,0.0,0.0,ocorrencias
2025,2025-01-01,DF,Emissão de Alvarás de licença,0.0,0.0,0.0,0.0,0.0,0.0,0.0,ocorrencias
2025,2025-01-01,DF,Estupro,19.0,0.0,18.0,1.0,0.0,0.0,19.0,vitimas
2025,2025-01-01,DF,Estupro de vulnerável,47.0,0.0,40.0,7.0,0.0,0.0,47.0,vitimas
2025,2025-01-01,DF,Feminicídio,2.0,0.0,2.0,0.0,0.0,0.0,2.0,vitimas
2025,2025-01-01,DF,Furto de veículo,0.0,262.0,0.0,0.0,0.0,0.0,262.0,ocorrencias
2025,2025-01-01,DF,Homicídio doloso,17.0,0.0,1.0,16.0,0.0,0.0,17.0,vitimas
2025,2025-01-01,DF,Lesão corporal seguida de morte,0.0,0.0,0.0,0.0,0.0,0.0,0.0,vitimas
2025,2025-01-01,DF,Mandado de prisão cumprido,0.0,675.0,0.0,0.0,0.0,0.0,675.0,ocorrencias
2025,2025-01-01,DF,Morte de Agente do Estado,0.0,0.0,0.0,0.0,0.0,0.0,0.0,vitimas
2025,2025-01-01,DF,Morte no trânsito ou em decorrência dele (exceto homicídio doloso),15.0,0.0,1.0,14.0,0.0,0.0,15.0,vitimas
2025,2025-01-01,DF,Morte por intervenção de Agente do Estado,2.0,0.0,0.0,2.0,0.0,0.0,2.0,vitimas
2025,2025-01-01,DF,Mortes a esclarecer (sem indício de crime),0.0,0.0,0.0,0.0,0.0,0.0,0.0,vitimas
2025,2025-01-01,DF,Mortes no trânsito,5.0,0.0,0.0,5.0,0.0,0.0,5.0,vitimas
2025,2025-01-01,DF,Pessoa Desaparecida,172.0,0.0,71.0,101.0,0.0,0.0,172.0,vitimas
2025,2025-01-01,DF,Pessoa Localizada,168.0,0.0,71.0,97.0,0.0,0.0,168.0,vitimas
2025,2025-01-01,DF,Realização de vistorias,0.0,0.0,0.0,0.0,0.0,0.0,0.0,ocorrencias
2025,2025-01-01,DF,Roubo a instituição financeira,0.0,0.0,0.0,0.0,0.0,0.0,0.0,ocorrencias
2025,2025-01-01,DF,Roubo de carga,0.0,0.0,0.0,0.0,0.0,0.0,0.0,ocorrencias
2025,2025-01-01,DF,Roubo de veículo,0.0,71.0,0.0,0.0,0.0,0.0,71.0,ocorrencias
2025,2025-01-01,DF,Roubo seguido de morte (latrocínio),0.0,0.0,0.0,0.0,0.0,0.0,0.0,vitimas
2025,2025-01-01,DF,Suicídio,35.0,0.0,7.0,28.0,0.0,0.0,35.0,vitimas
2025,2025-01-01,DF,Suicídio de Agente do Estado,0.0,0.0,0.0,0.0,0.0,0.0,0.0,vitimas
2025,2025-01-01,DF,Tentativa de feminicídio,11.0,0.0,11.0,0.0,0.0,0.0,11.0,vitimas
2025,2025-01-01,DF,Tentativa de homicídio,50.0,0.0,2.0,48.0,0.0,0.0,50.0,vitimas
2025,2025-01-01,DF,Tráfico de drogas,0.0,263.0,0.0,0.0,0.0,0.0,263.0,ocorrencias
2025,2025-01-01,ES,Apreensão de Cocaína,0.0,0.0,0.0,0.0,0.0,3667.0,3667.0,kg
2025,2025-01-01,ES,Apreensão de Maconha,0.0,0.0,0.0,0.0,0.0,17525.0,17525.0,kg
2025,2025-01-01,ES,Arma de Fogo Apreendida,0.0,348.0,0.0,0.0,0.0,0.0,348.0,ocorrencias
2025,2025-01-01,ES,Atendimento pré-hospitalar,0.0,807.0,0.0,0.0,0.0,0.0,807.0,ocorrencias
2025,2025-01-01,ES,Busca e salvamento,0.0,461.0,0.0,0.0,0.0,0.0,461.0,ocorrencias
2025,2025-01-01,ES,Combate a incêndios,0.0,305.0,0.0,0.0,0.0,0.0,305.0,ocorrencias
2025,2025-01-01,ES,Emissão de Alvarás de licença,0.0,3484.0,0.0,0.0,0.0,0.0,3484.0,ocorrencias
2025,2025-01-01,ES,Estupro,34.0,0.0,32.0,0.0,2.0,0.0,34.0,vitimas
2025,2025-01-01,ES,Estupro de vulnerável,87.0,0.0,62.0,21.0,4.0,0.0,87.0,vitimas
2025,2025-01-01,ES,Feminicídio,6.0,0.0,6.0,0.0,0.0,0.0,6.0,vitimas
2025,2025-01-01,ES,Furto de veículo,0.0,330.0,0.0,0.0,0.0,0.0,330.0,ocorrencias
2025,2025-01-01,ES,Homicídio doloso,77.0,0.0,7.0,70.0,0.0,0.0,77.0,vitimas
2025,2025-01-01,ES,Lesão corporal seguida de morte,3.0,0.0,0.0,3.0,0.0,0.0,3.0,vitimas
2025,2025-01-01,ES,Mandado de prisão cumprido,0.0,471.0,0.0,0.0,0.0,0.0,471.0,ocorrencias
2025,2025-01-01,ES,Morte de Agente do Estado,0.0,0.0,0.0,0.0,0.0,0.0,0.0,vitimas
2025,2025-01-01,ES,Morte no trânsito ou em decorrência dele (exceto homicídio doloso),50.0,0.0,10.0,40.0,0.0,0.0,50.0,vitimas
2025,2025-01-01,ES,Morte por intervenção de Agente do Estado,3.0,0.0,0.0,3.0,0.0,0.0,3.0,vitimas
2025,2025-01-01,ES,Mortes a esclarecer (sem indício de crime),39.0,0.0,10.0,29.0,0.0,0.0,39.0,vitimas
2025,2025-01-01,ES,Mortes no trânsito,10.0,0.0,1.0,9.0,0.0,0.0,10.0,vitimas
2025,2025-01-01,ES,Pessoa Desaparecida,224.0,0.0,87.0,127.0,10.0,0.0,224.0,vitimas
2025,2025-01-01,ES,Pessoa Localizada,39.0,0.0,18.0,20.0,1.0,0.0,39.0,vitimas
2025,2025-01-01,ES,Realização de vistorias,0.0,3759.0,0.0,0.0,0.0,0.0,3759.0,ocorrencias
2025,2025-01-01,ES,Roubo a instituição financeira,0.0,1.0,0.0,0.0,0.0,0.0,1.0,ocorrencias
2025,2025-01-01,ES,Roubo de carga,0.0,0.0,0.0,0.0,0.0,0.0,0.0,ocorrencias
2025,2025-01-01,ES,Roubo de veículo,0.0,153.0,0.0,0.0,0.0,0.0,153.0,ocorrencias
2025,2025-01-01,ES,Roubo seguido de morte (latrocínio),4.0,0.0,1.0,3.0,0.0,0.0,4.0,vitimas
2025,2025-01-01,ES,Suicídio,33.0,0.0,9.0,24.0,0.0,0.0,33.0,vitimas
2025,2025-01-01,ES,Suicídio de Agente do Estado,0.0,0.0,0.0,0.0,0.0,0.0,0.0,vitimas
2025,2025-01-01,ES,Tentativa de feminicídio,9.0,0.0,9.0,0.0,0.0,0.0,9.0,vitimas
2025,2025-01-01,ES,Tentativa de homicídio,123.0,0.0,39.0,80.0,4.0,0.0,123.0,vitimas
2025,2025-01-01,ES,Tráfico de drogas,0.0,505.0,0.0,0.0,0.0,0.0,505.0,ocorrencias
2025,2025-01-01,GO,Apreensão de Cocaína,0.0,0.0,0.0,0.0,0.0,127097.0,127097.0,kg
2025,2025-01-01,GO,Apreensão de Maconha,0.0,0.0,0.0,0.0,0.0,1482339.0,1482339.0,kg
2025,2025-01-01,GO,Arma de Fogo Apreendida,0.0,424.0,0.0,0.0,0.0,0.0,424.0,ocorrencias
2025,2025-01-01,GO,Atendimento pré-hospitalar,0.0,7639.0,0.0,0.0,0.0,0.0,7639.0,ocorrencias
2025,2025-01-01,GO,Busca e salvamento,0.0,2214.0,0.0,0.0,0.0,0.0,2214.0,ocorrencias
2025,2025-01-01,GO,Combate a incêndios,0.0,296.0,0.0,0.0,0.0,0.0,296.0,ocorrencias
2025,2025-01-01,GO,Emissão de Alvarás de licença,0.0,12281.0,0.0,0.0,0.0,0.0,12281.0,ocorrencias
2025,2025-01-01,GO,Estupro,56.0,0.0,53.0,2.0,1.0,0.0,56.0,vitimas
2025,2025-01-01,GO,Estupro de vulnerável,322.0,0.0,256.0,59.0,7.0,0.0,322.0,vitimas
2025,2025-01-01,GO,Feminicídio,1.0,0.0,1.0,0.0,0.0,0.0,1.0,vitimas
2025,2025-01-01,GO,Furto de veículo,0.0,271.0,0.0,0.0,0.0,0.0,271.0,ocorrencias
2025,2025-01-01,GO,Homicídio doloso,70.0,0.0,4.0,63.0,3.0,0.0,70.0,vitimas
2025,2025-01-01,GO,Lesão corporal seguida de morte,3.0,0.0,0.0,3.0,0.0,0.0,3.0,vitimas
2025,2025-01-01,GO,Mandado de prisão cumprido,0.0,686.0,0.0,0.0,0.0,0.0,686.0,ocorrencias
2025,2025-01-01,GO,Morte de Agente do Estado,0.0,0.0,0.0,0.0,0.0,0.0,0.0,vitimas
2025,2025-01-01,GO,Morte no trânsito ou em decorrência dele (exceto homicídio doloso),47.0,0.0,10.0,33.0,4.0,0.0,47.0,vitimas
2025,2025-01-01,GO,Morte por intervenção de Agente do Estado,33.0,0.0,0.0,25.0,8.0,0.0,33.0,vitimas
2025,2025-01-01,GO,Mortes a esclarecer (sem indício de crime),53.0,0.0,6.0,30.0,17.0,0.0,53.0,vitimas
2025,2025-01-01,GO,Mortes no trânsito,22.0,0.0,3.0,19.0,0.0,0.0,22.0,vitimas
2025,2025-01-01,GO,Pessoa Desaparecida,289.0,0.0,88.0,194.0,7.0,0.0,289.0,vitimas
2025,2025-01-01,GO,Pessoa Localizada,204.0,0.0,61.0,142.0,1.0,0.0,204.0,vitimas
2025,2025-01-01,GO,Realização de vistorias,0.0,5006.0,0.0,0.0,0.0,0.0,5006.0,ocorrencias
2025,2025-01-01,GO,Roubo a instituição financeira,0.0,0.0,0.0,0.0,0.0,0.0,0.0,ocorrencias
2025,2025-01-01,GO,Roubo de carga,0.0,0.0,0.0,0.0,0.0,0.0,0.0,ocorrencias
2025,2025-01-01,GO,Roubo de veículo,0.0,51.0,0.0,0.0,0.0,0.0,51.0,ocorrencias
2025,2025-01-01,GO,Roubo seguido de morte (latrocínio),3.0,0.0,1.0,1.0,1.0,0.0,3.0,vitimas
2025,2025-01-01,GO,Suicídio,72.0,0.0,14.0,56.0,2.0,0.0,72.0,vitimas
2025,2025-01-01,GO,Suicídio de Agente do Estado,0.0,0.0,0.0,0.0,0.0,0.0,0.0,vitimas
2025,2025-01-01,GO,Tentativa de feminicídio,13.0,0.0,12.0,1.0,0.0,0.0,13.0,vitimas
2025,2025-01-01,GO,Tentativa de homicídio,111.0,0.0,12.0,99.0,0.0,0.0,111.0,vitimas
2025,2025-01-01,GO,Tráfico de drogas,0.0,501.0,0.0,0.0,0.0,0.0,501.0,ocorrencias
2025,2025-01-01,MA,Apreensão de Cocaína,0.0,0.0,0.0,0.0,0.0,1564.0,1564.0,kg
2025,2025-01-01,MA,Apreensão de Maconha,0.0,0.0,0.0,0.0,0.0,1750511.0,1750511.0,kg
2025,2025-01-01,MA,Arma de Fogo Apreendida,0.0,251.0,0.0,0.0,0.0,0.0,251.0,ocorrencias
2025,2025-01-01,MA,Atendimento pré-hospitalar,0.0,1705.0,0.0,0.0,0.0,0.0,1705.0,ocorrencias
2025,2025-01-01,MA,Busca e salvamento,0.0,861.0,0.0,0.0,0.0,0.0,861.0,ocorrencias
2025,2025-01-01,MA,Combate a incêndios,0.0,307.0,0.0,0.0,0.0,0.0,307.0,ocorrencias
2025,2025-01-01,MA,Emissão de Alvarás de licença,0.0,1513.0,0.0,0.0,0.0,0.0,1513.0,ocorrencias
2025,2025-01-01,MA,Estupro,25.0,0.0,22.0,3.0,0.0,0.0,25.0,vitimas
2025,2025-01-01,MA,Estupro de vulnerável,107.0,0.0,94.0,13.0,0.0,0.0,107.0,vitimas
2025,2025-01-01,MA,Feminicídio,5.0,0.0,5.0,0.0,0.0,0.0,5.0,vitimas
2025,2025-01-01,MA,Furto de veículo,0.0,296.0,0.0,0.0,0.0,0.0,296.0,ocorrencias
2025,2025-01-01,MA,Homicídio doloso,155.0,0.0,5.0,150.0,0.0,0.0,155.0,vitimas
2025,2025-01-01,MA,Lesão corporal seguida de morte,1.0,0.0,0.0,1.0,0.0,0.0,1.0,vitimas
2025,2025-01-01,MA,Mandado de prisão cumprido,0.0,289.0,0.0,0.0,0.0,0.0,289.0,ocorrencias
2025,2025-01-01,MA,Morte de Agente do Estado,0.0,0.0,0.0,0.0,0.0,0.0,0.0,vitimas
2025,2025-01-01,MA,Morte no trânsito ou em decorrência dele (exceto homicídio doloso),76.0,0.0,14.0,62.0,0.0,0.0,76.0,vitimas
2025,2025-01-01,MA,Morte por intervenção de Agente do Estado,10.0,0.0,0.0,10.0,0.0,0.0,10.0,vitimas
2025,2025-01-01,MA,Mortes a esclarecer (sem indício de crime),6.0,0.0,0.0,6.0,0.0,0.0,6.0,vitimas
2025,2025-01-01,MA,Mortes no trânsito,13.0,0.0,1.0,12.0,0.0,0.0,13.0,vitimas
2025,2025-01-01,MA,Pessoa Desaparecida,76.0,0.0,27.0,49.0,0.0,0.0,76.0,vitimas
2025,2025-01-01,MA,Pessoa Localizada,21.0,0.0,5.0,16.0,0.0,0.0,21.0,vitimas
2025,2025-01-01,MA,Realização de vistorias,0.0,540.0,0.0,0.0,0.0,0.0,540.0,ocorrencias
2025,2025-01-01,MA,Roubo a instituição financeira,0.0,0.0,0.0,0.0,0.0,0.0,0.0,ocorrencias
2025,2025-01-01,MA,Roubo de carga,0.0,13.0,0.0,0.0,0.0,0.0,13.0,ocorrencias
2025,2025-01-01,MA,Roubo de veículo,0.0,293.0,0.0,0.0,0.0,0.0,293.0,ocorrencias
2025,2025-01-01,MA,Roubo seguido de morte (latrocínio),5.0,0.0,0.0,5.0,0.0,0.0,5.0,vitimas
2025,2025-01-01,MA,Suicídio,29.0,0.0,4.0,25.0,0.0,0.0,29.0,vitimas
2025,2025-01-01,MA,Suicídio de Agente do Estado,0.0,0.0,0.0,0.0,0.0,0.0,0.0,vitimas
2025,2025-01-01,MA,Tentativa de feminicídio,13.0,0.0,13.0,0.0,0.0,0.0,13.0,vitimas
2025,2025-01-01,MA,Tentativa de homicídio,115.0,0.0,26.0,89.0,0.0,0.0,115.0,vitimas
2025,2025-01-01,MA,Tráfico de drogas,0.0,184.0,0.0,0.0,0.0,0.0,184.0,ocorrencias
2025,2025-01-01,MG,Apreensão de Cocaína,0.0,0.0,0.0,0.0,0.0,151577.0,151577.0,kg
2025,2025-01-01,MG,Apreensão de Maconha,0.0,0.0,0.0,0.0,0.0,143141.0,143141.0,kg
2025,2025-01-01,MG,Arma de Fogo Apreendida,0.0,1205.0,0.0,0.0,0.0,0.0,1205.0,ocorrencias
2025,2025-01-01,MG,Atendimento pré-hospitalar,0.0,7842.0,0.0,0.0,0.0,0.0,7842.0,ocorrencias
2025,2025-01-01,MG,Busca e salvamento,0.0,6506.0,0.0,0.0,0.0,0.0,6506.0,ocorrencias
2025,2025-01-01,MG,Combate a incêndios,0.0,960.0,0.0,0.0,0.0,0.0,960.0,ocorrencias
2025,2025-01-01,MG,Emissão de Alvarás de licença,0.0,526.0,0.0,0.0,0.0,0.0,526.0,ocorrencias
2025,2025-01-01,MG,Estupro,133.0,0.0,123.0,9.0,1.0,0.0,133.0,vitimas
2025,2025-01-01,MG,Estupro de vulnerável,326.0,0.0,276.0,47.0,3.0,0.0,326.0,vitimas
2025,2025-01-01,MG,Feminicídio,13.0,0.0,13.0,0.0,0.0,0.0,13.0,vitimas
2025,2025-01-01,MG,Furto de veículo,0.0,2074.0,0.0,0.0,0.0,0.0,2074.0,ocorrencias
2025,2025-01-01,MG,Homicídio doloso,220.0,0.0,3.0,217.0,0.0,0.0,220.0,vitimas
2025,2025-01-01,MG,Lesão corporal seguida de morte,2.0,0.0,0.0,2.0,0.0,0.0,2.0,vitimas
2025,2025-01-01,MG,Mandado de prisão cumprido,0.0,1294.0,0.0,0.0,0.0,0.0,1294.0,ocorrencias
2025,2025-01-01,MG,Morte de Agente do Estado,0.0,0.0,0.0,0.0,0.0,0.0,0.0,vitimas
2025,2025-01-01,MG,Morte no trânsito ou em decorrência dele (exceto homicídio doloso),159.0,0.0,30.0,127.0,2.0,0.0,159.0,vitimas
2025,2025-01-01,MG,Morte por intervenção de Agente do Estado,21.0,0.0,0.0,21.0,0.0,0.0,21.0,vitimas
2025,2025-01-01,MG,Mortes a esclarecer (sem indício de crime),0.0,0.0,0.0,0.0,0.0,0.0,0.0,vitimas
2025,2025-01-01,MG,Mortes no trânsito,58.0,0.0,19.0,39.0,0.0,0.0,58.0,vitimas
2025,2025-01-01,MG,Pessoa Desaparecida,567.0,0.0,180.0,387.0,0.0,0.0,567.0,vitimas
2025,2025-01-01,MG,Pessoa Localizada,559.0,0.0,199.0,359.0,1.0,0.0,559.0,vitimas
2025,2025-01-01,MG,Realização de vistorias,0.0,4425.0,0.0,0.0,0.0,0.0,4425.0,ocorrencias
2025,2025-01-01,MG,Roubo a instituição financeira,0.0,2.0,0.0,0.0,0.0,0.0,2.0,ocorrencias
2025,2025-01-01,MG,Roubo de carga,0.0,8.0,0.0,0.0,0.0,0.0,8.0,ocorrencias
2025,2025-01-01,MG,Roubo de veículo,0.0,368.0,0.0,0.0,0.0,0.0,368.0,ocorrencias
2025,2025-01-01,MG,Roubo seguido de morte (latrocínio),5.0,0.0,1.0,4.0,0.0,0.0,5.0,vitimas
2025,2025-01-01,MG,Suicídio,170.0,0.0,48.0,122.0,0.0,0.0,170.0,vitimas
2025,2025-01-01,MG,Suicídio de Agente do Estado,2.0,0.0,0.0,2.0,0.0,0.0,2.0,vitimas
2025,2025-01-01,MG,Tentativa de feminicídio,16.0,0.0,16.0,0.0,0.0,0.0,16.0,vitimas
2025,2025-01-01,MG,Tentativa de homicídio,247.0,0.0,27.0,220.0,0.0,0.0,247.0,vitimas
2025,2025-01-01,MG,Tráfico de drogas,0.0,2887.0,0.0,0.0,0.0,0.0,2887.0,ocorrencias
2025,2025-01-01,MS,Apreensão de Cocaína,0.0,0.0,0.0,0.0,0.0,227782.0,227782.0,kg
2025,2025-01-01,MS,Apreensão de Maconha,0.0,0.0,0.0,0.0,0.0,9967193.0,9967193.0,kg
2025,2025-01-01,MS,Arma de Fogo Apreendida,0.0,126.0,0.0,0.0,0.0,0.0,126.0,ocorrencias
2025,2025-01-01,MS,Atendimento pré-hospitalar,0.0,2163.0,0.0,0.0,0.0,0.0,2163.0,ocorrencias
2025,2025-01-01,MS,Busca e salvamento,0.0,289.0,0.0,0.0,0.0,0.0,289.0,ocorrencias
2025,2025-01-01,MS,Combate a incêndios,0.0,473.0,0.0,0.0,0.0,0.0,473.0,ocorrencias
2025,2025-01-01,MS,Emissão de Alvarás de licença,0.0,4581.0,0.0,0.0,0.0,0.0,4581.0,ocorrencias
2025,2025-01-01,MS,Estupro,210.0,0.0,178.0,27.0,5.0,0.0,210.0,vitimas
2025,2025-01-01,MS,Estupro de vulnerável,182.0,0.0,152.0,25.0,5.0,0.0,182.0,vitimas
2025,2025-01-01,MS,Feminicídio,0.0,0.0,0.0,0.0,0.0,0.0,0.0,vitimas
2025,2025-01-01,MS,Furto de veículo,0.0,225.0,0.0,0.0,0.0,0.0,225.0,ocorrencias
2025,2025-01-01,MS,Homicídio doloso,41.0,0.0,2.0,39.0,0.0,0.0,41.0,vitimas
2025,2025-01-01,MS,Lesão corporal seguida de morte,2.0,0.0,0.0,2.0,0.0,0.0,2.0,vitimas
2025,2025-01-01,MS,Mandado de prisão cumprido,0.0,401.0,0.0,0.0,0.0,0.0,401.0,ocorrencias
2025,2025-01-01,MS,Morte de Agente do Estado,0.0,0.0,0.0,0.0,0.0,0.0,0.0,vitimas
2025,2025-01-01,MS,Morte no trânsito ou em decorrência dele (exceto homicídio doloso),21.0,0.0,4.0,15.0,2.0,0.0,21.0,vitimas
2025,2025-01-01,MS,Morte por intervenção de Agente do Estado,10.0,0.0,0.0,9.0,1.0,0.0,10.0,vitimas
2025,2025-01-01,MS,Mortes a esclarecer (sem indício de crime),59.0,0.0,13.0,42.0,4.0,0.0,59.0,vitimas
2025,2025-01-01,MS,Mortes no trânsito,11.0,0.0,2.0,9.0,0.0,0.0,11.0,vitimas
2025,2025-01-01,MS,Pessoa Desaparecida,29.0,0.0,8.0,19.0,2.0,0.0,29.0,vitimas
2025,2025-01-01,MS,Pessoa Localizada,117.0,0.0,42.0,73.0,2.0,0.0,117.0,vitimas
2025,2025-01-01,MS,Realização de vistorias,0.0,431.0,0.0,0.0,0.0,0.0,431.0,ocorrencias
2025,2025-01-01,MS,Roubo a instituição financeira,0.0,0.0,0.0,0.0,0.0,0.0,0.0,ocorrencias
2025,2025-01-01,MS,Roubo de carga,0.0,0.0,0.0,0.0,0.0,0.0,0.0,ocorrencias
2025,2025-01-01,MS,Roubo de veículo,0.0,21.0,0.0,0.0,0.0,0.0,21.0,ocorrencias
2025,2025-01-01,MS,Roubo seguido de morte (latrocínio),0.0,0.0,0.0,0.0,0.0,0.0,0.0,vitimas
2025,2025-01-01,MS,Suicídio,26.0,0.0,4.0,22.0,0.0,0.0,26.0,vitimas
2025,2025-01-01,MS,Suicídio de Agente do Estado,1.0,0.0,0.0,1.0,0.0,0.0,1.0,vitimas
2025,2025-01-01,MS,Tentativa de feminicídio,5.0,0.0,5.0,0.0,0.0,0.0,5.0,vitimas
2025,2025-01-01,MS,Tentativa de homicídio,56.0,0.0,18.0,36.0,2.0,0.0,56.0,vitimas
2025,2025-01-01,MS,Tráfico de drogas,0.0,356.0,0.0,0.0,0.0,0.0,356.0,ocorrencias
2025,2025-01-01,MT,Apreensão de Cocaína,0.0,0.0,0.0,0.0,0.0,57582.0,57582.0,kg
2025,2025-01-01,MT,Apreensão de Maconha,0.0,0.0,0.0,0.0,0.0,26113.0,26113.0,kg
2025,2025-01-01,MT,Arma de Fogo Apreendida,0.0,139.0,0.0,0.0,0.0,0.0,139.0,ocorrencias
2025,2025-01-01,MT,Atendimento pré-hospitalar,0.0,2656.0,0.0,0.0,0.0,0.0,2656.0,ocorrencias
2025,2025-01-01,MT,Busca e salvamento,0.0,1263.0,0.0,0.0,0.0,0.0,1263.0,ocorrencias
2025,2025-01-01,MT,Combate a incêndios,0.0,184.0,0.0,0.0,0.0,0.0,184.0,ocorrencias
2025,2025-01-01,MT,Emissão de Alvarás de licença,0.0,6279.0,0.0,0.0,0.0,0.0,6279.0,ocorrencias
2025,2025-01-01,MT,Estupro,39.0,0.0,36.0,3.0,0.0,0.0,39.0,vitimas
2025,2025-01-01,MT,Estupro de vulnerável,122.0,0.0,104.0,18.0,0.0,0.0,122.0,vitimas
2025,2025-01-01,MT,Feminicídio,2.0,0.0,2.0,0.0,0.0,0.0,2.0,vitimas
2025,2025-01-01,MT,Furto de veículo,0.0,145.0,0.0,0.0,0.0,0.0,145.0,ocorrencias
2025,2025-01-01,MT,Homicídio doloso,79.0,0.0,6.0,73.0,0.0,0.0,79.0,vitimas
2025,2025-01-01,MT,Lesão corporal seguida de morte,1.0,0.0,1.0,0.0,0.0,0.0,1.0,vitimas
2025,2025-01-01,MT,Mandado de prisão cumprido,0.0,520.0,0.0,0.0,0.0,0.0,520.0,ocorrencias
2025,2025-01-01,MT,Morte de Agente do Estado,0.0,0.0,0.0,0.0,0.0,0.0,0.0,vitimas
2025,2025-01-01,MT,Morte no trânsito ou em decorrência dele (exceto homicídio doloso),69.0,0.0,13.0,55.0,1.0,0.0,69.0,vitimas
2025,2025-01-01,MT,Morte por intervenção de Agente do Estado,21.0,0.0,0.0,21.0,0.0,0.0,21.0,vitimas
2025,2025-01-01,MT,Mortes a esclarecer (sem indício de crime),10.0,0.0,1.0,9.0,0.0,0.0,10.0,vitimas
2025,2025-01-01,MT,Mortes no trânsito,18.0,0.0,3.0,15.0,0.0,0.0,18.0,vitimas
2025,2025-01-01,MT,Pessoa Desaparecida,172.0,0.0,57.0,115.0,0.0,0.0,172.0,vitimas
2025,2025-01-01,MT,Pessoa Localizada,85.0,0.0,34.0,51.0,0.0,0.0,85.0,vitimas
2025,2025-01-01,MT,Realização de vistorias,0.0,518.0,0.0,0.0,0.0,0.0,518.0,ocorrencias
2025,2025-01-01,MT,Roubo a instituição financeira,0.0,0.0,0.0,0.0,0.0,0.0,0.0,ocorrencias
2025,2025-01-01,MT,Roubo de carga,0.0,0.0,0.0,0.0,0.0,0.0,0.0,ocorrencias
2025,2025-01-01,MT,Roubo de veículo,0.0,45.0,0.0,0.0,0.0,0.0,45.0,ocorrencias
2025,2025-01-01,MT,Roubo seguido de morte (latrocínio),0.0,0.0,0.0,0.0,0.0,0.0,0.0,vitimas
2025,2025-01-01,MT,Suicídio,22.0,0.0,7.0,15.0,0.0,0.0,22.0,vitimas
2025,2025-01-01,MT,Suicídio de Agente do Estado,0.0,0.0,0.0,0.0,0.0,0.0,0.0,vitimas
2025,2025-01-01,MT,Tentativa de feminicídio,27.0,0.0,27.0,0.0,0.0,0.0,27.0,vitimas
2025,2025-01-01,MT,Tentativa de homicídio,76.0,0.0,10.0,66.0,0.0,0.0,76.0,vitimas
2025,2025-01-01,MT,Tráfico de drogas,0.0,413.0,0.0,0.0,0.0,0.0,413.0,ocorrencias
2025,2025-01-01,PA,Apreensão de Cocaína,0.0,0.0,0.0,0.0,0.0,109771.0,109771.0,kg
2025,2025-01-01,PA,Apreensão de Maconha,0.0,0.0,0.0,0.0,0.0,398054.0,398054.0,kg
2025,2025-01-01,PA,Arma de Fogo Apreendida,0.0,174.0,0.0,0.0,0.0,0.0,174.0,ocorrencias
2025,2025-01-01,PA,Atendimento pré-hospitalar,0.0,1601.0,0.0,0.0,0.0,0.0,1601.0,ocorrencias
2025,2025-01-01,PA,Busca e salvamento,0.0,73.0,0.0,0.0,0.0,0.0,73.0,ocorrencias
2025,2025-01-01,PA,Combate a incêndios,0.0,284.0,0.0,0.0,0.0,0.0,284.0,ocorrencias
2025,2025-01-01,PA,Emissão de Alvarás de licença,0.0,8796.0,0.0,0.0,0.0,0.0,8796.0,ocorrencias
2025,2025-01-01,PA,Estupro,65.0,0.0,58.0,7.0,0.0,0.0,65.0,vitimas
2025,2025-01-01,PA,Estupro de vulnerável,358.0,0.0,313.0,37.0,8.0,0.0,358.0,vitimas
2025,2025-01-01,PA,Feminicídio,2.0,0.0,2.0,0.0,0.0,0.0,2.0,vitimas
2025,2025-01-01,PA,Furto de veículo,0.0,247.0,0.0,0.0,0.0,0.0,247.0,ocorrencias
2025,2025-01-01,PA,Homicídio doloso,146.0,0.0,10.0,136.0,0.0,0.0,146.0,vitimas
2025,2025-01-01,PA,Lesão corporal seguida de morte,3.0,0.0,0.0,3.0,0.0,0.0,3.0,vitimas
2025,2025-01-01,PA,Mandado de prisão cumprido,0.0,454.0,0.0,0.0,0.0,0.0,454.0,ocorrencias
2025,2025-01-01,PA,Morte de Agente do Estado,0.0,0.0,0.0,0.0,0.0,0.0,0.0,vitimas
2025,2025-01-01,PA,Morte no trânsito ou em decorrência dele (exceto homicídio doloso),72.0,0.0,13.0,58.0,1.0,0.0,72.0,vitimas
2025,2025-01-01,PA,Morte por intervenção de Agente do Estado,71.0,0.0,0.0,71.0,0.0,0.0,71.0,vitimas
2025,2025-01-01,PA,Mortes a esclarecer (sem indício de crime),23.0,0.0,2.0,20.0,1.0,0.0,23.0,vitimas
2025,2025-01-01,PA,Mortes no trânsito,11.0,0.0,2.0,9.0,0.0,0.0,11.0,vitimas
2025,2025-01-01,PA,Pessoa Desaparecida,64.0,0.0,19.0,45.0,0.0,0.0,64.0,vitimas
2025,2025-01-01,PA,Pessoa Localizada,77.0,0.0,37.0,40.0,0.0,0.0,77.0,vitimas
2025,2025-01-01,PA,Realização de vistorias,0.0,5690.0,0.0,0.0,0.0,0.0,5690.0,ocorrencias
2025,2025-01-01,PA,Roubo a instituição financeira,0.0,0.0,0.0,0.0,0.0,0.0,0.0,ocorrencias
2025,2025-01-01,PA,Roubo de carga,0.0,10.0,0.0,0.0,0.0,0.0,10.0,ocorrencias
2025,2025-01-01,PA,Roubo de veículo,0.0,98.0,0.0,0.0,0.0,0.0,98.0,ocorrencias
2025,2025-01-01,PA,Roubo seguido de morte (latrocínio),4.0,0.0,0.0,4.0,0.0,0.0,4.0,vitimas
2025,2025-01-01,PA,Suicídio,53.0,0.0,13.0,40.0,0.0,0.0,53.0,vitimas
2025,2025-01-01,PA,Suicídio de Agente do Estado,0.0,0.0,0.0,0.0,0.0,0.0,0.0,vitimas
2025,2025-01-01,PA,Tentativa de feminicídio,19.0,0.0,19.0,0.0,0.0,0.0,19.0,vitimas
2025,2025-01-01,PA,Tentativa de homicídio,103.0,0.0,11.0,92.0,0.0,0.0,103.0,vitimas
2025,2025-01-01,PA,Tráfico de drogas,0.0,423.0,0.0,0.0,0.0,0.0,423.0,ocorrencias
2025,2025-01-01,PB,Apreensão de Cocaína,0.0,0.0,0.0,0.0,0.0,1229.0,1229.0,kg
2025,2025-01-01,PB,Apreensão de Maconha,0.0,0.0,0.0,0.0,0.0,4391.0,4391.0,kg
2025,2025-01-01,PB,Arma de Fogo Apreendida,0.0,341.0,0.0,0.0,0.0,0.0,341.0,ocorrencias
2025,2025-01-01,PB,Atendimento pré-hospitalar,0.0,516.0,0.0,0.0,0.0,0.0,516.0,ocorrencias
2025,2025-01-01,PB,Busca e salvamento,0.0,647.0,0.0,0.0,0.0,0.0,647.0,ocorrencias
2025,2025-01-01,PB,Combate a incêndios,0.0,548.0,0.0,0.0,0.0,0.0,548.0,ocorrencias
2025,2025-01-01,PB,Emissão de Alvarás de licença,0.0,2945.0,0.0,0.0,0.0,0.0,2945.0,ocorrencias
2025,2025-01-01,PB,Estupro,22.0,0.0,20.0,2.0,0.0,0.0,22.0,vitimas
2025,2025-01-01,PB,Estupro de vulnerável,101.0,0.0,92.0,9.0,0.0,0.0,101.0,vitimas
2025,2025-01-01,PB,Feminicídio,3.0,0.0,3.0,0.0,0.0,0.0,3.0,vitimas
2025,2025-01-01,PB,Furto de veículo,0.0,184.0,0.0,0.0,0.0,0.0,184.0,ocorrencias
2025,2025-01-01,PB,Homicídio doloso,94.0,0.0,3.0,91.0,0.0,0.0,94.0,vitimas
2025,2025-01-01,PB,Lesão corporal seguida de morte,0.0,0.0,0.0,0.0,0.0,0.0,0.0,vitimas
2025,2025-01-01,PB,Mandado de prisão cumprido,0.0,330.0,0.0,0.0,0.0,0.0,330.0,ocorrencias
2025,2025-01-01,PB,Morte de Agente do Estado,1.0,0.0,0.0,1.0,0.0,0.0,1.0,vitimas
2025,2025-01-01,PB,Morte no trânsito ou em decorrência dele (exceto homicídio doloso),74.0,0.0,7.0,67.0,0.0,0.0,74.0,vitimas
2025,2025-01-01,PB,Morte por intervenção de Agente do Estado,3.0,0.0,0.0,3.0,0.0,0.0,3.0,vitimas
2025,2025-01-01,PB,Mortes a esclarecer (sem indício de crime),0.0,0.0,0.0,0.0,0.0,0.0,0.0,vitimas
2025,2025-01-01,PB,Mortes no trânsito,11.0,0.0,1.0,10.0,0.0,0.0,11.0,vitimas
2025,2025-01-01,PB,Pessoa Desaparecida,73.0,0.0,29.0,44.0,0.0,0.0,73.0,vitimas
2025,2025-01-01,PB,Pessoa Localizada,73.0,0.0,29.0,44.0,0.0,0.0,73.0,vitimas
2025,2025-01-01,PB,Realização de vistorias,0.0,1650.0,0.0,0.0,0.0,0.0,1650.0,ocorrencias
2025,2025-01-01,PB,Roubo a instituição financeira,0.0,0.0,0.0,0.0,0.0,0.0,0.0,ocorrencias
2025,2025-01-01,PB,Roubo de carga,0.0,2.0,0.0,0.0,0.0,0.0,2.0,ocorrencias
2025,2025-01-01,PB,Roubo de veículo,0.0,335.0,0.0,0.0,0.0,0.0,335.0,ocorrencias
2025,2025-01-01,PB,Roubo seguido de morte (latrocínio),2.0,0.0,0.0,2.0,0.0,0.0,2.0,vitimas
2025,2025-01-01,PB,Suicídio,35.0,0.0,6.0,29.0,0.0,0.0,35.0,vitimas
2025,2025-01-01,PB,Suicídio de Agente do Estado,0.0,0.0,0.0,0.0,0.0,0.0,0.0,vitimas
2025,2025-01-01,PB,Tentativa de feminicídio,2.0,0.0,2.0,0.0,0.0,0.0,2.0,vitimas
2025,2025-01-01,PB,Tentativa de homicídio,60.0,0.0,5.0,55.0,0.0,0.0,60.0,vitimas
2025,2025-01-01,PB,Tráfico de drogas,0.0,225.0,0.0,0.0,0.0,0.0,225.0,ocorrencias
2025,2025-01-01,PE,Apreensão de Cocaína,0.0,0.0,0.0,0.0,0.0,7827.0,7827.0,kg
2025,2025-01-01,PE,Apreensão de Maconha,0.0,0.0,0.0,0.0,0.0,35376.0,35376.0,kg
2025,2025-01-01,PE,Arma de Fogo Apreendida,0.0,488.0,0.0,0.0,0.0,0.0,488.0,ocorrencias
2025,2025-01-01,PE,Atendimento pré-hospitalar,0.0,1362.0,0.0,0.0,0.0,0.0,1362.0,ocorrencias
2025,2025-01-01,PE,Busca e salvamento,0.0,389.0,0.0,0.0,0.0,0.0,389.0,ocorrencias
2025,2025-01-01,PE,Combate a incêndios,0.0,490.0,0.0,0.0,0.0,0.0,490.0,ocorrencias
2025,2025-01-01,PE,Emissão de Alvarás de licença,0.0,2021.0,0.0,0.0,0.0,0.0,2021.0,ocorrencias
2025,2025-01-01,PE,Estupro,57.0,0.0,51.0,6.0,0.0,0.0,57.0,vitimas
2025,2025-01-01,PE,Estupro de vulnerável,160.0,0.0,127.0,30.0,3.0,0.0,160.0,vitimas
2025,2025-01-01,PE,Feminicídio,8.0,0.0,8.0,0.0,0.0,0.0,8.0,vitimas
2025,2025-01-01,PE,Furto de veículo,0.0,615.0,0.0,0.0,0.0,0.0,615.0,ocorrencias
2025,2025-01-01,PE,Homicídio doloso,266.0,0.0,7.0,259.0,0.0,0.0,266.0,vitimas
2025,2025-01-01,PE,Lesão corporal seguida de morte,2.0,0.0,0.0,2.0,0.0,0.0,2.0,vitimas
2025,2025-01-01,PE,Mandado de prisão cumprido,0.0,604.0,0.0,0.0,0.0,0.0,604.0,ocorrencias
2025,2025-01-01,PE,Morte de Agente do Estado,1.0,0.0,0.0,1.0,0.0,0.0,1.0,vitimas
2025,2025-01-01,PE,Morte no trânsito ou em decorrência dele (exceto homicídio doloso),146.0,0.0,20.0,126.0,0.0,0.0,146.0,vitimas
2025,2025-01-01,PE,Morte por intervenção de Agente do Estado,5.0,0.0,0.0,5.0,0.0,0.0,5.0,vitimas
2025,2025-01-01,PE,Mortes a esclarecer (sem indício de crime),10.0,0.0,4.0,5.0,1.0,0.0,10.0,vitimas
2025,2025-01-01,PE,Mortes no trânsito,19.0,0.0,1.0,18.0,0.0,0.0,19.0,vitimas
2025,2025-01-01,PE,Pessoa Desaparecida,243.0,0.0,59.0,159.0,25.0,0.0,243.0,vitimas
2025,2025-01-01,PE,Pessoa Localizada,98.0,0.0,29.0,62.0,7.0,0.0,98.0,vitimas
2025,2025-01-01,PE,Realização de vistorias,0.0,4052.0,0.0,0.0,0.0,0.0,4052.0,ocorrencias
2025,2025-01-01,PE,Roubo a instituição financeira,0.0,0.0,0.0,0.0,0.0,0.0,0.0,ocorrencias
2025,2025-01-01,PE,Roubo de carga,0.0,26.0,0.0,0.0,0.0,0.0,26.0,ocorrencias
2025,2025-01-01,PE,Roubo de veículo,0.0,1113.0,0.0,0.0,0.0,0.0,1113.0,ocorrencias
2025,2025-01-01,PE,Roubo seguido de morte (latrocínio),8.0,0.0,1.0,7.0,0.0,0.0,8.0,vitimas
2025,2025-01-01,PE,Suicídio,58.0,0.0,7.0,51.0,0.0,0.0,58.0,vitimas
2025,2025-01-01,PE,Suicídio de Agente do Estado,0.0,0.0,0.0,0.0,0.0,0.0,0.0,vitimas
2025,2025-01-01,PE,Tentativa de feminicídio,10.0,0.0,10.0,0.0,0.0,0.0,10.0,vitimas
2025,2025-01-01,PE,Tentativa de homicídio,169.0,0.0,23.0,145.0,1.0,0.0,169.0,vitimas
2025,2025-01-01,PE,Tráfico de drogas,0.0,767.0,0.0,0.0,0.0,0.0,767.0,ocorrencias
2025,2025-01-01,PI,Apreensão de Cocaína,0.0,0.0,0.0,0.0,0.0,2033.0,2033.0,kg
2025,2025-01-01,PI,Apreensão de Maconha,0.0,0.0,0.0,0.0,0.0,20015.0,20015.0,kg
2025,2025-01-01,PI,Arma de Fogo Apreendida,0.0,155.0,0.0,0.0,0.0,0.0,155.0,ocorrencias
2025,2025-01-01,PI,Atendimento pré-hospitalar,0.0,175.0,0.0,0.0,0.0,0.0,175.0,ocorrencias
2025,2025-01-01,PI,Busca e salvamento,0.0,461.0,0.0,0.0,0.0,0.0,461.0,ocorrencias
2025,2025-01-01,PI,Combate a incêndios,0.0,220.0,0.0,0.0,0.0,0.0,220.0,ocorrencias
2025,2025-01-01,PI,Emissão de Alvarás de licença,0.0,515.0,0.0,0.0,0.0,0.0,515.0,ocorrencias
2025,2025-01-01,PI,Estupro,16.0,0.0,14.0,2.0,0.0,0.0,16.0,vitimas
2025,2025-01-01,PI,Estupro de vulnerável,76.0,0.0,62.0,8.0,6.0,0.0,76.0,vitimas
2025,2025-01-01,PI,Feminicídio,8.0,0.0,8.0,0.0,0.0,0.0,8.0,vitimas
2025,2025-01-01,PI,Furto de veículo,0.0,141.0,0.0,0.0,0.0,0.0,141.0,ocorrencias
2025,2025-01-01,PI,Homicídio doloso,51.0,0.0,0.0,51.0,0.0,0.0,51.0,vitimas
2025,2025-01-01,PI,Lesão corporal seguida de morte,1.0,0.0,1.0,0.0,0.0,0.0,1.0,vitimas
2025,2025-01-01,PI,Mandado de prisão cumprido,0.0,300.0,0.0,0.0,0.0,0.0,300.0,ocorrencias
2025,2025-01-01,PI,Morte de Agente do Estado,0.0,0.0,0.0,0.0,0.0,0.0,0.0,vitimas
2025,2025-01-01,PI,Morte no trânsito ou em decorrência dele (exceto homicídio doloso),13.0,0.0,4.0,9.0,0.0,0.0,13.0,vitimas
2025,2025-01-01,PI,Morte por intervenção de Agente do Estado,1.0,0.0,0.0,1.0,0.0,0.0,1.0,vitimas
2025,2025-01-01,PI,Mortes a esclarecer (sem indício de crime),1.0,0.0,1.0,0.0,0.0,0.0,1.0,vitimas
2025,2025-01-01,PI,Mortes no trânsito,19.0,0.0,3.0,16.0,0.0,0.0,19.0,vitimas
2025,2025-01-01,PI,Pessoa Desaparecida,54.0,0.0,19.0,35.0,0.0,0.0,54.0,vitimas
2025,2025-01-01,PI,Pessoa Localizada,30.0,0.0,12.0,17.0,1.0,0.0,30.0,vitimas
2025,2025-01-01,PI,Realização de vistorias,0.0,608.0,0.0,0.0,0.0,0.0,608.0,ocorrencias
2025,2025-01-01,PI,Roubo a instituição financeira,0.0,1.0,0.0,0.0,0.0,0.0,1.0,ocorrencias
2025,2025-01-01,PI,Roubo de carga,0.0,1.0,0.0,0.0,0.0,0.0,1.0,ocorrencias
2025,2025-01-01,PI,Roubo de veículo,0.0,351.0,0.0,0.0,0.0,0.0,351.0,ocorrencias
2025,2025-01-01,PI,Roubo seguido de morte (latrocínio),1.0,0.0,0.0,1.0,0.0,0.0,1.0,vitimas
2025,2025-01-01,PI,Suicídio,30.0,0.0,5.0,25.0,0.0,0.0,30.0,vitimas
2025,2025-01-01,PI,Suicídio de Agente do Estado,0.0,0.0,0.0,0.0,0.0,0.0,0.0,vitimas
2025,2025-01-01,PI,Tentativa de feminicídio,4.0,0.0,4.0,0.0,0.0,0.0,4.0,vitimas
2025,2025-01-01,PI,Tentativa de homicídio,61.0,0.0,11.0,50.0,0.0,0.0,61.0,vitimas
2025,2025-01-01,PI,Tráfico de drogas,0.0,214.0,0.0,0.0,0.0,0.0,214.0,ocorrencias
2025,2025-01-01,PR,Apreensão de Cocaína,0.0,0.0,0.0,0.0,0.0,723866.0,723866.0,kg
2025,2025-01-01,PR,Apreensão de Maconha,0.0,0.0,0.0,0.0,0.0,70010826.0,70010826.0,kg
2025,2025-01-01,PR,Arma de Fogo Apreendida,0.0,513.0,0.0,0.0,0.0,0.0,513.0,ocorrencias
2025,2025-01-01,PR,Atendimento pré-hospitalar,0.0,3010.0,0.0,0.0,0.0,0.0,3010.0,ocorrencias
2025,2025-01-01,PR,Busca e salvamento,0.0,1895.0,0.0,0.0,0.0,0.0,1895.0,ocorrencias
2025,2025-01-01,PR,Combate a incêndios,0.0,1350.0,0.0,0.0,0.0,0.0,1350.0,ocorrencias
2025,2025-01-01,PR,Emissão de Alvarás de licença,0.0,21501.0,0.0,0.0,0.0,0.0,21501.0,ocorrencias
2025,2025-01-01,PR,Estupro,128.0,0.0,120.0,8.0,0.0,0.0,128.0,vitimas
2025,2025-01-01,PR,Estupro de vulnerável,456.0,0.0,390.0,66.0,0.0,0.0,456.0,vitimas
2025,2025-01-01,PR,Feminicídio,13.0,0.0,13.0,0.0,0.0,0.0,13.0,vitimas
2025,2025-01-01,PR,Furto de veículo,0.0,912.0,0.0,0.0,0.0,0.0,912.0,ocorrencias
2025,2025-01-01,PR,Homicídio doloso,110.0,0.0,10.0,99.0,1.0,0.0,110.0,vitimas
2025,2025-01-01,PR,Lesão corporal seguida de morte,0.0,0.0,0.0,0.0,0.0,0.0,0.0,vitimas
2025,2025-01-01,PR,Mandado de prisão cumprido,0.0,3164.0,0.0,0.0,0.0,0.0,3164.0,ocorrencias
2025,2025-01-01,PR,Morte de Agente do Estado,0.0,0.0,0.0,0.0,0.0,0.0,0.0,vitimas
2025,2025-01-01,PR,Morte no trânsito ou em decorrência dele (exceto homicídio doloso),73.0,0.0,23.0,49.0,1.0,0.0,73.0,vitimas
2025,2025-01-01,PR,Morte por intervenção de Agente do Estado,46.0,0.0,0.0,46.0,0.0,0.0,46.0,vitimas
2025,2025-01-01,PR,Mortes a esclarecer (sem indício de crime),0.0,0.0,0.0,0.0,0.0,0.0,0.0,vitimas
2025,2025-01-01,PR,Mortes no trânsito,49.0,0.0,11.0,38.0,0.0,0.0,49.0,vitimas
2025,2025-01-01,PR,Pessoa Desaparecida,617.0,0.0,258.0,359.0,0.0,0.0,617.0,vitimas
2025,2025-01-01,PR,Pessoa Localizada,481.0,0.0,204.0,277.0,0.0,0.0,481.0,vitimas
2025,2025-01-01,PR,Realização de vistorias,0.0,4849.0,0.0,0.0,0.0,0.0,4849.0,ocorrencias
2025,2025-01-01,PR,Roubo a instituição financeira,0.0,0.0,0.0,0.0,0.0,0.0,0.0,ocorrencias
2025,2025-01-01,PR,Roubo de carga,0.0,15.0,0.0,0.0,0.0,0.0,15.0,ocorrencias
2025,2025-01-01,PR,Roubo de veículo,0.0,162.0,0.0,0.0,0.0,0.0,162.0,ocorrencias
2025,2025-01-01,PR,Roubo seguido de morte (latrocínio),6.0,0.0,1.0,5.0,0.0,0.0,6.0,vitimas
2025,2025-01-01,PR,Suicídio,72.0,0.0,12.0,59.0,1.0,0.0,72.0,vitimas
2025,2025-01-01,PR,Suicídio de Agente do Estado,1.0,0.0,0.0,1.0,0.0,0.0,1.0,vitimas
2025,2025-01-01,PR,Tentativa de feminicídio,12.0,0.0,12.0,0.0,0.0,0.0,12.0,vitimas
2025,2025-01-01,PR,Tentativa de homicídio,65.0,0.0,14.0,46.0,5.0,0.0,65.0,vitimas
2025,2025-01-01,PR,Tráfico de drogas,0.0,1216.0,0.0,0.0,0.0,0.0,1216.0,ocorrencias
2025,2025-01-01,RJ,Apreensão de Cocaína,0.0,0.0,0.0,0.0,0.0,5772.0,5772.0,kg
2025,2025-01-01,RJ,Apreensão de Maconha,0.0,0.0,0.0,0.0,0.0,1265.0,1265.0,kg
2025,2025-01-01,RJ,Arma de Fogo Apreendida,0.0,556.0,0.0,0.0,0.0,0.0,556.0,ocorrencias
2025,2025-01-01,RJ,Atendimento pré-hospitalar,0.0,11757.0,0.0,0.0,0.0,0.0,11757.0,ocorrencias
2025,2025-01-01,RJ,Busca e salvamento,0.0,3602.0,0.0,0.0,0.0,0.0,3602.0,ocorrencias
2025,2025-01-01,RJ,Combate a incêndios,0.0,12073.0,0.0,0.0,0.0,0.0,12073.0,ocorrencias
2025,2025-01-01,RJ,Emissão de Alvarás de licença,0.0,3314.0,0.0,0.0,0.0,0.0,3314.0,ocorrencias
2025,2025-01-01,RJ,Estupro,157.0,0.0,146.0,9.0,2.0,0.0,157.0,vitimas
2025,2025-01-01,RJ,Estupro de vulnerável,367.0,0.0,314.0,47.0,6.0,0.0,367.0,vitimas
2025,2025-01-01,RJ,Feminicídio,9.0,0.0,9.0,0.0,0.0,0.0,9.0,vitimas
2025,2025-01-01,RJ,Furto de veículo,0.0,1597.0,0.0,0.0,0.0,0.0,1597.0,ocorrencias
2025,2025-01-01,RJ,Homicídio doloso,348.0,0.0,33.0,298.0,17.0,0.0,348.0,vitimas
2025,2025-01-01,RJ,Lesão corporal seguida de morte,10.0,0.0,1.0,9.0,0.0,0.0,10.0,vitimas
2025,2025-01-01,RJ,Mandado de prisão cumprido,0.0,930.0,0.0,0.0,0.0,0.0,930.0,ocorrencias
2025,2025-01-01,RJ,Morte de Agente do Estado,7.0,0.0,0.0,7.0,0.0,0.0,7.0,vitimas
2025,2025-01-01,RJ,Morte no trânsito ou em decorrência dele (exceto homicídio doloso),187.0,0.0,40.0,143.0,4.0,0.0,187.0,vitimas
2025,2025-01-01,RJ,Morte por intervenção de Agente do Estado,69.0,0.0,0.0,64.0,5.0,0.0,69.0,vitimas
2025,2025-01-01,RJ,Mortes a esclarecer (sem indício de crime),250.0,0.0,78.0,169.0,3.0,0.0,250.0,vitimas
2025,2025-01-01,RJ,Mortes no trânsito,25.0,0.0,3.0,21.0,1.0,0.0,25.0,vitimas
2025,2025-01-01,RJ,Pessoa Desaparecida,552.0,0.0,174.0,377.0,1.0,0.0,552.0,vitimas
2025,2025-01-01,RJ,Pessoa Localizada,234.0,0.0,3.0,9.0,222.0,0.0,234.0,vitimas
2025,2025-01-01,RJ,Realização de vistorias,0.0,506.0,0.0,0.0,0.0,0.0,506.0,ocorrencias
2025,2025-01-01,RJ,Roubo a instituição financeira,0.0,3.0,0.0,0.0,0.0,0.0,3.0,ocorrencias
2025,2025-01-01,RJ,Roubo de carga,0.0,346.0,0.0,0.0,0.0,0.0,346.0,ocorrencias
2025,2025-01-01,RJ,Roubo de veículo,0.0,2661.0,0.0,0.0,0.0,0.0,2661.0,ocorrencias
2025,2025-01-01,RJ,Roubo seguido de morte (latrocínio),6.0,0.0,0.0,6.0,0.0,0.0,6.0,vitimas
2025,2025-01-01,RJ,Suicídio,82.0,0.0,26.0,56.0,0.0,0.0,82.0,vitimas
2025,2025-01-01,RJ,Suicídio de Agente do Estado,1.0,0.0,0.0,1.0,0.0,0.0,1.0,vitimas
2025,2025-01-01,RJ,Tentativa de feminicídio,23.0,0.0,23.0,0.0,0.0,0.0,23.0,vitimas
2025,2025-01-01,RJ,Tentativa de homicídio,318.0,0.0,30.0,266.0,22.0,0.0,318.0,vitimas
2025,2025-01-01,RJ,Tráfico de drogas,0.0,1731.0,0.0,0.0,0.0,0.0,1731.0,ocorrencias
2025,2025-01-01,RN,Apreensão de Cocaína,0.0,0.0,0.0,0.0,0.0,10118.0,10118.0,kg
2025,2025-01-01,RN,Apreensão de Maconha,0.0,0.0,0.0,0.0,0.0,33927.0,33927.0,kg
2025,2025-01-01,RN,Arma de Fogo Apreendida,0.0,156.0,0.0,0.0,0.0,0.0,156.0,ocorrencias
2025,2025-01-01,RN,Atendimento pré-hospitalar,0.0,201.0,0.0,0.0,0.0,0.0,201.0,ocorrencias
2025,2025-01-01,RN,Busca e salvamento,0.0,448.0,0.0,0.0,0.0,0.0,448.0,ocorrencias
2025,2025-01-01,RN,Combate a incêndios,0.0,282.0,0.0,0.0,0.0,0.0,282.0,ocorrencias
2025,2025-01-01,RN,Emissão de Alvarás de licença,0.0,565.0,0.0,0.0,0.0,0.0,565.0,ocorrencias
2025,2025-01-01,RN,Estupro,23.0,0.0,19.0,4.0,0.0,0.0,23.0,vitimas
2025,2025-01-01,RN,Estupro de vulnerável,95.0,0.0,81.0,9.0,5.0,0.0,95.0,vitimas
2025,2025-01-01,RN,Feminicídio,1.0,0.0,1.0,0.0,0.0,0.0,1.0,vitimas
2025,2025-01-01,RN,Furto de veículo,0.0,168.0,0.0,0.0,0.0,0.0,168.0,ocorrencias
2025,2025-01-01,RN,Homicídio doloso,67.0,0.0,3.0,64.0,0.0,0.0,67.0,vitimas
2025,2025-01-01,RN,Lesão corporal seguida de morte,1.0,0.0,0.0,1.0,0.0,0.0,1.0,vitimas
2025,2025-01-01,RN,Mandado de prisão cumprido,0.0,264.0,0.0,0.0,0.0,0.0,264.0,ocorrencias
2025,2025-01-01,RN,Morte de Agente do Estado,0.0,0.0,0.0,0.0,0.0,0.0,0.0,vitimas
2025,2025-01-01,RN,Morte no trânsito ou em decorrência dele (exceto homicídio doloso),54.0,0.0,9.0,45.0,0.0,0.0,54.0,vitimas
2025,2025-01-01,RN,Morte por intervenção de Agente do Estado,9.0,0.0,0.0,9.0,0.0,0.0,9.0,vitimas
2025,2025-01-01,RN,Mortes a esclarecer (sem indício de crime),37.0,0.0,10.0,25.0,2.0,0.0,37.0,vitimas
2025,2025-01-01,RN,Mortes no trânsito,7.0,0.0,0.0,7.0,0.0,0.0,7.0,vitimas
2025,2025-01-01,RN,Pessoa Desaparecida,72.0,0.0,25.0,47.0,0.0,0.0,72.0,vitimas
2025,2025-01-01,RN,Pessoa Localizada,39.0,0.0,11.0,28.0,0.0,0.0,39.0,vitimas
2025,2025-01-01,RN,Realização de vistorias,0.0,672.0,0.0,0.0,0.0,0.0,672.0,ocorrencias
2025,2025-01-01,RN,Roubo a instituição financeira,0.0,0.0,0.0,0.0,0.0,0.0,0.0,ocorrencias
2025,2025-01-01,RN,Roubo de carga,0.0,2.0,0.0,0.0,0.0,0.0,2.0,ocorrencias
2025,2025-01-01,RN,Roubo de veículo,0.0,148.0,0.0,0.0,0.0,0.0,148.0,ocorrencias
2025,2025-01-01,RN,Roubo seguido de morte (latrocínio),2.0,0.0,1.0,1.0,0.0,0.0,2.0,vitimas
2025,2025-01-01,RN,Suicídio,30.0,0.0,7.0,23.0,0.0,0.0,30.0,vitimas
2025,2025-01-01,RN,Suicídio de Agente do Estado,1.0,0.0,0.0,1.0,0.0,0.0,1.0,vitimas
2025,2025-01-01,RN,Tentativa de feminicídio,7.0,0.0,7.0,0.0,0.0,0.0,7.0,vitimas
2025,2025-01-01,RN,Tentativa de homicídio,54.0,0.0,8.0,40.0,6.0,0.0,54.0,vitimas
2025,2025-01-01,RN,Tráfico de drogas,0.0,195.0,0.0,0.0,0.0,0.0,195.0,ocorrencias
2025,2025-01-01,RO,Apreensão de Cocaína,0.0,0.0,0.0,0.0,0.0,140100.0,140100.0,kg
2025,2025-01-01,RO,Apreensão de Maconha,0.0,0.0,0.0,0.0,0.0,416952.0,416952.0,kg
2025,2025-01-01,RO,Arma de Fogo Apreendida,0.0,272.0,0.0,0.0,0.0,0.0,272.0,ocorrencias
2025,2025-01-01,RO,Atendimento pré-hospitalar,0.0,1238.0,0.0,0.0,0.0,0.0,1238.0,ocorrencias
2025,2025-01-01,RO,Busca e salvamento,0.0,256.0,0.0,0.0,0.0,0.0,256.0,ocorrencias
2025,2025-01-01,RO,Combate a incêndios,0.0,61.0,0.0,0.0,0.0,0.0,61.0,ocorrencias
2025,2025-01-01,RO,Emissão de Alvarás de licença,0.0,1978.0,0.0,0.0,0.0,0.0,1978.0,ocorrencias
2025,2025-01-01,RO,Estupro,22.0,0.0,21.0,1.0,0.0,0.0,22.0,vitimas
2025,2025-01-01,RO,Estupro de vulnerável,71.0,0.0,60.0,6.0,5.0,0.0,71.0,vitimas
2025,2025-01-01,RO,Feminicídio,2.0,0.0,2.0,0.0,0.0,0.0,2.0,vitimas
2025,2025-01-01,RO,Furto de veículo,0.0,133.0,0.0,0.0,0.0,0.0,133.0,ocorrencias
2025,2025-01-01,RO,Homicídio doloso,42.0,0.0,1.0,41.0,0.0,0.0,42.0,vitimas
2025,2025-01-01,RO,Lesão corporal seguida de morte,0.0,0.0,0.0,0.0,0.0,0.0,0.0,vitimas
2025,2025-01-01,RO,Mandado de prisão cumprido,0.0,387.0,0.0,0.0,0.0,0.0,387.0,ocorrencias
2025,2025-01-01,RO,Morte de Agente do Estado,1.0,0.0,0.0,1.0,0.0,0.0,1.0,vitimas
2025,2025-01-01,RO,Morte no trânsito ou em decorrência dele (exceto homicídio doloso),23.0,0.0,1.0,21.0,1.0,0.0,23.0,vitimas
2025,2025-01-01,RO,Morte por intervenção de Agente do Estado,12.0,0.0,0.0,12.0,0.0,0.0,12.0,vitimas
2025,2025-01-01,RO,Mortes a esclarecer (sem indício de crime),48.0,0.0,10.0,38.0,0.0,0.0,48.0,vitimas
2025,2025-01-01,RO,Mortes no trânsito,5.0,0.0,0.0,5.0,0.0,0.0,5.0,vitimas
2025,2025-01-01,RO,Pessoa Desaparecida,101.0,0.0,32.0,68.0,1.0,0.0,101.0,vitimas
2025,2025-01-01,RO,Pessoa Localizada,3.0,0.0,1.0,2.0,0.0,0.0,3.0,vitimas
2025,2025-01-01,RO,Realização de vistorias,0.0,1165.0,0.0,0.0,0.0,0.0,1165.0,ocorrencias
2025,2025-01-01,RO,Roubo a instituição financeira,0.0,0.0,0.0,0.0,0.0,0.0,0.0,ocorrencias
2025,2025-01-01,RO,Roubo de carga,0.0,0.0,0.0,0.0,0.0,0.0,0.0,ocorrencias
2025,2025-01-01,RO,Roubo de veículo,0.0,38.0,0.0,0.0,0.0,0.0,38.0,ocorrencias
2025,2025-01-01,RO,Roubo seguido de morte (latrocínio),1.0,0.0,0.0,1.0,0.0,0.0,1.0,vitimas
2025,2025-01-01,RO,Suicídio,12.0,0.0,4.0,8.0,0.0,0.0,12.0,vitimas
2025,2025-01-01,RO,Suicídio de Agente do Estado,0.0,0.0,0.0,0.0,0.0,0.0,0.0,vitimas
2025,2025-01-01,RO,Tentativa de feminicídio,6.0,0.0,6.0,0.0,0.0,0.0,6.0,vitimas
2025,2025-01-01,RO,Tentativa de homicídio,71.0,0.0,8.0,60.0,3.0,0.0,71.0,vitimas
2025,2025-01-01,RO,Tráfico de drogas,0.0,151.0,0.0,0.0,0.0,0.0,151.0,ocorrencias
2025,2025-01-01,RR,Apreensão de Cocaína,0.0,0.0,0.0,0.0,0.0,4283.0,4283.0,kg
2025,2025-01-01,RR,Apreensão de Maconha,0.0,0.0,0.0,0.0,0.0,8762.0,8762.0,kg
2025,2025-01-01,RR,Arma de Fogo Apreendida,0.0,30.0,0.0,0.0,0.0,0.0,30.0,ocorrencias
2025,2025-01-01,RR,Atendimento pré-hospitalar,0.0,166.0,0.0,0.0,0.0,0.0,166.0,ocorrencias
2025,2025-01-01,RR,Busca e salvamento,0.0,162.0,0.0,0.0,0.0,0.0,162.0,ocorrencias
2025,2025-01-01,RR,Combate a incêndios,0.0,404.0,0.0,0.0,0.0,0.0,404.0,ocorrencias
2025,2025-01-01,RR,Emissão de Alvarás de licença,0.0,150.0,0.0,0.0,0.0,0.0,150.0,ocorrencias
2025,2025-01-01,RR,Estupro,12.0,0.0,11.0,0.0,1.0,0.0,12.0,vitimas
2025,2025-01-01,RR,Estupro de vulnerável,34.0,0.0,28.0,6.0,0.0,0.0,34.0,vitimas
2025,2025-01-01,RR,Feminicídio,0.0,0.0,0.0,0.0,0.0,0.0,0.0,vitimas
2025,2025-01-01,RR,Furto de veículo,0.0,72.0,0.0,0.0,0.0,0.0,72.0,ocorrencias
2025,2025-01-01,RR,Homicídio doloso,22.0,0.0,2.0,12.0,8.0,0.0,22.0,vitimas
2025,2025-01-01,RR,Lesão corporal seguida de morte,1.0,0.0,1.0,0.0,0.0,0.0,1.0,vitimas
2025,2025-01-01,RR,Mandado de prisão cumprido,0.0,109.0,0.0,0.0,0.0,0.0,109.0,ocorrencias
2025,2025-01-01,RR,Morte de Agente do Estado,0.0,0.0,0.0,0.0,0.0,0.0,0.0,vitimas
2025,2025-01-01,RR,Morte no trânsito ou em decorrência dele (exceto homicídio doloso),19.0,0.0,3.0,16.0,0.0,0.0,19.0,vitimas
2025,2025-01-01,RR,Morte por intervenção de Agente do Estado,0.0,0.0,0.0,0.0,0.0,0.0,0.0,vitimas
2025,2025-01-01,RR,Mortes a esclarecer (sem indício de crime),3.0,0.0,2.0,1.0,0.0,0.0,3.0,vitimas
2025,2025-01-01,RR,Mortes no trânsito,1.0,0.0,0.0,1.0,0.0,0.0,1.0,vitimas
2025,2025-01-01,RR,Pessoa Desaparecida,35.0,0.0,14.0,20.0,1.0,0.0,35.0,vitimas
2025,2025-01-01,RR,Pessoa Localizada,12.0,0.0,7.0,5.0,0.0,0.0,12.0,vitimas
2025,2025-01-01,RR,Realização de vistorias,0.0,56.0,0.0,0.0,0.0,0.0,56.0,ocorrencias
2025,2025-01-01,RR,Roubo a instituição financeira,0.0,0.0,0.0,0.0,0.0,0.0,0.0,ocorrencias
2025,2025-01-01,RR,Roubo de carga,0.0,0.0,0.0,0.0,0.0,0.0,0.0,ocorrencias
2025,2025-01-01,RR,Roubo de veículo,0.0,24.0,0.0,0.0,0.0,0.0,24.0,ocorrencias
2025,2025-01-01,RR,Roubo seguido de morte (latrocínio),0.0,0.0,0.0,0.0,0.0,0.0,0.0,vitimas
2025,2025-01-01,RR,Suicídio,10.0,0.0,3.0,7.0,0.0,0.0,10.0,vitimas
2025,2025-01-01,RR,Suicídio de Agente do Estado,0.0,0.0,0.0,0.0,0.0,0.0,0.0,vitimas
2025,2025-01-01,RR,Tentativa de feminicídio,7.0,0.0,7.0,0.0,0.0,0.0,7.0,vitimas
2025,2025-01-01,RR,Tentativa de homicídio,11.0,0.0,1.0,10.0,0.0,0.0,11.0,vitimas
2025,2025-01-01,RR,Tráfico de drogas,0.0,49.0,0.0,0.0,0.0,0.0,49.0,ocorrencias
2025,2025-01-01,RS,Apreensão de Cocaína,0.0,0.0,0.0,0.0,0.0,192466.0,192466.0,kg
2025,2025-01-01,RS,Apreensão de Maconha,0.0,0.0,0.0,0.0,0.0,4089994.0,4089994.0,kg
2025,2025-01-01,RS,Arma de Fogo Apreendida,0.0,791.0,0.0,0.0,0.0,0.0,791.0,ocorrencias
2025,2025-01-01,RS,Atendimento pré-hospitalar,0.0,2183.0,0.0,0.0,0.0,0.0,2183.0,ocorrencias
2025,2025-01-01,RS,Busca e salvamento,0.0,1421.0,0.0,0.0,0.0,0.0,1421.0,ocorrencias
2025,2025-01-01,RS,Combate a incêndios,0.0,3076.0,0.0,0.0,0.0,0.0,3076.0,ocorrencias
2025,2025-01-01,RS,Emissão de Alvarás de licença,0.0,1728.0,0.0,0.0,0.0,0.0,1728.0,ocorrencias
2025,2025-01-01,RS,Estupro,111.0,0.0,99.0,12.0,0.0,0.0,111.0,vitimas
2025,2025-01-01,RS,Estupro de vulnerável,346.0,0.0,292.0,54.0,0.0,0.0,346.0,vitimas
2025,2025-01-01,RS,Feminicídio,9.0,0.0,9.0,0.0,0.0,0.0,9.0,vitimas
2025,2025-01-01,RS,Furto de veículo,0.0,558.0,0.0,0.0,0.0,0.0,558.0,ocorrencias
2025,2025-01-01,RS,Homicídio doloso,111.0,0.0,8.0,103.0,0.0,0.0,111.0,vitimas
2025,2025-01-01,RS,Lesão corporal seguida de morte,4.0,0.0,0.0,4.0,0.0,0.0,4.0,vitimas
2025,2025-01-01,RS,Mandado de prisão cumprido,0.0,644.0,0.0,0.0,0.0,0.0,644.0,ocorrencias
2025,2025-01-01,RS,Morte de Agente do Estado,4.0,0.0,0.0,4.0,0.0,0.0,4.0,vitimas
2025,2025-01-01,RS,Morte no trânsito ou em decorrência dele (exceto homicídio doloso),97.0,0.0,20.0,77.0,0.0,0.0,97.0,vitimas
2025,2025-01-01,RS,Morte por intervenção de Agente do Estado,9.0,0.0,0.0,9.0,0.0,0.0,9.0,vitimas
2025,2025-01-01,RS,Mortes a esclarecer (sem indício de crime),72.0,0.0,19.0,53.0,0.0,0.0,72.0,vitimas
2025,2025-01-01,RS,Mortes no trânsito,24.0,0.0,6.0,18.0,0.0,0.0,24.0,vitimas
2025,2025-01-01,RS,Pessoa Desaparecida,638.0,0.0,242.0,396.0,0.0,0.0,638.0,vitimas
2025,2025-01-01,RS,Pessoa Localizada,688.0,0.0,278.0,410.0,0.0,0.0,688.0,vitimas
2025,2025-01-01,RS,Realização de vistorias,0.0,1261.0,0.0,0.0,0.0,0.0,1261.0,ocorrencias
2025,2025-01-01,RS,Roubo a instituição financeira,0.0,0.0,0.0,0.0,0.0,0.0,0.0,ocorrencias
2025,2025-01-01,RS,Roubo de carga,0.0,5.0,0.0,0.0,0.0,0.0,5.0,ocorrencias
2025,2025-01-01,RS,Roubo de veículo,0.0,162.0,0.0,0.0,0.0,0.0,162.0,ocorrencias
2025,2025-01-01,RS,Roubo seguido de morte (latrocínio),3.0,0.0,0.0,3.0,0.0,0.0,3.0,vitimas
2025,2025-01-01,RS,Suicídio,115.0,0.0,13.0,102.0,0.0,0.0,115.0,vitimas
2025,2025-01-01,RS,Suicídio de Agente do Estado,2.0,0.0,0.0,2.0,0.0,0.0,2.0,vitimas
2025,2025-01-01,RS,Tentativa de feminicídio,22.0,0.0,22.0,0.0,0.0,0.0,22.0,vitimas
2025,2025-01-01,RS,Tentativa de homicídio,154.0,0.0,20.0,134.0,0.0,0.0,154.0,vitimas
2025,2025-01-01,RS,Tráfico de drogas,0.0,1571.0,0.0,0.0,0.0,0.0,1571.0,ocorrencias
2025,2025-01-01,SC,Apreensão de Cocaína,0.0,0.0,0.0,0.0,0.0,11615.0,11615.0,kg
2025,2025-01-01,SC,Apreensão de Maconha,0.0,0.0,0.0,0.0,0.0,23960.0,23960.0,kg
2025,2025-01-01,SC,Arma de Fogo Apreendida,0.0,163.0,0.0,0.0,0.0,0.0,163.0,ocorrencias
2025,2025-01-01,SC,Atendimento pré-hospitalar,0.0,13089.0,0.0,0.0,0.0,0.0,13089.0,ocorrencias
2025,2025-01-01,SC,Busca e salvamento,0.0,1657.0,0.0,0.0,0.0,0.0,1657.0,ocorrencias
2025,2025-01-01,SC,Combate a incêndios,0.0,915.0,0.0,0.0,0.0,0.0,915.0,ocorrencias
2025,2025-01-01,SC,Emissão de Alvarás de licença,0.0,30343.0,0.0,0.0,0.0,0.0,30343.0,ocorrencias
2025,2025-01-01,SC,Estupro,95.0,0.0,89.0,6.0,0.0,0.0,95.0,vitimas
2025,2025-01-01,SC,Estupro de vulnerável,197.0,0.0,172.0,25.0,0.0,0.0,197.0,vitimas
2025,2025-01-01,SC,Feminicídio,3.0,0.0,3.0,0.0,0.0,0.0,3.0,vitimas
2025,2025-01-01,SC,Furto de veículo,0.0,525.0,0.0,0.0,0.0,0.0,525.0,ocorrencias
2025,2025-01-01,SC,Homicídio doloso,50.0,0.0,2.0,48.0,0.0,0.0,50.0,vitimas
2025,2025-01-01,SC,Lesão corporal seguida de morte,0.0,0.0,0.0,0.0,0.0,0.0,0.0,vitimas
2025,2025-01-01,SC,Mandado de prisão cumprido,0.0,1163.0,0.0,0.0,0.0,0.0,1163.0,ocorrencias
2025,2025-01-01,SC,Morte de Agente do Estado,0.0,0.0,0.0,0.0,0.0,0.0,0.0,vitimas
2025,2025-01-01,SC,Morte no trânsito ou em decorrência dele (exceto homicídio doloso),44.0,0.0,11.0,33.0,0.0,0.0,44.0,vitimas
2025,2025-01-01,SC,Morte por intervenção de Agente do Estado,13.0,0.0,0.0,13.0,0.0,0.0,13.0,vitimas
2025,2025-01-01,SC,Mortes a esclarecer (sem indício de crime),0.0,0.0,0.0,0.0,0.0,0.0,0.0,vitimas
2025,2025-01-01,SC,Mortes no trânsito,23.0,0.0,3.0,20.0,0.0,0.0,23.0,vitimas
2025,2025-01-01,SC,Pessoa Desaparecida,365.0,0.0,126.0,239.0,0.0,0.0,365.0,vitimas
2025,2025-01-01,SC,Pessoa Localizada,312.0,0.0,122.0,190.0,0.0,0.0,312.0,vitimas
2025,2025-01-01,SC,Realização de vistorias,0.0,3631.0,0.0,0.0,0.0,0.0,3631.0,ocorrencias
2025,2025-01-01,SC,Roubo a instituição financeira,0.0,0.0,0.0,0.0,0.0,0.0,0.0,ocorrencias
2025,2025-01-01,SC,Roubo de carga,0.0,1.0,0.0,0.0,0.0,0.0,1.0,ocorrencias
2025,2025-01-01,SC,Roubo de veículo,0.0,74.0,0.0,0.0,0.0,0.0,74.0,ocorrencias
2025,2025-01-01,SC,Roubo seguido de morte (latrocínio),0.0,0.0,0.0,0.0,0.0,0.0,0.0,vitimas
2025,2025-01-01,SC,Suicídio,93.0,0.0,23.0,70.0,0.0,0.0,93.0,vitimas
2025,2025-01-01,SC,Suicídio de Agente do Estado,0.0,0.0,0.0,0.0,0.0,0.0,0.0,vitimas
2025,2025-01-01,SC,Tentativa de feminicídio,17.0,0.0,17.0,0.0,0.0,0.0,17.0,vitimas
2025,2025-01-01,SC,Tentativa de homicídio,165.0,0.0,32.0,130.0,3.0,0.0,165.0,vitimas
2025,2025-01-01,SC,Tráfico de drogas,0.0,574.0,0.0,0.0,0.0,0.0,574.0,ocorrencias
2025,2025-01-01,SE,Apreensão de Cocaína,0.0,0.0,0.0,0.0,0.0,1233.0,1233.0,kg
2025,2025-01-01,SE,Apreensão de Maconha,0.0,0.0,0.0,0.0,0.0,20916.0,20916.0,kg
2025,2025-01-01,SE,Arma de Fogo Apreendida,0.0,54.0,0.0,0.0,0.0,0.0,54.0,ocorrencias
2025,2025-01-01,SE,Atendimento pré-hospitalar,0.0,41.0,0.0,0.0,0.0,0.0,41.0,ocorrencias
2025,2025-01-01,SE,Busca e salvamento,0.0,523.0,0.0,0.0,0.0,0.0,523.0,ocorrencias
2025,2025-01-01,SE,Combate a incêndios,0.0,254.0,0.0,0.0,0.0,0.0,254.0,ocorrencias
2025,2025-01-01,SE,Emissão de Alvarás de licença,0.0,1301.0,0.0,0.0,0.0,0.0,1301.0,ocorrencias
2025,2025-01-01,SE,Estupro,25.0,0.0,24.0,0.0,1.0,0.0,25.0,vitimas
2025,2025-01-01,SE,Estupro de vulnerável,62.0,0.0,51.0,9.0,2.0,0.0,62.0,vitimas
2025,2025-01-01,SE,Feminicídio,1.0,0.0,1.0,0.0,0.0,0.0,1.0,vitimas
2025,2025-01-01,SE,Furto de veículo,0.0,66.0,0.0,0.0,0.0,0.0,66.0,ocorrencias
2025,2025-01-01,SE,Homicídio doloso,30.0,0.0,1.0,29.0,0.0,0.0,30.0,vitimas
2025,2025-01-01,SE,Lesão corporal seguida de morte,0.0,0.0,0.0,0.0,0.0,0.0,0.0,vitimas
2025,2025-01-01,SE,Mandado de prisão cumprido,0.0,139.0,0.0,0.0,0.0,0.0,139.0,ocorrencias
2025,2025-01-01,SE,Morte de Agente do Estado,0.0,0.0,0.0,0.0,0.0,0.0,0.0,vitimas
2025,2025-01-01,SE,Morte no trânsito ou em decorrência dele (exceto homicídio doloso),7.0,0.0,2.0,5.0,0.0,0.0,7.0,vitimas
2025,2025-01-01,SE,Morte por intervenção de Agente do Estado,15.0,0.0,0.0,15.0,0.0,0.0,15.0,vitimas
2025,2025-01-01,SE,Mortes a esclarecer (sem indício de crime),36.0,0.0,7.0,27.0,2.0,0.0,36.0,vitimas
2025,2025-01-01,SE,Mortes no trânsito,3.0,0.0,0.0,3.0,0.0,0.0,3.0,vitimas
2025,2025-01-01,SE,Pessoa Desaparecida,65.0,0.0,32.0,33.0,0.0,0.0,65.0,vitimas
2025,2025-01-01,SE,Pessoa Localizada,64.0,0.0,32.0,32.0,0.0,0.0,64.0,vitimas
2025,2025-01-01,SE,Realização de vistorias,0.0,324.0,0.0,0.0,0.0,0.0,324.0,ocorrencias
2025,2025-01-01,SE,Roubo a instituição financeira,0.0,0.0,0.0,0.0,0.0,0.0,0.0,ocorrencias
2025,2025-01-01,SE,Roubo de carga,0.0,0.0,0.0,0.0,0.0,0.0,0.0,ocorrencias
2025,2025-01-01,SE,Roubo de veículo,0.0,45.0,0.0,0.0,0.0,0.0,45.0,ocorrencias
2025,2025-01-01,SE,Roubo seguido de morte (latrocínio),1.0,0.0,0.0,1.0,0.0,0.0,1.0,vitimas
2025,2025-01-01,SE,Suicídio,11.0,0.0,3.0,8.0,0.0,0.0,11.0,vitimas
2025,2025-01-01,SE,Suicídio de Agente do Estado,1.0,0.0,0.0,1.0,0.0,0.0,1.0,vitimas
2025,2025-01-01,SE,Tentativa de feminicídio,7.0,0.0,7.0,0.0,0.0,0.0,7.0,vitimas
2025,2025-01-01,SE,Tentativa de homicídio,50.0,0.0,3.0,45.0,2.0,0.0,50.0,vitimas
2025,2025-01-01,SE,Tráfico de drogas,0.0,137.0,0.0,0.0,0.0,0.0,137.0,ocorrencias
2025,2025-01-01,SP,Apreensão de Cocaína,0.0,0.0,0.0,0.0,0.0,3072237.0,3072237.0,kg
2025,2025-01-01,SP,Apreensão de Maconha,0.0,0.0,0.0,0.0,0.0,9499424.0,9499424.0,kg
2025,2025-01-01,SP,Arma de Fogo Apreendida,0.0,1122.0,0.0,0.0,0.0,0.0,1122.0,ocorrencias
2025,2025-01-01,SP,Atendimento pré-hospitalar,0.0,17566.0,0.0,0.0,0.0,0.0,17566.0,ocorrencias
2025,2025-01-01,SP,Busca e salvamento,0.0,7872.0,0.0,0.0,0.0,0.0,7872.0,ocorrencias
2025,2025-01-01,SP,Combate a incêndios,0.0,2454.0,0.0,0.0,0.0,0.0,2454.0,ocorrencias
2025,2025-01-01,SP,Emissão de Alvarás de licença,0.0,19548.0,0.0,0.0,0.0,0.0,19548.0,ocorrencias
2025,2025-01-01,SP,Estupro,313.0,0.0,286.0,27.0,0.0,0.0,313.0,vitimas
2025,2025-01-01,SP,Estupro de vulnerável,1109.0,0.0,924.0,185.0,0.0,0.0,1109.0,vitimas
2025,2025-01-01,SP,Feminicídio,22.0,0.0,22.0,0.0,0.0,0.0,22.0,vitimas
2025,2025-01-01,SP,Furto de veículo,0.0,7729.0,0.0,0.0,0.0,0.0,7729.0,ocorrencias
2025,2025-01-01,SP,Homicídio doloso,198.0,0.0,11.0,186.0,1.0,0.0,198.0,vitimas
2025,2025-01-01,SP,Lesão corporal seguida de morte,7.0,0.0,1.0,6.0,0.0,0.0,7.0,vitimas
2025,2025-01-01,SP,Mandado de prisão cumprido,0.0,7219.0,0.0,0.0,0.0,0.0,7219.0,ocorrencias
2025,2025-01-01,SP,Morte de Agente do Estado,2.0,0.0,0.0,2.0,0.0,0.0,2.0,vitimas
2025,2025-01-01,SP,Morte no trânsito ou em decorrência dele (exceto homicídio doloso),317.0,0.0,78.0,239.0,0.0,0.0,317.0,vitimas
2025,2025-01-01,SP,Morte por intervenção de Agente do Estado,38.0,0.0,0.0,38.0,0.0,0.0,38.0,vitimas
2025,2025-01-01,SP,Mortes a esclarecer (sem indício de crime),481.0,0.0,92.0,379.0,10.0,0.0,481.0,vitimas
2025,2025-01-01,SP,Mortes no trânsito,8.0,0.0,0.0,8.0,0.0,0.0,8.0,vitimas
2025,2025-01-01,SP,Pessoa Desaparecida,1885.0,0.0,634.0,1250.0,1.0,0.0,1885.0,vitimas
2025,2025-01-01,SP,Pessoa Localizada,1390.0,0.0,527.0,856.0,7.0,0.0,1390.0,vitimas
2025,2025-01-01,SP,Realização de vistorias,0.0,8805.0,0.0,0.0,0.0,0.0,8805.0,ocorrencias
2025,2025-01-01,SP,Roubo a instituição financeira,0.0,0.0,0.0,0.0,0.0,0.0,0.0,ocorrencias
2025,2025-01-01,SP,Roubo de carga,0.0,350.0,0.0,0.0,0.0,0.0,350.0,ocorrencias
2025,2025-01-01,SP,Roubo de veículo,0.0,2312.0,0.0,0.0,0.0,0.0,2312.0,ocorrencias
2025,2025-01-01,SP,Roubo seguido de morte (latrocínio),18.0,0.0,0.0,17.0,1.0,0.0,18.0,vitimas
2025,2025-01-01,SP,Suicídio,250.0,0.0,59.0,191.0,0.0,0.0,250.0,vitimas
2025,2025-01-01,SP,Suicídio de Agente do Estado,3.0,0.0,0.0,3.0,0.0,0.0,3.0,vitimas
2025,2025-01-01,SP,Tentativa de feminicídio,72.0,0.0,72.0,0.0,0.0,0.0,72.0,vitimas
2025,2025-01-01,SP,Tentativa de homicídio,311.0,0.0,52.0,258.0,1.0,0.0,311.0,vitimas
2025,2025-01-01,SP,Tráfico de drogas,0.0,3605.0,0.0,0.0,0.0,0.0,3605.0,ocorrencias
2025,2025-01-01,TO,Apreensão de Cocaína,0.0,0.0,0.0,0.0,0.0,414.0,414.0,kg
2025,2025-01-01,TO,Apreensão de Maconha,0.0,0.0,0.0,0.0,0.0,4257.0,4257.0,kg
2025,2025-01-01,TO,Arma de Fogo Apreendida,0.0,50.0,0.0,0.0,0.0,0.0,50.0,ocorrencias
2025,2025-01-01,TO,Atendimento pré-hospitalar,0.0,757.0,0.0,0.0,0.0,0.0,757.0,ocorrencias
2025,2025-01-01,TO,Busca e salvamento,0.0,239.0,0.0,0.0,0.0,0.0,239.0,ocorrencias
2025,2025-01-01,TO,Combate a incêndios,0.0,53.0,0.0,0.0,0.0,0.0,53.0,ocorrencias
2025,2025-01-01,TO,Emissão de Alvarás de licença,0.0,1292.0,0.0,0.0,0.0,0.0,1292.0,ocorrencias
2025,2025-01-01,TO,Estupro,11.0,0.0,11.0,0.0,0.0,0.0,11.0,vitimas
2025,2025-01-01,TO,Estupro de vulnerável,50.0,0.0,40.0,9.0,1.0,0.0,50.0,vitimas
2025,2025-01-01,TO,Feminicídio,1.0,0.0,1.0,0.0,0.0,0.0,1.0,vitimas
2025,2025-01-01,TO,Furto de veículo,0.0,106.0,0.0,0.0,0.0,0.0,106.0,ocorrencias
2025,2025-01-01,TO,Homicídio doloso,20.0,0.0,3.0,17.0,0.0,0.0,20.0,vitimas
2025,2025-01-01,TO,Lesão corporal seguida de morte,0.0,0.0,0.0,0.0,0.0,0.0,0.0,vitimas
2025,2025-01-01,TO,Mandado de prisão cumprido,0.0,138.0,0.0,0.0,0.0,0.0,138.0,ocorrencias
2025,2025-01-01,TO,Morte de Agente do Estado,0.0,0.0,0.0,0.0,0.0,0.0,0.0,vitimas
2025,2025-01-01,TO,Morte no trânsito ou em decorrência dele (exceto homicídio doloso),39.0,0.0,4.0,34.0,1.0,0.0,39.0,vitimas
2025,2025-01-01,TO,Morte por intervenção de Agente do Estado,0.0,0.0,0.0,0.0,0.0,0.0,0.0,vitimas
2025,2025-01-01,TO,Mortes a esclarecer (sem indício de crime),28.0,0.0,5.0,22.0,1.0,0.0,28.0,vitimas
2025,2025-01-01,TO,Mortes no trânsito,7.0,0.0,1.0,6.0,0.0,0.0,7.0,vitimas
2025,2025-01-01,TO,Pessoa Desaparecida,35.0,0.0,13.0,22.0,0.0,0.0,35.0,vitimas
2025,2025-01-01,TO,Pessoa Localizada,9.0,0.0,3.0,5.0,1.0,0.0,9.0,vitimas
2025,2025-01-01,TO,Realização de vistorias,0.0,82.0,0.0,0.0,0.0,0.0,82.0,ocorrencias
2025,2025-01-01,TO,Roubo a instituição financeira,0.0,0.0,0.0,0.0,0.0,0.0,0.0,ocorrencias
2025,2025-01-01,TO,Roubo de carga,0.0,0.0,0.0,0.0,0.0,0.0,0.0,ocorrencias
2025,2025-01-01,TO,Roubo de veículo,0.0,17.0,0.0,0.0,0.0,0.0,17.0,ocorrencias
2025,2025-01-01,TO,Roubo seguido de morte (latrocínio),1.0,0.0,0.0,1.0,0.0,0.0,1.0,vitimas
2025,2025-01-01,TO,Suicídio,9.0,0.0,4.0,5.0,0.0,0.0,9.0,vitimas
2025,2025-01-01,TO,Suicídio de Agente do Estado,0.0,0.0,0.0,0.0,0.0,0.0,0.0,vitimas
2025,2025-01-01,TO,Tentativa de feminicídio,6.0,0.0,6.0,0.0,0.0,0.0,6.0,vitimas
2025,2025-01-01,TO,Tentativa de homicídio,37.0,0.0,6.0,30.0,1.0,0.0,37.0,vitimas
2025,2025-01-01,TO,Tráfico de drogas,0.0,88.0,0.0,0.0,0.0,0.0,88.0,ocorrencias
2025,2025-02-01,AC,Apreensão de Cocaína,0.0,0.0,0.0,0.0,0.0,42713.0,42713.0,kg
2025,2025-02-01,AC,Apreensão de Maconha,0.0,0.0,0.0,0.0,0.0,124995.0,124995.0,kg
2025,2025-02-01,AC,Arma de Fogo Apreendida,0.0,37.0,0.0,0.0,0.0,0.0,37.0,ocorrencias
2025,2025-02-01,AC,Atendimento pré-hospitalar,0.0,56.0,0.0,0.0,0.0,0.0,56.0,ocorrencias
2025,2025-02-01,AC,Busca e salvamento,0.0,320.0,0.0,0.0,0.0,0.0,320.0,ocorrencias
2025,2025-02-01,AC,Combate a incêndios,0.0,112.0,0.0,0.0,0.0,0.0,112.0,ocorrencias
2025,2025-02-01,AC,Emissão de Alvarás de licença,0.0,704.0,0.0,0.0,0.0,0.0,704.0,ocorrencias
2025,2025-02-01,AC,Estupro,12.0,0.0,12.0,0.0,0.0,0.0,12.0,vitimas
2025,2025-02-01,AC,Estupro de vulnerável,30.0,0.0,29.0,1.0,0.0,0.0,30.0,vitimas
2025,2025-02-01,AC,Feminicídio,0.0,0.0,0.0,0.0,0.0,0.0,0.0,vitimas
2025,2025-02-01,AC,Furto de veículo,0.0,50.0,0.0,0.0,0.0,0.0,50.0,ocorrencias
2025,2025-02-01,AC,Homicídio doloso,9.0,0.0,0.0,9.0,0.0,0.0,9.0,vitimas
2025,2025-02-01,AC,Lesão corporal seguida de morte,0.0,0.0,0.0,0.0,0.0,0.0,0.0,vitimas
2025,2025-02-01,AC,Mandado de prisão cumprido,0.0,132.0,0.0,0.0,0.0,0.0,132.0,ocorrencias
2025,2025-02-01,AC,Morte de Agente do Estado,0.0,0.0,0.0,0.0,0.0,0.0,0.0,vitimas
2025,2025-02-01,AC,Morte no trânsito ou em decorrência dele (exceto homicídio doloso),6.0,0.0,0.0,6.0,0.0,0.0,6.0,vitimas
2025,2025-02-01,AC,Morte por intervenção de Agente do Estado,0.0,0.0,0.0,0.0,0.0,0.0,0.0,vitimas
2025,2025-02-01,AC,Mortes a esclarecer (sem indício de crime),9.0,0.0,2.0,7.0,0.0,0.0,9.0,vitimas
2025,2025-02-01,AC,Mortes no trânsito,2.0,0.0,0.0,2.0,0.0,0.0,2.0,vitimas
2025,2025-02-01,AC,Pessoa Desaparecida,27.0,0.0,6.0,20.0,1.0,0.0,27.0,vitimas
2025,2025-02-01,AC,Pessoa Localizada,21.0,0.0,5.0,16.0,0.0,0.0,21.0,vitimas
2025,2025-02-01,AC,Realização de vistorias,0.0,896.0,0.0,0.0,0.0,0.0,896.0,ocorrencias
2025,2025-02-01,AC,Roubo a instituição financeira,0.0,1.0,0.0,0.0,0.0,0.0,1.0,ocorrencias
2025,2025-02-01,AC,Roubo de carga,0.0,1.0,0.0,0.0,0.0,0.0,1.0,ocorrencias
2025,2025-02-01,AC,Roubo de veículo,0.0,28.0,0.0,0.0,0.0,0.0,28.0,ocorrencias
2025,2025-02-01,AC,Roubo seguido de morte (latrocínio),0.0,0.0,0.0,0.0,0.0,0.0,0.0,vitimas
2025,2025-02-01,AC,Suicídio,13.0,0.0,2.0,11.0,0.0,0.0,13.0,vitimas
2025,2025-02-01,AC,Suicídio de Agente do Estado,0.0,0.0,0.0,0.0,0.0,0.0,0.0,vitimas
2025,2025-02-01,AC,Tentativa de feminicídio,2.0,0.0,2.0,0.0,0.0,0.0,2.0,vitimas
2025,2025-02-01,AC,Tentativa de homicídio,37.0,0.0,3.0,32.0,2.0,0.0,37.0,vitimas
2025,2025-02-01,AC,Tráfico de drogas,0.0,68.0,0.0,0.0,0.0,0.0,68.0,ocorrencias
2025,2025-02-01,AL,Apreensão de Cocaína,0.0,0.0,0.0,0.0,0.0,910.0,910.0,kg
2025,2025-02-01,AL,Apreensão de Maconha,0.0,0.0,0.0,0.0,0.0,610.0,610.0,kg
2025,2025-02-01,AL,Arma de Fogo Apreendida,0.0,162.0,0.0,0.0,0.0,0.0,162.0,ocorrencias
2025,2025-02-01,AL,Atendimento pré-hospitalar,0.0,411.0,0.0,0.0,0.0,0.0,411.0,ocorrencias
2025,2025-02-01,AL,Busca e salvamento,0.0,395.0,0.0,0.0,0.0,0.0,395.0,ocorrencias
2025,2025-02-01,AL,Combate a incêndios,0.0,155.0,0.0,0.0,0.0,0.0,155.0,ocorrencias
2025,2025-02-01,AL,Emissão de Alvarás de licença,0.0,752.0,0.0,0.0,0.0,0.0,752.0,ocorrencias
2025,2025-02-01,AL,Estupro,13.0,0.0,12.0,1.0,0.0,0.0,13.0,vitimas
2025,2025-02-01,AL,Estupro de vulnerável,46.0,0.0,37.0,9.0,0.0,0.0,46.0,vitimas
2025,2025-02-01,AL,Feminicídio,2.0,0.0,2.0,0.0,0.0,0.0,2.0,vitimas
2025,2025-02-01,AL,Furto de veículo,0.0,91.0,0.0,0.0,0.0,0.0,91.0,ocorrencias
2025,2025-02-01,AL,Homicídio doloso,75.0,0.0,7.0,68.0,0.0,0.0,75.0,vitimas
2025,2025-02-01,AL,Lesão corporal seguida de morte,1.0,0.0,0.0,1.0,0.0,0.0,1.0,vitimas
2025,2025-02-01,AL,Mandado de prisão cumprido,0.0,298.0,0.0,0.0,0.0,0.0,298.0,ocorrencias
2025,2025-02-01,AL,Morte de Agente do Estado,1.0,0.0,0.0,1.0,0.0,0.0,1.0,vitimas
2025,2025-02-01,AL,Morte no trânsito ou em decorrência dele (exceto homicídio doloso),25.0,0.0,4.0,15.0,6.0,0.0,25.0,vitimas
2025,2025-02-01,AL,Morte por intervenção de Agente do Estado,0.0,0.0,0.0,0.0,0.0,0.0,0.0,vitimas
2025,2025-02-01,AL,Mortes a esclarecer (sem indício de crime),47.0,0.0,14.0,27.0,6.0,0.0,47.0,vitimas
2025,2025-02-01,AL,Mortes no trânsito,11.0,0.0,3.0,8.0,0.0,0.0,11.0,vitimas
2025,2025-02-01,AL,Pessoa Desaparecida,48.0,0.0,11.0,36.0,1.0,0.0,48.0,vitimas
2025,2025-02-01,AL,Pessoa Localizada,2.0,0.0,1.0,1.0,0.0,0.0,2.0,vitimas
2025,2025-02-01,AL,Realização de vistorias,0.0,1273.0,0.0,0.0,0.0,0.0,1273.0,ocorrencias
2025,2025-02-01,AL,Roubo a instituição financeira,0.0,0.0,0.0,0.0,0.0,0.0,0.0,ocorrencias
2025,2025-02-01,AL,Roubo de carga,0.0,0.0,0.0,0.0,0.0,0.0,0.0,ocorrencias
2025,2025-02-01,AL,Roubo de veículo,0.0,101.0,0.0,0.0,0.0,0.0,101.0,ocorrencias
2025,2025-02-01,AL,Roubo seguido de morte (latrocínio),0.0,0.0,0.0,0.0,0.0,0.0,0.0,vitimas
2025,2025-02-01,AL,Suicídio,15.0,0.0,4.0,11.0,0.0,0.0,15.0,vitimas
2025,2025-02-01,AL,Suicídio de Agente do Estado,2.0,0.0,0.0,2.0,0.0,0.0,2.0,vitimas
2025,2025-02-01,AL,Tentativa de feminicídio,11.0,0.0,11.0,0.0,0.0,0.0,11.0,vitimas
2025,2025-02-01,AL,Tentativa de homicídio,47.0,0.0,12.0,33.0,2.0,0.0,47.0,vitimas
2025,2025-02-01,AL,Tráfico de drogas,0.0,5.0,0.0,0.0,0.0,0.0,5.0,ocorrencias
2025,2025-02-01,AM,Apreensão de Cocaína,0.0,0.0,0.0,0.0,0.0,384664.0,384664.0,kg
2025,2025-02-01,AM,Apreensão de Maconha,0.0,0.0,0.0,0.0,0.0,4053345.0,4053345.0,kg
2025,2025-02-01,AM,Arma de Fogo Apreendida,0.0,137.0,0.0,0.0,0.0,0.0,137.0,ocorrencias
2025,2025-02-01,AM,Atendimento pré-hospitalar,0.0,125.0,0.0,0.0,0.0,0.0,125.0,ocorrencias
2025,2025-02-01,AM,Busca e salvamento,0.0,8.0,0.0,0.0,0.0,0.0,8.0,ocorrencias
2025,2025-02-01,AM,Combate a incêndios,0.0,69.0,0.0,0.0,0.0,0.0,69.0,ocorrencias
2025,2025-02-01,AM,Emissão de Alvarás de licença,0.0,565.0,0.0,0.0,0.0,0.0,565.0,ocorrencias
2025,2025-02-01,AM,Estupro,21.0,0.0,20.0,1.0,0.0,0.0,21.0,vitimas
2025,2025-02-01,AM,Estupro de vulnerável,68.0,0.0,58.0,7.0,3.0,0.0,68.0,vitimas
2025,2025-02-01,AM,Feminicídio,2.0,0.0,2.0,0.0,0.0,0.0,2.0,vitimas
2025,2025-02-01,AM,Furto de veículo,0.0,164.0,0.0,0.0,0.0,0.0,164.0,ocorrencias
2025,2025-02-01,AM,Homicídio doloso,56.0,0.0,3.0,53.0,0.0,0.0,56.0,vitimas
2025,2025-02-01,AM,Lesão corporal seguida de morte,1.0,0.0,0.0,1.0,0.0,0.0,1.0,vitimas
2025,2025-02-01,AM,Mandado de prisão cumprido,0.0,387.0,0.0,0.0,0.0,0.0,387.0,ocorrencias
2025,2025-02-01,AM,Morte de Agente do Estado,0.0,0.0,0.0,0.0,0.0,0.0,0.0,vitimas
2025,2025-02-01,AM,Morte no trânsito ou em decorrência dele (exceto homicídio doloso),9.0,0.0,3.0,6.0,0.0,0.0,9.0,vitimas
2025,2025-02-01,AM,Morte por intervenção de Agente do Estado,10.0,0.0,0.0,10.0,0.0,0.0,10.0,vitimas
2025,2025-02-01,AM,Mortes a esclarecer (sem indício de crime),0.0,0.0,0.0,0.0,0.0,0.0,0.0,vitimas
2025,2025-02-01,AM,Mortes no trânsito,0.0,0.0,0.0,0.0,0.0,0.0,0.0,vitimas
2025,2025-02-01,AM,Pessoa Desaparecida,76.0,0.0,30.0,46.0,0.0,0.0,76.0,vitimas
2025,2025-02-01,AM,Pessoa Localizada,55.0,0.0,25.0,30.0,0.0,0.0,55.0,vitimas
2025,2025-02-01,AM,Realização de vistorias,0.0,617.0,0.0,0.0,0.0,0.0,617.0,ocorrencias
2025,2025-02-01,AM,Roubo a instituição financeira,0.0,1.0,0.0,0.0,0.0,0.0,1.0,ocorrencias
2025,2025-02-01,AM,Roubo de carga,0.0,0.0,0.0,0.0,0.0,0.0,0.0,ocorrencias
2025,2025-02-01,AM,Roubo de veículo,0.0,68.0,0.0,0.0,0.0,0.0,68.0,ocorrencias
2025,2025-02-01,AM,Roubo seguido de morte (latrocínio),2.0,0.0,0.0,2.0,0.0,0.0,2.0,vitimas
2025,2025-02-01,AM,Suicídio,15.0,0.0,1.0,14.0,0.0,0.0,15.0,vitimas
2025,2025-02-01,AM,Suicídio de Agente do Estado,0.0,0.0,0.0,0.0,0.0,0.0,0.0,vitimas
2025,2025-02-01,AM,Tentativa de feminicídio,11.0,0.0,11.0,0.0,0.0,0.0,11.0,vitimas
2025,2025-02-01,AM,Tentativa de homicídio,53.0,0.0,16.0,34.0,3.0,0.0,53.0,vitimas
2025,2025-02-01,AM,Tráfico de drogas,0.0,213.0,0.0,0.0,0.0,0.0,213.0,ocorrencias
2025,2025-02-01,AP,Apreensão de Cocaína,0.0,0.0,0.0,0.0,0.0,2212.0,2212.0,kg
2025,2025-02-01,AP,Apreensão de Maconha,0.0,0.0,0.0,0.0,0.0,641.0,641.0,kg
2025,2025-02-01,AP,Arma de Fogo Apreendida,0.0,40.0,0.0,0.0,0.0,0.0,40.0,ocorrencias
2025,2025-02-01,AP,Atendimento pré-hospitalar,0.0,686.0,0.0,0.0,0.0,0.0,686.0,ocorrencias
2025,2025-02-01,AP,Busca e salvamento,0.0,279.0,0.0,0.0,0.0,0.0,279.0,ocorrencias
2025,2025-02-01,AP,Combate a incêndios,0.0,52.0,0.0,0.0,0.0,0.0,52.0,ocorrencias
2025,2025-02-01,AP,Emissão de Alvarás de licença,0.0,167.0,0.0,0.0,0.0,0.0,167.0,ocorrencias
2025,2025-02-01,AP,Estupro,12.0,0.0,10.0,2.0,0.0,0.0,12.0,vitimas
2025,2025-02-01,AP,Estupro de vulnerável,50.0,0.0,47.0,3.0,0.0,0.0,50.0,vitimas
2025,2025-02-01,AP,Feminicídio,1.0,0.0,1.0,0.0,0.0,0.0,1.0,vitimas
2025,2025-02-01,AP,Furto de veículo,0.0,19.0,0.0,0.0,0.0,0.0,19.0,ocorrencias
2025,2025-02-01,AP,Homicídio doloso,17.0,0.0,1.0,16.0,0.0,0.0,17.0,vitimas
2025,2025-02-01,AP,Lesão corporal seguida de morte,0.0,0.0,0.0,0.0,0.0,0.0,0.0,vitimas
2025,2025-02-01,AP,Mandado de prisão cumprido,0.0,121.0,0.0,0.0,0.0,0.0,121.0,ocorrencias
2025,2025-02-01,AP,Morte de Agente do Estado,0.0,0.0,0.0,0.0,0.0,0.0,0.0,vitimas
2025,2025-02-01,AP,Morte no trânsito ou em decorrência dele (exceto homicídio doloso),0.0,0.0,0.0,0.0,0.0,0.0,0.0,vitimas
2025,2025-02-01,AP,Morte por intervenção de Agente do Estado,15.0,0.0,0.0,15.0,0.0,0.0,15.0,vitimas
2025,2025-02-01,AP,Mortes a esclarecer (sem indício de crime),0.0,0.0,0.0,0.0,0.0,0.0,0.0,vitimas
2025,2025-02-01,AP,Mortes no trânsito,0.0,0.0,0.0,0.0,0.0,0.0,0.0,vitimas
2025,2025-02-01,AP,Pessoa Desaparecida,28.0,0.0,12.0,16.0,0.0,0.0,28.0,vitimas
2025,2025-02-01,AP,Pessoa Localizada,23.0,0.0,7.0,16.0,0.0,0.0,23.0,vitimas
2025,2025-02-01,AP,Realização de vistorias,0.0,329.0,0.0,0.0,0.0,0.0,329.0,ocorrencias
2025,2025-02-01,AP,Roubo a instituição financeira,0.0,0.0,0.0,0.0,0.0,0.0,0.0,ocorrencias
2025,2025-02-01,AP,Roubo de carga,0.0,0.0,0.0,0.0,0.0,0.0,0.0,ocorrencias
2025,2025-02-01,AP,Roubo de veículo,0.0,6.0,0.0,0.0,0.0,0.0,6.0,ocorrencias
2025,2025-02-01,AP,Roubo seguido de morte (latrocínio),2.0,0.0,0.0,2.0,0.0,0.0,2.0,vitimas
2025,2025-02-01,AP,Suicídio,2.0,0.0,0.0,2.0,0.0,0.0,2.0,vitimas
2025,2025-02-01,AP,Suicídio de Agente do Estado,0.0,0.0,0.0,0.0,0.0,0.0,0.0,vitimas
2025,2025-02-01,AP,Tentativa de feminicídio,1.0,0.0,1.0,0.0,0.0,0.0,1.0,vitimas
2025,2025-02-01,AP,Tentativa de homicídio,24.0,0.0,2.0,22.0,0.0,0.0,24.0,vitimas
2025,2025-02-01,AP,Tráfico de drogas,0.0,80.0,0.0,0.0,0.0,0.0,80.0,ocorrencias
2025,2025-02-01,BA,Apreensão de Cocaína,0.0,0.0,0.0,0.0,0.0,145840.0,145840.0,kg
2025,2025-02-01,BA,Apreensão de Maconha,0.0,0.0,0.0,0.0,0.0,205045.0,205045.0,kg
2025,2025-02-01,BA,Arma de Fogo Apreendida,0.0,569.0,0.0,0.0,0.0,0.0,569.0,ocorrencias
2025,2025-02-01,BA,Atendimento pré-hospitalar,0.0,450.0,0.0,0.0,0.0,0.0,450.0,ocorrencias
2025,2025-02-01,BA,Busca e salvamento,0.0,752.0,0.0,0.0,0.0,0.0,752.0,ocorrencias
2025,2025-02-01,BA,Combate a incêndios,0.0,694.0,0.0,0.0,0.0,0.0,694.0,ocorrencias
2025,2025-02-01,BA,Emissão de Alvarás de licença,0.0,2164.0,0.0,0.0,0.0,0.0,2164.0,ocorrencias
2025,2025-02-01,BA,Estupro,91.0,0.0,81.0,8.0,2.0,0.0,91.0,vitimas
2025,2025-02-01,BA,Estupro de vulnerável,320.0,0.0,274.0,40.0,6.0,0.0,320.0,vitimas
2025,2025-02-01,BA,Feminicídio,10.0,0.0,10.0,0.0,0.0,0.0,10.0,vitimas
2025,2025-02-01,BA,Furto de veículo,0.0,563.0,0.0,0.0,0.0,0.0,563.0,ocorrencias
2025,2025-02-01,BA,Homicídio doloso,322.0,0.0,19.0,303.0,0.0,0.0,322.0,vitimas
2025,2025-02-01,BA,Lesão corporal seguida de morte,7.0,0.0,2.0,5.0,0.0,0.0,7.0,vitimas
2025,2025-02-01,BA,Mandado de prisão cumprido,0.0,911.0,0.0,0.0,0.0,0.0,911.0,ocorrencias
2025,2025-02-01,BA,Morte de Agente do Estado,0.0,0.0,0.0,0.0,0.0,0.0,0.0,vitimas
2025,2025-02-01,BA,Morte no trânsito ou em decorrência dele (exceto homicídio doloso),84.0,0.0,29.0,52.0,3.0,0.0,84.0,vitimas
2025,2025-02-01,BA,Morte por intervenção de Agente do Estado,138.0,0.0,0.0,138.0,0.0,0.0,138.0,vitimas
2025,2025-02-01,BA,Mortes a esclarecer (sem indício de crime),64.0,0.0,11.0,45.0,8.0,0.0,64.0,vitimas
2025,2025-02-01,BA,Mortes no trânsito,37.0,0.0,5.0,32.0,0.0,0.0,37.0,vitimas
2025,2025-02-01,BA,Pessoa Desaparecida,311.0,0.0,97.0,206.0,8.0,0.0,311.0,vitimas
2025,2025-02-01,BA,Pessoa Localizada,70.0,0.0,30.0,39.0,1.0,0.0,70.0,vitimas
2025,2025-02-01,BA,Realização de vistorias,0.0,930.0,0.0,0.0,0.0,0.0,930.0,ocorrencias
2025,2025-02-01,BA,Roubo a instituição financeira,0.0,0.0,0.0,0.0,0.0,0.0,0.0,ocorrencias
2025,2025-02-01,BA,Roubo de carga,0.0,9.0,0.0,0.0,0.0,0.0,9.0,ocorrencias
2025,2025-02-01,BA,Roubo de veículo,0.0,831.0,0.0,0.0,0.0,0.0,831.0,ocorrencias
2025,2025-02-01,BA,Roubo seguido de morte (latrocínio),3.0,0.0,0.0,3.0,0.0,0.0,3.0,vitimas
2025,2025-02-01,BA,Suicídio,65.0,0.0,11.0,52.0,2.0,0.0,65.0,vitimas
2025,2025-02-01,BA,Suicídio de Agente do Estado,2.0,0.0,0.0,2.0,0.0,0.0,2.0,vitimas
2025,2025-02-01,BA,Tentativa de feminicídio,21.0,0.0,21.0,0.0,0.0,0.0,21.0,vitimas
2025,2025-02-01,BA,Tentativa de homicídio,223.0,0.0,35.0,169.0,19.0,0.0,223.0,vitimas
2025,2025-02-01,BA,Tráfico de drogas,0.0,660.0,0.0,0.0,0.0,0.0,660.0,ocorrencias
2025,2025-02-01,CE,Apreensão de Cocaína,0.0,0.0,0.0,0.0,0.0,61550.0,61550.0,kg
2025,2025-02-01,CE,Apreensão de Maconha,0.0,0.0,0.0,0.0,0.0,41554.0,41554.0,kg
2025,2025-02-01,CE,Arma de Fogo Apreendida,0.0,567.0,0.0,0.0,0.0,0.0,567.0,ocorrencias
2025,2025-02-01,CE,Atendimento pré-hospitalar,0.0,90.0,0.0,0.0,0.0,0.0,90.0,ocorrencias
2025,2025-02-01,CE,Busca e salvamento,0.0,1939.0,0.0,0.0,0.0,0.0,1939.0,ocorrencias
2025,2025-02-01,CE,Combate a incêndios,0.0,375.0,0.0,0.0,0.0,0.0,375.0,ocorrencias
2025,2025-02-01,CE,Emissão de Alvarás de licença,0.0,1604.0,0.0,0.0,0.0,0.0,1604.0,ocorrencias
2025,2025-02-01,CE,Estupro,25.0,0.0,24.0,1.0,0.0,0.0,25.0,vitimas
2025,2025-02-01,CE,Estupro de vulnerável,126.0,0.0,106.0,19.0,1.0,0.0,126.0,vitimas
2025,2025-02-01,CE,Feminicídio,2.0,0.0,2.0,0.0,0.0,0.0,2.0,vitimas
2025,2025-02-01,CE,Furto de veículo,0.0,360.0,0.0,0.0,0.0,0.0,360.0,ocorrencias
2025,2025-02-01,CE,Homicídio doloso,201.0,0.0,17.0,184.0,0.0,0.0,201.0,vitimas
2025,2025-02-01,CE,Lesão corporal seguida de morte,0.0,0.0,0.0,0.0,0.0,0.0,0.0,vitimas
2025,2025-02-01,CE,Mandado de prisão cumprido,0.0,967.0,0.0,0.0,0.0,0.0,967.0,ocorrencias
2025,2025-02-01,CE,Morte de Agente do Estado,1.0,0.0,0.0,1.0,0.0,0.0,1.0,vitimas
2025,2025-02-01,CE,Morte no trânsito ou em decorrência dele (exceto homicídio doloso),114.0,0.0,20.0,94.0,0.0,0.0,114.0,vitimas
2025,2025-02-01,CE,Morte por intervenção de Agente do Estado,17.0,0.0,1.0,16.0,0.0,0.0,17.0,vitimas
2025,2025-02-01,CE,Mortes a esclarecer (sem indício de crime),31.0,0.0,10.0,21.0,0.0,0.0,31.0,vitimas
2025,2025-02-01,CE,Mortes no trânsito,18.0,0.0,1.0,17.0,0.0,0.0,18.0,vitimas
2025,2025-02-01,CE,Pessoa Desaparecida,181.0,0.0,58.0,123.0,0.0,0.0,181.0,vitimas
2025,2025-02-01,CE,Pessoa Localizada,106.0,0.0,34.0,72.0,0.0,0.0,106.0,vitimas
2025,2025-02-01,CE,Realização de vistorias,0.0,2784.0,0.0,0.0,0.0,0.0,2784.0,ocorrencias
2025,2025-02-01,CE,Roubo a instituição financeira,0.0,0.0,0.0,0.0,0.0,0.0,0.0,ocorrencias
2025,2025-02-01,CE,Roubo de carga,0.0,2.0,0.0,0.0,0.0,0.0,2.0,ocorrencias
2025,2025-02-01,CE,Roubo de veículo,0.0,428.0,0.0,0.0,0.0,0.0,428.0,ocorrencias
2025,2025-02-01,CE,Roubo seguido de morte (latrocínio),3.0,0.0,2.0,1.0,0.0,0.0,3.0,vitimas
2025,2025-02-01,CE,Suicídio,62.0,0.0,12.0,50.0,0.0,0.0,62.0,vitimas
2025,2025-02-01,CE,Suicídio de Agente do Estado,0.0,0.0,0.0,0.0,0.0,0.0,0.0,vitimas
2025,2025-02-01,CE,Tentativa de feminicídio,3.0,0.0,3.0,0.0,0.0,0.0,3.0,vitimas
2025,2025-02-01,CE,Tentativa de homicídio,90.0,0.0,9.0,81.0,0.0,0.0,90.0,vitimas
2025,2025-02-01,CE,Tráfico de drogas,0.0,571.0,0.0,0.0,0.0,0.0,571.0,ocorrencias
2025,2025-02-01,DF,Apreensão de Cocaína,0.0,0.0,0.0,0.0,0.0,127.0,127.0,kg
2025,2025-02-01,DF,Apreensão de Maconha,0.0,0.0,0.0,0.0,0.0,78454.0,78454.0,kg
2025,2025-02-01,DF,Arma de Fogo Apreendida,0.0,151.0,0.0,0.0,0.0,0.0,151.0,ocorrencias
2025,2025-02-01,DF,Atendimento pré-hospitalar,0.0,0.0,0.0,0.0,0.0,0.0,0.0,ocorrencias
2025,2025-02-01,DF,Busca e salvamento,0.0,0.0,0.0,0.0,0.0,0.0,0.0,ocorrencias
2025,2025-02-01,DF,Combate a incêndios,0.0,0.0,0.0,0.0,0.0,0.0,0.0,ocorrencias
2025,2025-02-01,DF,Emissão de Alvarás de licença,0.0,0.0,0.0,0.0,0.0,0.0,0.0,ocorrencias
2025,2025-02-01,DF,Estupro,25.0,0.0,22.0,3.0,0.0,0.0,25.0,vitimas
2025,2025-02-01,DF,Estupro de vulnerável,39.0,0.0,31.0,8.0,0.0,0.0,39.0,vitimas
2025,2025-02-01,DF,Feminicídio,2.0,0.0,2.0,0.0,0.0,0.0,2.0,vitimas
2025,2025-02-01,DF,Furto de veículo,0.0,218.0,0.0,0.0,0.0,0.0,218.0,ocorrencias
2025,2025-02-01,DF,Homicídio doloso,22.0,0.0,0.0,22.0,0.0,0.0,22.0,vitimas
2025,2025-02-01,DF,Lesão corporal seguida de morte,2.0,0.0,1.0,1.0,0.0,0.0,2.0,vitimas
2025,2025-02-01,DF,Mandado de prisão cumprido,0.0,721.0,0.0,0.0,0.0,0.0,721.0,ocorrencias
2025,2025-02-01,DF,Morte de Agente do Estado,0.0,0.0,0.0,0.0,0.0,0.0,0.0,vitimas
2025,2025-02-01,DF,Morte no trânsito ou em decorrência dele (exceto homicídio doloso),23.0,0.0,6.0,17.0,0.0,0.0,23.0,vitimas
2025,2025-02-01,DF,Morte por intervenção de Agente do Estado,0.0,0.0,0.0,0.0,0.0,0.0,0.0,vitimas
2025,2025-02-01,DF,Mortes a esclarecer (sem indício de crime),0.0,0.0,0.0,0.0,0.0,0.0,0.0,vitimas
2025,2025-02-01,DF,Mortes no trânsito,1.0,0.0,0.0,1.0,0.0,0.0,1.0,vitimas
2025,2025-02-01,DF,Pessoa Desaparecida,161.0,0.0,51.0,110.0,0.0,0.0,161.0,vitimas
2025,2025-02-01,DF,Pessoa Localizada,161.0,0.0,51.0,110.0,0.0,0.0,161.0,vitimas
2025,2025-02-01,DF,Realização de vistorias,0.0,0.0,0.0,0.0,0.0,0.0,0.0,ocorrencias
2025,2025-02-01,DF,Roubo a instituição financeira,0.0,0.0,0.0,0.0,0.0,0.0,0.0,ocorrencias
2025,2025-02-01,DF,Roubo de carga,0.0,0.0,0.0,0.0,0.0,0.0,0.0,ocorrencias
2025,2025-02-01,DF,Roubo de veículo,0.0,85.0,0.0,0.0,0.0,0.0,85.0,ocorrencias
2025,2025-02-01,DF,Roubo seguido de morte (latrocínio),0.0,0.0,0.0,0.0,0.0,0.0,0.0,vitimas
2025,2025-02-01,DF,Suicídio,20.0,0.0,5.0,15.0,0.0,0.0,20.0,vitimas
2025,2025-02-01,DF,Suicídio de Agente do Estado,0.0,0.0,0.0,0.0,0.0,0.0,0.0,vitimas
2025,2025-02-01,DF,Tentativa de feminicídio,7.0,0.0,7.0,0.0,0.0,0.0,7.0,vitimas
2025,2025-02-01,DF,Tentativa de homicídio,51.0,0.0,8.0,43.0,0.0,0.0,51.0,vitimas
2025,2025-02-01,DF,Tráfico de drogas,0.0,280.0,0.0,0.0,0.0,0.0,280.0,ocorrencias
2025,2025-02-01,ES,Apreensão de Cocaína,0.0,0.0,0.0,0.0,0.0,11264.0,11264.0,kg
2025,2025-02-01,ES,Apreensão de Maconha,0.0,0.0,0.0,0.0,0.0,18977.0,18977.0,kg
2025,2025-02-01,ES,Arma de Fogo Apreendida,0.0,302.0,0.0,0.0,0.0,0.0,302.0,ocorrencias
2025,2025-02-01,ES,Atendimento pré-hospitalar,0.0,618.0,0.0,0.0,0.0,0.0,618.0,ocorrencias
2025,2025-02-01,ES,Busca e salvamento,0.0,321.0,0.0,0.0,0.0,0.0,321.0,ocorrencias
2025,2025-02-01,ES,Combate a incêndios,0.0,629.0,0.0,0.0,0.0,0.0,629.0,ocorrencias
2025,2025-02-01,ES,Emissão de Alvarás de licença,0.0,3537.0,0.0,0.0,0.0,0.0,3537.0,ocorrencias
2025,2025-02-01,ES,Estupro,34.0,0.0,30.0,3.0,1.0,0.0,34.0,vitimas
2025,2025-02-01,ES,Estupro de vulnerável,80.0,0.0,69.0,8.0,3.0,0.0,80.0,vitimas
2025,2025-02-01,ES,Feminicídio,3.0,0.0,3.0,0.0,0.0,0.0,3.0,vitimas
2025,2025-02-01,ES,Furto de veículo,0.0,268.0,0.0,0.0,0.0,0.0,268.0,ocorrencias
2025,2025-02-01,ES,Homicídio doloso,66.0,0.0,6.0,60.0,0.0,0.0,66.0,vitimas
2025,2025-02-01,ES,Lesão corporal seguida de morte,2.0,0.0,0.0,2.0,0.0,0.0,2.0,vitimas
2025,2025-02-01,ES,Mandado de prisão cumprido,0.0,551.0,0.0,0.0,0.0,0.0,551.0,ocorrencias
2025,2025-02-01,ES,Morte de Agente do Estado,0.0,0.0,0.0,0.0,0.0,0.0,0.0,vitimas
2025,2025-02-01,ES,Morte no trânsito ou em decorrência dele (exceto homicídio doloso),66.0,0.0,12.0,54.0,0.0,0.0,66.0,vitimas
2025,2025-02-01,ES,Morte por intervenção de Agente do Estado,7.0,0.0,0.0,7.0,0.0,0.0,7.0,vitimas
2025,2025-02-01,ES,Mortes a esclarecer (sem indício de crime),31.0,0.0,10.0,21.0,0.0,0.0,31.0,vitimas
2025,2025-02-01,ES,Mortes no trânsito,16.0,0.0,3.0,13.0,0.0,0.0,16.0,vitimas
2025,2025-02-01,ES,Pessoa Desaparecida,179.0,0.0,66.0,105.0,8.0,0.0,179.0,vitimas
2025,2025-02-01,ES,Pessoa Localizada,20.0,0.0,8.0,11.0,1.0,0.0,20.0,vitimas
2025,2025-02-01,ES,Realização de vistorias,0.0,3637.0,0.0,0.0,0.0,0.0,3637.0,ocorrencias
2025,2025-02-01,ES,Roubo a instituição financeira,0.0,1.0,0.0,0.0,0.0,0.0,1.0,ocorrencias
2025,2025-02-01,ES,Roubo de carga,0.0,0.0,0.0,0.0,0.0,0.0,0.0,ocorrencias
2025,2025-02-01,ES,Roubo de veículo,0.0,100.0,0.0,0.0,0.0,0.0,100.0,ocorrencias
2025,2025-02-01,ES,Roubo seguido de morte (latrocínio),1.0,0.0,0.0,1.0,0.0,0.0,1.0,vitimas
2025,2025-02-01,ES,Suicídio,27.0,0.0,3.0,24.0,0.0,0.0,27.0,vitimas
2025,2025-02-01,ES,Suicídio de Agente do Estado,0.0,0.0,0.0,0.0,0.0,0.0,0.0,vitimas
2025,2025-02-01,ES,Tentativa de feminicídio,5.0,0.0,5.0,0.0,0.0,0.0,5.0,vitimas
2025,2025-02-01,ES,Tentativa de homicídio,121.0,0.0,21.0,95.0,5.0,0.0,121.0,vitimas
2025,2025-02-01,ES,Tráfico de drogas,0.0,447.0,0.0,0.0,0.0,0.0,447.0,ocorrencias
2025,2025-02-01,GO,Apreensão de Cocaína,0.0,0.0,0.0,0.0,0.0,47704.0,47704.0,kg
2025,2025-02-01,GO,Apreensão de Maconha,0.0,0.0,0.0,0.0,0.0,1093978.0,1093978.0,kg
2025,2025-02-01,GO,Arma de Fogo Apreendida,0.0,361.0,0.0,0.0,0.0,0.0,361.0,ocorrencias
2025,2025-02-01,GO,Atendimento pré-hospitalar,0.0,7804.0,0.0,0.0,0.0,0.0,7804.0,ocorrencias
2025,2025-02-01,GO,Busca e salvamento,0.0,2014.0,0.0,0.0,0.0,0.0,2014.0,ocorrencias
2025,2025-02-01,GO,Combate a incêndios,0.0,400.0,0.0,0.0,0.0,0.0,400.0,ocorrencias
2025,2025-02-01,GO,Emissão de Alvarás de licença,0.0,14539.0,0.0,0.0,0.0,0.0,14539.0,ocorrencias
2025,2025-02-01,GO,Estupro,40.0,0.0,30.0,8.0,2.0,0.0,40.0,vitimas
2025,2025-02-01,GO,Estupro de vulnerável,244.0,0.0,200.0,38.0,6.0,0.0,244.0,vitimas
2025,2025-02-01,GO,Feminicídio,3.0,0.0,3.0,0.0,0.0,0.0,3.0,vitimas
2025,2025-02-01,GO,Furto de veículo,0.0,289.0,0.0,0.0,0.0,0.0,289.0,ocorrencias
2025,2025-02-01,GO,Homicídio doloso,67.0,0.0,2.0,63.0,2.0,0.0,67.0,vitimas
2025,2025-02-01,GO,Lesão corporal seguida de morte,3.0,0.0,1.0,2.0,0.0,0.0,3.0,vitimas
2025,2025-02-01,GO,Mandado de prisão cumprido,0.0,850.0,0.0,0.0,0.0,0.0,850.0,ocorrencias
2025,2025-02-01,GO,Morte de Agente do Estado,1.0,0.0,0.0,1.0,0.0,0.0,1.0,vitimas
2025,2025-02-01,GO,Morte no trânsito ou em decorrência dele (exceto homicídio doloso),57.0,0.0,16.0,39.0,2.0,0.0,57.0,vitimas
2025,2025-02-01,GO,Morte por intervenção de Agente do Estado,31.0,0.0,0.0,27.0,4.0,0.0,31.0,vitimas
2025,2025-02-01,GO,Mortes a esclarecer (sem indício de crime),37.0,0.0,7.0,23.0,7.0,0.0,37.0,vitimas
2025,2025-02-01,GO,Mortes no trânsito,18.0,0.0,3.0,15.0,0.0,0.0,18.0,vitimas
2025,2025-02-01,GO,Pessoa Desaparecida,308.0,0.0,111.0,195.0,2.0,0.0,308.0,vitimas
2025,2025-02-01,GO,Pessoa Localizada,213.0,0.0,80.0,132.0,1.0,0.0,213.0,vitimas
2025,2025-02-01,GO,Realização de vistorias,0.0,5700.0,0.0,0.0,0.0,0.0,5700.0,ocorrencias
2025,2025-02-01,GO,Roubo a instituição financeira,0.0,0.0,0.0,0.0,0.0,0.0,0.0,ocorrencias
2025,2025-02-01,GO,Roubo de carga,0.0,1.0,0.0,0.0,0.0,0.0,1.0,ocorrencias
2025,2025-02-01,GO,Roubo de veículo,0.0,38.0,0.0,0.0,0.0,0.0,38.0,ocorrencias
2025,2025-02-01,GO,Roubo seguido de morte (latrocínio),0.0,0.0,0.0,0.0,0.0,0.0,0.0,vitimas
2025,2025-02-01,GO,Suicídio,61.0,0.0,16.0,44.0,1.0,0.0,61.0,vitimas
2025,2025-02-01,GO,Suicídio de Agente do Estado,0.0,0.0,0.0,0.0,0.0,0.0,0.0,vitimas
2025,2025-02-01,GO,Tentativa de feminicídio,17.0,0.0,16.0,1.0,0.0,0.0,17.0,vitimas
2025,2025-02-01,GO,Tentativa de homicídio,127.0,0.0,21.0,106.0,0.0,0.0,127.0,vitimas
2025,2025-02-01,GO,Tráfico de drogas,0.0,522.0,0.0,0.0,0.0,0.0,522.0,ocorrencias
2025,2025-02-01,MA,Apreensão de Cocaína,0.0,0.0,0.0,0.0,0.0,20878.0,20878.0,kg
2025,2025-02-01,MA,Apreensão de Maconha,0.0,0.0,0.0,0.0,0.0,40038.0,40038.0,kg
2025,2025-02-01,MA,Arma de Fogo Apreendida,0.0,269.0,0.0,0.0,0.0,0.0,269.0,ocorrencias
2025,2025-02-01,MA,Atendimento pré-hospitalar,0.0,2013.0,0.0,0.0,0.0,0.0,2013.0,ocorrencias
2025,2025-02-01,MA,Busca e salvamento,0.0,1205.0,0.0,0.0,0.0,0.0,1205.0,ocorrencias
2025,2025-02-01,MA,Combate a incêndios,0.0,264.0,0.0,0.0,0.0,0.0,264.0,ocorrencias
2025,2025-02-01,MA,Emissão de Alvarás de licença,0.0,1880.0,0.0,0.0,0.0,0.0,1880.0,ocorrencias
2025,2025-02-01,MA,Estupro,28.0,0.0,28.0,0.0,0.0,0.0,28.0,vitimas
2025,2025-02-01,MA,Estupro de vulnerável,96.0,0.0,84.0,12.0,0.0,0.0,96.0,vitimas
2025,2025-02-01,MA,Feminicídio,3.0,0.0,3.0,0.0,0.0,0.0,3.0,vitimas
2025,2025-02-01,MA,Furto de veículo,0.0,299.0,0.0,0.0,0.0,0.0,299.0,ocorrencias
2025,2025-02-01,MA,Homicídio doloso,130.0,0.0,6.0,124.0,0.0,0.0,130.0,vitimas
2025,2025-02-01,MA,Lesão corporal seguida de morte,1.0,0.0,0.0,1.0,0.0,0.0,1.0,vitimas
2025,2025-02-01,MA,Mandado de prisão cumprido,0.0,379.0,0.0,0.0,0.0,0.0,379.0,ocorrencias
2025,2025-02-01,MA,Morte de Agente do Estado,0.0,0.0,0.0,0.0,0.0,0.0,0.0,vitimas
2025,2025-02-01,MA,Morte no trânsito ou em decorrência dele (exceto homicídio doloso),84.0,0.0,11.0,73.0,0.0,0.0,84.0,vitimas
2025,2025-02-01,MA,Morte por intervenção de Agente do Estado,14.0,0.0,0.0,14.0,0.0,0.0,14.0,vitimas
2025,2025-02-01,MA,Mortes a esclarecer (sem indício de crime),11.0,0.0,3.0,8.0,0.0,0.0,11.0,vitimas
2025,2025-02-01,MA,Mortes no trânsito,16.0,0.0,3.0,13.0,0.0,0.0,16.0,vitimas
2025,2025-02-01,MA,Pessoa Desaparecida,100.0,0.0,39.0,59.0,2.0,0.0,100.0,vitimas
2025,2025-02-01,MA,Pessoa Localizada,16.0,0.0,7.0,9.0,0.0,0.0,16.0,vitimas
2025,2025-02-01,MA,Realização de vistorias,0.0,571.0,0.0,0.0,0.0,0.0,571.0,ocorrencias
2025,2025-02-01,MA,Roubo a instituição financeira,0.0,0.0,0.0,0.0,0.0,0.0,0.0,ocorrencias
2025,2025-02-01,MA,Roubo de carga,0.0,14.0,0.0,0.0,0.0,0.0,14.0,ocorrencias
2025,2025-02-01,MA,Roubo de veículo,0.0,243.0,0.0,0.0,0.0,0.0,243.0,ocorrencias
2025,2025-02-01,MA,Roubo seguido de morte (latrocínio),4.0,0.0,0.0,4.0,0.0,0.0,4.0,vitimas
2025,2025-02-01,MA,Suicídio,27.0,0.0,4.0,23.0,0.0,0.0,27.0,vitimas
2025,2025-02-01,MA,Suicídio de Agente do Estado,0.0,0.0,0.0,0.0,0.0,0.0,0.0,vitimas
2025,2025-02-01,MA,Tentativa de feminicídio,7.0,0.0,7.0,0.0,0.0,0.0,7.0,vitimas
2025,2025-02-01,MA,Tentativa de homicídio,117.0,0.0,19.0,98.0,0.0,0.0,117.0,vitimas
2025,2025-02-01,MA,Tráfico de drogas,0.0,199.0,0.0,0.0,0.0,0.0,199.0,ocorrencias
2025,2025-02-01,MG,Apreensão de Cocaína,0.0,0.0,0.0,0.0,0.0,710901.0,710901.0,kg
2025,2025-02-01,MG,Apreensão de Maconha,0.0,0.0,0.0,0.0,0.0,37973.0,37973.0,kg
2025,2025-02-01,MG,Arma de Fogo Apreendida,0.0,1330.0,0.0,0.0,0.0,0.0,1330.0,ocorrencias
2025,2025-02-01,MG,Atendimento pré-hospitalar,0.0,7477.0,0.0,0.0,0.0,0.0,7477.0,ocorrencias
2025,2025-02-01,MG,Busca e salvamento,0.0,5401.0,0.0,0.0,0.0,0.0,5401.0,ocorrencias
2025,2025-02-01,MG,Combate a incêndios,0.0,1701.0,0.0,0.0,0.0,0.0,1701.0,ocorrencias
2025,2025-02-01,MG,Emissão de Alvarás de licença,0.0,763.0,0.0,0.0,0.0,0.0,763.0,ocorrencias
2025,2025-02-01,MG,Estupro,110.0,0.0,102.0,7.0,1.0,0.0,110.0,vitimas
2025,2025-02-01,MG,Estupro de vulnerável,300.0,0.0,248.0,48.0,4.0,0.0,300.0,vitimas
2025,2025-02-01,MG,Feminicídio,11.0,0.0,11.0,0.0,0.0,0.0,11.0,vitimas
2025,2025-02-01,MG,Furto de veículo,0.0,1876.0,0.0,0.0,0.0,0.0,1876.0,ocorrencias
2025,2025-02-01,MG,Homicídio doloso,201.0,0.0,13.0,186.0,2.0,0.0,201.0,vitimas
2025,2025-02-01,MG,Lesão corporal seguida de morte,2.0,0.0,0.0,2.0,0.0,0.0,2.0,vitimas
2025,2025-02-01,MG,Mandado de prisão cumprido,0.0,1559.0,0.0,0.0,0.0,0.0,1559.0,ocorrencias
2025,2025-02-01,MG,Morte de Agente do Estado,0.0,0.0,0.0,0.0,0.0,0.0,0.0,vitimas
2025,2025-02-01,MG,Morte no trânsito ou em decorrência dele (exceto homicídio doloso),158.0,0.0,32.0,123.0,3.0,0.0,158.0,vitimas
2025,2025-02-01,MG,Morte por intervenção de Agente do Estado,19.0,0.0,0.0,19.0,0.0,0.0,19.0,vitimas
2025,2025-02-01,MG,Mortes a esclarecer (sem indício de crime),0.0,0.0,0.0,0.0,0.0,0.0,0.0,vitimas
2025,2025-02-01,MG,Mortes no trânsito,57.0,0.0,3.0,54.0,0.0,0.0,57.0,vitimas
2025,2025-02-01,MG,Pessoa Desaparecida,625.0,0.0,189.0,436.0,0.0,0.0,625.0,vitimas
2025,2025-02-01,MG,Pessoa Localizada,491.0,0.0,183.0,308.0,0.0,0.0,491.0,vitimas
2025,2025-02-01,MG,Realização de vistorias,0.0,4701.0,0.0,0.0,0.0,0.0,4701.0,ocorrencias
2025,2025-02-01,MG,Roubo a instituição financeira,0.0,0.0,0.0,0.0,0.0,0.0,0.0,ocorrencias
2025,2025-02-01,MG,Roubo de carga,0.0,18.0,0.0,0.0,0.0,0.0,18.0,ocorrencias
2025,2025-02-01,MG,Roubo de veículo,0.0,311.0,0.0,0.0,0.0,0.0,311.0,ocorrencias
2025,2025-02-01,MG,Roubo seguido de morte (latrocínio),6.0,0.0,0.0,6.0,0.0,0.0,6.0,vitimas
2025,2025-02-01,MG,Suicídio,161.0,0.0,39.0,122.0,0.0,0.0,161.0,vitimas
2025,2025-02-01,MG,Suicídio de Agente do Estado,1.0,0.0,1.0,0.0,0.0,0.0,1.0,vitimas
2025,2025-02-01,MG,Tentativa de feminicídio,23.0,0.0,23.0,0.0,0.0,0.0,23.0,vitimas
2025,2025-02-01,MG,Tentativa de homicídio,204.0,0.0,28.0,176.0,0.0,0.0,204.0,vitimas
2025,2025-02-01,MG,Tráfico de drogas,0.0,2763.0,0.0,0.0,0.0,0.0,2763.0,ocorrencias
2025,2025-02-01,MS,Apreensão de Cocaína,0.0,0.0,0.0,0.0,0.0,1459037.0,1459037.0,kg
2025,2025-02-01,MS,Apreensão de Maconha,0.0,0.0,0.0,0.0,0.0,43357789.0,43357789.0,kg
2025,2025-02-01,MS,Arma de Fogo Apreendida,0.0,174.0,0.0,0.0,0.0,0.0,174.0,ocorrencias
2025,2025-02-01,MS,Atendimento pré-hospitalar,0.0,1894.0,0.0,0.0,0.0,0.0,1894.0,ocorrencias
2025,2025-02-01,MS,Busca e salvamento,0.0,4355.0,0.0,0.0,0.0,0.0,4355.0,ocorrencias
2025,2025-02-01,MS,Combate a incêndios,0.0,291.0,0.0,0.0,0.0,0.0,291.0,ocorrencias
2025,2025-02-01,MS,Emissão de Alvarás de licença,0.0,4011.0,0.0,0.0,0.0,0.0,4011.0,ocorrencias
2025,2025-02-01,MS,Estupro,187.0,0.0,168.0,18.0,1.0,0.0,187.0,vitimas
2025,2025-02-01,MS,Estupro de vulnerável,155.0,0.0,136.0,18.0,1.0,0.0,155.0,vitimas
2025,2025-02-01,MS,Feminicídio,5.0,0.0,5.0,0.0,0.0,0.0,5.0,vitimas
2025,2025-02-01,MS,Furto de veículo,0.0,195.0,0.0,0.0,0.0,0.0,195.0,ocorrencias
2025,2025-02-01,MS,Homicídio doloso,36.0,0.0,6.0,30.0,0.0,0.0,36.0,vitimas
2025,2025-02-01,MS,Lesão corporal seguida de morte,1.0,0.0,0.0,1.0,0.0,0.0,1.0,vitimas
2025,2025-02-01,MS,Mandado de prisão cumprido,0.0,374.0,0.0,0.0,0.0,0.0,374.0,ocorrencias
2025,2025-02-01,MS,Morte de Agente do Estado,0.0,0.0,0.0,0.0,0.0,0.0,0.0,vitimas
2025,2025-02-01,MS,Morte no trânsito ou em decorrência dele (exceto homicídio doloso),22.0,0.0,9.0,13.0,0.0,0.0,22.0,vitimas
2025,2025-02-01,MS,Morte por intervenção de Agente do Estado,8.0,0.0,1.0,6.0,1.0,0.0,8.0,vitimas
2025,2025-02-01,MS,Mortes a esclarecer (sem indício de crime),35.0,0.0,5.0,29.0,1.0,0.0,35.0,vitimas
2025,2025-02-01,MS,Mortes no trânsito,12.0,0.0,4.0,8.0,0.0,0.0,12.0,vitimas
2025,2025-02-01,MS,Pessoa Desaparecida,28.0,0.0,14.0,13.0,1.0,0.0,28.0,vitimas
2025,2025-02-01,MS,Pessoa Localizada,107.0,0.0,37.0,66.0,4.0,0.0,107.0,vitimas
2025,2025-02-01,MS,Realização de vistorias,0.0,602.0,0.0,0.0,0.0,0.0,602.0,ocorrencias
2025,2025-02-01,MS,Roubo a instituição financeira,0.0,0.0,0.0,0.0,0.0,0.0,0.0,ocorrencias
2025,2025-02-01,MS,Roubo de carga,0.0,0.0,0.0,0.0,0.0,0.0,0.0,ocorrencias
2025,2025-02-01,MS,Roubo de veículo,0.0,20.0,0.0,0.0,0.0,0.0,20.0,ocorrencias
2025,2025-02-01,MS,Roubo seguido de morte (latrocínio),1.0,0.0,0.0,1.0,0.0,0.0,1.0,vitimas
2025,2025-02-01,MS,Suicídio,31.0,0.0,7.0,24.0,0.0,0.0,31.0,vitimas
2025,2025-02-01,MS,Suicídio de Agente do Estado,1.0,0.0,0.0,1.0,0.0,0.0,1.0,vitimas
2025,2025-02-01,MS,Tentativa de feminicídio,5.0,0.0,5.0,0.0,0.0,0.0,5.0,vitimas
2025,2025-02-01,MS,Tentativa de homicídio,57.0,0.0,12.0,43.0,2.0,0.0,57.0,vitimas
2025,2025-02-01,MS,Tráfico de drogas,0.0,373.0,0.0,0.0,0.0,0.0,373.0,ocorrencias
2025,2025-02-01,MT,Apreensão de Cocaína,0.0,0.0,0.0,0.0,0.0,22407.0,22407.0,kg
2025,2025-02-01,MT,Apreensão de Maconha,0.0,0.0,0.0,0.0,0.0,6656.0,6656.0,kg
2025,2025-02-01,MT,Arma de Fogo Apreendida,0.0,125.0,0.0,0.0,0.0,0.0,125.0,ocorrencias
2025,2025-02-01,MT,Atendimento pré-hospitalar,0.0,2770.0,0.0,0.0,0.0,0.0,2770.0,ocorrencias
2025,2025-02-01,MT,Busca e salvamento,0.0,864.0,0.0,0.0,0.0,0.0,864.0,ocorrencias
2025,2025-02-01,MT,Combate a incêndios,0.0,180.0,0.0,0.0,0.0,0.0,180.0,ocorrencias
2025,2025-02-01,MT,Emissão de Alvarás de licença,0.0,7369.0,0.0,0.0,0.0,0.0,7369.0,ocorrencias
2025,2025-02-01,MT,Estupro,44.0,0.0,44.0,0.0,0.0,0.0,44.0,vitimas
2025,2025-02-01,MT,Estupro de vulnerável,98.0,0.0,86.0,12.0,0.0,0.0,98.0,vitimas
2025,2025-02-01,MT,Feminicídio,2.0,0.0,2.0,0.0,0.0,0.0,2.0,vitimas
2025,2025-02-01,MT,Furto de veículo,0.0,116.0,0.0,0.0,0.0,0.0,116.0,ocorrencias
2025,2025-02-01,MT,Homicídio doloso,49.0,0.0,1.0,48.0,0.0,0.0,49.0,vitimas
2025,2025-02-01,MT,Lesão corporal seguida de morte,0.0,0.0,0.0,0.0,0.0,0.0,0.0,vitimas
2025,2025-02-01,MT,Mandado de prisão cumprido,0.0,698.0,0.0,0.0,0.0,0.0,698.0,ocorrencias
2025,2025-02-01,MT,Morte de Agente do Estado,0.0,0.0,0.0,0.0,0.0,0.0,0.0,vitimas
2025,2025-02-01,MT,Morte no trânsito ou em decorrência dele (exceto homicídio doloso),74.0,0.0,15.0,59.0,0.0,0.0,74.0,vitimas
2025,2025-02-01,MT,Morte por intervenção de Agente do Estado,10.0,0.0,0.0,10.0,0.0,0.0,10.0,vitimas
2025,2025-02-01,MT,Mortes a esclarecer (sem indício de crime),40.0,0.0,12.0,28.0,0.0,0.0,40.0,vitimas
2025,2025-02-01,MT,Mortes no trânsito,14.0,0.0,3.0,11.0,0.0,0.0,14.0,vitimas
2025,2025-02-01,MT,Pessoa Desaparecida,140.0,0.0,48.0,92.0,0.0,0.0,140.0,vitimas
2025,2025-02-01,MT,Pessoa Localizada,80.0,0.0,25.0,55.0,0.0,0.0,80.0,vitimas
2025,2025-02-01,MT,Realização de vistorias,0.0,495.0,0.0,0.0,0.0,0.0,495.0,ocorrencias
2025,2025-02-01,MT,Roubo a instituição financeira,0.0,0.0,0.0,0.0,0.0,0.0,0.0,ocorrencias
2025,2025-02-01,MT,Roubo de carga,0.0,5.0,0.0,0.0,0.0,0.0,5.0,ocorrencias
2025,2025-02-01,MT,Roubo de veículo,0.0,42.0,0.0,0.0,0.0,0.0,42.0,ocorrencias
2025,2025-02-01,MT,Roubo seguido de morte (latrocínio),1.0,0.0,0.0,1.0,0.0,0.0,1.0,vitimas
2025,2025-02-01,MT,Suicídio,29.0,0.0,5.0,24.0,0.0,0.0,29.0,vitimas
2025,2025-02-01,MT,Suicídio de Agente do Estado,0.0,0.0,0.0,0.0,0.0,0.0,0.0,vitimas
2025,2025-02-01,MT,Tentativa de feminicídio,11.0,0.0,11.0,0.0,0.0,0.0,11.0,vitimas
2025,2025-02-01,MT,Tentativa de homicídio,67.0,0.0,5.0,62.0,0.0,0.0,67.0,vitimas
2025,2025-02-01,MT,Tráfico de drogas,0.0,404.0,0.0,0.0,0.0,0.0,404.0,ocorrencias
2025,2025-02-01,PA,Apreensão de Cocaína,0.0,0.0,0.0,0.0,0.0,524080.0,524080.0,kg
2025,2025-02-01,PA,Apreensão de Maconha,0.0,0.0,0.0,0.0,0.0,387715.0,387715.0,kg
2025,2025-02-01,PA,Arma de Fogo Apreendida,0.0,134.0,0.0,0.0,0.0,0.0,134.0,ocorrencias
2025,2025-02-01,PA,Atendimento pré-hospitalar,0.0,1457.0,0.0,0.0,0.0,0.0,1457.0,ocorrencias
2025,2025-02-01,PA,Busca e salvamento,0.0,77.0,0.0,0.0,0.0,0.0,77.0,ocorrencias
2025,2025-02-01,PA,Combate a incêndios,0.0,229.0,0.0,0.0,0.0,0.0,229.0,ocorrencias
2025,2025-02-01,PA,Emissão de Alvarás de licença,0.0,8820.0,0.0,0.0,0.0,0.0,8820.0,ocorrencias
2025,2025-02-01,PA,Estupro,65.0,0.0,59.0,5.0,1.0,0.0,65.0,vitimas
2025,2025-02-01,PA,Estupro de vulnerável,339.0,0.0,288.0,46.0,5.0,0.0,339.0,vitimas
2025,2025-02-01,PA,Feminicídio,7.0,0.0,7.0,0.0,0.0,0.0,7.0,vitimas
2025,2025-02-01,PA,Furto de veículo,0.0,199.0,0.0,0.0,0.0,0.0,199.0,ocorrencias
2025,2025-02-01,PA,Homicídio doloso,122.0,0.0,12.0,110.0,0.0,0.0,122.0,vitimas
2025,2025-02-01,PA,Lesão corporal seguida de morte,0.0,0.0,0.0,0.0,0.0,0.0,0.0,vitimas
2025,2025-02-01,PA,Mandado de prisão cumprido,0.0,598.0,0.0,0.0,0.0,0.0,598.0,ocorrencias
2025,2025-02-01,PA,Morte de Agente do Estado,1.0,0.0,0.0,1.0,0.0,0.0,1.0,vitimas
2025,2025-02-01,PA,Morte no trânsito ou em decorrência dele (exceto homicídio doloso),88.0,0.0,21.0,66.0,1.0,0.0,88.0,vitimas
2025,2025-02-01,PA,Morte por intervenção de Agente do Estado,40.0,0.0,0.0,40.0,0.0,0.0,40.0,vitimas
2025,2025-02-01,PA,Mortes a esclarecer (sem indício de crime),38.0,0.0,6.0,28.0,4.0,0.0,38.0,vitimas
2025,2025-02-01,PA,Mortes no trânsito,12.0,0.0,2.0,10.0,0.0,0.0,12.0,vitimas
2025,2025-02-01,PA,Pessoa Desaparecida,60.0,0.0,20.0,40.0,0.0,0.0,60.0,vitimas
2025,2025-02-01,PA,Pessoa Localizada,54.0,0.0,19.0,35.0,0.0,0.0,54.0,vitimas
2025,2025-02-01,PA,Realização de vistorias,0.0,6465.0,0.0,0.0,0.0,0.0,6465.0,ocorrencias
2025,2025-02-01,PA,Roubo a instituição financeira,0.0,0.0,0.0,0.0,0.0,0.0,0.0,ocorrencias
2025,2025-02-01,PA,Roubo de carga,0.0,11.0,0.0,0.0,0.0,0.0,11.0,ocorrencias
2025,2025-02-01,PA,Roubo de veículo,0.0,113.0,0.0,0.0,0.0,0.0,113.0,ocorrencias
2025,2025-02-01,PA,Roubo seguido de morte (latrocínio),5.0,0.0,0.0,5.0,0.0,0.0,5.0,vitimas
2025,2025-02-01,PA,Suicídio,39.0,0.0,8.0,31.0,0.0,0.0,39.0,vitimas
2025,2025-02-01,PA,Suicídio de Agente do Estado,0.0,0.0,0.0,0.0,0.0,0.0,0.0,vitimas
2025,2025-02-01,PA,Tentativa de feminicídio,8.0,0.0,8.0,0.0,0.0,0.0,8.0,vitimas
2025,2025-02-01,PA,Tentativa de homicídio,110.0,0.0,19.0,91.0,0.0,0.0,110.0,vitimas
2025,2025-02-01,PA,Tráfico de drogas,0.0,405.0,0.0,0.0,0.0,0.0,405.0,ocorrencias
2025,2025-02-01,PB,Apreensão de Cocaína,0.0,0.0,0.0,0.0,0.0,13715.0,13715.0,kg
2025,2025-02-01,PB,Apreensão de Maconha,0.0,0.0,0.0,0.0,0.0,3861.0,3861.0,kg
2025,2025-02-01,PB,Arma de Fogo Apreendida,0.0,411.0,0.0,0.0,0.0,0.0,411.0,ocorrencias
2025,2025-02-01,PB,Atendimento pré-hospitalar,0.0,646.0,0.0,0.0,0.0,0.0,646.0,ocorrencias
2025,2025-02-01,PB,Busca e salvamento,0.0,674.0,0.0,0.0,0.0,0.0,674.0,ocorrencias
2025,2025-02-01,PB,Combate a incêndios,0.0,312.0,0.0,0.0,0.0,0.0,312.0,ocorrencias
2025,2025-02-01,PB,Emissão de Alvarás de licença,0.0,2190.0,0.0,0.0,0.0,0.0,2190.0,ocorrencias
2025,2025-02-01,PB,Estupro,19.0,0.0,18.0,1.0,0.0,0.0,19.0,vitimas
2025,2025-02-01,PB,Estupro de vulnerável,70.0,0.0,60.0,10.0,0.0,0.0,70.0,vitimas
2025,2025-02-01,PB,Feminicídio,6.0,0.0,6.0,0.0,0.0,0.0,6.0,vitimas
2025,2025-02-01,PB,Furto de veículo,0.0,143.0,0.0,0.0,0.0,0.0,143.0,ocorrencias
2025,2025-02-01,PB,Homicídio doloso,83.0,0.0,3.0,80.0,0.0,0.0,83.0,vitimas
2025,2025-02-01,PB,Lesão corporal seguida de morte,1.0,0.0,0.0,1.0,0.0,0.0,1.0,vitimas
2025,2025-02-01,PB,Mandado de prisão cumprido,0.0,326.0,0.0,0.0,0.0,0.0,326.0,ocorrencias
2025,2025-02-01,PB,Morte de Agente do Estado,1.0,0.0,0.0,1.0,0.0,0.0,1.0,vitimas
2025,2025-02-01,PB,Morte no trânsito ou em decorrência dele (exceto homicídio doloso),50.0,0.0,8.0,42.0,0.0,0.0,50.0,vitimas
2025,2025-02-01,PB,Morte por intervenção de Agente do Estado,9.0,0.0,0.0,9.0,0.0,0.0,9.0,vitimas
2025,2025-02-01,PB,Mortes a esclarecer (sem indício de crime),5.0,0.0,1.0,1.0,3.0,0.0,5.0,vitimas
2025,2025-02-01,PB,Mortes no trânsito,7.0,0.0,1.0,6.0,0.0,0.0,7.0,vitimas
2025,2025-02-01,PB,Pessoa Desaparecida,67.0,0.0,29.0,38.0,0.0,0.0,67.0,vitimas
2025,2025-02-01,PB,Pessoa Localizada,63.0,0.0,28.0,35.0,0.0,0.0,63.0,vitimas
2025,2025-02-01,PB,Realização de vistorias,0.0,1433.0,0.0,0.0,0.0,0.0,1433.0,ocorrencias
2025,2025-02-01,PB,Roubo a instituição financeira,0.0,0.0,0.0,0.0,0.0,0.0,0.0,ocorrencias
2025,2025-02-01,PB,Roubo de carga,0.0,1.0,0.0,0.0,0.0,0.0,1.0,ocorrencias
2025,2025-02-01,PB,Roubo de veículo,0.0,263.0,0.0,0.0,0.0,0.0,263.0,ocorrencias
2025,2025-02-01,PB,Roubo seguido de morte (latrocínio),0.0,0.0,0.0,0.0,0.0,0.0,0.0,vitimas
2025,2025-02-01,PB,Suicídio,19.0,0.0,7.0,12.0,0.0,0.0,19.0,vitimas
2025,2025-02-01,PB,Suicídio de Agente do Estado,0.0,0.0,0.0,0.0,0.0,0.0,0.0,vitimas
2025,2025-02-01,PB,Tentativa de feminicídio,3.0,0.0,3.0,0.0,0.0,0.0,3.0,vitimas
2025,2025-02-01,PB,Tentativa de homicídio,67.0,0.0,3.0,64.0,0.0,0.0,67.0,vitimas
2025,2025-02-01,PB,Tráfico de drogas,0.0,221.0,0.0,0.0,0.0,0.0,221.0,ocorrencias
2025,2025-02-01,PE,Apreensão de Cocaína,0.0,0.0,0.0,0.0,0.0,2726.0,2726.0,kg
2025,2025-02-01,PE,Apreensão de Maconha,0.0,0.0,0.0,0.0,0.0,40313337.0,40313337.0,kg
2025,2025-02-01,PE,Arma de Fogo Apreendida,0.0,511.0,0.0,0.0,0.0,0.0,511.0,ocorrencias
2025,2025-02-01,PE,Atendimento pré-hospitalar,0.0,1518.0,0.0,0.0,0.0,0.0,1518.0,ocorrencias
2025,2025-02-01,PE,Busca e salvamento,0.0,440.0,0.0,0.0,0.0,0.0,440.0,ocorrencias
2025,2025-02-01,PE,Combate a incêndios,0.0,271.0,0.0,0.0,0.0,0.0,271.0,ocorrencias
2025,2025-02-01,PE,Emissão de Alvarás de licença,0.0,9930.0,0.0,0.0,0.0,0.0,9930.0,ocorrencias
2025,2025-02-01,PE,Estupro,61.0,0.0,55.0,6.0,0.0,0.0,61.0,vitimas
2025,2025-02-01,PE,Estupro de vulnerável,164.0,0.0,131.0,30.0,3.0,0.0,164.0,vitimas
2025,2025-02-01,PE,Feminicídio,10.0,0.0,10.0,0.0,0.0,0.0,10.0,vitimas
2025,2025-02-01,PE,Furto de veículo,0.0,593.0,0.0,0.0,0.0,0.0,593.0,ocorrencias
2025,2025-02-01,PE,Homicídio doloso,233.0,0.0,6.0,227.0,0.0,0.0,233.0,vitimas
2025,2025-02-01,PE,Lesão corporal seguida de morte,4.0,0.0,0.0,4.0,0.0,0.0,4.0,vitimas
2025,2025-02-01,PE,Mandado de prisão cumprido,0.0,736.0,0.0,0.0,0.0,0.0,736.0,ocorrencias
2025,2025-02-01,PE,Morte de Agente do Estado,0.0,0.0,0.0,0.0,0.0,0.0,0.0,vitimas
2025,2025-02-01,PE,Morte no trânsito ou em decorrência dele (exceto homicídio doloso),148.0,0.0,15.0,133.0,0.0,0.0,148.0,vitimas
2025,2025-02-01,PE,Morte por intervenção de Agente do Estado,8.0,0.0,0.0,8.0,0.0,0.0,8.0,vitimas
2025,2025-02-01,PE,Mortes a esclarecer (sem indício de crime),18.0,0.0,3.0,15.0,0.0,0.0,18.0,vitimas
2025,2025-02-01,PE,Mortes no trânsito,33.0,0.0,6.0,27.0,0.0,0.0,33.0,vitimas
2025,2025-02-01,PE,Pessoa Desaparecida,212.0,0.0,70.0,132.0,10.0,0.0,212.0,vitimas
2025,2025-02-01,PE,Pessoa Localizada,78.0,0.0,27.0,47.0,4.0,0.0,78.0,vitimas
2025,2025-02-01,PE,Realização de vistorias,0.0,4444.0,0.0,0.0,0.0,0.0,4444.0,ocorrencias
2025,2025-02-01,PE,Roubo a instituição financeira,0.0,0.0,0.0,0.0,0.0,0.0,0.0,ocorrencias
2025,2025-02-01,PE,Roubo de carga,0.0,28.0,0.0,0.0,0.0,0.0,28.0,ocorrencias
2025,2025-02-01,PE,Roubo de veículo,0.0,944.0,0.0,0.0,0.0,0.0,944.0,ocorrencias
2025,2025-02-01,PE,Roubo seguido de morte (latrocínio),6.0,0.0,1.0,5.0,0.0,0.0,6.0,vitimas
2025,2025-02-01,PE,Suicídio,46.0,0.0,10.0,36.0,0.0,0.0,46.0,vitimas
2025,2025-02-01,PE,Suicídio de Agente do Estado,0.0,0.0,0.0,0.0,0.0,0.0,0.0,vitimas
2025,2025-02-01,PE,Tentativa de feminicídio,10.0,0.0,10.0,0.0,0.0,0.0,10.0,vitimas
2025,2025-02-01,PE,Tentativa de homicídio,136.0,0.0,16.0,118.0,2.0,0.0,136.0,vitimas
2025,2025-02-01,PE,Tráfico de drogas,0.0,713.0,0.0,0.0,0.0,0.0,713.0,ocorrencias
2025,2025-02-01,PI,Apreensão de Cocaína,0.0,0.0,0.0,0.0,0.0,5019.0,5019.0,kg
2025,2025-02-01,PI,Apreensão de Maconha,0.0,0.0,0.0,0.0,0.0,3724.0,3724.0,kg
2025,2025-02-01,PI,Arma de Fogo Apreendida,0.0,203.0,0.0,0.0,0.0,0.0,203.0,ocorrencias
2025,2025-02-01,PI,Atendimento pré-hospitalar,0.0,153.0,0.0,0.0,0.0,0.0,153.0,ocorrencias
2025,2025-02-01,PI,Busca e salvamento,0.0,202.0,0.0,0.0,0.0,0.0,202.0,ocorrencias
2025,2025-02-01,PI,Combate a incêndios,0.0,139.0,0.0,0.0,0.0,0.0,139.0,ocorrencias
2025,2025-02-01,PI,Emissão de Alvarás de licença,0.0,565.0,0.0,0.0,0.0,0.0,565.0,ocorrencias
2025,2025-02-01,PI,Estupro,19.0,0.0,19.0,0.0,0.0,0.0,19.0,vitimas
2025,2025-02-01,PI,Estupro de vulnerável,106.0,0.0,95.0,10.0,1.0,0.0,106.0,vitimas
2025,2025-02-01,PI,Feminicídio,3.0,0.0,3.0,0.0,0.0,0.0,3.0,vitimas
2025,2025-02-01,PI,Furto de veículo,0.0,148.0,0.0,0.0,0.0,0.0,148.0,ocorrencias
2025,2025-02-01,PI,Homicídio doloso,39.0,0.0,1.0,38.0,0.0,0.0,39.0,vitimas
2025,2025-02-01,PI,Lesão corporal seguida de morte,1.0,0.0,0.0,1.0,0.0,0.0,1.0,vitimas
2025,2025-02-01,PI,Mandado de prisão cumprido,0.0,460.0,0.0,0.0,0.0,0.0,460.0,ocorrencias
2025,2025-02-01,PI,Morte de Agente do Estado,0.0,0.0,0.0,0.0,0.0,0.0,0.0,vitimas
2025,2025-02-01,PI,Morte no trânsito ou em decorrência dele (exceto homicídio doloso),12.0,0.0,7.0,5.0,0.0,0.0,12.0,vitimas
2025,2025-02-01,PI,Morte por intervenção de Agente do Estado,1.0,0.0,0.0,1.0,0.0,0.0,1.0,vitimas
2025,2025-02-01,PI,Mortes a esclarecer (sem indício de crime),0.0,0.0,0.0,0.0,0.0,0.0,0.0,vitimas
2025,2025-02-01,PI,Mortes no trânsito,9.0,0.0,2.0,7.0,0.0,0.0,9.0,vitimas
2025,2025-02-01,PI,Pessoa Desaparecida,71.0,0.0,21.0,46.0,4.0,0.0,71.0,vitimas
2025,2025-02-01,PI,Pessoa Localizada,31.0,0.0,6.0,24.0,1.0,0.0,31.0,vitimas
2025,2025-02-01,PI,Realização de vistorias,0.0,604.0,0.0,0.0,0.0,0.0,604.0,ocorrencias
2025,2025-02-01,PI,Roubo a instituição financeira,0.0,0.0,0.0,0.0,0.0,0.0,0.0,ocorrencias
2025,2025-02-01,PI,Roubo de carga,0.0,4.0,0.0,0.0,0.0,0.0,4.0,ocorrencias
2025,2025-02-01,PI,Roubo de veículo,0.0,272.0,0.0,0.0,0.0,0.0,272.0,ocorrencias
2025,2025-02-01,PI,Roubo seguido de morte (latrocínio),1.0,0.0,0.0,1.0,0.0,0.0,1.0,vitimas
2025,2025-02-01,PI,Suicídio,40.0,0.0,9.0,31.0,0.0,0.0,40.0,vitimas
2025,2025-02-01,PI,Suicídio de Agente do Estado,0.0,0.0,0.0,0.0,0.0,0.0,0.0,vitimas
2025,2025-02-01,PI,Tentativa de feminicídio,4.0,0.0,4.0,0.0,0.0,0.0,4.0,vitimas
2025,2025-02-01,PI,Tentativa de homicídio,51.0,0.0,6.0,45.0,0.0,0.0,51.0,vitimas
2025,2025-02-01,PI,Tráfico de drogas,0.0,243.0,0.0,0.0,0.0,0.0,243.0,ocorrencias
2025,2025-02-01,PR,Apreensão de Cocaína,0.0,0.0,0.0,0.0,0.0,1794885.0,1794885.0,kg
2025,2025-02-01,PR,Apreensão de Maconha,0.0,0.0,0.0,0.0,0.0,61867532.0,61867532.0,kg
2025,2025-02-01,PR,Arma de Fogo Apreendida,0.0,579.0,0.0,0.0,0.0,0.0,579.0,ocorrencias
2025,2025-02-01,PR,Atendimento pré-hospitalar,0.0,3129.0,0.0,0.0,0.0,0.0,3129.0,ocorrencias
2025,2025-02-01,PR,Busca e salvamento,0.0,1589.0,0.0,0.0,0.0,0.0,1589.0,ocorrencias
2025,2025-02-01,PR,Combate a incêndios,0.0,941.0,0.0,0.0,0.0,0.0,941.0,ocorrencias
2025,2025-02-01,PR,Emissão de Alvarás de licença,0.0,24179.0,0.0,0.0,0.0,0.0,24179.0,ocorrencias
2025,2025-02-01,PR,Estupro,137.0,0.0,126.0,11.0,0.0,0.0,137.0,vitimas
2025,2025-02-01,PR,Estupro de vulnerável,450.0,0.0,379.0,71.0,0.0,0.0,450.0,vitimas
2025,2025-02-01,PR,Feminicídio,8.0,0.0,8.0,0.0,0.0,0.0,8.0,vitimas
2025,2025-02-01,PR,Furto de veículo,0.0,728.0,0.0,0.0,0.0,0.0,728.0,ocorrencias
2025,2025-02-01,PR,Homicídio doloso,116.0,0.0,14.0,100.0,2.0,0.0,116.0,vitimas
2025,2025-02-01,PR,Lesão corporal seguida de morte,4.0,0.0,0.0,4.0,0.0,0.0,4.0,vitimas
2025,2025-02-01,PR,Mandado de prisão cumprido,0.0,3205.0,0.0,0.0,0.0,0.0,3205.0,ocorrencias
2025,2025-02-01,PR,Morte de Agente do Estado,0.0,0.0,0.0,0.0,0.0,0.0,0.0,vitimas
2025,2025-02-01,PR,Morte no trânsito ou em decorrência dele (exceto homicídio doloso),59.0,0.0,11.0,48.0,0.0,0.0,59.0,vitimas
2025,2025-02-01,PR,Morte por intervenção de Agente do Estado,37.0,0.0,0.0,37.0,0.0,0.0,37.0,vitimas
2025,2025-02-01,PR,Mortes a esclarecer (sem indício de crime),0.0,0.0,0.0,0.0,0.0,0.0,0.0,vitimas
2025,2025-02-01,PR,Mortes no trânsito,39.0,0.0,9.0,30.0,0.0,0.0,39.0,vitimas
2025,2025-02-01,PR,Pessoa Desaparecida,507.0,0.0,178.0,329.0,0.0,0.0,507.0,vitimas
2025,2025-02-01,PR,Pessoa Localizada,375.0,0.0,154.0,221.0,0.0,0.0,375.0,vitimas
2025,2025-02-01,PR,Realização de vistorias,0.0,5456.0,0.0,0.0,0.0,0.0,5456.0,ocorrencias
2025,2025-02-01,PR,Roubo a instituição financeira,0.0,0.0,0.0,0.0,0.0,0.0,0.0,ocorrencias
2025,2025-02-01,PR,Roubo de carga,0.0,15.0,0.0,0.0,0.0,0.0,15.0,ocorrencias
2025,2025-02-01,PR,Roubo de veículo,0.0,134.0,0.0,0.0,0.0,0.0,134.0,ocorrencias
2025,2025-02-01,PR,Roubo seguido de morte (latrocínio),4.0,0.0,0.0,4.0,0.0,0.0,4.0,vitimas
2025,2025-02-01,PR,Suicídio,67.0,0.0,8.0,57.0,2.0,0.0,67.0,vitimas
2025,2025-02-01,PR,Suicídio de Agente do Estado,0.0,0.0,0.0,0.0,0.0,0.0,0.0,vitimas
2025,2025-02-01,PR,Tentativa de feminicídio,16.0,0.0,16.0,0.0,0.0,0.0,16.0,vitimas
2025,2025-02-01,PR,Tentativa de homicídio,50.0,0.0,12.0,37.0,1.0,0.0,50.0,vitimas
2025,2025-02-01,PR,Tráfico de drogas,0.0,1186.0,0.0,0.0,0.0,0.0,1186.0,ocorrencias
2025,2025-02-01,RJ,Apreensão de Cocaína,0.0,0.0,0.0,0.0,0.0,3155.0,3155.0,kg
2025,2025-02-01,RJ,Apreensão de Maconha,0.0,0.0,0.0,0.0,0.0,291072.0,291072.0,kg
2025,2025-02-01,RJ,Arma de Fogo Apreendida,0.0,508.0,0.0,0.0,0.0,0.0,508.0,ocorrencias
2025,2025-02-01,RJ,Atendimento pré-hospitalar,0.0,5145.0,0.0,0.0,0.0,0.0,5145.0,ocorrencias
2025,2025-02-01,RJ,Busca e salvamento,0.0,15584.0,0.0,0.0,0.0,0.0,15584.0,ocorrencias
2025,2025-02-01,RJ,Combate a incêndios,0.0,9662.0,0.0,0.0,0.0,0.0,9662.0,ocorrencias
2025,2025-02-01,RJ,Emissão de Alvarás de licença,0.0,4470.0,0.0,0.0,0.0,0.0,4470.0,ocorrencias
2025,2025-02-01,RJ,Estupro,121.0,0.0,109.0,11.0,1.0,0.0,121.0,vitimas
2025,2025-02-01,RJ,Estupro de vulnerável,314.0,0.0,267.0,43.0,4.0,0.0,314.0,vitimas
2025,2025-02-01,RJ,Feminicídio,10.0,0.0,10.0,0.0,0.0,0.0,10.0,vitimas
2025,2025-02-01,RJ,Furto de veículo,0.0,1485.0,0.0,0.0,0.0,0.0,1485.0,ocorrencias
2025,2025-02-01,RJ,Homicídio doloso,285.0,0.0,34.0,234.0,17.0,0.0,285.0,vitimas
2025,2025-02-01,RJ,Lesão corporal seguida de morte,6.0,0.0,0.0,6.0,0.0,0.0,6.0,vitimas
2025,2025-02-01,RJ,Mandado de prisão cumprido,0.0,985.0,0.0,0.0,0.0,0.0,985.0,ocorrencias
2025,2025-02-01,RJ,Morte de Agente do Estado,10.0,0.0,0.0,10.0,0.0,0.0,10.0,vitimas
2025,2025-02-01,RJ,Morte no trânsito ou em decorrência dele (exceto homicídio doloso),170.0,0.0,30.0,137.0,3.0,0.0,170.0,vitimas
2025,2025-02-01,RJ,Morte por intervenção de Agente do Estado,79.0,0.0,1.0,72.0,6.0,0.0,79.0,vitimas
2025,2025-02-01,RJ,Mortes a esclarecer (sem indício de crime),250.0,0.0,74.0,171.0,5.0,0.0,250.0,vitimas
2025,2025-02-01,RJ,Mortes no trânsito,26.0,0.0,5.0,21.0,0.0,0.0,26.0,vitimas
2025,2025-02-01,RJ,Pessoa Desaparecida,520.0,0.0,169.0,347.0,4.0,0.0,520.0,vitimas
2025,2025-02-01,RJ,Pessoa Localizada,242.0,0.0,0.0,11.0,231.0,0.0,242.0,vitimas
2025,2025-02-01,RJ,Realização de vistorias,0.0,451.0,0.0,0.0,0.0,0.0,451.0,ocorrencias
2025,2025-02-01,RJ,Roubo a instituição financeira,0.0,3.0,0.0,0.0,0.0,0.0,3.0,ocorrencias
2025,2025-02-01,RJ,Roubo de carga,0.0,360.0,0.0,0.0,0.0,0.0,360.0,ocorrencias
2025,2025-02-01,RJ,Roubo de veículo,0.0,2430.0,0.0,0.0,0.0,0.0,2430.0,ocorrencias
2025,2025-02-01,RJ,Roubo seguido de morte (latrocínio),6.0,0.0,1.0,5.0,0.0,0.0,6.0,vitimas
2025,2025-02-01,RJ,Suicídio,80.0,0.0,22.0,58.0,0.0,0.0,80.0,vitimas
2025,2025-02-01,RJ,Suicídio de Agente do Estado,3.0,0.0,1.0,2.0,0.0,0.0,3.0,vitimas
2025,2025-02-01,RJ,Tentativa de feminicídio,33.0,0.0,33.0,0.0,0.0,0.0,33.0,vitimas
2025,2025-02-01,RJ,Tentativa de homicídio,290.0,0.0,33.0,238.0,19.0,0.0,290.0,vitimas
2025,2025-02-01,RJ,Tráfico de drogas,0.0,1622.0,0.0,0.0,0.0,0.0,1622.0,ocorrencias
2025,2025-02-01,RN,Apreensão de Cocaína,0.0,0.0,0.0,0.0,0.0,14641.0,14641.0,kg
2025,2025-02-01,RN,Apreensão de Maconha,0.0,0.0,0.0,0.0,0.0,55841.0,55841.0,kg
2025,2025-02-01,RN,Arma de Fogo Apreendida,0.0,177.0,0.0,0.0,0.0,0.0,177.0,ocorrencias
2025,2025-02-01,RN,Atendimento pré-hospitalar,0.0,194.0,0.0,0.0,0.0,0.0,194.0,ocorrencias
2025,2025-02-01,RN,Busca e salvamento,0.0,534.0,0.0,0.0,0.0,0.0,534.0,ocorrencias
2025,2025-02-01,RN,Combate a incêndios,0.0,164.0,0.0,0.0,0.0,0.0,164.0,ocorrencias
2025,2025-02-01,RN,Emissão de Alvarás de licença,0.0,546.0,0.0,0.0,0.0,0.0,546.0,ocorrencias
2025,2025-02-01,RN,Estupro,20.0,0.0,20.0,0.0,0.0,0.0,20.0,vitimas
2025,2025-02-01,RN,Estupro de vulnerável,79.0,0.0,64.0,10.0,5.0,0.0,79.0,vitimas
2025,2025-02-01,RN,Feminicídio,3.0,0.0,3.0,0.0,0.0,0.0,3.0,vitimas
2025,2025-02-01,RN,Furto de veículo,0.0,105.0,0.0,0.0,0.0,0.0,105.0,ocorrencias
2025,2025-02-01,RN,Homicídio doloso,56.0,0.0,2.0,54.0,0.0,0.0,56.0,vitimas
2025,2025-02-01,RN,Lesão corporal seguida de morte,3.0,0.0,0.0,3.0,0.0,0.0,3.0,vitimas
2025,2025-02-01,RN,Mandado de prisão cumprido,0.0,348.0,0.0,0.0,0.0,0.0,348.0,ocorrencias
2025,2025-02-01,RN,Morte de Agente do Estado,0.0,0.0,0.0,0.0,0.0,0.0,0.0,vitimas
2025,2025-02-01,RN,Morte no trânsito ou em decorrência dele (exceto homicídio doloso),47.0,0.0,4.0,43.0,0.0,0.0,47.0,vitimas
2025,2025-02-01,RN,Morte por intervenção de Agente do Estado,16.0,0.0,0.0,16.0,0.0,0.0,16.0,vitimas
2025,2025-02-01,RN,Mortes a esclarecer (sem indício de crime),38.0,0.0,11.0,27.0,0.0,0.0,38.0,vitimas
2025,2025-02-01,RN,Mortes no trânsito,7.0,0.0,0.0,7.0,0.0,0.0,7.0,vitimas
2025,2025-02-01,RN,Pessoa Desaparecida,40.0,0.0,12.0,27.0,1.0,0.0,40.0,vitimas
2025,2025-02-01,RN,Pessoa Localizada,24.0,0.0,11.0,13.0,0.0,0.0,24.0,vitimas
2025,2025-02-01,RN,Realização de vistorias,0.0,655.0,0.0,0.0,0.0,0.0,655.0,ocorrencias
2025,2025-02-01,RN,Roubo a instituição financeira,0.0,0.0,0.0,0.0,0.0,0.0,0.0,ocorrencias
2025,2025-02-01,RN,Roubo de carga,0.0,0.0,0.0,0.0,0.0,0.0,0.0,ocorrencias
2025,2025-02-01,RN,Roubo de veículo,0.0,122.0,0.0,0.0,0.0,0.0,122.0,ocorrencias
2025,2025-02-01,RN,Roubo seguido de morte (latrocínio),3.0,0.0,0.0,3.0,0.0,0.0,3.0,vitimas
2025,2025-02-01,RN,Suicídio,31.0,0.0,4.0,27.0,0.0,0.0,31.0,vitimas
2025,2025-02-01,RN,Suicídio de Agente do Estado,0.0,0.0,0.0,0.0,0.0,0.0,0.0,vitimas
2025,2025-02-01,RN,Tentativa de feminicídio,1.0,0.0,1.0,0.0,0.0,0.0,1.0,vitimas
2025,2025-02-01,RN,Tentativa de homicídio,39.0,0.0,6.0,25.0,8.0,0.0,39.0,vitimas
2025,2025-02-01,RN,Tráfico de drogas,0.0,244.0,0.0,0.0,0.0,0.0,244.0,ocorrencias
2025,2025-02-01,RO,Apreensão de Cocaína,0.0,0.0,0.0,0.0,0.0,208022.0,208022.0,kg
2025,2025-02-01,RO,Apreensão de Maconha,0.0,0.0,0.0,0.0,0.0,318665.0,318665.0,kg
2025,2025-02-01,RO,Arma de Fogo Apreendida,0.0,207.0,0.0,0.0,0.0,0.0,207.0,ocorrencias
2025,2025-02-01,RO,Atendimento pré-hospitalar,0.0,1280.0,0.0,0.0,0.0,0.0,1280.0,ocorrencias
2025,2025-02-01,RO,Busca e salvamento,0.0,282.0,0.0,0.0,0.0,0.0,282.0,ocorrencias
2025,2025-02-01,RO,Combate a incêndios,0.0,52.0,0.0,0.0,0.0,0.0,52.0,ocorrencias
2025,2025-02-01,RO,Emissão de Alvarás de licença,0.0,2878.0,0.0,0.0,0.0,0.0,2878.0,ocorrencias
2025,2025-02-01,RO,Estupro,24.0,0.0,24.0,0.0,0.0,0.0,24.0,vitimas
2025,2025-02-01,RO,Estupro de vulnerável,79.0,0.0,66.0,9.0,4.0,0.0,79.0,vitimas
2025,2025-02-01,RO,Feminicídio,3.0,0.0,3.0,0.0,0.0,0.0,3.0,vitimas
2025,2025-02-01,RO,Furto de veículo,0.0,103.0,0.0,0.0,0.0,0.0,103.0,ocorrencias
2025,2025-02-01,RO,Homicídio doloso,31.0,0.0,2.0,29.0,0.0,0.0,31.0,vitimas
2025,2025-02-01,RO,Lesão corporal seguida de morte,1.0,0.0,0.0,1.0,0.0,0.0,1.0,vitimas
2025,2025-02-01,RO,Mandado de prisão cumprido,0.0,311.0,0.0,0.0,0.0,0.0,311.0,ocorrencias
2025,2025-02-01,RO,Morte de Agente do Estado,0.0,0.0,0.0,0.0,0.0,0.0,0.0,vitimas
2025,2025-02-01,RO,Morte no trânsito ou em decorrência dele (exceto homicídio doloso),30.0,0.0,5.0,25.0,0.0,0.0,30.0,vitimas
2025,2025-02-01,RO,Morte por intervenção de Agente do Estado,1.0,0.0,0.0,1.0,0.0,0.0,1.0,vitimas
2025,2025-02-01,RO,Mortes a esclarecer (sem indício de crime),32.0,0.0,5.0,27.0,0.0,0.0,32.0,vitimas
2025,2025-02-01,RO,Mortes no trânsito,3.0,0.0,0.0,3.0,0.0,0.0,3.0,vitimas
2025,2025-02-01,RO,Pessoa Desaparecida,71.0,0.0,24.0,47.0,0.0,0.0,71.0,vitimas
2025,2025-02-01,RO,Pessoa Localizada,5.0,0.0,3.0,2.0,0.0,0.0,5.0,vitimas
2025,2025-02-01,RO,Realização de vistorias,0.0,1670.0,0.0,0.0,0.0,0.0,1670.0,ocorrencias
2025,2025-02-01,RO,Roubo a instituição financeira,0.0,0.0,0.0,0.0,0.0,0.0,0.0,ocorrencias
2025,2025-02-01,RO,Roubo de carga,0.0,0.0,0.0,0.0,0.0,0.0,0.0,ocorrencias
2025,2025-02-01,RO,Roubo de veículo,0.0,33.0,0.0,0.0,0.0,0.0,33.0,ocorrencias
2025,2025-02-01,RO,Roubo seguido de morte (latrocínio),0.0,0.0,0.0,0.0,0.0,0.0,0.0,vitimas
2025,2025-02-01,RO,Suicídio,10.0,0.0,1.0,9.0,0.0,0.0,10.0,vitimas
2025,2025-02-01,RO,Suicídio de Agente do Estado,0.0,0.0,0.0,0.0,0.0,0.0,0.0,vitimas
2025,2025-02-01,RO,Tentativa de feminicídio,4.0,0.0,4.0,0.0,0.0,0.0,4.0,vitimas
2025,2025-02-01,RO,Tentativa de homicídio,49.0,0.0,10.0,39.0,0.0,0.0,49.0,vitimas
2025,2025-02-01,RO,Tráfico de drogas,0.0,135.0,0.0,0.0,0.0,0.0,135.0,ocorrencias
2025,2025-02-01,RR,Apreensão de Cocaína,0.0,0.0,0.0,0.0,0.0,1483.0,1483.0,kg
2025,2025-02-01,RR,Apreensão de Maconha,0.0,0.0,0.0,0.0,0.0,3864.0,3864.0,kg
2025,2025-02-01,RR,Arma de Fogo Apreendida,0.0,28.0,0.0,0.0,0.0,0.0,28.0,ocorrencias
2025,2025-02-01,RR,Atendimento pré-hospitalar,0.0,170.0,0.0,0.0,0.0,0.0,170.0,ocorrencias
2025,2025-02-01,RR,Busca e salvamento,0.0,149.0,0.0,0.0,0.0,0.0,149.0,ocorrencias
2025,2025-02-01,RR,Combate a incêndios,0.0,185.0,0.0,0.0,0.0,0.0,185.0,ocorrencias
2025,2025-02-01,RR,Emissão de Alvarás de licença,0.0,124.0,0.0,0.0,0.0,0.0,124.0,ocorrencias
2025,2025-02-01,RR,Estupro,5.0,0.0,5.0,0.0,0.0,0.0,5.0,vitimas
2025,2025-02-01,RR,Estupro de vulnerável,33.0,0.0,26.0,5.0,2.0,0.0,33.0,vitimas
2025,2025-02-01,RR,Feminicídio,2.0,0.0,2.0,0.0,0.0,0.0,2.0,vitimas
2025,2025-02-01,RR,Furto de veículo,0.0,46.0,0.0,0.0,0.0,0.0,46.0,ocorrencias
2025,2025-02-01,RR,Homicídio doloso,7.0,0.0,0.0,7.0,0.0,0.0,7.0,vitimas
2025,2025-02-01,RR,Lesão corporal seguida de morte,3.0,0.0,1.0,2.0,0.0,0.0,3.0,vitimas
2025,2025-02-01,RR,Mandado de prisão cumprido,0.0,105.0,0.0,0.0,0.0,0.0,105.0,ocorrencias
2025,2025-02-01,RR,Morte de Agente do Estado,0.0,0.0,0.0,0.0,0.0,0.0,0.0,vitimas
2025,2025-02-01,RR,Morte no trânsito ou em decorrência dele (exceto homicídio doloso),10.0,0.0,0.0,10.0,0.0,0.0,10.0,vitimas
2025,2025-02-01,RR,Morte por intervenção de Agente do Estado,0.0,0.0,0.0,0.0,0.0,0.0,0.0,vitimas
2025,2025-02-01,RR,Mortes a esclarecer (sem indício de crime),2.0,0.0,1.0,1.0,0.0,0.0,2.0,vitimas
2025,2025-02-01,RR,Mortes no trânsito,1.0,0.0,0.0,1.0,0.0,0.0,1.0,vitimas
2025,2025-02-01,RR,Pessoa Desaparecida,29.0,0.0,15.0,13.0,1.0,0.0,29.0,vitimas
2025,2025-02-01,RR,Pessoa Localizada,11.0,0.0,6.0,5.0,0.0,0.0,11.0,vitimas
2025,2025-02-01,RR,Realização de vistorias,0.0,27.0,0.0,0.0,0.0,0.0,27.0,ocorrencias
2025,2025-02-01,RR,Roubo a instituição financeira,0.0,0.0,0.0,0.0,0.0,0.0,0.0,ocorrencias
2025,2025-02-01,RR,Roubo de carga,0.0,0.0,0.0,0.0,0.0,0.0,0.0,ocorrencias
2025,2025-02-01,RR,Roubo de veículo,0.0,6.0,0.0,0.0,0.0,0.0,6.0,ocorrencias
2025,2025-02-01,RR,Roubo seguido de morte (latrocínio),1.0,0.0,0.0,1.0,0.0,0.0,1.0,vitimas
2025,2025-02-01,RR,Suicídio,5.0,0.0,3.0,2.0,0.0,0.0,5.0,vitimas
2025,2025-02-01,RR,Suicídio de Agente do Estado,0.0,0.0,0.0,0.0,0.0,0.0,0.0,vitimas
2025,2025-02-01,RR,Tentativa de feminicídio,2.0,0.0,0.0,2.0,0.0,0.0,2.0,vitimas
2025,2025-02-01,RR,Tentativa de homicídio,10.0,0.0,0.0,9.0,1.0,0.0,10.0,vitimas
2025,2025-02-01,RR,Tráfico de drogas,0.0,34.0,0.0,0.0,0.0,0.0,34.0,ocorrencias
2025,2025-02-01,RS,Apreensão de Cocaína,0.0,0.0,0.0,0.0,0.0,186811.0,186811.0,kg
2025,2025-02-01,RS,Apreensão de Maconha,0.0,0.0,0.0,0.0,0.0,7803899.0,7803899.0,kg
2025,2025-02-01,RS,Arma de Fogo Apreendida,0.0,677.0,0.0,0.0,0.0,0.0,677.0,ocorrencias
2025,2025-02-01,RS,Atendimento pré-hospitalar,0.0,2111.0,0.0,0.0,0.0,0.0,2111.0,ocorrencias
2025,2025-02-01,RS,Busca e salvamento,0.0,1175.0,0.0,0.0,0.0,0.0,1175.0,ocorrencias
2025,2025-02-01,RS,Combate a incêndios,0.0,2376.0,0.0,0.0,0.0,0.0,2376.0,ocorrencias
2025,2025-02-01,RS,Emissão de Alvarás de licença,0.0,3026.0,0.0,0.0,0.0,0.0,3026.0,ocorrencias
2025,2025-02-01,RS,Estupro,107.0,0.0,99.0,8.0,0.0,0.0,107.0,vitimas
2025,2025-02-01,RS,Estupro de vulnerável,348.0,0.0,288.0,60.0,0.0,0.0,348.0,vitimas
2025,2025-02-01,RS,Feminicídio,4.0,0.0,4.0,0.0,0.0,0.0,4.0,vitimas
2025,2025-02-01,RS,Furto de veículo,0.0,496.0,0.0,0.0,0.0,0.0,496.0,ocorrencias
2025,2025-02-01,RS,Homicídio doloso,87.0,0.0,4.0,83.0,0.0,0.0,87.0,vitimas
2025,2025-02-01,RS,Lesão corporal seguida de morte,2.0,0.0,0.0,2.0,0.0,0.0,2.0,vitimas
2025,2025-02-01,RS,Mandado de prisão cumprido,0.0,716.0,0.0,0.0,0.0,0.0,716.0,ocorrencias
2025,2025-02-01,RS,Morte de Agente do Estado,0.0,0.0,0.0,0.0,0.0,0.0,0.0,vitimas
2025,2025-02-01,RS,Morte no trânsito ou em decorrência dele (exceto homicídio doloso),93.0,0.0,29.0,64.0,0.0,0.0,93.0,vitimas
2025,2025-02-01,RS,Morte por intervenção de Agente do Estado,9.0,0.0,0.0,9.0,0.0,0.0,9.0,vitimas
2025,2025-02-01,RS,Mortes a esclarecer (sem indício de crime),77.0,0.0,17.0,60.0,0.0,0.0,77.0,vitimas
2025,2025-02-01,RS,Mortes no trânsito,20.0,0.0,6.0,14.0,0.0,0.0,20.0,vitimas
2025,2025-02-01,RS,Pessoa Desaparecida,663.0,0.0,216.0,447.0,0.0,0.0,663.0,vitimas
2025,2025-02-01,RS,Pessoa Localizada,649.0,0.0,249.0,400.0,0.0,0.0,649.0,vitimas
2025,2025-02-01,RS,Realização de vistorias,0.0,2334.0,0.0,0.0,0.0,0.0,2334.0,ocorrencias
2025,2025-02-01,RS,Roubo a instituição financeira,0.0,0.0,0.0,0.0,0.0,0.0,0.0,ocorrencias
2025,2025-02-01,RS,Roubo de carga,0.0,2.0,0.0,0.0,0.0,0.0,2.0,ocorrencias
2025,2025-02-01,RS,Roubo de veículo,0.0,163.0,0.0,0.0,0.0,0.0,163.0,ocorrencias
2025,2025-02-01,RS,Roubo seguido de morte (latrocínio),2.0,0.0,1.0,1.0,0.0,0.0,2.0,vitimas
2025,2025-02-01,RS,Suicídio,126.0,0.0,28.0,98.0,0.0,0.0,126.0,vitimas
2025,2025-02-01,RS,Suicídio de Agente do Estado,0.0,0.0,0.0,0.0,0.0,0.0,0.0,vitimas
2025,2025-02-01,RS,Tentativa de feminicídio,25.0,0.0,25.0,0.0,0.0,0.0,25.0,vitimas
2025,2025-02-01,RS,Tentativa de homicídio,174.0,0.0,29.0,145.0,0.0,0.0,174.0,vitimas
2025,2025-02-01,RS,Tráfico de drogas,0.0,1437.0,0.0,0.0,0.0,0.0,1437.0,ocorrencias
2025,2025-02-01,SC,Apreensão de Cocaína,0.0,0.0,0.0,0.0,0.0,593422.0,593422.0,kg
2025,2025-02-01,SC,Apreensão de Maconha,0.0,0.0,0.0,0.0,0.0,300093.0,300093.0,kg
2025,2025-02-01,SC,Arma de Fogo Apreendida,0.0,209.0,0.0,0.0,0.0,0.0,209.0,ocorrencias
2025,2025-02-01,SC,Atendimento pré-hospitalar,0.0,13748.0,0.0,0.0,0.0,0.0,13748.0,ocorrencias
2025,2025-02-01,SC,Busca e salvamento,0.0,1515.0,0.0,0.0,0.0,0.0,1515.0,ocorrencias
2025,2025-02-01,SC,Combate a incêndios,0.0,707.0,0.0,0.0,0.0,0.0,707.0,ocorrencias
2025,2025-02-01,SC,Emissão de Alvarás de licença,0.0,36534.0,0.0,0.0,0.0,0.0,36534.0,ocorrencias
2025,2025-02-01,SC,Estupro,87.0,0.0,82.0,5.0,0.0,0.0,87.0,vitimas
2025,2025-02-01,SC,Estupro de vulnerável,167.0,0.0,126.0,41.0,0.0,0.0,167.0,vitimas
2025,2025-02-01,SC,Feminicídio,5.0,0.0,5.0,0.0,0.0,0.0,5.0,vitimas
2025,2025-02-01,SC,Furto de veículo,0.0,517.0,0.0,0.0,0.0,0.0,517.0,ocorrencias
2025,2025-02-01,SC,Homicídio doloso,37.0,0.0,3.0,34.0,0.0,0.0,37.0,vitimas
2025,2025-02-01,SC,Lesão corporal seguida de morte,1.0,0.0,0.0,1.0,0.0,0.0,1.0,vitimas
2025,2025-02-01,SC,Mandado de prisão cumprido,0.0,1343.0,0.0,0.0,0.0,0.0,1343.0,ocorrencias
2025,2025-02-01,SC,Morte de Agente do Estado,0.0,0.0,0.0,0.0,0.0,0.0,0.0,vitimas
2025,2025-02-01,SC,Morte no trânsito ou em decorrência dele (exceto homicídio doloso),32.0,0.0,10.0,22.0,0.0,0.0,32.0,vitimas
2025,2025-02-01,SC,Morte por intervenção de Agente do Estado,10.0,0.0,2.0,8.0,0.0,0.0,10.0,vitimas
2025,2025-02-01,SC,Mortes a esclarecer (sem indício de crime),0.0,0.0,0.0,0.0,0.0,0.0,0.0,vitimas
2025,2025-02-01,SC,Mortes no trânsito,35.0,0.0,6.0,29.0,0.0,0.0,35.0,vitimas
2025,2025-02-01,SC,Pessoa Desaparecida,347.0,0.0,119.0,227.0,1.0,0.0,347.0,vitimas
2025,2025-02-01,SC,Pessoa Localizada,328.0,0.0,112.0,216.0,0.0,0.0,328.0,vitimas
2025,2025-02-01,SC,Realização de vistorias,0.0,4188.0,0.0,0.0,0.0,0.0,4188.0,ocorrencias
2025,2025-02-01,SC,Roubo a instituição financeira,0.0,0.0,0.0,0.0,0.0,0.0,0.0,ocorrencias
2025,2025-02-01,SC,Roubo de carga,0.0,2.0,0.0,0.0,0.0,0.0,2.0,ocorrencias
2025,2025-02-01,SC,Roubo de veículo,0.0,76.0,0.0,0.0,0.0,0.0,76.0,ocorrencias
2025,2025-02-01,SC,Roubo seguido de morte (latrocínio),2.0,0.0,0.0,2.0,0.0,0.0,2.0,vitimas
2025,2025-02-01,SC,Suicídio,80.0,0.0,17.0,63.0,0.0,0.0,80.0,vitimas
2025,2025-02-01,SC,Suicídio de Agente do Estado,1.0,0.0,0.0,1.0,0.0,0.0,1.0,vitimas
2025,2025-02-01,SC,Tentativa de feminicídio,47.0,0.0,47.0,0.0,0.0,0.0,47.0,vitimas
2025,2025-02-01,SC,Tentativa de homicídio,153.0,0.0,23.0,130.0,0.0,0.0,153.0,vitimas
2025,2025-02-01,SC,Tráfico de drogas,0.0,595.0,0.0,0.0,0.0,0.0,595.0,ocorrencias
2025,2025-02-01,SE,Apreensão de Cocaína,0.0,0.0,0.0,0.0,0.0,6270.0,6270.0,kg
2025,2025-02-01,SE,Apreensão de Maconha,0.0,0.0,0.0,0.0,0.0,67462.0,67462.0,kg
2025,2025-02-01,SE,Arma de Fogo Apreendida,0.0,79.0,0.0,0.0,0.0,0.0,79.0,ocorrencias
2025,2025-02-01,SE,Atendimento pré-hospitalar,0.0,44.0,0.0,0.0,0.0,0.0,44.0,ocorrencias
2025,2025-02-01,SE,Busca e salvamento,0.0,513.0,0.0,0.0,0.0,0.0,513.0,ocorrencias
2025,2025-02-01,SE,Combate a incêndios,0.0,121.0,0.0,0.0,0.0,0.0,121.0,ocorrencias
2025,2025-02-01,SE,Emissão de Alvarás de licença,0.0,1299.0,0.0,0.0,0.0,0.0,1299.0,ocorrencias
2025,2025-02-01,SE,Estupro,14.0,0.0,14.0,0.0,0.0,0.0,14.0,vitimas
2025,2025-02-01,SE,Estupro de vulnerável,80.0,0.0,69.0,10.0,1.0,0.0,80.0,vitimas
2025,2025-02-01,SE,Feminicídio,1.0,0.0,1.0,0.0,0.0,0.0,1.0,vitimas
2025,2025-02-01,SE,Furto de veículo,0.0,76.0,0.0,0.0,0.0,0.0,76.0,ocorrencias
2025,2025-02-01,SE,Homicídio doloso,20.0,0.0,1.0,19.0,0.0,0.0,20.0,vitimas
2025,2025-02-01,SE,Lesão corporal seguida de morte,0.0,0.0,0.0,0.0,0.0,0.0,0.0,vitimas
2025,2025-02-01,SE,Mandado de prisão cumprido,0.0,126.0,0.0,0.0,0.0,0.0,126.0,ocorrencias
2025,2025-02-01,SE,Morte de Agente do Estado,0.0,0.0,0.0,0.0,0.0,0.0,0.0,vitimas
2025,2025-02-01,SE,Morte no trânsito ou em decorrência dele (exceto homicídio doloso),13.0,0.0,1.0,12.0,0.0,0.0,13.0,vitimas
2025,2025-02-01,SE,Morte por intervenção de Agente do Estado,9.0,0.0,0.0,9.0,0.0,0.0,9.0,vitimas
2025,2025-02-01,SE,Mortes a esclarecer (sem indício de crime),22.0,0.0,6.0,15.0,1.0,0.0,22.0,vitimas
2025,2025-02-01,SE,Mortes no trânsito,3.0,0.0,0.0,3.0,0.0,0.0,3.0,vitimas
2025,2025-02-01,SE,Pessoa Desaparecida,64.0,0.0,23.0,40.0,1.0,0.0,64.0,vitimas
2025,2025-02-01,SE,Pessoa Localizada,58.0,0.0,23.0,34.0,1.0,0.0,58.0,vitimas
2025,2025-02-01,SE,Realização de vistorias,0.0,276.0,0.0,0.0,0.0,0.0,276.0,ocorrencias
2025,2025-02-01,SE,Roubo a instituição financeira,0.0,0.0,0.0,0.0,0.0,0.0,0.0,ocorrencias
2025,2025-02-01,SE,Roubo de carga,0.0,0.0,0.0,0.0,0.0,0.0,0.0,ocorrencias
2025,2025-02-01,SE,Roubo de veículo,0.0,21.0,0.0,0.0,0.0,0.0,21.0,ocorrencias
2025,2025-02-01,SE,Roubo seguido de morte (latrocínio),0.0,0.0,0.0,0.0,0.0,0.0,0.0,vitimas
2025,2025-02-01,SE,Suicídio,14.0,0.0,2.0,10.0,2.0,0.0,14.0,vitimas
2025,2025-02-01,SE,Suicídio de Agente do Estado,0.0,0.0,0.0,0.0,0.0,0.0,0.0,vitimas
2025,2025-02-01,SE,Tentativa de feminicídio,7.0,0.0,6.0,1.0,0.0,0.0,7.0,vitimas
2025,2025-02-01,SE,Tentativa de homicídio,50.0,0.0,3.0,43.0,4.0,0.0,50.0,vitimas
2025,2025-02-01,SE,Tráfico de drogas,0.0,120.0,0.0,0.0,0.0,0.0,120.0,ocorrencias
2025,2025-02-01,SP,Apreensão de Cocaína,0.0,0.0,0.0,0.0,0.0,3590539.0,3590539.0,kg
2025,2025-02-01,SP,Apreensão de Maconha,0.0,0.0,0.0,0.0,0.0,22388660.0,22388660.0,kg
2025,2025-02-01,SP,Arma de Fogo Apreendida,0.0,1201.0,0.0,0.0,0.0,0.0,1201.0,ocorrencias
2025,2025-02-01,SP,Atendimento pré-hospitalar,0.0,17579.0,0.0,0.0,0.0,0.0,17579.0,ocorrencias
2025,2025-02-01,SP,Busca e salvamento,0.0,7192.0,0.0,0.0,0.0,0.0,7192.0,ocorrencias
2025,2025-02-01,SP,Combate a incêndios,0.0,2520.0,0.0,0.0,0.0,0.0,2520.0,ocorrencias
2025,2025-02-01,SP,Emissão de Alvarás de licença,0.0,21044.0,0.0,0.0,0.0,0.0,21044.0,ocorrencias
2025,2025-02-01,SP,Estupro,292.0,0.0,272.0,20.0,0.0,0.0,292.0,vitimas
2025,2025-02-01,SP,Estupro de vulnerável,1001.0,0.0,854.0,145.0,2.0,0.0,1001.0,vitimas
2025,2025-02-01,SP,Feminicídio,20.0,0.0,20.0,0.0,0.0,0.0,20.0,vitimas
2025,2025-02-01,SP,Furto de veículo,0.0,7327.0,0.0,0.0,0.0,0.0,7327.0,ocorrencias
2025,2025-02-01,SP,Homicídio doloso,184.0,0.0,14.0,168.0,2.0,0.0,184.0,vitimas
2025,2025-02-01,SP,Lesão corporal seguida de morte,15.0,0.0,1.0,14.0,0.0,0.0,15.0,vitimas
2025,2025-02-01,SP,Mandado de prisão cumprido,0.0,7311.0,0.0,0.0,0.0,0.0,7311.0,ocorrencias
2025,2025-02-01,SP,Morte de Agente do Estado,1.0,0.0,0.0,1.0,0.0,0.0,1.0,vitimas
2025,2025-02-01,SP,Morte no trânsito ou em decorrência dele (exceto homicídio doloso),301.0,0.0,76.0,224.0,1.0,0.0,301.0,vitimas
2025,2025-02-01,SP,Morte por intervenção de Agente do Estado,54.0,0.0,1.0,53.0,0.0,0.0,54.0,vitimas
2025,2025-02-01,SP,Mortes a esclarecer (sem indício de crime),354.0,0.0,65.0,274.0,15.0,0.0,354.0,vitimas
2025,2025-02-01,SP,Mortes no trânsito,12.0,0.0,1.0,11.0,0.0,0.0,12.0,vitimas
2025,2025-02-01,SP,Pessoa Desaparecida,1641.0,0.0,575.0,1066.0,0.0,0.0,1641.0,vitimas
2025,2025-02-01,SP,Pessoa Localizada,1219.0,0.0,448.0,768.0,3.0,0.0,1219.0,vitimas
2025,2025-02-01,SP,Realização de vistorias,0.0,8953.0,0.0,0.0,0.0,0.0,8953.0,ocorrencias
2025,2025-02-01,SP,Roubo a instituição financeira,0.0,0.0,0.0,0.0,0.0,0.0,0.0,ocorrencias
2025,2025-02-01,SP,Roubo de carga,0.0,319.0,0.0,0.0,0.0,0.0,319.0,ocorrencias
2025,2025-02-01,SP,Roubo de veículo,0.0,2250.0,0.0,0.0,0.0,0.0,2250.0,ocorrencias
2025,2025-02-01,SP,Roubo seguido de morte (latrocínio),10.0,0.0,4.0,6.0,0.0,0.0,10.0,vitimas
2025,2025-02-01,SP,Suicídio,219.0,0.0,51.0,167.0,1.0,0.0,219.0,vitimas
2025,2025-02-01,SP,Suicídio de Agente do Estado,4.0,0.0,1.0,3.0,0.0,0.0,4.0,vitimas
2025,2025-02-01,SP,Tentativa de feminicídio,69.0,0.0,68.0,1.0,0.0,0.0,69.0,vitimas
2025,2025-02-01,SP,Tentativa de homicídio,340.0,0.0,42.0,297.0,1.0,0.0,340.0,vitimas
2025,2025-02-01,SP,Tráfico de drogas,0.0,3714.0,0.0,0.0,0.0,0.0,3714.0,ocorrencias
2025,2025-02-01,TO,Apreensão de Cocaína,0.0,0.0,0.0,0.0,0.0,48618.0,48618.0,kg
2025,2025-02-01,TO,Apreensão de Maconha,0.0,0.0,0.0,0.0,0.0,4928.0,4928.0,kg
2025,2025-02-01,TO,Arma de Fogo Apreendida,0.0,116.0,0.0,0.0,0.0,0.0,116.0,ocorrencias
2025,2025-02-01,TO,Atendimento pré-hospitalar,0.0,857.0,0.0,0.0,0.0,0.0,857.0,ocorrencias
2025,2025-02-01,TO,Busca e salvamento,0.0,273.0,0.0,0.0,0.0,0.0,273.0,ocorrencias
2025,2025-02-01,TO,Combate a incêndios,0.0,57.0,0.0,0.0,0.0,0.0,57.0,ocorrencias
2025,2025-02-01,TO,Emissão de Alvarás de licença,0.0,1564.0,0.0,0.0,0.0,0.0,1564.0,ocorrencias
2025,2025-02-01,TO,Estupro,10.0,0.0,10.0,0.0,0.0,0.0,10.0,vitimas
2025,2025-02-01,TO,Estupro de vulnerável,45.0,0.0,36.0,6.0,3.0,0.0,45.0,vitimas
2025,2025-02-01,TO,Feminicídio,1.0,0.0,1.0,0.0,0.0,0.0,1.0,vitimas
2025,2025-02-01,TO,Furto de veículo,0.0,246.0,0.0,0.0,0.0,0.0,246.0,ocorrencias
2025,2025-02-01,TO,Homicídio doloso,15.0,0.0,0.0,15.0,0.0,0.0,15.0,vitimas
2025,2025-02-01,TO,Lesão corporal seguida de morte,0.0,0.0,0.0,0.0,0.0,0.0,0.0,vitimas
2025,2025-02-01,TO,Mandado de prisão cumprido,0.0,202.0,0.0,0.0,0.0,0.0,202.0,ocorrencias
2025,2025-02-01,TO,Morte de Agente do Estado,0.0,0.0,0.0,0.0,0.0,0.0,0.0,vitimas
2025,2025-02-01,TO,Morte no trânsito ou em decorrência dele (exceto homicídio doloso),28.0,0.0,3.0,25.0,0.0,0.0,28.0,vitimas
2025,2025-02-01,TO,Morte por intervenção de Agente do Estado,3.0,0.0,0.0,3.0,0.0,0.0,3.0,vitimas
2025,2025-02-01,TO,Mortes a esclarecer (sem indício de crime),26.0,0.0,5.0,21.0,0.0,0.0,26.0,vitimas
2025,2025-02-01,TO,Mortes no trânsito,3.0,0.0,0.0,3.0,0.0,0.0,3.0,vitimas
2025,2025-02-01,TO,Pessoa Desaparecida,35.0,0.0,7.0,28.0,0.0,0.0,35.0,vitimas
2025,2025-02-01,TO,Pessoa Localizada,10.0,0.0,1.0,9.0,0.0,0.0,10.0,vitimas
2025,2025-02-01,TO,Realização de vistorias,0.0,358.0,0.0,0.0,0.0,0.0,358.0,ocorrencias
2025,2025-02-01,TO,Roubo a instituição financeira,0.0,0.0,0.0,0.0,0.0,0.0,0.0,ocorrencias
2025,2025-02-01,TO,Roubo de carga,0.0,0.0,0.0,0.0,0.0,0.0,0.0,ocorrencias
2025,2025-02-01,TO,Roubo de veículo,0.0,25.0,0.0,0.0,0.0,0.0,25.0,ocorrencias
2025,2025-02-01,TO,Roubo seguido de morte (latrocínio),0.0,0.0,0.0,0.0,0.0,0.0,0.0,vitimas
2025,2025-02-01,TO,Suicídio,18.0,0.0,4.0,14.0,0.0,0.0,18.0,vitimas
2025,2025-02-01,TO,Suicídio de Agente do Estado,0.0,0.0,0.0,0.0,0.0,0.0,0.0,vitimas
2025,2025-02-01,TO,Tentativa de feminicídio,2.0,0.0,2.0,0.0,0.0,0.0,2.0,vitimas
2025,2025-02-01,TO,Tentativa de homicídio,35.0,0.0,4.0,31.0,0.0,0.0,35.0,vitimas
2025,2025-02-01,TO,Tráfico de drogas,0.0,99.0,0.0,0.0,0.0,0.0,99.0,ocorrencias
2025,2025-03-01,AC,Apreensão de Cocaína,0.0,0.0,0.0,0.0,0.0,49114.0,49114.0,kg
2025,2025-03-01,AC,Apreensão de Maconha,0.0,0.0,0.0,0.0,0.0,9897.0,9897.0,kg
2025,2025-03-01,AC,Arma de Fogo Apreendida,0.0,43.0,0.0,0.0,0.0,0.0,43.0,ocorrencias
2025,2025-03-01,AC,Atendimento pré-hospitalar,0.0,75.0,0.0,0.0,0.0,0.0,75.0,ocorrencias
2025,2025-03-01,AC,Busca e salvamento,0.0,493.0,0.0,0.0,0.0,0.0,493.0,ocorrencias
2025,2025-03-01,AC,Combate a incêndios,0.0,99.0,0.0,0.0,0.0,0.0,99.0,ocorrencias
2025,2025-03-01,AC,Emissão de Alvarás de licença,0.0,723.0,0.0,0.0,0.0,0.0,723.0,ocorrencias
2025,2025-03-01,AC,Estupro,14.0,0.0,14.0,0.0,0.0,0.0,14.0,vitimas
2025,2025-03-01,AC,Estupro de vulnerável,30.0,0.0,28.0,2.0,0.0,0.0,30.0,vitimas
2025,2025-03-01,AC,Feminicídio,0.0,0.0,0.0,0.0,0.0,0.0,0.0,vitimas
2025,2025-03-01,AC,Furto de veículo,0.0,84.0,0.0,0.0,0.0,0.0,84.0,ocorrencias
2025,2025-03-01,AC,Homicídio doloso,20.0,0.0,1.0,19.0,0.0,0.0,20.0,vitimas
2025,2025-03-01,AC,Lesão corporal seguida de morte,0.0,0.0,0.0,0.0,0.0,0.0,0.0,vitimas
2025,2025-03-01,AC,Mandado de prisão cumprido,0.0,183.0,0.0,0.0,0.0,0.0,183.0,ocorrencias
2025,2025-03-01,AC,Morte de Agente do Estado,0.0,0.0,0.0,0.0,0.0,0.0,0.0,vitimas
2025,2025-03-01,AC,Morte no trânsito ou em decorrência dele (exceto homicídio doloso),6.0,0.0,1.0,5.0,0.0,0.0,6.0,vitimas
2025,2025-03-01,AC,Morte por intervenção de Agente do Estado,1.0,0.0,0.0,1.0,0.0,0.0,1.0,vitimas
2025,2025-03-01,AC,Mortes a esclarecer (sem indício de crime),12.0,0.0,0.0,12.0,0.0,0.0,12.0,vitimas
2025,2025-03-01,AC,Mortes no trânsito,2.0,0.0,0.0,2.0,0.0,0.0,2.0,vitimas
2025,2025-03-01,AC,Pessoa Desaparecida,34.0,0.0,11.0,23.0,0.0,0.0,34.0,vitimas
2025,2025-03-01,AC,Pessoa Localizada,26.0,0.0,7.0,19.0,0.0,0.0,26.0,vitimas
2025,2025-03-01,AC,Realização de vistorias,0.0,535.0,0.0,0.0,0.0,0.0,535.0,ocorrencias
2025,2025-03-01,AC,Roubo a instituição financeira,0.0,0.0,0.0,0.0,0.0,0.0,0.0,ocorrencias
2025,2025-03-01,AC,Roubo de carga,0.0,0.0,0.0,0.0,0.0,0.0,0.0,ocorrencias
2025,2025-03-01,AC,Roubo de veículo,0.0,33.0,0.0,0.0,0.0,0.0,33.0,ocorrencias
2025,2025-03-01,AC,Roubo seguido de morte (latrocínio),0.0,0.0,0.0,0.0,0.0,0.0,0.0,vitimas
2025,2025-03-01,AC,Suicídio,6.0,0.0,2.0,4.0,0.0,0.0,6.0,vitimas
2025,2025-03-01,AC,Suicídio de Agente do Estado,0.0,0.0,0.0,0.0,0.0,0.0,0.0,vitimas
2025,2025-03-01,AC,Tentativa de feminicídio,3.0,0.0,3.0,0.0,0.0,0.0,3.0,vitimas
2025,2025-03-01,AC,Tentativa de homicídio,18.0,0.0,3.0,15.0,0.0,0.0,18.0,vitimas
2025,2025-03-01,AC,Tráfico de drogas,0.0,74.0,0.0,0.0,0.0,0.0,74.0,ocorrencias
2025,2025-03-01,AL,Apreensão de Cocaína,0.0,0.0,0.0,0.0,0.0,486.0,486.0,kg
2025,2025-03-01,AL,Apreensão de Maconha,0.0,0.0,0.0,0.0,0.0,2198.0,2198.0,kg
2025,2025-03-01,AL,Arma de Fogo Apreendida,0.0,142.0,0.0,0.0,0.0,0.0,142.0,ocorrencias
2025,2025-03-01,AL,Atendimento pré-hospitalar,0.0,469.0,0.0,0.0,0.0,0.0,469.0,ocorrencias
2025,2025-03-01,AL,Busca e salvamento,0.0,435.0,0.0,0.0,0.0,0.0,435.0,ocorrencias
2025,2025-03-01,AL,Combate a incêndios,0.0,209.0,0.0,0.0,0.0,0.0,209.0,ocorrencias
2025,2025-03-01,AL,Emissão de Alvarás de licença,0.0,720.0,0.0,0.0,0.0,0.0,720.0,ocorrencias
2025,2025-03-01,AL,Estupro,23.0,0.0,20.0,3.0,0.0,0.0,23.0,vitimas
2025,2025-03-01,AL,Estupro de vulnerável,48.0,0.0,40.0,7.0,1.0,0.0,48.0,vitimas
2025,2025-03-01,AL,Feminicídio,3.0,0.0,3.0,0.0,0.0,0.0,3.0,vitimas
2025,2025-03-01,AL,Furto de veículo,0.0,122.0,0.0,0.0,0.0,0.0,122.0,ocorrencias
2025,2025-03-01,AL,Homicídio doloso,80.0,0.0,6.0,74.0,0.0,0.0,80.0,vitimas
2025,2025-03-01,AL,Lesão corporal seguida de morte,0.0,0.0,0.0,0.0,0.0,0.0,0.0,vitimas
2025,2025-03-01,AL,Mandado de prisão cumprido,0.0,235.0,0.0,0.0,0.0,0.0,235.0,ocorrencias
2025,2025-03-01,AL,Morte de Agente do Estado,0.0,0.0,0.0,0.0,0.0,0.0,0.0,vitimas
2025,2025-03-01,AL,Morte no trânsito ou em decorrência dele (exceto homicídio doloso),35.0,0.0,3.0,26.0,6.0,0.0,35.0,vitimas
2025,2025-03-01,AL,Morte por intervenção de Agente do Estado,6.0,0.0,0.0,6.0,0.0,0.0,6.0,vitimas
2025,2025-03-01,AL,Mortes a esclarecer (sem indício de crime),43.0,0.0,14.0,22.0,7.0,0.0,43.0,vitimas
2025,2025-03-01,AL,Mortes no trânsito,3.0,0.0,0.0,3.0,0.0,0.0,3.0,vitimas
2025,2025-03-01,AL,Pessoa Desaparecida,57.0,0.0,17.0,40.0,0.0,0.0,57.0,vitimas
2025,2025-03-01,AL,Pessoa Localizada,15.0,0.0,3.0,11.0,1.0,0.0,15.0,vitimas
2025,2025-03-01,AL,Realização de vistorias,0.0,1358.0,0.0,0.0,0.0,0.0,1358.0,ocorrencias
2025,2025-03-01,AL,Roubo a instituição financeira,0.0,0.0,0.0,0.0,0.0,0.0,0.0,ocorrencias
2025,2025-03-01,AL,Roubo de carga,0.0,0.0,0.0,0.0,0.0,0.0,0.0,ocorrencias
2025,2025-03-01,AL,Roubo de veículo,0.0,101.0,0.0,0.0,0.0,0.0,101.0,ocorrencias
2025,2025-03-01,AL,Roubo seguido de morte (latrocínio),1.0,0.0,0.0,1.0,0.0,0.0,1.0,vitimas
2025,2025-03-01,AL,Suicídio,22.0,0.0,3.0,19.0,0.0,0.0,22.0,vitimas
2025,2025-03-01,AL,Suicídio de Agente do Estado,0.0,0.0,0.0,0.0,0.0,0.0,0.0,vitimas
2025,2025-03-01,AL,Tentativa de feminicídio,8.0,0.0,8.0,0.0,0.0,0.0,8.0,vitimas
2025,2025-03-01,AL,Tentativa de homicídio,70.0,0.0,10.0,54.0,6.0,0.0,70.0,vitimas
2025,2025-03-01,AL,Tráfico de drogas,0.0,23.0,0.0,0.0,0.0,0.0,23.0,ocorrencias
2025,2025-03-01,AM,Apreensão de Cocaína,0.0,0.0,0.0,0.0,0.0,573476.0,573476.0,kg
2025,2025-03-01,AM,Apreensão de Maconha,0.0,0.0,0.0,0.0,0.0,5348488.0,5348488.0,kg
2025,2025-03-01,AM,Arma de Fogo Apreendida,0.0,160.0,0.0,0.0,0.0,0.0,160.0,ocorrencias
2025,2025-03-01,AM,Atendimento pré-hospitalar,0.0,121.0,0.0,0.0,0.0,0.0,121.0,ocorrencias
2025,2025-03-01,AM,Busca e salvamento,0.0,14.0,0.0,0.0,0.0,0.0,14.0,ocorrencias
2025,2025-03-01,AM,Combate a incêndios,0.0,101.0,0.0,0.0,0.0,0.0,101.0,ocorrencias
2025,2025-03-01,AM,Emissão de Alvarás de licença,0.0,432.0,0.0,0.0,0.0,0.0,432.0,ocorrencias
2025,2025-03-01,AM,Estupro,33.0,0.0,31.0,2.0,0.0,0.0,33.0,vitimas
2025,2025-03-01,AM,Estupro de vulnerável,73.0,0.0,68.0,4.0,1.0,0.0,73.0,vitimas
2025,2025-03-01,AM,Feminicídio,0.0,0.0,0.0,0.0,0.0,0.0,0.0,vitimas
2025,2025-03-01,AM,Furto de veículo,0.0,184.0,0.0,0.0,0.0,0.0,184.0,ocorrencias
2025,2025-03-01,AM,Homicídio doloso,49.0,0.0,1.0,48.0,0.0,0.0,49.0,vitimas
2025,2025-03-01,AM,Lesão corporal seguida de morte,4.0,0.0,2.0,2.0,0.0,0.0,4.0,vitimas
2025,2025-03-01,AM,Mandado de prisão cumprido,0.0,337.0,0.0,0.0,0.0,0.0,337.0,ocorrencias
2025,2025-03-01,AM,Morte de Agente do Estado,0.0,0.0,0.0,0.0,0.0,0.0,0.0,vitimas
2025,2025-03-01,AM,Morte no trânsito ou em decorrência dele (exceto homicídio doloso),15.0,0.0,4.0,11.0,0.0,0.0,15.0,vitimas
2025,2025-03-01,AM,Morte por intervenção de Agente do Estado,5.0,0.0,0.0,5.0,0.0,0.0,5.0,vitimas
2025,2025-03-01,AM,Mortes a esclarecer (sem indício de crime),1.0,0.0,0.0,1.0,0.0,0.0,1.0,vitimas
2025,2025-03-01,AM,Mortes no trânsito,5.0,0.0,3.0,2.0,0.0,0.0,5.0,vitimas
2025,2025-03-01,AM,Pessoa Desaparecida,78.0,0.0,15.0,63.0,0.0,0.0,78.0,vitimas
2025,2025-03-01,AM,Pessoa Localizada,49.0,0.0,21.0,28.0,0.0,0.0,49.0,vitimas
2025,2025-03-01,AM,Realização de vistorias,0.0,446.0,0.0,0.0,0.0,0.0,446.0,ocorrencias
2025,2025-03-01,AM,Roubo a instituição financeira,0.0,0.0,0.0,0.0,0.0,0.0,0.0,ocorrencias
2025,2025-03-01,AM,Roubo de carga,0.0,1.0,0.0,0.0,0.0,0.0,1.0,ocorrencias
2025,2025-03-01,AM,Roubo de veículo,0.0,41.0,0.0,0.0,0.0,0.0,41.0,ocorrencias
2025,2025-03-01,AM,Roubo seguido de morte (latrocínio),1.0,0.0,0.0,1.0,0.0,0.0,1.0,vitimas
2025,2025-03-01,AM,Suicídio,27.0,0.0,5.0,21.0,1.0,0.0,27.0,vitimas
2025,2025-03-01,AM,Suicídio de Agente do Estado,0.0,0.0,0.0,0.0,0.0,0.0,0.0,vitimas
2025,2025-03-01,AM,Tentativa de feminicídio,8.0,0.0,8.0,0.0,0.0,0.0,8.0,vitimas
2025,2025-03-01,AM,Tentativa de homicídio,52.0,0.0,8.0,39.0,5.0,0.0,52.0,vitimas
2025,2025-03-01,AM,Tráfico de drogas,0.0,262.0,0.0,0.0,0.0,0.0,262.0,ocorrencias
2025,2025-03-01,AP,Apreensão de Cocaína,0.0,0.0,0.0,0.0,0.0,405.0,405.0,kg
2025,2025-03-01,AP,Apreensão de Maconha,0.0,0.0,0.0,0.0,0.0,704.0,704.0,kg
2025,2025-03-01,AP,Arma de Fogo Apreendida,0.0,30.0,0.0,0.0,0.0,0.0,30.0,ocorrencias
2025,2025-03-01,AP,Atendimento pré-hospitalar,0.0,691.0,0.0,0.0,0.0,0.0,691.0,ocorrencias
2025,2025-03-01,AP,Busca e salvamento,0.0,511.0,0.0,0.0,0.0,0.0,511.0,ocorrencias
2025,2025-03-01,AP,Combate a incêndios,0.0,58.0,0.0,0.0,0.0,0.0,58.0,ocorrencias
2025,2025-03-01,AP,Emissão de Alvarás de licença,0.0,128.0,0.0,0.0,0.0,0.0,128.0,ocorrencias
2025,2025-03-01,AP,Estupro,11.0,0.0,10.0,0.0,1.0,0.0,11.0,vitimas
2025,2025-03-01,AP,Estupro de vulnerável,49.0,0.0,40.0,7.0,2.0,0.0,49.0,vitimas
2025,2025-03-01,AP,Feminicídio,1.0,0.0,1.0,0.0,0.0,0.0,1.0,vitimas
2025,2025-03-01,AP,Furto de veículo,0.0,26.0,0.0,0.0,0.0,0.0,26.0,ocorrencias
2025,2025-03-01,AP,Homicídio doloso,13.0,0.0,0.0,13.0,0.0,0.0,13.0,vitimas
2025,2025-03-01,AP,Lesão corporal seguida de morte,0.0,0.0,0.0,0.0,0.0,0.0,0.0,vitimas
2025,2025-03-01,AP,Mandado de prisão cumprido,0.0,138.0,0.0,0.0,0.0,0.0,138.0,ocorrencias
2025,2025-03-01,AP,Morte de Agente do Estado,0.0,0.0,0.0,0.0,0.0,0.0,0.0,vitimas
2025,2025-03-01,AP,Morte no trânsito ou em decorrência dele (exceto homicídio doloso),13.0,0.0,3.0,10.0,0.0,0.0,13.0,vitimas
2025,2025-03-01,AP,Morte por intervenção de Agente do Estado,19.0,0.0,0.0,19.0,0.0,0.0,19.0,vitimas
2025,2025-03-01,AP,Mortes a esclarecer (sem indício de crime),1.0,0.0,0.0,1.0,0.0,0.0,1.0,vitimas
2025,2025-03-01,AP,Mortes no trânsito,5.0,0.0,2.0,3.0,0.0,0.0,5.0,vitimas
2025,2025-03-01,AP,Pessoa Desaparecida,29.0,0.0,13.0,16.0,0.0,0.0,29.0,vitimas
2025,2025-03-01,AP,Pessoa Localizada,28.0,0.0,12.0,16.0,0.0,0.0,28.0,vitimas
2025,2025-03-01,AP,Realização de vistorias,0.0,357.0,0.0,0.0,0.0,0.0,357.0,ocorrencias
2025,2025-03-01,AP,Roubo a instituição financeira,0.0,0.0,0.0,0.0,0.0,0.0,0.0,ocorrencias
2025,2025-03-01,AP,Roubo de carga,0.0,0.0,0.0,0.0,0.0,0.0,0.0,ocorrencias
2025,2025-03-01,AP,Roubo de veículo,0.0,5.0,0.0,0.0,0.0,0.0,5.0,ocorrencias
2025,2025-03-01,AP,Roubo seguido de morte (latrocínio),0.0,0.0,0.0,0.0,0.0,0.0,0.0,vitimas
2025,2025-03-01,AP,Suicídio,3.0,0.0,0.0,3.0,0.0,0.0,3.0,vitimas
2025,2025-03-01,AP,Suicídio de Agente do Estado,0.0,0.0,0.0,0.0,0.0,0.0,0.0,vitimas
2025,2025-03-01,AP,Tentativa de feminicídio,8.0,0.0,8.0,0.0,0.0,0.0,8.0,vitimas
2025,2025-03-01,AP,Tentativa de homicídio,14.0,0.0,1.0,13.0,0.0,0.0,14.0,vitimas
2025,2025-03-01,AP,Tráfico de drogas,0.0,131.0,0.0,0.0,0.0,0.0,131.0,ocorrencias
2025,2025-03-01,BA,Apreensão de Cocaína,0.0,0.0,0.0,0.0,0.0,31640.0,31640.0,kg
2025,2025-03-01,BA,Apreensão de Maconha,0.0,0.0,0.0,0.0,0.0,232756.0,232756.0,kg
2025,2025-03-01,BA,Arma de Fogo Apreendida,0.0,659.0,0.0,0.0,0.0,0.0,659.0,ocorrencias
2025,2025-03-01,BA,Atendimento pré-hospitalar,0.0,544.0,0.0,0.0,0.0,0.0,544.0,ocorrencias
2025,2025-03-01,BA,Busca e salvamento,0.0,848.0,0.0,0.0,0.0,0.0,848.0,ocorrencias
2025,2025-03-01,BA,Combate a incêndios,0.0,789.0,0.0,0.0,0.0,0.0,789.0,ocorrencias
2025,2025-03-01,BA,Emissão de Alvarás de licença,0.0,2020.0,0.0,0.0,0.0,0.0,2020.0,ocorrencias
2025,2025-03-01,BA,Estupro,98.0,0.0,92.0,6.0,0.0,0.0,98.0,vitimas
2025,2025-03-01,BA,Estupro de vulnerável,358.0,0.0,301.0,52.0,5.0,0.0,358.0,vitimas
2025,2025-03-01,BA,Feminicídio,5.0,0.0,5.0,0.0,0.0,0.0,5.0,vitimas
2025,2025-03-01,BA,Furto de veículo,0.0,582.0,0.0,0.0,0.0,0.0,582.0,ocorrencias
2025,2025-03-01,BA,Homicídio doloso,342.0,0.0,19.0,323.0,0.0,0.0,342.0,vitimas
2025,2025-03-01,BA,Lesão corporal seguida de morte,8.0,0.0,0.0,8.0,0.0,0.0,8.0,vitimas
2025,2025-03-01,BA,Mandado de prisão cumprido,0.0,1433.0,0.0,0.0,0.0,0.0,1433.0,ocorrencias
2025,2025-03-01,BA,Morte de Agente do Estado,1.0,0.0,0.0,1.0,0.0,0.0,1.0,vitimas
2025,2025-03-01,BA,Morte no trânsito ou em decorrência dele (exceto homicídio doloso),55.0,0.0,15.0,40.0,0.0,0.0,55.0,vitimas
2025,2025-03-01,BA,Morte por intervenção de Agente do Estado,146.0,0.0,0.0,146.0,0.0,0.0,146.0,vitimas
2025,2025-03-01,BA,Mortes a esclarecer (sem indício de crime),63.0,0.0,23.0,34.0,6.0,0.0,63.0,vitimas
2025,2025-03-01,BA,Mortes no trânsito,46.0,0.0,9.0,37.0,0.0,0.0,46.0,vitimas
2025,2025-03-01,BA,Pessoa Desaparecida,353.0,0.0,106.0,246.0,1.0,0.0,353.0,vitimas
2025,2025-03-01,BA,Pessoa Localizada,76.0,0.0,24.0,51.0,1.0,0.0,76.0,vitimas
2025,2025-03-01,BA,Realização de vistorias,0.0,884.0,0.0,0.0,0.0,0.0,884.0,ocorrencias
2025,2025-03-01,BA,Roubo a instituição financeira,0.0,0.0,0.0,0.0,0.0,0.0,0.0,ocorrencias
2025,2025-03-01,BA,Roubo de carga,0.0,24.0,0.0,0.0,0.0,0.0,24.0,ocorrencias
2025,2025-03-01,BA,Roubo de veículo,0.0,834.0,0.0,0.0,0.0,0.0,834.0,ocorrencias
2025,2025-03-01,BA,Roubo seguido de morte (latrocínio),11.0,0.0,1.0,10.0,0.0,0.0,11.0,vitimas
2025,2025-03-01,BA,Suicídio,67.0,0.0,8.0,59.0,0.0,0.0,67.0,vitimas
2025,2025-03-01,BA,Suicídio de Agente do Estado,0.0,0.0,0.0,0.0,0.0,0.0,0.0,vitimas
2025,2025-03-01,BA,Tentativa de feminicídio,19.0,0.0,19.0,0.0,0.0,0.0,19.0,vitimas
2025,2025-03-01,BA,Tentativa de homicídio,298.0,0.0,43.0,236.0,19.0,0.0,298.0,vitimas
2025,2025-03-01,BA,Tráfico de drogas,0.0,741.0,0.0,0.0,0.0,0.0,741.0,ocorrencias
2025,2025-03-01,CE,Apreensão de Cocaína,0.0,0.0,0.0,0.0,0.0,5167.0,5167.0,kg
2025,2025-03-01,CE,Apreensão de Maconha,0.0,0.0,0.0,0.0,0.0,30204.0,30204.0,kg
2025,2025-03-01,CE,Arma de Fogo Apreendida,0.0,635.0,0.0,0.0,0.0,0.0,635.0,ocorrencias
2025,2025-03-01,CE,Atendimento pré-hospitalar,0.0,91.0,0.0,0.0,0.0,0.0,91.0,ocorrencias
2025,2025-03-01,CE,Busca e salvamento,0.0,1529.0,0.0,0.0,0.0,0.0,1529.0,ocorrencias
2025,2025-03-01,CE,Combate a incêndios,0.0,323.0,0.0,0.0,0.0,0.0,323.0,ocorrencias
2025,2025-03-01,CE,Emissão de Alvarás de licença,0.0,3454.0,0.0,0.0,0.0,0.0,3454.0,ocorrencias
2025,2025-03-01,CE,Estupro,27.0,0.0,25.0,2.0,0.0,0.0,27.0,vitimas
2025,2025-03-01,CE,Estupro de vulnerável,128.0,0.0,111.0,16.0,1.0,0.0,128.0,vitimas
2025,2025-03-01,CE,Feminicídio,4.0,0.0,4.0,0.0,0.0,0.0,4.0,vitimas
2025,2025-03-01,CE,Furto de veículo,0.0,371.0,0.0,0.0,0.0,0.0,371.0,ocorrencias
2025,2025-03-01,CE,Homicídio doloso,246.0,0.0,16.0,230.0,0.0,0.0,246.0,vitimas
2025,2025-03-01,CE,Lesão corporal seguida de morte,3.0,0.0,0.0,3.0,0.0,0.0,3.0,vitimas
2025,2025-03-01,CE,Mandado de prisão cumprido,0.0,771.0,0.0,0.0,0.0,0.0,771.0,ocorrencias
2025,2025-03-01,CE,Morte de Agente do Estado,0.0,0.0,0.0,0.0,0.0,0.0,0.0,vitimas
2025,2025-03-01,CE,Morte no trânsito ou em decorrência dele (exceto homicídio doloso),134.0,0.0,21.0,113.0,0.0,0.0,134.0,vitimas
2025,2025-03-01,CE,Morte por intervenção de Agente do Estado,19.0,0.0,0.0,19.0,0.0,0.0,19.0,vitimas
2025,2025-03-01,CE,Mortes a esclarecer (sem indício de crime),31.0,0.0,10.0,21.0,0.0,0.0,31.0,vitimas
2025,2025-03-01,CE,Mortes no trânsito,17.0,0.0,1.0,16.0,0.0,0.0,17.0,vitimas
2025,2025-03-01,CE,Pessoa Desaparecida,203.0,0.0,54.0,149.0,0.0,0.0,203.0,vitimas
2025,2025-03-01,CE,Pessoa Localizada,132.0,0.0,37.0,95.0,0.0,0.0,132.0,vitimas
2025,2025-03-01,CE,Realização de vistorias,0.0,4020.0,0.0,0.0,0.0,0.0,4020.0,ocorrencias
2025,2025-03-01,CE,Roubo a instituição financeira,0.0,0.0,0.0,0.0,0.0,0.0,0.0,ocorrencias
2025,2025-03-01,CE,Roubo de carga,0.0,5.0,0.0,0.0,0.0,0.0,5.0,ocorrencias
2025,2025-03-01,CE,Roubo de veículo,0.0,460.0,0.0,0.0,0.0,0.0,460.0,ocorrencias
2025,2025-03-01,CE,Roubo seguido de morte (latrocínio),1.0,0.0,0.0,1.0,0.0,0.0,1.0,vitimas
2025,2025-03-01,CE,Suicídio,69.0,0.0,11.0,58.0,0.0,0.0,69.0,vitimas
2025,2025-03-01,CE,Suicídio de Agente do Estado,1.0,0.0,0.0,1.0,0.0,0.0,1.0,vitimas
2025,2025-03-01,CE,Tentativa de feminicídio,13.0,0.0,13.0,0.0,0.0,0.0,13.0,vitimas
2025,2025-03-01,CE,Tentativa de homicídio,92.0,0.0,15.0,77.0,0.0,0.0,92.0,vitimas
2025,2025-03-01,CE,Tráfico de drogas,0.0,573.0,0.0,0.0,0.0,0.0,573.0,ocorrencias
2025,2025-03-01,DF,Apreensão de Cocaína,0.0,0.0,0.0,0.0,0.0,515.0,515.0,kg
2025,2025-03-01,DF,Apreensão de Maconha,0.0,0.0,0.0,0.0,0.0,11282.0,11282.0,kg
2025,2025-03-01,DF,Arma de Fogo Apreendida,0.0,151.0,0.0,0.0,0.0,0.0,151.0,ocorrencias
2025,2025-03-01,DF,Atendimento pré-hospitalar,0.0,0.0,0.0,0.0,0.0,0.0,0.0,ocorrencias
2025,2025-03-01,DF,Busca e salvamento,0.0,0.0,0.0,0.0,0.0,0.0,0.0,ocorrencias
2025,2025-03-01,DF,Combate a incêndios,0.0,0.0,0.0,0.0,0.0,0.0,0.0,ocorrencias
2025,2025-03-01,DF,Emissão de Alvarás de licença,0.0,0.0,0.0,0.0,0.0,0.0,0.0,ocorrencias
2025,2025-03-01,DF,Estupro,32.0,0.0,28.0,4.0,0.0,0.0,32.0,vitimas
2025,2025-03-01,DF,Estupro de vulnerável,47.0,0.0,41.0,6.0,0.0,0.0,47.0,vitimas
2025,2025-03-01,DF,Feminicídio,2.0,0.0,2.0,0.0,0.0,0.0,2.0,vitimas
2025,2025-03-01,DF,Furto de veículo,0.0,226.0,0.0,0.0,0.0,0.0,226.0,ocorrencias
2025,2025-03-01,DF,Homicídio doloso,26.0,0.0,1.0,25.0,0.0,0.0,26.0,vitimas
2025,2025-03-01,DF,Lesão corporal seguida de morte,1.0,0.0,0.0,1.0,0.0,0.0,1.0,vitimas
2025,2025-03-01,DF,Mandado de prisão cumprido,0.0,639.0,0.0,0.0,0.0,0.0,639.0,ocorrencias
2025,2025-03-01,DF,Morte de Agente do Estado,0.0,0.0,0.0,0.0,0.0,0.0,0.0,vitimas
2025,2025-03-01,DF,Morte no trânsito ou em decorrência dele (exceto homicídio doloso),26.0,0.0,3.0,22.0,1.0,0.0,26.0,vitimas
2025,2025-03-01,DF,Morte por intervenção de Agente do Estado,2.0,0.0,0.0,2.0,0.0,0.0,2.0,vitimas
2025,2025-03-01,DF,Mortes a esclarecer (sem indício de crime),0.0,0.0,0.0,0.0,0.0,0.0,0.0,vitimas
2025,2025-03-01,DF,Mortes no trânsito,4.0,0.0,0.0,4.0,0.0,0.0,4.0,vitimas
2025,2025-03-01,DF,Pessoa Desaparecida,175.0,0.0,64.0,111.0,0.0,0.0,175.0,vitimas
2025,2025-03-01,DF,Pessoa Localizada,166.0,0.0,63.0,103.0,0.0,0.0,166.0,vitimas
2025,2025-03-01,DF,Realização de vistorias,0.0,0.0,0.0,0.0,0.0,0.0,0.0,ocorrencias
2025,2025-03-01,DF,Roubo a instituição financeira,0.0,0.0,0.0,0.0,0.0,0.0,0.0,ocorrencias
2025,2025-03-01,DF,Roubo de carga,0.0,0.0,0.0,0.0,0.0,0.0,0.0,ocorrencias
2025,2025-03-01,DF,Roubo de veículo,0.0,79.0,0.0,0.0,0.0,0.0,79.0,ocorrencias
2025,2025-03-01,DF,Roubo seguido de morte (latrocínio),1.0,0.0,0.0,1.0,0.0,0.0,1.0,vitimas
2025,2025-03-01,DF,Suicídio,23.0,0.0,4.0,19.0,0.0,0.0,23.0,vitimas
2025,2025-03-01,DF,Suicídio de Agente do Estado,0.0,0.0,0.0,0.0,0.0,0.0,0.0,vitimas
2025,2025-03-01,DF,Tentativa de feminicídio,14.0,0.0,14.0,0.0,0.0,0.0,14.0,vitimas
2025,2025-03-01,DF,Tentativa de homicídio,56.0,0.0,2.0,54.0,0.0,0.0,56.0,vitimas
2025,2025-03-01,DF,Tráfico de drogas,0.0,260.0,0.0,0.0,0.0,0.0,260.0,ocorrencias
2025,2025-03-01,ES,Apreensão de Cocaína,0.0,0.0,0.0,0.0,0.0,4300.0,4300.0,kg
2025,2025-03-01,ES,Apreensão de Maconha,0.0,0.0,0.0,0.0,0.0,31617.0,31617.0,kg
2025,2025-03-01,ES,Arma de Fogo Apreendida,0.0,395.0,0.0,0.0,0.0,0.0,395.0,ocorrencias
2025,2025-03-01,ES,Atendimento pré-hospitalar,0.0,753.0,0.0,0.0,0.0,0.0,753.0,ocorrencias
2025,2025-03-01,ES,Busca e salvamento,0.0,340.0,0.0,0.0,0.0,0.0,340.0,ocorrencias
2025,2025-03-01,ES,Combate a incêndios,0.0,344.0,0.0,0.0,0.0,0.0,344.0,ocorrencias
2025,2025-03-01,ES,Emissão de Alvarás de licença,0.0,3356.0,0.0,0.0,0.0,0.0,3356.0,ocorrencias
2025,2025-03-01,ES,Estupro,35.0,0.0,30.0,3.0,2.0,0.0,35.0,vitimas
2025,2025-03-01,ES,Estupro de vulnerável,110.0,0.0,84.0,21.0,5.0,0.0,110.0,vitimas
2025,2025-03-01,ES,Feminicídio,2.0,0.0,2.0,0.0,0.0,0.0,2.0,vitimas
2025,2025-03-01,ES,Furto de veículo,0.0,321.0,0.0,0.0,0.0,0.0,321.0,ocorrencias
2025,2025-03-01,ES,Homicídio doloso,59.0,0.0,3.0,56.0,0.0,0.0,59.0,vitimas
2025,2025-03-01,ES,Lesão corporal seguida de morte,2.0,0.0,0.0,2.0,0.0,0.0,2.0,vitimas
2025,2025-03-01,ES,Mandado de prisão cumprido,0.0,490.0,0.0,0.0,0.0,0.0,490.0,ocorrencias
2025,2025-03-01,ES,Morte de Agente do Estado,0.0,0.0,0.0,0.0,0.0,0.0,0.0,vitimas
2025,2025-03-01,ES,Morte no trânsito ou em decorrência dele (exceto homicídio doloso),93.0,0.0,10.0,83.0,0.0,0.0,93.0,vitimas
2025,2025-03-01,ES,Morte por intervenção de Agente do Estado,11.0,0.0,0.0,11.0,0.0,0.0,11.0,vitimas
2025,2025-03-01,ES,Mortes a esclarecer (sem indício de crime),22.0,0.0,6.0,16.0,0.0,0.0,22.0,vitimas
2025,2025-03-01,ES,Mortes no trânsito,13.0,0.0,0.0,13.0,0.0,0.0,13.0,vitimas
2025,2025-03-01,ES,Pessoa Desaparecida,199.0,0.0,73.0,117.0,9.0,0.0,199.0,vitimas
2025,2025-03-01,ES,Pessoa Localizada,26.0,0.0,13.0,13.0,0.0,0.0,26.0,vitimas
2025,2025-03-01,ES,Realização de vistorias,0.0,3413.0,0.0,0.0,0.0,0.0,3413.0,ocorrencias
2025,2025-03-01,ES,Roubo a instituição financeira,0.0,0.0,0.0,0.0,0.0,0.0,0.0,ocorrencias
2025,2025-03-01,ES,Roubo de carga,0.0,0.0,0.0,0.0,0.0,0.0,0.0,ocorrencias
2025,2025-03-01,ES,Roubo de veículo,0.0,151.0,0.0,0.0,0.0,0.0,151.0,ocorrencias
2025,2025-03-01,ES,Roubo seguido de morte (latrocínio),2.0,0.0,0.0,2.0,0.0,0.0,2.0,vitimas
2025,2025-03-01,ES,Suicídio,34.0,0.0,7.0,27.0,0.0,0.0,34.0,vitimas
2025,2025-03-01,ES,Suicídio de Agente do Estado,0.0,0.0,0.0,0.0,0.0,0.0,0.0,vitimas
2025,2025-03-01,ES,Tentativa de feminicídio,6.0,0.0,6.0,0.0,0.0,0.0,6.0,vitimas
2025,2025-03-01,ES,Tentativa de homicídio,129.0,0.0,26.0,95.0,8.0,0.0,129.0,vitimas
2025,2025-03-01,ES,Tráfico de drogas,0.0,536.0,0.0,0.0,0.0,0.0,536.0,ocorrencias
2025,2025-03-01,GO,Apreensão de Cocaína,0.0,0.0,0.0,0.0,0.0,636037.0,636037.0,kg
2025,2025-03-01,GO,Apreensão de Maconha,0.0,0.0,0.0,0.0,0.0,2627036.0,2627036.0,kg
2025,2025-03-01,GO,Arma de Fogo Apreendida,0.0,347.0,0.0,0.0,0.0,0.0,347.0,ocorrencias
2025,2025-03-01,GO,Atendimento pré-hospitalar,0.0,8423.0,0.0,0.0,0.0,0.0,8423.0,ocorrencias
2025,2025-03-01,GO,Busca e salvamento,0.0,2082.0,0.0,0.0,0.0,0.0,2082.0,ocorrencias
2025,2025-03-01,GO,Combate a incêndios,0.0,552.0,0.0,0.0,0.0,0.0,552.0,ocorrencias
2025,2025-03-01,GO,Emissão de Alvarás de licença,0.0,13433.0,0.0,0.0,0.0,0.0,13433.0,ocorrencias
2025,2025-03-01,GO,Estupro,70.0,0.0,67.0,3.0,0.0,0.0,70.0,vitimas
2025,2025-03-01,GO,Estupro de vulnerável,258.0,0.0,223.0,33.0,2.0,0.0,258.0,vitimas
2025,2025-03-01,GO,Feminicídio,7.0,0.0,7.0,0.0,0.0,0.0,7.0,vitimas
2025,2025-03-01,GO,Furto de veículo,0.0,268.0,0.0,0.0,0.0,0.0,268.0,ocorrencias
2025,2025-03-01,GO,Homicídio doloso,75.0,0.0,4.0,64.0,7.0,0.0,75.0,vitimas
2025,2025-03-01,GO,Lesão corporal seguida de morte,3.0,0.0,0.0,2.0,1.0,0.0,3.0,vitimas
2025,2025-03-01,GO,Mandado de prisão cumprido,0.0,840.0,0.0,0.0,0.0,0.0,840.0,ocorrencias
2025,2025-03-01,GO,Morte de Agente do Estado,0.0,0.0,0.0,0.0,0.0,0.0,0.0,vitimas
2025,2025-03-01,GO,Morte no trânsito ou em decorrência dele (exceto homicídio doloso),80.0,0.0,16.0,62.0,2.0,0.0,80.0,vitimas
2025,2025-03-01,GO,Morte por intervenção de Agente do Estado,33.0,0.0,0.0,29.0,4.0,0.0,33.0,vitimas
2025,2025-03-01,GO,Mortes a esclarecer (sem indício de crime),45.0,0.0,5.0,29.0,11.0,0.0,45.0,vitimas
2025,2025-03-01,GO,Mortes no trânsito,23.0,0.0,4.0,19.0,0.0,0.0,23.0,vitimas
2025,2025-03-01,GO,Pessoa Desaparecida,336.0,0.0,124.0,205.0,7.0,0.0,336.0,vitimas
2025,2025-03-01,GO,Pessoa Localizada,223.0,0.0,93.0,129.0,1.0,0.0,223.0,vitimas
2025,2025-03-01,GO,Realização de vistorias,0.0,5319.0,0.0,0.0,0.0,0.0,5319.0,ocorrencias
2025,2025-03-01,GO,Roubo a instituição financeira,0.0,0.0,0.0,0.0,0.0,0.0,0.0,ocorrencias
2025,2025-03-01,GO,Roubo de carga,0.0,1.0,0.0,0.0,0.0,0.0,1.0,ocorrencias
2025,2025-03-01,GO,Roubo de veículo,0.0,51.0,0.0,0.0,0.0,0.0,51.0,ocorrencias
2025,2025-03-01,GO,Roubo seguido de morte (latrocínio),2.0,0.0,0.0,2.0,0.0,0.0,2.0,vitimas
2025,2025-03-01,GO,Suicídio,66.0,0.0,18.0,48.0,0.0,0.0,66.0,vitimas
2025,2025-03-01,GO,Suicídio de Agente do Estado,0.0,0.0,0.0,0.0,0.0,0.0,0.0,vitimas
2025,2025-03-01,GO,Tentativa de feminicídio,21.0,0.0,19.0,2.0,0.0,0.0,21.0,vitimas
2025,2025-03-01,GO,Tentativa de homicídio,132.0,0.0,12.0,119.0,1.0,0.0,132.0,vitimas
2025,2025-03-01,GO,Tráfico de drogas,0.0,543.0,0.0,0.0,0.0,0.0,543.0,ocorrencias
2025,2025-03-01,MA,Apreensão de Cocaína,0.0,0.0,0.0,0.0,0.0,118398.0,118398.0,kg
2025,2025-03-01,MA,Apreensão de Maconha,0.0,0.0,0.0,0.0,0.0,105.0,105.0,kg
2025,2025-03-01,MA,Arma de Fogo Apreendida,0.0,341.0,0.0,0.0,0.0,0.0,341.0,ocorrencias
2025,2025-03-01,MA,Atendimento pré-hospitalar,0.0,2123.0,0.0,0.0,0.0,0.0,2123.0,ocorrencias
2025,2025-03-01,MA,Busca e salvamento,0.0,1172.0,0.0,0.0,0.0,0.0,1172.0,ocorrencias
2025,2025-03-01,MA,Combate a incêndios,0.0,310.0,0.0,0.0,0.0,0.0,310.0,ocorrencias
2025,2025-03-01,MA,Emissão de Alvarás de licença,0.0,1606.0,0.0,0.0,0.0,0.0,1606.0,ocorrencias
2025,2025-03-01,MA,Estupro,35.0,0.0,33.0,2.0,0.0,0.0,35.0,vitimas
2025,2025-03-01,MA,Estupro de vulnerável,140.0,0.0,124.0,16.0,0.0,0.0,140.0,vitimas
2025,2025-03-01,MA,Feminicídio,2.0,0.0,2.0,0.0,0.0,0.0,2.0,vitimas
2025,2025-03-01,MA,Furto de veículo,0.0,257.0,0.0,0.0,0.0,0.0,257.0,ocorrencias
2025,2025-03-01,MA,Homicídio doloso,137.0,0.0,6.0,131.0,0.0,0.0,137.0,vitimas
2025,2025-03-01,MA,Lesão corporal seguida de morte,1.0,0.0,0.0,1.0,0.0,0.0,1.0,vitimas
2025,2025-03-01,MA,Mandado de prisão cumprido,0.0,344.0,0.0,0.0,0.0,0.0,344.0,ocorrencias
2025,2025-03-01,MA,Morte de Agente do Estado,1.0,0.0,0.0,1.0,0.0,0.0,1.0,vitimas
2025,2025-03-01,MA,Morte no trânsito ou em decorrência dele (exceto homicídio doloso),68.0,0.0,10.0,58.0,0.0,0.0,68.0,vitimas
2025,2025-03-01,MA,Morte por intervenção de Agente do Estado,13.0,0.0,0.0,13.0,0.0,0.0,13.0,vitimas
2025,2025-03-01,MA,Mortes a esclarecer (sem indício de crime),14.0,0.0,4.0,10.0,0.0,0.0,14.0,vitimas
2025,2025-03-01,MA,Mortes no trânsito,17.0,0.0,0.0,17.0,0.0,0.0,17.0,vitimas
2025,2025-03-01,MA,Pessoa Desaparecida,91.0,0.0,30.0,55.0,6.0,0.0,91.0,vitimas
2025,2025-03-01,MA,Pessoa Localizada,25.0,0.0,12.0,12.0,1.0,0.0,25.0,vitimas
2025,2025-03-01,MA,Realização de vistorias,0.0,476.0,0.0,0.0,0.0,0.0,476.0,ocorrencias
2025,2025-03-01,MA,Roubo a instituição financeira,0.0,1.0,0.0,0.0,0.0,0.0,1.0,ocorrencias
2025,2025-03-01,MA,Roubo de carga,0.0,17.0,0.0,0.0,0.0,0.0,17.0,ocorrencias
2025,2025-03-01,MA,Roubo de veículo,0.0,306.0,0.0,0.0,0.0,0.0,306.0,ocorrencias
2025,2025-03-01,MA,Roubo seguido de morte (latrocínio),6.0,0.0,0.0,6.0,0.0,0.0,6.0,vitimas
2025,2025-03-01,MA,Suicídio,25.0,0.0,4.0,21.0,0.0,0.0,25.0,vitimas
2025,2025-03-01,MA,Suicídio de Agente do Estado,1.0,0.0,0.0,1.0,0.0,0.0,1.0,vitimas
2025,2025-03-01,MA,Tentativa de feminicídio,8.0,0.0,8.0,0.0,0.0,0.0,8.0,vitimas
2025,2025-03-01,MA,Tentativa de homicídio,143.0,0.0,12.0,131.0,0.0,0.0,143.0,vitimas
2025,2025-03-01,MA,Tráfico de drogas,0.0,210.0,0.0,0.0,0.0,0.0,210.0,ocorrencias
2025,2025-03-01,MG,Apreensão de Cocaína,0.0,0.0,0.0,0.0,0.0,59.0,59.0,kg
2025,2025-03-01,MG,Apreensão de Maconha,0.0,0.0,0.0,0.0,0.0,16197.0,16197.0,kg
2025,2025-03-01,MG,Arma de Fogo Apreendida,0.0,1279.0,0.0,0.0,0.0,0.0,1279.0,ocorrencias
2025,2025-03-01,MG,Atendimento pré-hospitalar,0.0,8356.0,0.0,0.0,0.0,0.0,8356.0,ocorrencias
2025,2025-03-01,MG,Busca e salvamento,0.0,5683.0,0.0,0.0,0.0,0.0,5683.0,ocorrencias
2025,2025-03-01,MG,Combate a incêndios,0.0,2251.0,0.0,0.0,0.0,0.0,2251.0,ocorrencias
2025,2025-03-01,MG,Emissão de Alvarás de licença,0.0,615.0,0.0,0.0,0.0,0.0,615.0,ocorrencias
2025,2025-03-01,MG,Estupro,136.0,0.0,119.0,17.0,0.0,0.0,136.0,vitimas
2025,2025-03-01,MG,Estupro de vulnerável,362.0,0.0,297.0,58.0,7.0,0.0,362.0,vitimas
2025,2025-03-01,MG,Feminicídio,19.0,0.0,19.0,0.0,0.0,0.0,19.0,vitimas
2025,2025-03-01,MG,Furto de veículo,0.0,1878.0,0.0,0.0,0.0,0.0,1878.0,ocorrencias
2025,2025-03-01,MG,Homicídio doloso,201.0,0.0,13.0,187.0,1.0,0.0,201.0,vitimas
2025,2025-03-01,MG,Lesão corporal seguida de morte,3.0,0.0,1.0,2.0,0.0,0.0,3.0,vitimas
2025,2025-03-01,MG,Mandado de prisão cumprido,0.0,1492.0,0.0,0.0,0.0,0.0,1492.0,ocorrencias
2025,2025-03-01,MG,Morte de Agente do Estado,1.0,0.0,0.0,1.0,0.0,0.0,1.0,vitimas
2025,2025-03-01,MG,Morte no trânsito ou em decorrência dele (exceto homicídio doloso),158.0,0.0,26.0,128.0,4.0,0.0,158.0,vitimas
2025,2025-03-01,MG,Morte por intervenção de Agente do Estado,20.0,0.0,0.0,20.0,0.0,0.0,20.0,vitimas
2025,2025-03-01,MG,Mortes a esclarecer (sem indício de crime),0.0,0.0,0.0,0.0,0.0,0.0,0.0,vitimas
2025,2025-03-01,MG,Mortes no trânsito,66.0,0.0,12.0,54.0,0.0,0.0,66.0,vitimas
2025,2025-03-01,MG,Pessoa Desaparecida,779.0,0.0,291.0,488.0,0.0,0.0,779.0,vitimas
2025,2025-03-01,MG,Pessoa Localizada,540.0,0.0,219.0,321.0,0.0,0.0,540.0,vitimas
2025,2025-03-01,MG,Realização de vistorias,0.0,4026.0,0.0,0.0,0.0,0.0,4026.0,ocorrencias
2025,2025-03-01,MG,Roubo a instituição financeira,0.0,0.0,0.0,0.0,0.0,0.0,0.0,ocorrencias
2025,2025-03-01,MG,Roubo de carga,0.0,14.0,0.0,0.0,0.0,0.0,14.0,ocorrencias
2025,2025-03-01,MG,Roubo de veículo,0.0,304.0,0.0,0.0,0.0,0.0,304.0,ocorrencias
2025,2025-03-01,MG,Roubo seguido de morte (latrocínio),3.0,0.0,0.0,3.0,0.0,0.0,3.0,vitimas
2025,2025-03-01,MG,Suicídio,182.0,0.0,40.0,142.0,0.0,0.0,182.0,vitimas
2025,2025-03-01,MG,Suicídio de Agente do Estado,0.0,0.0,0.0,0.0,0.0,0.0,0.0,vitimas
2025,2025-03-01,MG,Tentativa de feminicídio,14.0,0.0,14.0,0.0,0.0,0.0,14.0,vitimas
2025,2025-03-01,MG,Tentativa de homicídio,257.0,0.0,32.0,224.0,1.0,0.0,257.0,vitimas
2025,2025-03-01,MG,Tráfico de drogas,0.0,2999.0,0.0,0.0,0.0,0.0,2999.0,ocorrencias
2025,2025-03-01,MS,Apreensão de Cocaína,0.0,0.0,0.0,0.0,0.0,466779.0,466779.0,kg
2025,2025-03-01,MS,Apreensão de Maconha,0.0,0.0,0.0,0.0,0.0,46100810.0,46100810.0,kg
2025,2025-03-01,MS,Arma de Fogo Apreendida,0.0,137.0,0.0,0.0,0.0,0.0,137.0,ocorrencias
2025,2025-03-01,MS,Atendimento pré-hospitalar,0.0,2178.0,0.0,0.0,0.0,0.0,2178.0,ocorrencias
2025,2025-03-01,MS,Busca e salvamento,0.0,5228.0,0.0,0.0,0.0,0.0,5228.0,ocorrencias
2025,2025-03-01,MS,Combate a incêndios,0.0,479.0,0.0,0.0,0.0,0.0,479.0,ocorrencias
2025,2025-03-01,MS,Emissão de Alvarás de licença,0.0,3639.0,0.0,0.0,0.0,0.0,3639.0,ocorrencias
2025,2025-03-01,MS,Estupro,166.0,0.0,150.0,16.0,0.0,0.0,166.0,vitimas
2025,2025-03-01,MS,Estupro de vulnerável,106.0,0.0,95.0,6.0,5.0,0.0,106.0,vitimas
2025,2025-03-01,MS,Feminicídio,2.0,0.0,2.0,0.0,0.0,0.0,2.0,vitimas
2025,2025-03-01,MS,Furto de veículo,0.0,216.0,0.0,0.0,0.0,0.0,216.0,ocorrencias
2025,2025-03-01,MS,Homicídio doloso,42.0,0.0,5.0,36.0,1.0,0.0,42.0,vitimas
2025,2025-03-01,MS,Lesão corporal seguida de morte,0.0,0.0,0.0,0.0,0.0,0.0,0.0,vitimas
2025,2025-03-01,MS,Mandado de prisão cumprido,0.0,461.0,0.0,0.0,0.0,0.0,461.0,ocorrencias
2025,2025-03-01,MS,Morte de Agente do Estado,0.0,0.0,0.0,0.0,0.0,0.0,0.0,vitimas
2025,2025-03-01,MS,Morte no trânsito ou em decorrência dele (exceto homicídio doloso),21.0,0.0,5.0,15.0,1.0,0.0,21.0,vitimas
2025,2025-03-01,MS,Morte por intervenção de Agente do Estado,2.0,0.0,0.0,1.0,1.0,0.0,2.0,vitimas
2025,2025-03-01,MS,Mortes a esclarecer (sem indício de crime),37.0,0.0,3.0,32.0,2.0,0.0,37.0,vitimas
2025,2025-03-01,MS,Mortes no trânsito,5.0,0.0,0.0,5.0,0.0,0.0,5.0,vitimas
2025,2025-03-01,MS,Pessoa Desaparecida,56.0,0.0,19.0,37.0,0.0,0.0,56.0,vitimas
2025,2025-03-01,MS,Pessoa Localizada,98.0,0.0,35.0,62.0,1.0,0.0,98.0,vitimas
2025,2025-03-01,MS,Realização de vistorias,0.0,972.0,0.0,0.0,0.0,0.0,972.0,ocorrencias
2025,2025-03-01,MS,Roubo a instituição financeira,0.0,0.0,0.0,0.0,0.0,0.0,0.0,ocorrencias
2025,2025-03-01,MS,Roubo de carga,0.0,0.0,0.0,0.0,0.0,0.0,0.0,ocorrencias
2025,2025-03-01,MS,Roubo de veículo,0.0,25.0,0.0,0.0,0.0,0.0,25.0,ocorrencias
2025,2025-03-01,MS,Roubo seguido de morte (latrocínio),1.0,0.0,0.0,1.0,0.0,0.0,1.0,vitimas
2025,2025-03-01,MS,Suicídio,20.0,0.0,1.0,18.0,1.0,0.0,20.0,vitimas
2025,2025-03-01,MS,Suicídio de Agente do Estado,0.0,0.0,0.0,0.0,0.0,0.0,0.0,vitimas
2025,2025-03-01,MS,Tentativa de feminicídio,3.0,0.0,3.0,0.0,0.0,0.0,3.0,vitimas
2025,2025-03-01,MS,Tentativa de homicídio,56.0,0.0,8.0,46.0,2.0,0.0,56.0,vitimas
2025,2025-03-01,MS,Tráfico de drogas,0.0,349.0,0.0,0.0,0.0,0.0,349.0,ocorrencias
2025,2025-03-01,MT,Apreensão de Cocaína,0.0,0.0,0.0,0.0,0.0,28000.0,28000.0,kg
2025,2025-03-01,MT,Apreensão de Maconha,0.0,0.0,0.0,0.0,0.0,8062.0,8062.0,kg
2025,2025-03-01,MT,Arma de Fogo Apreendida,0.0,147.0,0.0,0.0,0.0,0.0,147.0,ocorrencias
2025,2025-03-01,MT,Atendimento pré-hospitalar,0.0,3405.0,0.0,0.0,0.0,0.0,3405.0,ocorrencias
2025,2025-03-01,MT,Busca e salvamento,0.0,961.0,0.0,0.0,0.0,0.0,961.0,ocorrencias
2025,2025-03-01,MT,Combate a incêndios,0.0,211.0,0.0,0.0,0.0,0.0,211.0,ocorrencias
2025,2025-03-01,MT,Emissão de Alvarás de licença,0.0,7920.0,0.0,0.0,0.0,0.0,7920.0,ocorrencias
2025,2025-03-01,MT,Estupro,52.0,0.0,50.0,2.0,0.0,0.0,52.0,vitimas
2025,2025-03-01,MT,Estupro de vulnerável,137.0,0.0,123.0,14.0,0.0,0.0,137.0,vitimas
2025,2025-03-01,MT,Feminicídio,3.0,0.0,3.0,0.0,0.0,0.0,3.0,vitimas
2025,2025-03-01,MT,Furto de veículo,0.0,117.0,0.0,0.0,0.0,0.0,117.0,ocorrencias
2025,2025-03-01,MT,Homicídio doloso,33.0,0.0,2.0,31.0,0.0,0.0,33.0,vitimas
2025,2025-03-01,MT,Lesão corporal seguida de morte,1.0,0.0,0.0,1.0,0.0,0.0,1.0,vitimas
2025,2025-03-01,MT,Mandado de prisão cumprido,0.0,773.0,0.0,0.0,0.0,0.0,773.0,ocorrencias
2025,2025-03-01,MT,Morte de Agente do Estado,0.0,0.0,0.0,0.0,0.0,0.0,0.0,vitimas
2025,2025-03-01,MT,Morte no trânsito ou em decorrência dele (exceto homicídio doloso),56.0,0.0,7.0,49.0,0.0,0.0,56.0,vitimas
2025,2025-03-01,MT,Morte por intervenção de Agente do Estado,6.0,0.0,0.0,6.0,0.0,0.0,6.0,vitimas
2025,2025-03-01,MT,Mortes a esclarecer (sem indício de crime),32.0,0.0,4.0,25.0,3.0,0.0,32.0,vitimas
2025,2025-03-01,MT,Mortes no trânsito,15.0,0.0,0.0,15.0,0.0,0.0,15.0,vitimas
2025,2025-03-01,MT,Pessoa Desaparecida,203.0,0.0,47.0,156.0,0.0,0.0,203.0,vitimas
2025,2025-03-01,MT,Pessoa Localizada,117.0,0.0,30.0,87.0,0.0,0.0,117.0,vitimas
2025,2025-03-01,MT,Realização de vistorias,0.0,624.0,0.0,0.0,0.0,0.0,624.0,ocorrencias
2025,2025-03-01,MT,Roubo a instituição financeira,0.0,0.0,0.0,0.0,0.0,0.0,0.0,ocorrencias
2025,2025-03-01,MT,Roubo de carga,0.0,4.0,0.0,0.0,0.0,0.0,4.0,ocorrencias
2025,2025-03-01,MT,Roubo de veículo,0.0,28.0,0.0,0.0,0.0,0.0,28.0,ocorrencias
2025,2025-03-01,MT,Roubo seguido de morte (latrocínio),1.0,0.0,0.0,1.0,0.0,0.0,1.0,vitimas
2025,2025-03-01,MT,Suicídio,35.0,0.0,11.0,24.0,0.0,0.0,35.0,vitimas
2025,2025-03-01,MT,Suicídio de Agente do Estado,1.0,0.0,0.0,1.0,0.0,0.0,1.0,vitimas
2025,2025-03-01,MT,Tentativa de feminicídio,15.0,0.0,15.0,0.0,0.0,0.0,15.0,vitimas
2025,2025-03-01,MT,Tentativa de homicídio,111.0,0.0,10.0,101.0,0.0,0.0,111.0,vitimas
2025,2025-03-01,MT,Tráfico de drogas,0.0,441.0,0.0,0.0,0.0,0.0,441.0,ocorrencias
2025,2025-03-01,PA,Apreensão de Cocaína,0.0,0.0,0.0,0.0,0.0,145025.0,145025.0,kg
2025,2025-03-01,PA,Apreensão de Maconha,0.0,0.0,0.0,0.0,0.0,288283.0,288283.0,kg
2025,2025-03-01,PA,Arma de Fogo Apreendida,0.0,138.0,0.0,0.0,0.0,0.0,138.0,ocorrencias
2025,2025-03-01,PA,Atendimento pré-hospitalar,0.0,1629.0,0.0,0.0,0.0,0.0,1629.0,ocorrencias
2025,2025-03-01,PA,Busca e salvamento,0.0,76.0,0.0,0.0,0.0,0.0,76.0,ocorrencias
2025,2025-03-01,PA,Combate a incêndios,0.0,251.0,0.0,0.0,0.0,0.0,251.0,ocorrencias
2025,2025-03-01,PA,Emissão de Alvarás de licença,0.0,7354.0,0.0,0.0,0.0,0.0,7354.0,ocorrencias
2025,2025-03-01,PA,Estupro,58.0,0.0,53.0,3.0,2.0,0.0,58.0,vitimas
2025,2025-03-01,PA,Estupro de vulnerável,356.0,0.0,327.0,27.0,2.0,0.0,356.0,vitimas
2025,2025-03-01,PA,Feminicídio,4.0,0.0,4.0,0.0,0.0,0.0,4.0,vitimas
2025,2025-03-01,PA,Furto de veículo,0.0,278.0,0.0,0.0,0.0,0.0,278.0,ocorrencias
2025,2025-03-01,PA,Homicídio doloso,141.0,0.0,6.0,135.0,0.0,0.0,141.0,vitimas
2025,2025-03-01,PA,Lesão corporal seguida de morte,3.0,0.0,0.0,3.0,0.0,0.0,3.0,vitimas
2025,2025-03-01,PA,Mandado de prisão cumprido,0.0,547.0,0.0,0.0,0.0,0.0,547.0,ocorrencias
2025,2025-03-01,PA,Morte de Agente do Estado,2.0,0.0,0.0,2.0,0.0,0.0,2.0,vitimas
2025,2025-03-01,PA,Morte no trânsito ou em decorrência dele (exceto homicídio doloso),107.0,0.0,16.0,88.0,3.0,0.0,107.0,vitimas
2025,2025-03-01,PA,Morte por intervenção de Agente do Estado,39.0,0.0,1.0,38.0,0.0,0.0,39.0,vitimas
2025,2025-03-01,PA,Mortes a esclarecer (sem indício de crime),35.0,0.0,4.0,28.0,3.0,0.0,35.0,vitimas
2025,2025-03-01,PA,Mortes no trânsito,17.0,0.0,4.0,13.0,0.0,0.0,17.0,vitimas
2025,2025-03-01,PA,Pessoa Desaparecida,79.0,0.0,19.0,60.0,0.0,0.0,79.0,vitimas
2025,2025-03-01,PA,Pessoa Localizada,83.0,0.0,25.0,58.0,0.0,0.0,83.0,vitimas
2025,2025-03-01,PA,Realização de vistorias,0.0,6076.0,0.0,0.0,0.0,0.0,6076.0,ocorrencias
2025,2025-03-01,PA,Roubo a instituição financeira,0.0,0.0,0.0,0.0,0.0,0.0,0.0,ocorrencias
2025,2025-03-01,PA,Roubo de carga,0.0,14.0,0.0,0.0,0.0,0.0,14.0,ocorrencias
2025,2025-03-01,PA,Roubo de veículo,0.0,111.0,0.0,0.0,0.0,0.0,111.0,ocorrencias
2025,2025-03-01,PA,Roubo seguido de morte (latrocínio),7.0,0.0,0.0,7.0,0.0,0.0,7.0,vitimas
2025,2025-03-01,PA,Suicídio,42.0,0.0,9.0,33.0,0.0,0.0,42.0,vitimas
2025,2025-03-01,PA,Suicídio de Agente do Estado,0.0,0.0,0.0,0.0,0.0,0.0,0.0,vitimas
2025,2025-03-01,PA,Tentativa de feminicídio,18.0,0.0,18.0,0.0,0.0,0.0,18.0,vitimas
2025,2025-03-01,PA,Tentativa de homicídio,112.0,0.0,17.0,92.0,3.0,0.0,112.0,vitimas
2025,2025-03-01,PA,Tráfico de drogas,0.0,460.0,0.0,0.0,0.0,0.0,460.0,ocorrencias
2025,2025-03-01,PB,Apreensão de Cocaína,0.0,0.0,0.0,0.0,0.0,11521.0,11521.0,kg
2025,2025-03-01,PB,Apreensão de Maconha,0.0,0.0,0.0,0.0,0.0,12381.0,12381.0,kg
2025,2025-03-01,PB,Arma de Fogo Apreendida,0.0,272.0,0.0,0.0,0.0,0.0,272.0,ocorrencias
2025,2025-03-01,PB,Atendimento pré-hospitalar,0.0,597.0,0.0,0.0,0.0,0.0,597.0,ocorrencias
2025,2025-03-01,PB,Busca e salvamento,0.0,906.0,0.0,0.0,0.0,0.0,906.0,ocorrencias
2025,2025-03-01,PB,Combate a incêndios,0.0,241.0,0.0,0.0,0.0,0.0,241.0,ocorrencias
2025,2025-03-01,PB,Emissão de Alvarás de licença,0.0,2000.0,0.0,0.0,0.0,0.0,2000.0,ocorrencias
2025,2025-03-01,PB,Estupro,25.0,0.0,23.0,2.0,0.0,0.0,25.0,vitimas
2025,2025-03-01,PB,Estupro de vulnerável,94.0,0.0,84.0,10.0,0.0,0.0,94.0,vitimas
2025,2025-03-01,PB,Feminicídio,4.0,0.0,4.0,0.0,0.0,0.0,4.0,vitimas
2025,2025-03-01,PB,Furto de veículo,0.0,153.0,0.0,0.0,0.0,0.0,153.0,ocorrencias
2025,2025-03-01,PB,Homicídio doloso,75.0,0.0,4.0,71.0,0.0,0.0,75.0,vitimas
2025,2025-03-01,PB,Lesão corporal seguida de morte,2.0,0.0,0.0,2.0,0.0,0.0,2.0,vitimas
2025,2025-03-01,PB,Mandado de prisão cumprido,0.0,369.0,0.0,0.0,0.0,0.0,369.0,ocorrencias
2025,2025-03-01,PB,Morte de Agente do Estado,0.0,0.0,0.0,0.0,0.0,0.0,0.0,vitimas
2025,2025-03-01,PB,Morte no trânsito ou em decorrência dele (exceto homicídio doloso),70.0,0.0,14.0,56.0,0.0,0.0,70.0,vitimas
2025,2025-03-01,PB,Morte por intervenção de Agente do Estado,7.0,0.0,0.0,7.0,0.0,0.0,7.0,vitimas
2025,2025-03-01,PB,Mortes a esclarecer (sem indício de crime),3.0,0.0,2.0,1.0,0.0,0.0,3.0,vitimas
2025,2025-03-01,PB,Mortes no trânsito,15.0,0.0,4.0,11.0,0.0,0.0,15.0,vitimas
2025,2025-03-01,PB,Pessoa Desaparecida,80.0,0.0,25.0,55.0,0.0,0.0,80.0,vitimas
2025,2025-03-01,PB,Pessoa Localizada,70.0,0.0,22.0,48.0,0.0,0.0,70.0,vitimas
2025,2025-03-01,PB,Realização de vistorias,0.0,1217.0,0.0,0.0,0.0,0.0,1217.0,ocorrencias
2025,2025-03-01,PB,Roubo a instituição financeira,0.0,0.0,0.0,0.0,0.0,0.0,0.0,ocorrencias
2025,2025-03-01,PB,Roubo de carga,0.0,1.0,0.0,0.0,0.0,0.0,1.0,ocorrencias
2025,2025-03-01,PB,Roubo de veículo,0.0,400.0,0.0,0.0,0.0,0.0,400.0,ocorrencias
2025,2025-03-01,PB,Roubo seguido de morte (latrocínio),3.0,0.0,2.0,1.0,0.0,0.0,3.0,vitimas
2025,2025-03-01,PB,Suicídio,36.0,0.0,7.0,29.0,0.0,0.0,36.0,vitimas
2025,2025-03-01,PB,Suicídio de Agente do Estado,2.0,0.0,0.0,2.0,0.0,0.0,2.0,vitimas
2025,2025-03-01,PB,Tentativa de feminicídio,3.0,0.0,3.0,0.0,0.0,0.0,3.0,vitimas
2025,2025-03-01,PB,Tentativa de homicídio,50.0,0.0,5.0,45.0,0.0,0.0,50.0,vitimas
2025,2025-03-01,PB,Tráfico de drogas,0.0,168.0,0.0,0.0,0.0,0.0,168.0,ocorrencias
2025,2025-03-01,PE,Apreensão de Cocaína,0.0,0.0,0.0,0.0,0.0,5537.0,5537.0,kg
2025,2025-03-01,PE,Apreensão de Maconha,0.0,0.0,0.0,0.0,0.0,66502.0,66502.0,kg
2025,2025-03-01,PE,Arma de Fogo Apreendida,0.0,513.0,0.0,0.0,0.0,0.0,513.0,ocorrencias
2025,2025-03-01,PE,Atendimento pré-hospitalar,0.0,1637.0,0.0,0.0,0.0,0.0,1637.0,ocorrencias
2025,2025-03-01,PE,Busca e salvamento,0.0,349.0,0.0,0.0,0.0,0.0,349.0,ocorrencias
2025,2025-03-01,PE,Combate a incêndios,0.0,310.0,0.0,0.0,0.0,0.0,310.0,ocorrencias
2025,2025-03-01,PE,Emissão de Alvarás de licença,0.0,7649.0,0.0,0.0,0.0,0.0,7649.0,ocorrencias
2025,2025-03-01,PE,Estupro,64.0,0.0,58.0,5.0,1.0,0.0,64.0,vitimas
2025,2025-03-01,PE,Estupro de vulnerável,163.0,0.0,126.0,33.0,4.0,0.0,163.0,vitimas
2025,2025-03-01,PE,Feminicídio,6.0,0.0,6.0,0.0,0.0,0.0,6.0,vitimas
2025,2025-03-01,PE,Furto de veículo,0.0,613.0,0.0,0.0,0.0,0.0,613.0,ocorrencias
2025,2025-03-01,PE,Homicídio doloso,293.0,0.0,14.0,279.0,0.0,0.0,293.0,vitimas
2025,2025-03-01,PE,Lesão corporal seguida de morte,4.0,0.0,0.0,4.0,0.0,0.0,4.0,vitimas
2025,2025-03-01,PE,Mandado de prisão cumprido,0.0,785.0,0.0,0.0,0.0,0.0,785.0,ocorrencias
2025,2025-03-01,PE,Morte de Agente do Estado,1.0,0.0,0.0,1.0,0.0,0.0,1.0,vitimas
2025,2025-03-01,PE,Morte no trânsito ou em decorrência dele (exceto homicídio doloso),119.0,0.0,17.0,102.0,0.0,0.0,119.0,vitimas
2025,2025-03-01,PE,Morte por intervenção de Agente do Estado,6.0,0.0,0.0,6.0,0.0,0.0,6.0,vitimas
2025,2025-03-01,PE,Mortes a esclarecer (sem indício de crime),15.0,0.0,5.0,10.0,0.0,0.0,15.0,vitimas
2025,2025-03-01,PE,Mortes no trânsito,20.0,0.0,2.0,18.0,0.0,0.0,20.0,vitimas
2025,2025-03-01,PE,Pessoa Desaparecida,264.0,0.0,94.0,155.0,15.0,0.0,264.0,vitimas
2025,2025-03-01,PE,Pessoa Localizada,105.0,0.0,43.0,56.0,6.0,0.0,105.0,vitimas
2025,2025-03-01,PE,Realização de vistorias,0.0,4622.0,0.0,0.0,0.0,0.0,4622.0,ocorrencias
2025,2025-03-01,PE,Roubo a instituição financeira,0.0,0.0,0.0,0.0,0.0,0.0,0.0,ocorrencias
2025,2025-03-01,PE,Roubo de carga,0.0,18.0,0.0,0.0,0.0,0.0,18.0,ocorrencias
2025,2025-03-01,PE,Roubo de veículo,0.0,1013.0,0.0,0.0,0.0,0.0,1013.0,ocorrencias
2025,2025-03-01,PE,Roubo seguido de morte (latrocínio),3.0,0.0,0.0,3.0,0.0,0.0,3.0,vitimas
2025,2025-03-01,PE,Suicídio,59.0,0.0,16.0,43.0,0.0,0.0,59.0,vitimas
2025,2025-03-01,PE,Suicídio de Agente do Estado,0.0,0.0,0.0,0.0,0.0,0.0,0.0,vitimas
2025,2025-03-01,PE,Tentativa de feminicídio,20.0,0.0,20.0,0.0,0.0,0.0,20.0,vitimas
2025,2025-03-01,PE,Tentativa de homicídio,172.0,0.0,21.0,150.0,1.0,0.0,172.0,vitimas
2025,2025-03-01,PE,Tráfico de drogas,0.0,759.0,0.0,0.0,0.0,0.0,759.0,ocorrencias
2025,2025-03-01,PI,Apreensão de Cocaína,0.0,0.0,0.0,0.0,0.0,778.0,778.0,kg
2025,2025-03-01,PI,Apreensão de Maconha,0.0,0.0,0.0,0.0,0.0,18356216.0,18356216.0,kg
2025,2025-03-01,PI,Arma de Fogo Apreendida,0.0,154.0,0.0,0.0,0.0,0.0,154.0,ocorrencias
2025,2025-03-01,PI,Atendimento pré-hospitalar,0.0,164.0,0.0,0.0,0.0,0.0,164.0,ocorrencias
2025,2025-03-01,PI,Busca e salvamento,0.0,239.0,0.0,0.0,0.0,0.0,239.0,ocorrencias
2025,2025-03-01,PI,Combate a incêndios,0.0,116.0,0.0,0.0,0.0,0.0,116.0,ocorrencias
2025,2025-03-01,PI,Emissão de Alvarás de licença,0.0,475.0,0.0,0.0,0.0,0.0,475.0,ocorrencias
2025,2025-03-01,PI,Estupro,14.0,0.0,12.0,2.0,0.0,0.0,14.0,vitimas
2025,2025-03-01,PI,Estupro de vulnerável,91.0,0.0,74.0,13.0,4.0,0.0,91.0,vitimas
2025,2025-03-01,PI,Feminicídio,9.0,0.0,9.0,0.0,0.0,0.0,9.0,vitimas
2025,2025-03-01,PI,Furto de veículo,0.0,159.0,0.0,0.0,0.0,0.0,159.0,ocorrencias
2025,2025-03-01,PI,Homicídio doloso,45.0,0.0,0.0,45.0,0.0,0.0,45.0,vitimas
2025,2025-03-01,PI,Lesão corporal seguida de morte,0.0,0.0,0.0,0.0,0.0,0.0,0.0,vitimas
2025,2025-03-01,PI,Mandado de prisão cumprido,0.0,420.0,0.0,0.0,0.0,0.0,420.0,ocorrencias
2025,2025-03-01,PI,Morte de Agente do Estado,0.0,0.0,0.0,0.0,0.0,0.0,0.0,vitimas
2025,2025-03-01,PI,Morte no trânsito ou em decorrência dele (exceto homicídio doloso),15.0,0.0,6.0,9.0,0.0,0.0,15.0,vitimas
2025,2025-03-01,PI,Morte por intervenção de Agente do Estado,0.0,0.0,0.0,0.0,0.0,0.0,0.0,vitimas
2025,2025-03-01,PI,Mortes a esclarecer (sem indício de crime),0.0,0.0,0.0,0.0,0.0,0.0,0.0,vitimas
2025,2025-03-01,PI,Mortes no trânsito,8.0,0.0,1.0,7.0,0.0,0.0,8.0,vitimas
2025,2025-03-01,PI,Pessoa Desaparecida,52.0,0.0,22.0,29.0,1.0,0.0,52.0,vitimas
2025,2025-03-01,PI,Pessoa Localizada,21.0,0.0,8.0,11.0,2.0,0.0,21.0,vitimas
2025,2025-03-01,PI,Realização de vistorias,0.0,539.0,0.0,0.0,0.0,0.0,539.0,ocorrencias
2025,2025-03-01,PI,Roubo a instituição financeira,0.0,0.0,0.0,0.0,0.0,0.0,0.0,ocorrencias
2025,2025-03-01,PI,Roubo de carga,0.0,3.0,0.0,0.0,0.0,0.0,3.0,ocorrencias
2025,2025-03-01,PI,Roubo de veículo,0.0,265.0,0.0,0.0,0.0,0.0,265.0,ocorrencias
2025,2025-03-01,PI,Roubo seguido de morte (latrocínio),1.0,0.0,0.0,1.0,0.0,0.0,1.0,vitimas
2025,2025-03-01,PI,Suicídio,39.0,0.0,8.0,31.0,0.0,0.0,39.0,vitimas
2025,2025-03-01,PI,Suicídio de Agente do Estado,0.0,0.0,0.0,0.0,0.0,0.0,0.0,vitimas
2025,2025-03-01,PI,Tentativa de feminicídio,1.0,0.0,1.0,0.0,0.0,0.0,1.0,vitimas
2025,2025-03-01,PI,Tentativa de homicídio,48.0,0.0,8.0,40.0,0.0,0.0,48.0,vitimas
2025,2025-03-01,PI,Tráfico de drogas,0.0,206.0,0.0,0.0,0.0,0.0,206.0,ocorrencias
2025,2025-03-01,PR,Apreensão de Cocaína,0.0,0.0,0.0,0.0,0.0,382381.0,382381.0,kg
2025,2025-03-01,PR,Apreensão de Maconha,0.0,0.0,0.0,0.0,0.0,30905068.0,30905068.0,kg
2025,2025-03-01,PR,Arma de Fogo Apreendida,0.0,437.0,0.0,0.0,0.0,0.0,437.0,ocorrencias
2025,2025-03-01,PR,Atendimento pré-hospitalar,0.0,3312.0,0.0,0.0,0.0,0.0,3312.0,ocorrencias
2025,2025-03-01,PR,Busca e salvamento,0.0,1449.0,0.0,0.0,0.0,0.0,1449.0,ocorrencias
2025,2025-03-01,PR,Combate a incêndios,0.0,1618.0,0.0,0.0,0.0,0.0,1618.0,ocorrencias
2025,2025-03-01,PR,Emissão de Alvarás de licença,0.0,22953.0,0.0,0.0,0.0,0.0,22953.0,ocorrencias
2025,2025-03-01,PR,Estupro,136.0,0.0,126.0,10.0,0.0,0.0,136.0,vitimas
2025,2025-03-01,PR,Estupro de vulnerável,481.0,0.0,409.0,72.0,0.0,0.0,481.0,vitimas
2025,2025-03-01,PR,Feminicídio,3.0,0.0,3.0,0.0,0.0,0.0,3.0,vitimas
2025,2025-03-01,PR,Furto de veículo,0.0,784.0,0.0,0.0,0.0,0.0,784.0,ocorrencias
2025,2025-03-01,PR,Homicídio doloso,108.0,0.0,13.0,95.0,0.0,0.0,108.0,vitimas
2025,2025-03-01,PR,Lesão corporal seguida de morte,9.0,0.0,0.0,9.0,0.0,0.0,9.0,vitimas
2025,2025-03-01,PR,Mandado de prisão cumprido,0.0,3454.0,0.0,0.0,0.0,0.0,3454.0,ocorrencias
2025,2025-03-01,PR,Morte de Agente do Estado,0.0,0.0,0.0,0.0,0.0,0.0,0.0,vitimas
2025,2025-03-01,PR,Morte no trânsito ou em decorrência dele (exceto homicídio doloso),74.0,0.0,19.0,53.0,2.0,0.0,74.0,vitimas
2025,2025-03-01,PR,Morte por intervenção de Agente do Estado,20.0,0.0,1.0,19.0,0.0,0.0,20.0,vitimas
2025,2025-03-01,PR,Mortes a esclarecer (sem indício de crime),0.0,0.0,0.0,0.0,0.0,0.0,0.0,vitimas
2025,2025-03-01,PR,Mortes no trânsito,52.0,0.0,9.0,43.0,0.0,0.0,52.0,vitimas
2025,2025-03-01,PR,Pessoa Desaparecida,611.0,0.0,242.0,369.0,0.0,0.0,611.0,vitimas
2025,2025-03-01,PR,Pessoa Localizada,416.0,0.0,168.0,248.0,0.0,0.0,416.0,vitimas
2025,2025-03-01,PR,Realização de vistorias,0.0,5795.0,0.0,0.0,0.0,0.0,5795.0,ocorrencias
2025,2025-03-01,PR,Roubo a instituição financeira,0.0,0.0,0.0,0.0,0.0,0.0,0.0,ocorrencias
2025,2025-03-01,PR,Roubo de carga,0.0,16.0,0.0,0.0,0.0,0.0,16.0,ocorrencias
2025,2025-03-01,PR,Roubo de veículo,0.0,154.0,0.0,0.0,0.0,0.0,154.0,ocorrencias
2025,2025-03-01,PR,Roubo seguido de morte (latrocínio),5.0,0.0,2.0,3.0,0.0,0.0,5.0,vitimas
2025,2025-03-01,PR,Suicídio,71.0,0.0,15.0,56.0,0.0,0.0,71.0,vitimas
2025,2025-03-01,PR,Suicídio de Agente do Estado,0.0,0.0,0.0,0.0,0.0,0.0,0.0,vitimas
2025,2025-03-01,PR,Tentativa de feminicídio,11.0,0.0,11.0,0.0,0.0,0.0,11.0,vitimas
2025,2025-03-01,PR,Tentativa de homicídio,32.0,0.0,4.0,28.0,0.0,0.0,32.0,vitimas
2025,2025-03-01,PR,Tráfico de drogas,0.0,1331.0,0.0,0.0,0.0,0.0,1331.0,ocorrencias
2025,2025-03-01,RJ,Apreensão de Cocaína,0.0,0.0,0.0,0.0,0.0,15311.0,15311.0,kg
2025,2025-03-01,RJ,Apreensão de Maconha,0.0,0.0,0.0,0.0,0.0,72931.0,72931.0,kg
2025,2025-03-01,RJ,Arma de Fogo Apreendida,0.0,477.0,0.0,0.0,0.0,0.0,477.0,ocorrencias
2025,2025-03-01,RJ,Atendimento pré-hospitalar,0.0,11740.0,0.0,0.0,0.0,0.0,11740.0,ocorrencias
2025,2025-03-01,RJ,Busca e salvamento,0.0,10645.0,0.0,0.0,0.0,0.0,10645.0,ocorrencias
2025,2025-03-01,RJ,Combate a incêndios,0.0,5294.0,0.0,0.0,0.0,0.0,5294.0,ocorrencias
2025,2025-03-01,RJ,Emissão de Alvarás de licença,0.0,3142.0,0.0,0.0,0.0,0.0,3142.0,ocorrencias
2025,2025-03-01,RJ,Estupro,185.0,0.0,168.0,16.0,1.0,0.0,185.0,vitimas
2025,2025-03-01,RJ,Estupro de vulnerável,319.0,0.0,262.0,54.0,3.0,0.0,319.0,vitimas
2025,2025-03-01,RJ,Feminicídio,13.0,0.0,13.0,0.0,0.0,0.0,13.0,vitimas
2025,2025-03-01,RJ,Furto de veículo,0.0,1363.0,0.0,0.0,0.0,0.0,1363.0,ocorrencias
2025,2025-03-01,RJ,Homicídio doloso,302.0,0.0,21.0,265.0,16.0,0.0,302.0,vitimas
2025,2025-03-01,RJ,Lesão corporal seguida de morte,10.0,0.0,2.0,8.0,0.0,0.0,10.0,vitimas
2025,2025-03-01,RJ,Mandado de prisão cumprido,0.0,1134.0,0.0,0.0,0.0,0.0,1134.0,ocorrencias
2025,2025-03-01,RJ,Morte de Agente do Estado,12.0,0.0,2.0,10.0,0.0,0.0,12.0,vitimas
2025,2025-03-01,RJ,Morte no trânsito ou em decorrência dele (exceto homicídio doloso),189.0,0.0,50.0,134.0,5.0,0.0,189.0,vitimas
2025,2025-03-01,RJ,Morte por intervenção de Agente do Estado,59.0,0.0,0.0,57.0,2.0,0.0,59.0,vitimas
2025,2025-03-01,RJ,Mortes a esclarecer (sem indício de crime),253.0,0.0,76.0,169.0,8.0,0.0,253.0,vitimas
2025,2025-03-01,RJ,Mortes no trânsito,27.0,0.0,8.0,19.0,0.0,0.0,27.0,vitimas
2025,2025-03-01,RJ,Pessoa Desaparecida,622.0,0.0,210.0,410.0,2.0,0.0,622.0,vitimas
2025,2025-03-01,RJ,Pessoa Localizada,270.0,0.0,0.0,6.0,264.0,0.0,270.0,vitimas
2025,2025-03-01,RJ,Realização de vistorias,0.0,405.0,0.0,0.0,0.0,0.0,405.0,ocorrencias
2025,2025-03-01,RJ,Roubo a instituição financeira,0.0,2.0,0.0,0.0,0.0,0.0,2.0,ocorrencias
2025,2025-03-01,RJ,Roubo de carga,0.0,251.0,0.0,0.0,0.0,0.0,251.0,ocorrencias
2025,2025-03-01,RJ,Roubo de veículo,0.0,1482.0,0.0,0.0,0.0,0.0,1482.0,ocorrencias
2025,2025-03-01,RJ,Roubo seguido de morte (latrocínio),7.0,0.0,1.0,6.0,0.0,0.0,7.0,vitimas
2025,2025-03-01,RJ,Suicídio,76.0,0.0,21.0,52.0,3.0,0.0,76.0,vitimas
2025,2025-03-01,RJ,Suicídio de Agente do Estado,1.0,0.0,0.0,1.0,0.0,0.0,1.0,vitimas
2025,2025-03-01,RJ,Tentativa de feminicídio,30.0,0.0,30.0,0.0,0.0,0.0,30.0,vitimas
2025,2025-03-01,RJ,Tentativa de homicídio,317.0,0.0,41.0,258.0,18.0,0.0,317.0,vitimas
2025,2025-03-01,RJ,Tráfico de drogas,0.0,1670.0,0.0,0.0,0.0,0.0,1670.0,ocorrencias
2025,2025-03-01,RN,Apreensão de Cocaína,0.0,0.0,0.0,0.0,0.0,17962.0,17962.0,kg
2025,2025-03-01,RN,Apreensão de Maconha,0.0,0.0,0.0,0.0,0.0,67076.0,67076.0,kg
2025,2025-03-01,RN,Arma de Fogo Apreendida,0.0,191.0,0.0,0.0,0.0,0.0,191.0,ocorrencias
2025,2025-03-01,RN,Atendimento pré-hospitalar,0.0,475.0,0.0,0.0,0.0,0.0,475.0,ocorrencias
2025,2025-03-01,RN,Busca e salvamento,0.0,650.0,0.0,0.0,0.0,0.0,650.0,ocorrencias
2025,2025-03-01,RN,Combate a incêndios,0.0,110.0,0.0,0.0,0.0,0.0,110.0,ocorrencias
2025,2025-03-01,RN,Emissão de Alvarás de licença,0.0,537.0,0.0,0.0,0.0,0.0,537.0,ocorrencias
2025,2025-03-01,RN,Estupro,24.0,0.0,20.0,3.0,1.0,0.0,24.0,vitimas
2025,2025-03-01,RN,Estupro de vulnerável,93.0,0.0,76.0,12.0,5.0,0.0,93.0,vitimas
2025,2025-03-01,RN,Feminicídio,1.0,0.0,1.0,0.0,0.0,0.0,1.0,vitimas
2025,2025-03-01,RN,Furto de veículo,0.0,128.0,0.0,0.0,0.0,0.0,128.0,ocorrencias
2025,2025-03-01,RN,Homicídio doloso,66.0,0.0,3.0,63.0,0.0,0.0,66.0,vitimas
2025,2025-03-01,RN,Lesão corporal seguida de morte,1.0,0.0,0.0,1.0,0.0,0.0,1.0,vitimas
2025,2025-03-01,RN,Mandado de prisão cumprido,0.0,390.0,0.0,0.0,0.0,0.0,390.0,ocorrencias
2025,2025-03-01,RN,Morte de Agente do Estado,1.0,0.0,0.0,1.0,0.0,0.0,1.0,vitimas
2025,2025-03-01,RN,Morte no trânsito ou em decorrência dele (exceto homicídio doloso),32.0,0.0,4.0,28.0,0.0,0.0,32.0,vitimas
2025,2025-03-01,RN,Morte por intervenção de Agente do Estado,12.0,0.0,0.0,12.0,0.0,0.0,12.0,vitimas
2025,2025-03-01,RN,Mortes a esclarecer (sem indício de crime),44.0,0.0,10.0,32.0,2.0,0.0,44.0,vitimas
2025,2025-03-01,RN,Mortes no trânsito,8.0,0.0,1.0,7.0,0.0,0.0,8.0,vitimas
2025,2025-03-01,RN,Pessoa Desaparecida,74.0,0.0,23.0,49.0,2.0,0.0,74.0,vitimas
2025,2025-03-01,RN,Pessoa Localizada,39.0,0.0,12.0,27.0,0.0,0.0,39.0,vitimas
2025,2025-03-01,RN,Realização de vistorias,0.0,589.0,0.0,0.0,0.0,0.0,589.0,ocorrencias
2025,2025-03-01,RN,Roubo a instituição financeira,0.0,0.0,0.0,0.0,0.0,0.0,0.0,ocorrencias
2025,2025-03-01,RN,Roubo de carga,0.0,1.0,0.0,0.0,0.0,0.0,1.0,ocorrencias
2025,2025-03-01,RN,Roubo de veículo,0.0,119.0,0.0,0.0,0.0,0.0,119.0,ocorrencias
2025,2025-03-01,RN,Roubo seguido de morte (latrocínio),0.0,0.0,0.0,0.0,0.0,0.0,0.0,vitimas
2025,2025-03-01,RN,Suicídio,22.0,0.0,2.0,20.0,0.0,0.0,22.0,vitimas
2025,2025-03-01,RN,Suicídio de Agente do Estado,0.0,0.0,0.0,0.0,0.0,0.0,0.0,vitimas
2025,2025-03-01,RN,Tentativa de feminicídio,7.0,0.0,7.0,0.0,0.0,0.0,7.0,vitimas
2025,2025-03-01,RN,Tentativa de homicídio,55.0,0.0,8.0,43.0,4.0,0.0,55.0,vitimas
2025,2025-03-01,RN,Tráfico de drogas,0.0,231.0,0.0,0.0,0.0,0.0,231.0,ocorrencias
2025,2025-03-01,RO,Apreensão de Cocaína,0.0,0.0,0.0,0.0,0.0,60424.0,60424.0,kg
2025,2025-03-01,RO,Apreensão de Maconha,0.0,0.0,0.0,0.0,0.0,271037.0,271037.0,kg
2025,2025-03-01,RO,Arma de Fogo Apreendida,0.0,168.0,0.0,0.0,0.0,0.0,168.0,ocorrencias
2025,2025-03-01,RO,Atendimento pré-hospitalar,0.0,1606.0,0.0,0.0,0.0,0.0,1606.0,ocorrencias
2025,2025-03-01,RO,Busca e salvamento,0.0,288.0,0.0,0.0,0.0,0.0,288.0,ocorrencias
2025,2025-03-01,RO,Combate a incêndios,0.0,60.0,0.0,0.0,0.0,0.0,60.0,ocorrencias
2025,2025-03-01,RO,Emissão de Alvarás de licença,0.0,2616.0,0.0,0.0,0.0,0.0,2616.0,ocorrencias
2025,2025-03-01,RO,Estupro,23.0,0.0,21.0,1.0,1.0,0.0,23.0,vitimas
2025,2025-03-01,RO,Estupro de vulnerável,88.0,0.0,74.0,9.0,5.0,0.0,88.0,vitimas
2025,2025-03-01,RO,Feminicídio,1.0,0.0,1.0,0.0,0.0,0.0,1.0,vitimas
2025,2025-03-01,RO,Furto de veículo,0.0,137.0,0.0,0.0,0.0,0.0,137.0,ocorrencias
2025,2025-03-01,RO,Homicídio doloso,36.0,0.0,3.0,33.0,0.0,0.0,36.0,vitimas
2025,2025-03-01,RO,Lesão corporal seguida de morte,0.0,0.0,0.0,0.0,0.0,0.0,0.0,vitimas
2025,2025-03-01,RO,Mandado de prisão cumprido,0.0,283.0,0.0,0.0,0.0,0.0,283.0,ocorrencias
2025,2025-03-01,RO,Morte de Agente do Estado,0.0,0.0,0.0,0.0,0.0,0.0,0.0,vitimas
2025,2025-03-01,RO,Morte no trânsito ou em decorrência dele (exceto homicídio doloso),28.0,0.0,5.0,23.0,0.0,0.0,28.0,vitimas
2025,2025-03-01,RO,Morte por intervenção de Agente do Estado,1.0,0.0,0.0,1.0,0.0,0.0,1.0,vitimas
2025,2025-03-01,RO,Mortes a esclarecer (sem indício de crime),47.0,0.0,11.0,34.0,2.0,0.0,47.0,vitimas
2025,2025-03-01,RO,Mortes no trânsito,5.0,0.0,0.0,5.0,0.0,0.0,5.0,vitimas
2025,2025-03-01,RO,Pessoa Desaparecida,74.0,0.0,29.0,44.0,1.0,0.0,74.0,vitimas
2025,2025-03-01,RO,Pessoa Localizada,4.0,0.0,2.0,2.0,0.0,0.0,4.0,vitimas
2025,2025-03-01,RO,Realização de vistorias,0.0,1679.0,0.0,0.0,0.0,0.0,1679.0,ocorrencias
2025,2025-03-01,RO,Roubo a instituição financeira,0.0,0.0,0.0,0.0,0.0,0.0,0.0,ocorrencias
2025,2025-03-01,RO,Roubo de carga,0.0,0.0,0.0,0.0,0.0,0.0,0.0,ocorrencias
2025,2025-03-01,RO,Roubo de veículo,0.0,27.0,0.0,0.0,0.0,0.0,27.0,ocorrencias
2025,2025-03-01,RO,Roubo seguido de morte (latrocínio),0.0,0.0,0.0,0.0,0.0,0.0,0.0,vitimas
2025,2025-03-01,RO,Suicídio,12.0,0.0,2.0,10.0,0.0,0.0,12.0,vitimas
2025,2025-03-01,RO,Suicídio de Agente do Estado,0.0,0.0,0.0,0.0,0.0,0.0,0.0,vitimas
2025,2025-03-01,RO,Tentativa de feminicídio,6.0,0.0,6.0,0.0,0.0,0.0,6.0,vitimas
2025,2025-03-01,RO,Tentativa de homicídio,56.0,0.0,12.0,44.0,0.0,0.0,56.0,vitimas
2025,2025-03-01,RO,Tráfico de drogas,0.0,153.0,0.0,0.0,0.0,0.0,153.0,ocorrencias
2025,2025-03-01,RR,Apreensão de Cocaína,0.0,0.0,0.0,0.0,0.0,6190.0,6190.0,kg
2025,2025-03-01,RR,Apreensão de Maconha,0.0,0.0,0.0,0.0,0.0,11261.0,11261.0,kg
2025,2025-03-01,RR,Arma de Fogo Apreendida,0.0,28.0,0.0,0.0,0.0,0.0,28.0,ocorrencias
2025,2025-03-01,RR,Atendimento pré-hospitalar,0.0,99.0,0.0,0.0,0.0,0.0,99.0,ocorrencias
2025,2025-03-01,RR,Busca e salvamento,0.0,172.0,0.0,0.0,0.0,0.0,172.0,ocorrencias
2025,2025-03-01,RR,Combate a incêndios,0.0,132.0,0.0,0.0,0.0,0.0,132.0,ocorrencias
2025,2025-03-01,RR,Emissão de Alvarás de licença,0.0,96.0,0.0,0.0,0.0,0.0,96.0,ocorrencias
2025,2025-03-01,RR,Estupro,10.0,0.0,9.0,1.0,0.0,0.0,10.0,vitimas
2025,2025-03-01,RR,Estupro de vulnerável,38.0,0.0,32.0,4.0,2.0,0.0,38.0,vitimas
2025,2025-03-01,RR,Feminicídio,0.0,0.0,0.0,0.0,0.0,0.0,0.0,vitimas
2025,2025-03-01,RR,Furto de veículo,0.0,52.0,0.0,0.0,0.0,0.0,52.0,ocorrencias
2025,2025-03-01,RR,Homicídio doloso,14.0,0.0,3.0,11.0,0.0,0.0,14.0,vitimas
2025,2025-03-01,RR,Lesão corporal seguida de morte,1.0,0.0,0.0,1.0,0.0,0.0,1.0,vitimas
2025,2025-03-01,RR,Mandado de prisão cumprido,0.0,95.0,0.0,0.0,0.0,0.0,95.0,ocorrencias
2025,2025-03-01,RR,Morte de Agente do Estado,0.0,0.0,0.0,0.0,0.0,0.0,0.0,vitimas
2025,2025-03-01,RR,Morte no trânsito ou em decorrência dele (exceto homicídio doloso),8.0,0.0,2.0,6.0,0.0,0.0,8.0,vitimas
2025,2025-03-01,RR,Morte por intervenção de Agente do Estado,1.0,0.0,0.0,1.0,0.0,0.0,1.0,vitimas
2025,2025-03-01,RR,Mortes a esclarecer (sem indício de crime),6.0,0.0,2.0,4.0,0.0,0.0,6.0,vitimas
2025,2025-03-01,RR,Mortes no trânsito,1.0,0.0,0.0,1.0,0.0,0.0,1.0,vitimas
2025,2025-03-01,RR,Pessoa Desaparecida,56.0,0.0,28.0,28.0,0.0,0.0,56.0,vitimas
2025,2025-03-01,RR,Pessoa Localizada,42.0,0.0,22.0,20.0,0.0,0.0,42.0,vitimas
2025,2025-03-01,RR,Realização de vistorias,0.0,40.0,0.0,0.0,0.0,0.0,40.0,ocorrencias
2025,2025-03-01,RR,Roubo a instituição financeira,0.0,0.0,0.0,0.0,0.0,0.0,0.0,ocorrencias
2025,2025-03-01,RR,Roubo de carga,0.0,1.0,0.0,0.0,0.0,0.0,1.0,ocorrencias
2025,2025-03-01,RR,Roubo de veículo,0.0,15.0,0.0,0.0,0.0,0.0,15.0,ocorrencias
2025,2025-03-01,RR,Roubo seguido de morte (latrocínio),1.0,0.0,0.0,1.0,0.0,0.0,1.0,vitimas
2025,2025-03-01,RR,Suicídio,5.0,0.0,2.0,3.0,0.0,0.0,5.0,vitimas
2025,2025-03-01,RR,Suicídio de Agente do Estado,0.0,0.0,0.0,0.0,0.0,0.0,0.0,vitimas
2025,2025-03-01,RR,Tentativa de feminicídio,1.0,0.0,1.0,0.0,0.0,0.0,1.0,vitimas
2025,2025-03-01,RR,Tentativa de homicídio,23.0,0.0,0.0,20.0,3.0,0.0,23.0,vitimas
2025,2025-03-01,RR,Tráfico de drogas,0.0,39.0,0.0,0.0,0.0,0.0,39.0,ocorrencias
2025,2025-03-01,RS,Apreensão de Cocaína,0.0,0.0,0.0,0.0,0.0,493004.0,493004.0,kg
2025,2025-03-01,RS,Apreensão de Maconha,0.0,0.0,0.0,0.0,0.0,3067296.0,3067296.0,kg
2025,2025-03-01,RS,Arma de Fogo Apreendida,0.0,732.0,0.0,0.0,0.0,0.0,732.0,ocorrencias
2025,2025-03-01,RS,Atendimento pré-hospitalar,0.0,2630.0,0.0,0.0,0.0,0.0,2630.0,ocorrencias
2025,2025-03-01,RS,Busca e salvamento,0.0,1171.0,0.0,0.0,0.0,0.0,1171.0,ocorrencias
2025,2025-03-01,RS,Combate a incêndios,0.0,2793.0,0.0,0.0,0.0,0.0,2793.0,ocorrencias
2025,2025-03-01,RS,Emissão de Alvarás de licença,0.0,3666.0,0.0,0.0,0.0,0.0,3666.0,ocorrencias
2025,2025-03-01,RS,Estupro,84.0,0.0,82.0,2.0,0.0,0.0,84.0,vitimas
2025,2025-03-01,RS,Estupro de vulnerável,341.0,0.0,275.0,66.0,0.0,0.0,341.0,vitimas
2025,2025-03-01,RS,Feminicídio,3.0,0.0,3.0,0.0,0.0,0.0,3.0,vitimas
2025,2025-03-01,RS,Furto de veículo,0.0,547.0,0.0,0.0,0.0,0.0,547.0,ocorrencias
2025,2025-03-01,RS,Homicídio doloso,109.0,0.0,13.0,96.0,0.0,0.0,109.0,vitimas
2025,2025-03-01,RS,Lesão corporal seguida de morte,9.0,0.0,0.0,9.0,0.0,0.0,9.0,vitimas
2025,2025-03-01,RS,Mandado de prisão cumprido,0.0,805.0,0.0,0.0,0.0,0.0,805.0,ocorrencias
2025,2025-03-01,RS,Morte de Agente do Estado,2.0,0.0,0.0,2.0,0.0,0.0,2.0,vitimas
2025,2025-03-01,RS,Morte no trânsito ou em decorrência dele (exceto homicídio doloso),120.0,0.0,31.0,89.0,0.0,0.0,120.0,vitimas
2025,2025-03-01,RS,Morte por intervenção de Agente do Estado,5.0,0.0,0.0,5.0,0.0,0.0,5.0,vitimas
2025,2025-03-01,RS,Mortes a esclarecer (sem indício de crime),105.0,0.0,22.0,83.0,0.0,0.0,105.0,vitimas
2025,2025-03-01,RS,Mortes no trânsito,30.0,0.0,7.0,23.0,0.0,0.0,30.0,vitimas
2025,2025-03-01,RS,Pessoa Desaparecida,678.0,0.0,238.0,440.0,0.0,0.0,678.0,vitimas
2025,2025-03-01,RS,Pessoa Localizada,639.0,0.0,223.0,416.0,0.0,0.0,639.0,vitimas
2025,2025-03-01,RS,Realização de vistorias,0.0,2954.0,0.0,0.0,0.0,0.0,2954.0,ocorrencias
2025,2025-03-01,RS,Roubo a instituição financeira,0.0,0.0,0.0,0.0,0.0,0.0,0.0,ocorrencias
2025,2025-03-01,RS,Roubo de carga,0.0,5.0,0.0,0.0,0.0,0.0,5.0,ocorrencias
2025,2025-03-01,RS,Roubo de veículo,0.0,213.0,0.0,0.0,0.0,0.0,213.0,ocorrencias
2025,2025-03-01,RS,Roubo seguido de morte (latrocínio),1.0,0.0,0.0,1.0,0.0,0.0,1.0,vitimas
2025,2025-03-01,RS,Suicídio,124.0,0.0,21.0,103.0,0.0,0.0,124.0,vitimas
2025,2025-03-01,RS,Suicídio de Agente do Estado,0.0,0.0,0.0,0.0,0.0,0.0,0.0,vitimas
2025,2025-03-01,RS,Tentativa de feminicídio,32.0,0.0,32.0,0.0,0.0,0.0,32.0,vitimas
2025,2025-03-01,RS,Tentativa de homicídio,192.0,0.0,29.0,163.0,0.0,0.0,192.0,vitimas
2025,2025-03-01,RS,Tráfico de drogas,0.0,1551.0,0.0,0.0,0.0,0.0,1551.0,ocorrencias
2025,2025-03-01,SC,Apreensão de Cocaína,0.0,0.0,0.0,0.0,0.0,10349.0,10349.0,kg
2025,2025-03-01,SC,Apreensão de Maconha,0.0,0.0,0.0,0.0,0.0,302577.0,302577.0,kg
2025,2025-03-01,SC,Arma de Fogo Apreendida,0.0,180.0,0.0,0.0,0.0,0.0,180.0,ocorrencias
2025,2025-03-01,SC,Atendimento pré-hospitalar,0.0,14026.0,0.0,0.0,0.0,0.0,14026.0,ocorrencias
2025,2025-03-01,SC,Busca e salvamento,0.0,1380.0,0.0,0.0,0.0,0.0,1380.0,ocorrencias
2025,2025-03-01,SC,Combate a incêndios,0.0,1247.0,0.0,0.0,0.0,0.0,1247.0,ocorrencias
2025,2025-03-01,SC,Emissão de Alvarás de licença,0.0,36760.0,0.0,0.0,0.0,0.0,36760.0,ocorrencias
2025,2025-03-01,SC,Estupro,131.0,0.0,114.0,15.0,2.0,0.0,131.0,vitimas
2025,2025-03-01,SC,Estupro de vulnerável,239.0,0.0,201.0,38.0,0.0,0.0,239.0,vitimas
2025,2025-03-01,SC,Feminicídio,2.0,0.0,2.0,0.0,0.0,0.0,2.0,vitimas
2025,2025-03-01,SC,Furto de veículo,0.0,599.0,0.0,0.0,0.0,0.0,599.0,ocorrencias
2025,2025-03-01,SC,Homicídio doloso,45.0,0.0,3.0,42.0,0.0,0.0,45.0,vitimas
2025,2025-03-01,SC,Lesão corporal seguida de morte,1.0,0.0,0.0,1.0,0.0,0.0,1.0,vitimas
2025,2025-03-01,SC,Mandado de prisão cumprido,0.0,1429.0,0.0,0.0,0.0,0.0,1429.0,ocorrencias
2025,2025-03-01,SC,Morte de Agente do Estado,0.0,0.0,0.0,0.0,0.0,0.0,0.0,vitimas
2025,2025-03-01,SC,Morte no trânsito ou em decorrência dele (exceto homicídio doloso),36.0,0.0,9.0,27.0,0.0,0.0,36.0,vitimas
2025,2025-03-01,SC,Morte por intervenção de Agente do Estado,10.0,0.0,1.0,9.0,0.0,0.0,10.0,vitimas
2025,2025-03-01,SC,Mortes a esclarecer (sem indício de crime),0.0,0.0,0.0,0.0,0.0,0.0,0.0,vitimas
2025,2025-03-01,SC,Mortes no trânsito,22.0,0.0,5.0,17.0,0.0,0.0,22.0,vitimas
2025,2025-03-01,SC,Pessoa Desaparecida,379.0,0.0,125.0,254.0,0.0,0.0,379.0,vitimas
2025,2025-03-01,SC,Pessoa Localizada,338.0,0.0,130.0,208.0,0.0,0.0,338.0,vitimas
2025,2025-03-01,SC,Realização de vistorias,0.0,4218.0,0.0,0.0,0.0,0.0,4218.0,ocorrencias
2025,2025-03-01,SC,Roubo a instituição financeira,0.0,0.0,0.0,0.0,0.0,0.0,0.0,ocorrencias
2025,2025-03-01,SC,Roubo de carga,0.0,2.0,0.0,0.0,0.0,0.0,2.0,ocorrencias
2025,2025-03-01,SC,Roubo de veículo,0.0,61.0,0.0,0.0,0.0,0.0,61.0,ocorrencias
2025,2025-03-01,SC,Roubo seguido de morte (latrocínio),4.0,0.0,0.0,4.0,0.0,0.0,4.0,vitimas
2025,2025-03-01,SC,Suicídio,84.0,0.0,16.0,68.0,0.0,0.0,84.0,vitimas
2025,2025-03-01,SC,Suicídio de Agente do Estado,0.0,0.0,0.0,0.0,0.0,0.0,0.0,vitimas
2025,2025-03-01,SC,Tentativa de feminicídio,19.0,0.0,19.0,0.0,0.0,0.0,19.0,vitimas
2025,2025-03-01,SC,Tentativa de homicídio,146.0,0.0,14.0,132.0,0.0,0.0,146.0,vitimas
2025,2025-03-01,SC,Tráfico de drogas,0.0,594.0,0.0,0.0,0.0,0.0,594.0,ocorrencias
2025,2025-03-01,SE,Apreensão de Cocaína,0.0,0.0,0.0,0.0,0.0,1255.0,1255.0,kg
2025,2025-03-01,SE,Apreensão de Maconha,0.0,0.0,0.0,0.0,0.0,17338.0,17338.0,kg
2025,2025-03-01,SE,Arma de Fogo Apreendida,0.0,63.0,0.0,0.0,0.0,0.0,63.0,ocorrencias
2025,2025-03-01,SE,Atendimento pré-hospitalar,0.0,40.0,0.0,0.0,0.0,0.0,40.0,ocorrencias
2025,2025-03-01,SE,Busca e salvamento,0.0,578.0,0.0,0.0,0.0,0.0,578.0,ocorrencias
2025,2025-03-01,SE,Combate a incêndios,0.0,146.0,0.0,0.0,0.0,0.0,146.0,ocorrencias
2025,2025-03-01,SE,Emissão de Alvarás de licença,0.0,1202.0,0.0,0.0,0.0,0.0,1202.0,ocorrencias
2025,2025-03-01,SE,Estupro,18.0,0.0,15.0,2.0,1.0,0.0,18.0,vitimas
2025,2025-03-01,SE,Estupro de vulnerável,63.0,0.0,58.0,3.0,2.0,0.0,63.0,vitimas
2025,2025-03-01,SE,Feminicídio,1.0,0.0,1.0,0.0,0.0,0.0,1.0,vitimas
2025,2025-03-01,SE,Furto de veículo,0.0,73.0,0.0,0.0,0.0,0.0,73.0,ocorrencias
2025,2025-03-01,SE,Homicídio doloso,21.0,0.0,0.0,21.0,0.0,0.0,21.0,vitimas
2025,2025-03-01,SE,Lesão corporal seguida de morte,0.0,0.0,0.0,0.0,0.0,0.0,0.0,vitimas
2025,2025-03-01,SE,Mandado de prisão cumprido,0.0,159.0,0.0,0.0,0.0,0.0,159.0,ocorrencias
2025,2025-03-01,SE,Morte de Agente do Estado,0.0,0.0,0.0,0.0,0.0,0.0,0.0,vitimas
2025,2025-03-01,SE,Morte no trânsito ou em decorrência dele (exceto homicídio doloso),17.0,0.0,1.0,16.0,0.0,0.0,17.0,vitimas
2025,2025-03-01,SE,Morte por intervenção de Agente do Estado,16.0,0.0,0.0,16.0,0.0,0.0,16.0,vitimas
2025,2025-03-01,SE,Mortes a esclarecer (sem indício de crime),35.0,0.0,2.0,29.0,4.0,0.0,35.0,vitimas
2025,2025-03-01,SE,Mortes no trânsito,7.0,0.0,1.0,6.0,0.0,0.0,7.0,vitimas
2025,2025-03-01,SE,Pessoa Desaparecida,78.0,0.0,26.0,38.0,14.0,0.0,78.0,vitimas
2025,2025-03-01,SE,Pessoa Localizada,74.0,0.0,24.0,36.0,14.0,0.0,74.0,vitimas
2025,2025-03-01,SE,Realização de vistorias,0.0,393.0,0.0,0.0,0.0,0.0,393.0,ocorrencias
2025,2025-03-01,SE,Roubo a instituição financeira,0.0,0.0,0.0,0.0,0.0,0.0,0.0,ocorrencias
2025,2025-03-01,SE,Roubo de carga,0.0,0.0,0.0,0.0,0.0,0.0,0.0,ocorrencias
2025,2025-03-01,SE,Roubo de veículo,0.0,27.0,0.0,0.0,0.0,0.0,27.0,ocorrencias
2025,2025-03-01,SE,Roubo seguido de morte (latrocínio),2.0,0.0,0.0,2.0,0.0,0.0,2.0,vitimas
2025,2025-03-01,SE,Suicídio,10.0,0.0,2.0,8.0,0.0,0.0,10.0,vitimas
2025,2025-03-01,SE,Suicídio de Agente do Estado,0.0,0.0,0.0,0.0,0.0,0.0,0.0,vitimas
2025,2025-03-01,SE,Tentativa de feminicídio,9.0,0.0,8.0,1.0,0.0,0.0,9.0,vitimas
2025,2025-03-01,SE,Tentativa de homicídio,76.0,0.0,7.0,66.0,3.0,0.0,76.0,vitimas
2025,2025-03-01,SE,Tráfico de drogas,0.0,105.0,0.0,0.0,0.0,0.0,105.0,ocorrencias
2025,2025-03-01,SP,Apreensão de Cocaína,0.0,0.0,0.0,0.0,0.0,1414110.0,1414110.0,kg
2025,2025-03-01,SP,Apreensão de Maconha,0.0,0.0,0.0,0.0,0.0,5856865.0,5856865.0,kg
2025,2025-03-01,SP,Arma de Fogo Apreendida,0.0,1225.0,0.0,0.0,0.0,0.0,1225.0,ocorrencias
2025,2025-03-01,SP,Atendimento pré-hospitalar,0.0,19209.0,0.0,0.0,0.0,0.0,19209.0,ocorrencias
2025,2025-03-01,SP,Busca e salvamento,0.0,6606.0,0.0,0.0,0.0,0.0,6606.0,ocorrencias
2025,2025-03-01,SP,Combate a incêndios,0.0,4864.0,0.0,0.0,0.0,0.0,4864.0,ocorrencias
2025,2025-03-01,SP,Emissão de Alvarás de licença,0.0,20339.0,0.0,0.0,0.0,0.0,20339.0,ocorrencias
2025,2025-03-01,SP,Estupro,339.0,0.0,318.0,21.0,0.0,0.0,339.0,vitimas
2025,2025-03-01,SP,Estupro de vulnerável,1126.0,0.0,956.0,169.0,1.0,0.0,1126.0,vitimas
2025,2025-03-01,SP,Feminicídio,19.0,0.0,19.0,0.0,0.0,0.0,19.0,vitimas
2025,2025-03-01,SP,Furto de veículo,0.0,7496.0,0.0,0.0,0.0,0.0,7496.0,ocorrencias
2025,2025-03-01,SP,Homicídio doloso,217.0,0.0,23.0,190.0,4.0,0.0,217.0,vitimas
2025,2025-03-01,SP,Lesão corporal seguida de morte,12.0,0.0,1.0,11.0,0.0,0.0,12.0,vitimas
2025,2025-03-01,SP,Mandado de prisão cumprido,0.0,7620.0,0.0,0.0,0.0,0.0,7620.0,ocorrencias
2025,2025-03-01,SP,Morte de Agente do Estado,3.0,0.0,0.0,3.0,0.0,0.0,3.0,vitimas
2025,2025-03-01,SP,Morte no trânsito ou em decorrência dele (exceto homicídio doloso),392.0,0.0,89.0,301.0,2.0,0.0,392.0,vitimas
2025,2025-03-01,SP,Morte por intervenção de Agente do Estado,71.0,0.0,0.0,71.0,0.0,0.0,71.0,vitimas
2025,2025-03-01,SP,Mortes a esclarecer (sem indício de crime),285.0,0.0,48.0,229.0,8.0,0.0,285.0,vitimas
2025,2025-03-01,SP,Mortes no trânsito,18.0,0.0,2.0,16.0,0.0,0.0,18.0,vitimas
2025,2025-03-01,SP,Pessoa Desaparecida,1885.0,0.0,665.0,1219.0,1.0,0.0,1885.0,vitimas
2025,2025-03-01,SP,Pessoa Localizada,1370.0,0.0,528.0,838.0,4.0,0.0,1370.0,vitimas
2025,2025-03-01,SP,Realização de vistorias,0.0,9031.0,0.0,0.0,0.0,0.0,9031.0,ocorrencias
2025,2025-03-01,SP,Roubo a instituição financeira,0.0,0.0,0.0,0.0,0.0,0.0,0.0,ocorrencias
2025,2025-03-01,SP,Roubo de carga,0.0,302.0,0.0,0.0,0.0,0.0,302.0,ocorrencias
2025,2025-03-01,SP,Roubo de veículo,0.0,2386.0,0.0,0.0,0.0,0.0,2386.0,ocorrencias
2025,2025-03-01,SP,Roubo seguido de morte (latrocínio),10.0,0.0,2.0,8.0,0.0,0.0,10.0,vitimas
2025,2025-03-01,SP,Suicídio,270.0,0.0,53.0,217.0,0.0,0.0,270.0,vitimas
2025,2025-03-01,SP,Suicídio de Agente do Estado,0.0,0.0,0.0,0.0,0.0,0.0,0.0,vitimas
2025,2025-03-01,SP,Tentativa de feminicídio,70.0,0.0,69.0,1.0,0.0,0.0,70.0,vitimas
2025,2025-03-01,SP,Tentativa de homicídio,332.0,0.0,42.0,288.0,2.0,0.0,332.0,vitimas
2025,2025-03-01,SP,Tráfico de drogas,0.0,3857.0,0.0,0.0,0.0,0.0,3857.0,ocorrencias
2025,2025-03-01,TO,Apreensão de Cocaína,0.0,0.0,0.0,0.0,0.0,873.0,873.0,kg
2025,2025-03-01,TO,Apreensão de Maconha,0.0,0.0,0.0,0.0,0.0,2884.0,2884.0,kg
2025,2025-03-01,TO,Arma de Fogo Apreendida,0.0,85.0,0.0,0.0,0.0,0.0,85.0,ocorrencias
2025,2025-03-01,TO,Atendimento pré-hospitalar,0.0,903.0,0.0,0.0,0.0,0.0,903.0,ocorrencias
2025,2025-03-01,TO,Busca e salvamento,0.0,288.0,0.0,0.0,0.0,0.0,288.0,ocorrencias
2025,2025-03-01,TO,Combate a incêndios,0.0,47.0,0.0,0.0,0.0,0.0,47.0,ocorrencias
2025,2025-03-01,TO,Emissão de Alvarás de licença,0.0,1589.0,0.0,0.0,0.0,0.0,1589.0,ocorrencias
2025,2025-03-01,TO,Estupro,12.0,0.0,11.0,1.0,0.0,0.0,12.0,vitimas
2025,2025-03-01,TO,Estupro de vulnerável,61.0,0.0,53.0,5.0,3.0,0.0,61.0,vitimas
2025,2025-03-01,TO,Feminicídio,1.0,0.0,1.0,0.0,0.0,0.0,1.0,vitimas
2025,2025-03-01,TO,Furto de veículo,0.0,117.0,0.0,0.0,0.0,0.0,117.0,ocorrencias
2025,2025-03-01,TO,Homicídio doloso,16.0,0.0,2.0,14.0,0.0,0.0,16.0,vitimas
2025,2025-03-01,TO,Lesão corporal seguida de morte,2.0,0.0,0.0,2.0,0.0,0.0,2.0,vitimas
2025,2025-03-01,TO,Mandado de prisão cumprido,0.0,211.0,0.0,0.0,0.0,0.0,211.0,ocorrencias
2025,2025-03-01,TO,Morte de Agente do Estado,1.0,0.0,0.0,1.0,0.0,0.0,1.0,vitimas
2025,2025-03-01,TO,Morte no trânsito ou em decorrência dele (exceto homicídio doloso),70.0,0.0,16.0,52.0,2.0,0.0,70.0,vitimas
2025,2025-03-01,TO,Morte por intervenção de Agente do Estado,4.0,0.0,0.0,4.0,0.0,0.0,4.0,vitimas
2025,2025-03-01,TO,Mortes a esclarecer (sem indício de crime),28.0,0.0,8.0,20.0,0.0,0.0,28.0,vitimas
2025,2025-03-01,TO,Mortes no trânsito,11.0,0.0,3.0,8.0,0.0,0.0,11.0,vitimas
2025,2025-03-01,TO,Pessoa Desaparecida,53.0,0.0,14.0,39.0,0.0,0.0,53.0,vitimas
2025,2025-03-01,TO,Pessoa Localizada,24.0,0.0,7.0,17.0,0.0,0.0,24.0,vitimas
2025,2025-03-01,TO,Realização de vistorias,0.0,358.0,0.0,0.0,0.0,0.0,358.0,ocorrencias
2025,2025-03-01,TO,Roubo a instituição financeira,0.0,0.0,0.0,0.0,0.0,0.0,0.0,ocorrencias
2025,2025-03-01,TO,Roubo de carga,0.0,0.0,0.0,0.0,0.0,0.0,0.0,ocorrencias
2025,2025-03-01,TO,Roubo de veículo,0.0,30.0,0.0,0.0,0.0,0.0,30.0,ocorrencias
2025,2025-03-01,TO,Roubo seguido de morte (latrocínio),0.0,0.0,0.0,0.0,0.0,0.0,0.0,vitimas
2025,2025-03-01,TO,Suicídio,11.0,0.0,1.0,10.0,0.0,0.0,11.0,vitimas
2025,2025-03-01,TO,Suicídio de Agente do Estado,0.0,0.0,0.0,0.0,0.0,0.0,0.0,vitimas
2025,2025-03-01,TO,Tentativa de feminicídio,6.0,0.0,6.0,0.0,0.0,0.0,6.0,vitimas
2025,2025-03-01,TO,Tentativa de homicídio,35.0,0.0,2.0,33.0,0.0,0.0,35.0,vitimas
2025,2025-03-01,TO,Tráfico de drogas,0.0,119.0,0.0,0.0,0.0,0.0,119.0,ocorrencias
2025,2025-04-01,AC,Apreensão de Cocaína,0.0,0.0,0.0,0.0,0.0,21722.0,21722.0,kg
2025,2025-04-01,AC,Apreensão de Maconha,0.0,0.0,0.0,0.0,0.0,11904.0,11904.0,kg
2025,2025-04-01,AC,Arma de Fogo Apreendida,0.0,46.0,0.0,0.0,0.0,0.0,46.0,ocorrencias
2025,2025-04-01,AC,Atendimento pré-hospitalar,0.0,50.0,0.0,0.0,0.0,0.0,50.0,ocorrencias
2025,2025-04-01,AC,Busca e salvamento,0.0,404.0,0.0,0.0,0.0,0.0,404.0,ocorrencias
2025,2025-04-01,AC,Combate a incêndios,0.0,127.0,0.0,0.0,0.0,0.0,127.0,ocorrencias
2025,2025-04-01,AC,Emissão de Alvarás de licença,0.0,708.0,0.0,0.0,0.0,0.0,708.0,ocorrencias
2025,2025-04-01,AC,Estupro,8.0,0.0,8.0,0.0,0.0,0.0,8.0,vitimas
2025,2025-04-01,AC,Estupro de vulnerável,44.0,0.0,42.0,1.0,1.0,0.0,44.0,vitimas
2025,2025-04-01,AC,Feminicídio,1.0,0.0,1.0,0.0,0.0,0.0,1.0,vitimas
2025,2025-04-01,AC,Furto de veículo,0.0,51.0,0.0,0.0,0.0,0.0,51.0,ocorrencias
2025,2025-04-01,AC,Homicídio doloso,8.0,0.0,0.0,8.0,0.0,0.0,8.0,vitimas
2025,2025-04-01,AC,Lesão corporal seguida de morte,0.0,0.0,0.0,0.0,0.0,0.0,0.0,vitimas
2025,2025-04-01,AC,Mandado de prisão cumprido,0.0,163.0,0.0,0.0,0.0,0.0,163.0,ocorrencias
2025,2025-04-01,AC,Morte de Agente do Estado,0.0,0.0,0.0,0.0,0.0,0.0,0.0,vitimas
2025,2025-04-01,AC,Morte no trânsito ou em decorrência dele (exceto homicídio doloso),9.0,0.0,2.0,7.0,0.0,0.0,9.0,vitimas
2025,2025-04-01,AC,Morte por intervenção de Agente do Estado,0.0,0.0,0.0,0.0,0.0,0.0,0.0,vitimas
2025,2025-04-01,AC,Mortes a esclarecer (sem indício de crime),7.0,0.0,1.0,5.0,1.0,0.0,7.0,vitimas
2025,2025-04-01,AC,Mortes no trânsito,3.0,0.0,0.0,3.0,0.0,0.0,3.0,vitimas
2025,2025-04-01,AC,Pessoa Desaparecida,32.0,0.0,12.0,18.0,2.0,0.0,32.0,vitimas
2025,2025-04-01,AC,Pessoa Localizada,26.0,0.0,11.0,13.0,2.0,0.0,26.0,vitimas
2025,2025-04-01,AC,Realização de vistorias,0.0,519.0,0.0,0.0,0.0,0.0,519.0,ocorrencias
2025,2025-04-01,AC,Roubo a instituição financeira,0.0,0.0,0.0,0.0,0.0,0.0,0.0,ocorrencias
2025,2025-04-01,AC,Roubo de carga,0.0,0.0,0.0,0.0,0.0,0.0,0.0,ocorrencias
2025,2025-04-01,AC,Roubo de veículo,0.0,17.0,0.0,0.0,0.0,0.0,17.0,ocorrencias
2025,2025-04-01,AC,Roubo seguido de morte (latrocínio),2.0,0.0,0.0,2.0,0.0,0.0,2.0,vitimas
2025,2025-04-01,AC,Suicídio,12.0,0.0,1.0,11.0,0.0,0.0,12.0,vitimas
2025,2025-04-01,AC,Suicídio de Agente do Estado,0.0,0.0,0.0,0.0,0.0,0.0,0.0,vitimas
2025,2025-04-01,AC,Tentativa de feminicídio,7.0,0.0,7.0,0.0,0.0,0.0,7.0,vitimas
2025,2025-04-01,AC,Tentativa de homicídio,15.0,0.0,2.0,13.0,0.0,0.0,15.0,vitimas
2025,2025-04-01,AC,Tráfico de drogas,0.0,104.0,0.0,0.0,0.0,0.0,104.0,ocorrencias
2025,2025-04-01,AL,Apreensão de Cocaína,0.0,0.0,0.0,0.0,0.0,2167.0,2167.0,kg
2025,2025-04-01,AL,Apreensão de Maconha,0.0,0.0,0.0,0.0,0.0,16346.0,16346.0,kg
2025,2025-04-01,AL,Arma de Fogo Apreendida,0.0,140.0,0.0,0.0,0.0,0.0,140.0,ocorrencias
2025,2025-04-01,AL,Atendimento pré-hospitalar,0.0,451.0,0.0,0.0,0.0,0.0,451.0,ocorrencias
2025,2025-04-01,AL,Busca e salvamento,0.0,451.0,0.0,0.0,0.0,0.0,451.0,ocorrencias
2025,2025-04-01,AL,Combate a incêndios,0.0,227.0,0.0,0.0,0.0,0.0,227.0,ocorrencias
2025,2025-04-01,AL,Emissão de Alvarás de licença,0.0,682.0,0.0,0.0,0.0,0.0,682.0,ocorrencias
2025,2025-04-01,AL,Estupro,24.0,0.0,17.0,5.0,2.0,0.0,24.0,vitimas
2025,2025-04-01,AL,Estupro de vulnerável,63.0,0.0,52.0,10.0,1.0,0.0,63.0,vitimas
2025,2025-04-01,AL,Feminicídio,2.0,0.0,2.0,0.0,0.0,0.0,2.0,vitimas
2025,2025-04-01,AL,Furto de veículo,0.0,136.0,0.0,0.0,0.0,0.0,136.0,ocorrencias
2025,2025-04-01,AL,Homicídio doloso,80.0,0.0,6.0,74.0,0.0,0.0,80.0,vitimas
2025,2025-04-01,AL,Lesão corporal seguida de morte,1.0,0.0,0.0,1.0,0.0,0.0,1.0,vitimas
2025,2025-04-01,AL,Mandado de prisão cumprido,0.0,273.0,0.0,0.0,0.0,0.0,273.0,ocorrencias
2025,2025-04-01,AL,Morte de Agente do Estado,0.0,0.0,0.0,0.0,0.0,0.0,0.0,vitimas
2025,2025-04-01,AL,Morte no trânsito ou em decorrência dele (exceto homicídio doloso),31.0,0.0,5.0,18.0,8.0,0.0,31.0,vitimas
2025,2025-04-01,AL,Morte por intervenção de Agente do Estado,12.0,0.0,1.0,11.0,0.0,0.0,12.0,vitimas
2025,2025-04-01,AL,Mortes a esclarecer (sem indício de crime),59.0,0.0,12.0,38.0,9.0,0.0,59.0,vitimas
2025,2025-04-01,AL,Mortes no trânsito,9.0,0.0,3.0,6.0,0.0,0.0,9.0,vitimas
2025,2025-04-01,AL,Pessoa Desaparecida,81.0,0.0,22.0,58.0,1.0,0.0,81.0,vitimas
2025,2025-04-01,AL,Pessoa Localizada,32.0,0.0,11.0,21.0,0.0,0.0,32.0,vitimas
2025,2025-04-01,AL,Realização de vistorias,0.0,1043.0,0.0,0.0,0.0,0.0,1043.0,ocorrencias
2025,2025-04-01,AL,Roubo a instituição financeira,0.0,0.0,0.0,0.0,0.0,0.0,0.0,ocorrencias
2025,2025-04-01,AL,Roubo de carga,0.0,1.0,0.0,0.0,0.0,0.0,1.0,ocorrencias
2025,2025-04-01,AL,Roubo de veículo,0.0,103.0,0.0,0.0,0.0,0.0,103.0,ocorrencias
2025,2025-04-01,AL,Roubo seguido de morte (latrocínio),0.0,0.0,0.0,0.0,0.0,0.0,0.0,vitimas
2025,2025-04-01,AL,Suicídio,9.0,0.0,1.0,8.0,0.0,0.0,9.0,vitimas
2025,2025-04-01,AL,Suicídio de Agente do Estado,0.0,0.0,0.0,0.0,0.0,0.0,0.0,vitimas
2025,2025-04-01,AL,Tentativa de feminicídio,6.0,0.0,6.0,0.0,0.0,0.0,6.0,vitimas
2025,2025-04-01,AL,Tentativa de homicídio,79.0,0.0,20.0,57.0,2.0,0.0,79.0,vitimas
2025,2025-04-01,AL,Tráfico de drogas,0.0,139.0,0.0,0.0,0.0,0.0,139.0,ocorrencias
2025,2025-04-01,AM,Apreensão de Cocaína,0.0,0.0,0.0,0.0,0.0,524911.0,524911.0,kg
2025,2025-04-01,AM,Apreensão de Maconha,0.0,0.0,0.0,0.0,0.0,1838467.0,1838467.0,kg
2025,2025-04-01,AM,Arma de Fogo Apreendida,0.0,138.0,0.0,0.0,0.0,0.0,138.0,ocorrencias
2025,2025-04-01,AM,Atendimento pré-hospitalar,0.0,136.0,0.0,0.0,0.0,0.0,136.0,ocorrencias
2025,2025-04-01,AM,Busca e salvamento,0.0,12.0,0.0,0.0,0.0,0.0,12.0,ocorrencias
2025,2025-04-01,AM,Combate a incêndios,0.0,67.0,0.0,0.0,0.0,0.0,67.0,ocorrencias
2025,2025-04-01,AM,Emissão de Alvarás de licença,0.0,405.0,0.0,0.0,0.0,0.0,405.0,ocorrencias
2025,2025-04-01,AM,Estupro,30.0,0.0,28.0,2.0,0.0,0.0,30.0,vitimas
2025,2025-04-01,AM,Estupro de vulnerável,123.0,0.0,103.0,18.0,2.0,0.0,123.0,vitimas
2025,2025-04-01,AM,Feminicídio,0.0,0.0,0.0,0.0,0.0,0.0,0.0,vitimas
2025,2025-04-01,AM,Furto de veículo,0.0,139.0,0.0,0.0,0.0,0.0,139.0,ocorrencias
2025,2025-04-01,AM,Homicídio doloso,48.0,0.0,2.0,46.0,0.0,0.0,48.0,vitimas
2025,2025-04-01,AM,Lesão corporal seguida de morte,1.0,0.0,0.0,1.0,0.0,0.0,1.0,vitimas
2025,2025-04-01,AM,Mandado de prisão cumprido,0.0,363.0,0.0,0.0,0.0,0.0,363.0,ocorrencias
2025,2025-04-01,AM,Morte de Agente do Estado,0.0,0.0,0.0,0.0,0.0,0.0,0.0,vitimas
2025,2025-04-01,AM,Morte no trânsito ou em decorrência dele (exceto homicídio doloso),16.0,0.0,3.0,13.0,0.0,0.0,16.0,vitimas
2025,2025-04-01,AM,Morte por intervenção de Agente do Estado,1.0,0.0,0.0,1.0,0.0,0.0,1.0,vitimas
2025,2025-04-01,AM,Mortes a esclarecer (sem indício de crime),0.0,0.0,0.0,0.0,0.0,0.0,0.0,vitimas
2025,2025-04-01,AM,Mortes no trânsito,0.0,0.0,0.0,0.0,0.0,0.0,0.0,vitimas
2025,2025-04-01,AM,Pessoa Desaparecida,88.0,0.0,35.0,53.0,0.0,0.0,88.0,vitimas
2025,2025-04-01,AM,Pessoa Localizada,55.0,0.0,29.0,26.0,0.0,0.0,55.0,vitimas
2025,2025-04-01,AM,Realização de vistorias,0.0,437.0,0.0,0.0,0.0,0.0,437.0,ocorrencias
2025,2025-04-01,AM,Roubo a instituição financeira,0.0,0.0,0.0,0.0,0.0,0.0,0.0,ocorrencias
2025,2025-04-01,AM,Roubo de carga,0.0,2.0,0.0,0.0,0.0,0.0,2.0,ocorrencias
2025,2025-04-01,AM,Roubo de veículo,0.0,59.0,0.0,0.0,0.0,0.0,59.0,ocorrencias
2025,2025-04-01,AM,Roubo seguido de morte (latrocínio),1.0,0.0,0.0,1.0,0.0,0.0,1.0,vitimas
2025,2025-04-01,AM,Suicídio,15.0,0.0,2.0,13.0,0.0,0.0,15.0,vitimas
2025,2025-04-01,AM,Suicídio de Agente do Estado,1.0,0.0,0.0,1.0,0.0,0.0,1.0,vitimas
2025,2025-04-01,AM,Tentativa de feminicídio,8.0,0.0,7.0,1.0,0.0,0.0,8.0,vitimas
2025,2025-04-01,AM,Tentativa de homicídio,33.0,0.0,3.0,29.0,1.0,0.0,33.0,vitimas
2025,2025-04-01,AM,Tráfico de drogas,0.0,238.0,0.0,0.0,0.0,0.0,238.0,ocorrencias
2025,2025-04-01,AP,Apreensão de Cocaína,0.0,0.0,0.0,0.0,0.0,1087.0,1087.0,kg
2025,2025-04-01,AP,Apreensão de Maconha,0.0,0.0,0.0,0.0,0.0,263.0,263.0,kg
2025,2025-04-01,AP,Arma de Fogo Apreendida,0.0,37.0,0.0,0.0,0.0,0.0,37.0,ocorrencias
2025,2025-04-01,AP,Atendimento pré-hospitalar,0.0,562.0,0.0,0.0,0.0,0.0,562.0,ocorrencias
2025,2025-04-01,AP,Busca e salvamento,0.0,249.0,0.0,0.0,0.0,0.0,249.0,ocorrencias
2025,2025-04-01,AP,Combate a incêndios,0.0,66.0,0.0,0.0,0.0,0.0,66.0,ocorrencias
2025,2025-04-01,AP,Emissão de Alvarás de licença,0.0,167.0,0.0,0.0,0.0,0.0,167.0,ocorrencias
2025,2025-04-01,AP,Estupro,15.0,0.0,15.0,0.0,0.0,0.0,15.0,vitimas
2025,2025-04-01,AP,Estupro de vulnerável,54.0,0.0,47.0,6.0,1.0,0.0,54.0,vitimas
2025,2025-04-01,AP,Feminicídio,2.0,0.0,2.0,0.0,0.0,0.0,2.0,vitimas
2025,2025-04-01,AP,Furto de veículo,0.0,18.0,0.0,0.0,0.0,0.0,18.0,ocorrencias
2025,2025-04-01,AP,Homicídio doloso,17.0,0.0,1.0,16.0,0.0,0.0,17.0,vitimas
2025,2025-04-01,AP,Lesão corporal seguida de morte,2.0,0.0,0.0,2.0,0.0,0.0,2.0,vitimas
2025,2025-04-01,AP,Mandado de prisão cumprido,0.0,113.0,0.0,0.0,0.0,0.0,113.0,ocorrencias
2025,2025-04-01,AP,Morte de Agente do Estado,0.0,0.0,0.0,0.0,0.0,0.0,0.0,vitimas
2025,2025-04-01,AP,Morte no trânsito ou em decorrência dele (exceto homicídio doloso),6.0,0.0,2.0,4.0,0.0,0.0,6.0,vitimas
2025,2025-04-01,AP,Morte por intervenção de Agente do Estado,16.0,0.0,0.0,16.0,0.0,0.0,16.0,vitimas
2025,2025-04-01,AP,Mortes a esclarecer (sem indício de crime),1.0,0.0,0.0,0.0,1.0,0.0,1.0,vitimas
2025,2025-04-01,AP,Mortes no trânsito,0.0,0.0,0.0,0.0,0.0,0.0,0.0,vitimas
2025,2025-04-01,AP,Pessoa Desaparecida,39.0,0.0,21.0,18.0,0.0,0.0,39.0,vitimas
2025,2025-04-01,AP,Pessoa Localizada,33.0,0.0,17.0,16.0,0.0,0.0,33.0,vitimas
2025,2025-04-01,AP,Realização de vistorias,0.0,602.0,0.0,0.0,0.0,0.0,602.0,ocorrencias
2025,2025-04-01,AP,Roubo a instituição financeira,0.0,0.0,0.0,0.0,0.0,0.0,0.0,ocorrencias
2025,2025-04-01,AP,Roubo de carga,0.0,0.0,0.0,0.0,0.0,0.0,0.0,ocorrencias
2025,2025-04-01,AP,Roubo de veículo,0.0,11.0,0.0,0.0,0.0,0.0,11.0,ocorrencias
2025,2025-04-01,AP,Roubo seguido de morte (latrocínio),0.0,0.0,0.0,0.0,0.0,0.0,0.0,vitimas
2025,2025-04-01,AP,Suicídio,4.0,0.0,0.0,4.0,0.0,0.0,4.0,vitimas
2025,2025-04-01,AP,Suicídio de Agente do Estado,0.0,0.0,0.0,0.0,0.0,0.0,0.0,vitimas
2025,2025-04-01,AP,Tentativa de feminicídio,4.0,0.0,4.0,0.0,0.0,0.0,4.0,vitimas
2025,2025-04-01,AP,Tentativa de homicídio,33.0,0.0,3.0,24.0,6.0,0.0,33.0,vitimas
2025,2025-04-01,AP,Tráfico de drogas,0.0,119.0,0.0,0.0,0.0,0.0,119.0,ocorrencias
2025,2025-04-01,BA,Apreensão de Cocaína,0.0,0.0,0.0,0.0,0.0,13077.0,13077.0,kg
2025,2025-04-01,BA,Apreensão de Maconha,0.0,0.0,0.0,0.0,0.0,39934988.0,39934988.0,kg
2025,2025-04-01,BA,Arma de Fogo Apreendida,0.0,686.0,0.0,0.0,0.0,0.0,686.0,ocorrencias
2025,2025-04-01,BA,Atendimento pré-hospitalar,0.0,422.0,0.0,0.0,0.0,0.0,422.0,ocorrencias
2025,2025-04-01,BA,Busca e salvamento,0.0,854.0,0.0,0.0,0.0,0.0,854.0,ocorrencias
2025,2025-04-01,BA,Combate a incêndios,0.0,696.0,0.0,0.0,0.0,0.0,696.0,ocorrencias
2025,2025-04-01,BA,Emissão de Alvarás de licença,0.0,2379.0,0.0,0.0,0.0,0.0,2379.0,ocorrencias
2025,2025-04-01,BA,Estupro,85.0,0.0,81.0,3.0,1.0,0.0,85.0,vitimas
2025,2025-04-01,BA,Estupro de vulnerável,348.0,0.0,285.0,53.0,10.0,0.0,348.0,vitimas
2025,2025-04-01,BA,Feminicídio,13.0,0.0,13.0,0.0,0.0,0.0,13.0,vitimas
2025,2025-04-01,BA,Furto de veículo,0.0,584.0,0.0,0.0,0.0,0.0,584.0,ocorrencias
2025,2025-04-01,BA,Homicídio doloso,318.0,0.0,27.0,291.0,0.0,0.0,318.0,vitimas
2025,2025-04-01,BA,Lesão corporal seguida de morte,8.0,0.0,0.0,8.0,0.0,0.0,8.0,vitimas
2025,2025-04-01,BA,Mandado de prisão cumprido,0.0,1033.0,0.0,0.0,0.0,0.0,1033.0,ocorrencias
2025,2025-04-01,BA,Morte de Agente do Estado,0.0,0.0,0.0,0.0,0.0,0.0,0.0,vitimas
2025,2025-04-01,BA,Morte no trânsito ou em decorrência dele (exceto homicídio doloso),54.0,0.0,7.0,43.0,4.0,0.0,54.0,vitimas
2025,2025-04-01,BA,Morte por intervenção de Agente do Estado,159.0,0.0,0.0,159.0,0.0,0.0,159.0,vitimas
2025,2025-04-01,BA,Mortes a esclarecer (sem indício de crime),57.0,0.0,11.0,37.0,9.0,0.0,57.0,vitimas
2025,2025-04-01,BA,Mortes no trânsito,46.0,0.0,10.0,36.0,0.0,0.0,46.0,vitimas
2025,2025-04-01,BA,Pessoa Desaparecida,368.0,0.0,122.0,243.0,3.0,0.0,368.0,vitimas
2025,2025-04-01,BA,Pessoa Localizada,87.0,0.0,28.0,59.0,0.0,0.0,87.0,vitimas
2025,2025-04-01,BA,Realização de vistorias,0.0,920.0,0.0,0.0,0.0,0.0,920.0,ocorrencias
2025,2025-04-01,BA,Roubo a instituição financeira,0.0,0.0,0.0,0.0,0.0,0.0,0.0,ocorrencias
2025,2025-04-01,BA,Roubo de carga,0.0,18.0,0.0,0.0,0.0,0.0,18.0,ocorrencias
2025,2025-04-01,BA,Roubo de veículo,0.0,775.0,0.0,0.0,0.0,0.0,775.0,ocorrencias
2025,2025-04-01,BA,Roubo seguido de morte (latrocínio),3.0,0.0,0.0,3.0,0.0,0.0,3.0,vitimas
2025,2025-04-01,BA,Suicídio,55.0,0.0,8.0,46.0,1.0,0.0,55.0,vitimas
2025,2025-04-01,BA,Suicídio de Agente do Estado,0.0,0.0,0.0,0.0,0.0,0.0,0.0,vitimas
2025,2025-04-01,BA,Tentativa de feminicídio,20.0,0.0,20.0,0.0,0.0,0.0,20.0,vitimas
2025,2025-04-01,BA,Tentativa de homicídio,237.0,0.0,34.0,188.0,15.0,0.0,237.0,vitimas
2025,2025-04-01,BA,Tráfico de drogas,0.0,698.0,0.0,0.0,0.0,0.0,698.0,ocorrencias
2025,2025-04-01,CE,Apreensão de Cocaína,0.0,0.0,0.0,0.0,0.0,67082.0,67082.0,kg
2025,2025-04-01,CE,Apreensão de Maconha,0.0,0.0,0.0,0.0,0.0,24194.0,24194.0,kg
2025,2025-04-01,CE,Arma de Fogo Apreendida,0.0,531.0,0.0,0.0,0.0,0.0,531.0,ocorrencias
2025,2025-04-01,CE,Atendimento pré-hospitalar,0.0,101.0,0.0,0.0,0.0,0.0,101.0,ocorrencias
2025,2025-04-01,CE,Busca e salvamento,0.0,2090.0,0.0,0.0,0.0,0.0,2090.0,ocorrencias
2025,2025-04-01,CE,Combate a incêndios,0.0,409.0,0.0,0.0,0.0,0.0,409.0,ocorrencias
2025,2025-04-01,CE,Emissão de Alvarás de licença,0.0,4016.0,0.0,0.0,0.0,0.0,4016.0,ocorrencias
2025,2025-04-01,CE,Estupro,30.0,0.0,25.0,5.0,0.0,0.0,30.0,vitimas
2025,2025-04-01,CE,Estupro de vulnerável,143.0,0.0,119.0,21.0,3.0,0.0,143.0,vitimas
2025,2025-04-01,CE,Feminicídio,2.0,0.0,2.0,0.0,0.0,0.0,2.0,vitimas
2025,2025-04-01,CE,Furto de veículo,0.0,378.0,0.0,0.0,0.0,0.0,378.0,ocorrencias
2025,2025-04-01,CE,Homicídio doloso,195.0,0.0,16.0,179.0,0.0,0.0,195.0,vitimas
2025,2025-04-01,CE,Lesão corporal seguida de morte,1.0,0.0,0.0,1.0,0.0,0.0,1.0,vitimas
2025,2025-04-01,CE,Mandado de prisão cumprido,0.0,835.0,0.0,0.0,0.0,0.0,835.0,ocorrencias
2025,2025-04-01,CE,Morte de Agente do Estado,0.0,0.0,0.0,0.0,0.0,0.0,0.0,vitimas
2025,2025-04-01,CE,Morte no trânsito ou em decorrência dele (exceto homicídio doloso),134.0,0.0,20.0,114.0,0.0,0.0,134.0,vitimas
2025,2025-04-01,CE,Morte por intervenção de Agente do Estado,10.0,0.0,0.0,10.0,0.0,0.0,10.0,vitimas
2025,2025-04-01,CE,Mortes a esclarecer (sem indício de crime),33.0,0.0,7.0,26.0,0.0,0.0,33.0,vitimas
2025,2025-04-01,CE,Mortes no trânsito,16.0,0.0,3.0,13.0,0.0,0.0,16.0,vitimas
2025,2025-04-01,CE,Pessoa Desaparecida,224.0,0.0,53.0,171.0,0.0,0.0,224.0,vitimas
2025,2025-04-01,CE,Pessoa Localizada,122.0,0.0,25.0,97.0,0.0,0.0,122.0,vitimas
2025,2025-04-01,CE,Realização de vistorias,0.0,5113.0,0.0,0.0,0.0,0.0,5113.0,ocorrencias
2025,2025-04-01,CE,Roubo a instituição financeira,0.0,0.0,0.0,0.0,0.0,0.0,0.0,ocorrencias
2025,2025-04-01,CE,Roubo de carga,0.0,6.0,0.0,0.0,0.0,0.0,6.0,ocorrencias
2025,2025-04-01,CE,Roubo de veículo,0.0,434.0,0.0,0.0,0.0,0.0,434.0,ocorrencias
2025,2025-04-01,CE,Roubo seguido de morte (latrocínio),4.0,0.0,1.0,3.0,0.0,0.0,4.0,vitimas
2025,2025-04-01,CE,Suicídio,57.0,0.0,13.0,44.0,0.0,0.0,57.0,vitimas
2025,2025-04-01,CE,Suicídio de Agente do Estado,0.0,0.0,0.0,0.0,0.0,0.0,0.0,vitimas
2025,2025-04-01,CE,Tentativa de feminicídio,4.0,0.0,4.0,0.0,0.0,0.0,4.0,vitimas
2025,2025-04-01,CE,Tentativa de homicídio,90.0,0.0,15.0,74.0,1.0,0.0,90.0,vitimas
2025,2025-04-01,CE,Tráfico de drogas,0.0,586.0,0.0,0.0,0.0,0.0,586.0,ocorrencias
2025,2025-04-01,DF,Apreensão de Cocaína,0.0,0.0,0.0,0.0,0.0,6285.0,6285.0,kg
2025,2025-04-01,DF,Apreensão de Maconha,0.0,0.0,0.0,0.0,0.0,37550.0,37550.0,kg
2025,2025-04-01,DF,Arma de Fogo Apreendida,0.0,145.0,0.0,0.0,0.0,0.0,145.0,ocorrencias
2025,2025-04-01,DF,Atendimento pré-hospitalar,0.0,0.0,0.0,0.0,0.0,0.0,0.0,ocorrencias
2025,2025-04-01,DF,Busca e salvamento,0.0,0.0,0.0,0.0,0.0,0.0,0.0,ocorrencias
2025,2025-04-01,DF,Combate a incêndios,0.0,0.0,0.0,0.0,0.0,0.0,0.0,ocorrencias
2025,2025-04-01,DF,Emissão de Alvarás de licença,0.0,0.0,0.0,0.0,0.0,0.0,0.0,ocorrencias
2025,2025-04-01,DF,Estupro,24.0,0.0,22.0,2.0,0.0,0.0,24.0,vitimas
2025,2025-04-01,DF,Estupro de vulnerável,44.0,0.0,40.0,4.0,0.0,0.0,44.0,vitimas
2025,2025-04-01,DF,Feminicídio,3.0,0.0,3.0,0.0,0.0,0.0,3.0,vitimas
2025,2025-04-01,DF,Furto de veículo,0.0,273.0,0.0,0.0,0.0,0.0,273.0,ocorrencias
2025,2025-04-01,DF,Homicídio doloso,21.0,0.0,5.0,16.0,0.0,0.0,21.0,vitimas
2025,2025-04-01,DF,Lesão corporal seguida de morte,0.0,0.0,0.0,0.0,0.0,0.0,0.0,vitimas
2025,2025-04-01,DF,Mandado de prisão cumprido,0.0,682.0,0.0,0.0,0.0,0.0,682.0,ocorrencias
2025,2025-04-01,DF,Morte de Agente do Estado,0.0,0.0,0.0,0.0,0.0,0.0,0.0,vitimas
2025,2025-04-01,DF,Morte no trânsito ou em decorrência dele (exceto homicídio doloso),24.0,0.0,8.0,16.0,0.0,0.0,24.0,vitimas
2025,2025-04-01,DF,Morte por intervenção de Agente do Estado,2.0,0.0,0.0,2.0,0.0,0.0,2.0,vitimas
2025,2025-04-01,DF,Mortes a esclarecer (sem indício de crime),0.0,0.0,0.0,0.0,0.0,0.0,0.0,vitimas
2025,2025-04-01,DF,Mortes no trânsito,5.0,0.0,1.0,4.0,0.0,0.0,5.0,vitimas
2025,2025-04-01,DF,Pessoa Desaparecida,177.0,0.0,60.0,117.0,0.0,0.0,177.0,vitimas
2025,2025-04-01,DF,Pessoa Localizada,170.0,0.0,60.0,110.0,0.0,0.0,170.0,vitimas
2025,2025-04-01,DF,Realização de vistorias,0.0,0.0,0.0,0.0,0.0,0.0,0.0,ocorrencias
2025,2025-04-01,DF,Roubo a instituição financeira,0.0,0.0,0.0,0.0,0.0,0.0,0.0,ocorrencias
2025,2025-04-01,DF,Roubo de carga,0.0,1.0,0.0,0.0,0.0,0.0,1.0,ocorrencias
2025,2025-04-01,DF,Roubo de veículo,0.0,79.0,0.0,0.0,0.0,0.0,79.0,ocorrencias
2025,2025-04-01,DF,Roubo seguido de morte (latrocínio),2.0,0.0,0.0,2.0,0.0,0.0,2.0,vitimas
2025,2025-04-01,DF,Suicídio,21.0,0.0,2.0,19.0,0.0,0.0,21.0,vitimas
2025,2025-04-01,DF,Suicídio de Agente do Estado,2.0,0.0,0.0,2.0,0.0,0.0,2.0,vitimas
2025,2025-04-01,DF,Tentativa de feminicídio,8.0,0.0,8.0,0.0,0.0,0.0,8.0,vitimas
2025,2025-04-01,DF,Tentativa de homicídio,57.0,0.0,1.0,56.0,0.0,0.0,57.0,vitimas
2025,2025-04-01,DF,Tráfico de drogas,0.0,242.0,0.0,0.0,0.0,0.0,242.0,ocorrencias
2025,2025-04-01,ES,Apreensão de Cocaína,0.0,0.0,0.0,0.0,0.0,1392677.0,1392677.0,kg
2025,2025-04-01,ES,Apreensão de Maconha,0.0,0.0,0.0,0.0,0.0,114380.0,114380.0,kg
2025,2025-04-01,ES,Arma de Fogo Apreendida,0.0,307.0,0.0,0.0,0.0,0.0,307.0,ocorrencias
2025,2025-04-01,ES,Atendimento pré-hospitalar,0.0,800.0,0.0,0.0,0.0,0.0,800.0,ocorrencias
2025,2025-04-01,ES,Busca e salvamento,0.0,397.0,0.0,0.0,0.0,0.0,397.0,ocorrencias
2025,2025-04-01,ES,Combate a incêndios,0.0,270.0,0.0,0.0,0.0,0.0,270.0,ocorrencias
2025,2025-04-01,ES,Emissão de Alvarás de licença,0.0,3355.0,0.0,0.0,0.0,0.0,3355.0,ocorrencias
2025,2025-04-01,ES,Estupro,24.0,0.0,20.0,1.0,3.0,0.0,24.0,vitimas
2025,2025-04-01,ES,Estupro de vulnerável,71.0,0.0,53.0,13.0,5.0,0.0,71.0,vitimas
2025,2025-04-01,ES,Feminicídio,2.0,0.0,2.0,0.0,0.0,0.0,2.0,vitimas
2025,2025-04-01,ES,Furto de veículo,0.0,270.0,0.0,0.0,0.0,0.0,270.0,ocorrencias
2025,2025-04-01,ES,Homicídio doloso,53.0,0.0,2.0,51.0,0.0,0.0,53.0,vitimas
2025,2025-04-01,ES,Lesão corporal seguida de morte,0.0,0.0,0.0,0.0,0.0,0.0,0.0,vitimas
2025,2025-04-01,ES,Mandado de prisão cumprido,0.0,584.0,0.0,0.0,0.0,0.0,584.0,ocorrencias
2025,2025-04-01,ES,Morte de Agente do Estado,0.0,0.0,0.0,0.0,0.0,0.0,0.0,vitimas
2025,2025-04-01,ES,Morte no trânsito ou em decorrência dele (exceto homicídio doloso),81.0,0.0,12.0,69.0,0.0,0.0,81.0,vitimas
2025,2025-04-01,ES,Morte por intervenção de Agente do Estado,6.0,0.0,0.0,6.0,0.0,0.0,6.0,vitimas
2025,2025-04-01,ES,Mortes a esclarecer (sem indício de crime),29.0,0.0,7.0,21.0,1.0,0.0,29.0,vitimas
2025,2025-04-01,ES,Mortes no trânsito,12.0,0.0,1.0,11.0,0.0,0.0,12.0,vitimas
2025,2025-04-01,ES,Pessoa Desaparecida,199.0,0.0,63.0,126.0,10.0,0.0,199.0,vitimas
2025,2025-04-01,ES,Pessoa Localizada,28.0,0.0,9.0,17.0,2.0,0.0,28.0,vitimas
2025,2025-04-01,ES,Realização de vistorias,0.0,4146.0,0.0,0.0,0.0,0.0,4146.0,ocorrencias
2025,2025-04-01,ES,Roubo a instituição financeira,0.0,0.0,0.0,0.0,0.0,0.0,0.0,ocorrencias
2025,2025-04-01,ES,Roubo de carga,0.0,0.0,0.0,0.0,0.0,0.0,0.0,ocorrencias
2025,2025-04-01,ES,Roubo de veículo,0.0,103.0,0.0,0.0,0.0,0.0,103.0,ocorrencias
2025,2025-04-01,ES,Roubo seguido de morte (latrocínio),1.0,0.0,0.0,1.0,0.0,0.0,1.0,vitimas
2025,2025-04-01,ES,Suicídio,34.0,0.0,13.0,21.0,0.0,0.0,34.0,vitimas
2025,2025-04-01,ES,Suicídio de Agente do Estado,0.0,0.0,0.0,0.0,0.0,0.0,0.0,vitimas
2025,2025-04-01,ES,Tentativa de feminicídio,8.0,0.0,8.0,0.0,0.0,0.0,8.0,vitimas
2025,2025-04-01,ES,Tentativa de homicídio,90.0,0.0,23.0,64.0,3.0,0.0,90.0,vitimas
2025,2025-04-01,ES,Tráfico de drogas,0.0,458.0,0.0,0.0,0.0,0.0,458.0,ocorrencias
2025,2025-04-01,GO,Apreensão de Cocaína,0.0,0.0,0.0,0.0,0.0,1129432.0,1129432.0,kg
2025,2025-04-01,GO,Apreensão de Maconha,0.0,0.0,0.0,0.0,0.0,4107949.0,4107949.0,kg
2025,2025-04-01,GO,Arma de Fogo Apreendida,0.0,388.0,0.0,0.0,0.0,0.0,388.0,ocorrencias
2025,2025-04-01,GO,Atendimento pré-hospitalar,0.0,7624.0,0.0,0.0,0.0,0.0,7624.0,ocorrencias
2025,2025-04-01,GO,Busca e salvamento,0.0,1877.0,0.0,0.0,0.0,0.0,1877.0,ocorrencias
2025,2025-04-01,GO,Combate a incêndios,0.0,378.0,0.0,0.0,0.0,0.0,378.0,ocorrencias
2025,2025-04-01,GO,Emissão de Alvarás de licença,0.0,13285.0,0.0,0.0,0.0,0.0,13285.0,ocorrencias
2025,2025-04-01,GO,Estupro,72.0,0.0,66.0,5.0,1.0,0.0,72.0,vitimas
2025,2025-04-01,GO,Estupro de vulnerável,261.0,0.0,226.0,30.0,5.0,0.0,261.0,vitimas
2025,2025-04-01,GO,Feminicídio,5.0,0.0,5.0,0.0,0.0,0.0,5.0,vitimas
2025,2025-04-01,GO,Furto de veículo,0.0,233.0,0.0,0.0,0.0,0.0,233.0,ocorrencias
2025,2025-04-01,GO,Homicídio doloso,62.0,0.0,5.0,54.0,3.0,0.0,62.0,vitimas
2025,2025-04-01,GO,Lesão corporal seguida de morte,2.0,0.0,0.0,2.0,0.0,0.0,2.0,vitimas
2025,2025-04-01,GO,Mandado de prisão cumprido,0.0,904.0,0.0,0.0,0.0,0.0,904.0,ocorrencias
2025,2025-04-01,GO,Morte de Agente do Estado,0.0,0.0,0.0,0.0,0.0,0.0,0.0,vitimas
2025,2025-04-01,GO,Morte no trânsito ou em decorrência dele (exceto homicídio doloso),59.0,0.0,13.0,44.0,2.0,0.0,59.0,vitimas
2025,2025-04-01,GO,Morte por intervenção de Agente do Estado,25.0,0.0,0.0,18.0,7.0,0.0,25.0,vitimas
2025,2025-04-01,GO,Mortes a esclarecer (sem indício de crime),39.0,0.0,8.0,27.0,4.0,0.0,39.0,vitimas
2025,2025-04-01,GO,Mortes no trânsito,19.0,0.0,4.0,15.0,0.0,0.0,19.0,vitimas
2025,2025-04-01,GO,Pessoa Desaparecida,323.0,0.0,118.0,199.0,6.0,0.0,323.0,vitimas
2025,2025-04-01,GO,Pessoa Localizada,217.0,0.0,77.0,138.0,2.0,0.0,217.0,vitimas
2025,2025-04-01,GO,Realização de vistorias,0.0,5223.0,0.0,0.0,0.0,0.0,5223.0,ocorrencias
2025,2025-04-01,GO,Roubo a instituição financeira,0.0,0.0,0.0,0.0,0.0,0.0,0.0,ocorrencias
2025,2025-04-01,GO,Roubo de carga,0.0,2.0,0.0,0.0,0.0,0.0,2.0,ocorrencias
2025,2025-04-01,GO,Roubo de veículo,0.0,48.0,0.0,0.0,0.0,0.0,48.0,ocorrencias
2025,2025-04-01,GO,Roubo seguido de morte (latrocínio),2.0,0.0,0.0,2.0,0.0,0.0,2.0,vitimas
2025,2025-04-01,GO,Suicídio,69.0,0.0,16.0,53.0,0.0,0.0,69.0,vitimas
2025,2025-04-01,GO,Suicídio de Agente do Estado,3.0,0.0,0.0,3.0,0.0,0.0,3.0,vitimas
2025,2025-04-01,GO,Tentativa de feminicídio,22.0,0.0,22.0,0.0,0.0,0.0,22.0,vitimas
2025,2025-04-01,GO,Tentativa de homicídio,89.0,0.0,13.0,76.0,0.0,0.0,89.0,vitimas
2025,2025-04-01,GO,Tráfico de drogas,0.0,507.0,0.0,0.0,0.0,0.0,507.0,ocorrencias
2025,2025-04-01,MA,Apreensão de Cocaína,0.0,0.0,0.0,0.0,0.0,35967.0,35967.0,kg
2025,2025-04-01,MA,Apreensão de Maconha,0.0,0.0,0.0,0.0,0.0,2787973.0,2787973.0,kg
2025,2025-04-01,MA,Arma de Fogo Apreendida,0.0,289.0,0.0,0.0,0.0,0.0,289.0,ocorrencias
2025,2025-04-01,MA,Atendimento pré-hospitalar,0.0,2065.0,0.0,0.0,0.0,0.0,2065.0,ocorrencias
2025,2025-04-01,MA,Busca e salvamento,0.0,1332.0,0.0,0.0,0.0,0.0,1332.0,ocorrencias
2025,2025-04-01,MA,Combate a incêndios,0.0,267.0,0.0,0.0,0.0,0.0,267.0,ocorrencias
2025,2025-04-01,MA,Emissão de Alvarás de licença,0.0,1625.0,0.0,0.0,0.0,0.0,1625.0,ocorrencias
2025,2025-04-01,MA,Estupro,39.0,0.0,38.0,1.0,0.0,0.0,39.0,vitimas
2025,2025-04-01,MA,Estupro de vulnerável,134.0,0.0,124.0,10.0,0.0,0.0,134.0,vitimas
2025,2025-04-01,MA,Feminicídio,5.0,0.0,5.0,0.0,0.0,0.0,5.0,vitimas
2025,2025-04-01,MA,Furto de veículo,0.0,280.0,0.0,0.0,0.0,0.0,280.0,ocorrencias
2025,2025-04-01,MA,Homicídio doloso,132.0,0.0,12.0,120.0,0.0,0.0,132.0,vitimas
2025,2025-04-01,MA,Lesão corporal seguida de morte,1.0,0.0,0.0,1.0,0.0,0.0,1.0,vitimas
2025,2025-04-01,MA,Mandado de prisão cumprido,0.0,388.0,0.0,0.0,0.0,0.0,388.0,ocorrencias
2025,2025-04-01,MA,Morte de Agente do Estado,1.0,0.0,0.0,1.0,0.0,0.0,1.0,vitimas
2025,2025-04-01,MA,Morte no trânsito ou em decorrência dele (exceto homicídio doloso),73.0,0.0,16.0,57.0,0.0,0.0,73.0,vitimas
2025,2025-04-01,MA,Morte por intervenção de Agente do Estado,8.0,0.0,0.0,8.0,0.0,0.0,8.0,vitimas
2025,2025-04-01,MA,Mortes a esclarecer (sem indício de crime),10.0,0.0,2.0,8.0,0.0,0.0,10.0,vitimas
2025,2025-04-01,MA,Mortes no trânsito,13.0,0.0,4.0,9.0,0.0,0.0,13.0,vitimas
2025,2025-04-01,MA,Pessoa Desaparecida,88.0,0.0,38.0,47.0,3.0,0.0,88.0,vitimas
2025,2025-04-01,MA,Pessoa Localizada,13.0,0.0,5.0,8.0,0.0,0.0,13.0,vitimas
2025,2025-04-01,MA,Realização de vistorias,0.0,486.0,0.0,0.0,0.0,0.0,486.0,ocorrencias
2025,2025-04-01,MA,Roubo a instituição financeira,0.0,0.0,0.0,0.0,0.0,0.0,0.0,ocorrencias
2025,2025-04-01,MA,Roubo de carga,0.0,12.0,0.0,0.0,0.0,0.0,12.0,ocorrencias
2025,2025-04-01,MA,Roubo de veículo,0.0,242.0,0.0,0.0,0.0,0.0,242.0,ocorrencias
2025,2025-04-01,MA,Roubo seguido de morte (latrocínio),9.0,0.0,0.0,9.0,0.0,0.0,9.0,vitimas
2025,2025-04-01,MA,Suicídio,36.0,0.0,6.0,30.0,0.0,0.0,36.0,vitimas
2025,2025-04-01,MA,Suicídio de Agente do Estado,0.0,0.0,0.0,0.0,0.0,0.0,0.0,vitimas
2025,2025-04-01,MA,Tentativa de feminicídio,9.0,0.0,9.0,0.0,0.0,0.0,9.0,vitimas
2025,2025-04-01,MA,Tentativa de homicídio,127.0,0.0,15.0,112.0,0.0,0.0,127.0,vitimas
2025,2025-04-01,MA,Tráfico de drogas,0.0,224.0,0.0,0.0,0.0,0.0,224.0,ocorrencias
2025,2025-04-01,MG,Apreensão de Cocaína,0.0,0.0,0.0,0.0,0.0,115831.0,115831.0,kg
2025,2025-04-01,MG,Apreensão de Maconha,0.0,0.0,0.0,0.0,0.0,18016.0,18016.0,kg
2025,2025-04-01,MG,Arma de Fogo Apreendida,0.0,1212.0,0.0,0.0,0.0,0.0,1212.0,ocorrencias
2025,2025-04-01,MG,Atendimento pré-hospitalar,0.0,7653.0,0.0,0.0,0.0,0.0,7653.0,ocorrencias
2025,2025-04-01,MG,Busca e salvamento,0.0,4819.0,0.0,0.0,0.0,0.0,4819.0,ocorrencias
2025,2025-04-01,MG,Combate a incêndios,0.0,1168.0,0.0,0.0,0.0,0.0,1168.0,ocorrencias
2025,2025-04-01,MG,Emissão de Alvarás de licença,0.0,709.0,0.0,0.0,0.0,0.0,709.0,ocorrencias
2025,2025-04-01,MG,Estupro,116.0,0.0,105.0,11.0,0.0,0.0,116.0,vitimas
2025,2025-04-01,MG,Estupro de vulnerável,303.0,0.0,253.0,47.0,3.0,0.0,303.0,vitimas
2025,2025-04-01,MG,Feminicídio,16.0,0.0,16.0,0.0,0.0,0.0,16.0,vitimas
2025,2025-04-01,MG,Furto de veículo,0.0,1844.0,0.0,0.0,0.0,0.0,1844.0,ocorrencias
2025,2025-04-01,MG,Homicídio doloso,217.0,0.0,21.0,196.0,0.0,0.0,217.0,vitimas
2025,2025-04-01,MG,Lesão corporal seguida de morte,6.0,0.0,0.0,6.0,0.0,0.0,6.0,vitimas
2025,2025-04-01,MG,Mandado de prisão cumprido,0.0,1281.0,0.0,0.0,0.0,0.0,1281.0,ocorrencias
2025,2025-04-01,MG,Morte de Agente do Estado,0.0,0.0,0.0,0.0,0.0,0.0,0.0,vitimas
2025,2025-04-01,MG,Morte no trânsito ou em decorrência dele (exceto homicídio doloso),170.0,0.0,31.0,138.0,1.0,0.0,170.0,vitimas
2025,2025-04-01,MG,Morte por intervenção de Agente do Estado,15.0,0.0,0.0,15.0,0.0,0.0,15.0,vitimas
2025,2025-04-01,MG,Mortes a esclarecer (sem indício de crime),0.0,0.0,0.0,0.0,0.0,0.0,0.0,vitimas
2025,2025-04-01,MG,Mortes no trânsito,65.0,0.0,18.0,47.0,0.0,0.0,65.0,vitimas
2025,2025-04-01,MG,Pessoa Desaparecida,846.0,0.0,329.0,517.0,0.0,0.0,846.0,vitimas
2025,2025-04-01,MG,Pessoa Localizada,523.0,0.0,202.0,321.0,0.0,0.0,523.0,vitimas
2025,2025-04-01,MG,Realização de vistorias,0.0,3642.0,0.0,0.0,0.0,0.0,3642.0,ocorrencias
2025,2025-04-01,MG,Roubo a instituição financeira,0.0,1.0,0.0,0.0,0.0,0.0,1.0,ocorrencias
2025,2025-04-01,MG,Roubo de carga,0.0,13.0,0.0,0.0,0.0,0.0,13.0,ocorrencias
2025,2025-04-01,MG,Roubo de veículo,0.0,281.0,0.0,0.0,0.0,0.0,281.0,ocorrencias
2025,2025-04-01,MG,Roubo seguido de morte (latrocínio),2.0,0.0,0.0,2.0,0.0,0.0,2.0,vitimas
2025,2025-04-01,MG,Suicídio,138.0,0.0,29.0,109.0,0.0,0.0,138.0,vitimas
2025,2025-04-01,MG,Suicídio de Agente do Estado,0.0,0.0,0.0,0.0,0.0,0.0,0.0,vitimas
2025,2025-04-01,MG,Tentativa de feminicídio,10.0,0.0,10.0,0.0,0.0,0.0,10.0,vitimas
2025,2025-04-01,MG,Tentativa de homicídio,187.0,0.0,24.0,163.0,0.0,0.0,187.0,vitimas
2025,2025-04-01,MG,Tráfico de drogas,0.0,2767.0,0.0,0.0,0.0,0.0,2767.0,ocorrencias
2025,2025-04-01,MS,Apreensão de Cocaína,0.0,0.0,0.0,0.0,0.0,2221223.0,2221223.0,kg
2025,2025-04-01,MS,Apreensão de Maconha,0.0,0.0,0.0,0.0,0.0,29372178.0,29372178.0,kg
2025,2025-04-01,MS,Arma de Fogo Apreendida,0.0,144.0,0.0,0.0,0.0,0.0,144.0,ocorrencias
2025,2025-04-01,MS,Atendimento pré-hospitalar,0.0,2110.0,0.0,0.0,0.0,0.0,2110.0,ocorrencias
2025,2025-04-01,MS,Busca e salvamento,0.0,5081.0,0.0,0.0,0.0,0.0,5081.0,ocorrencias
2025,2025-04-01,MS,Combate a incêndios,0.0,282.0,0.0,0.0,0.0,0.0,282.0,ocorrencias
2025,2025-04-01,MS,Emissão de Alvarás de licença,0.0,3512.0,0.0,0.0,0.0,0.0,3512.0,ocorrencias
2025,2025-04-01,MS,Estupro,171.0,0.0,143.0,22.0,6.0,0.0,171.0,vitimas
2025,2025-04-01,MS,Estupro de vulnerável,134.0,0.0,111.0,19.0,4.0,0.0,134.0,vitimas
2025,2025-04-01,MS,Feminicídio,1.0,0.0,1.0,0.0,0.0,0.0,1.0,vitimas
2025,2025-04-01,MS,Furto de veículo,0.0,180.0,0.0,0.0,0.0,0.0,180.0,ocorrencias
2025,2025-04-01,MS,Homicídio doloso,34.0,0.0,3.0,27.0,4.0,0.0,34.0,vitimas
2025,2025-04-01,MS,Lesão corporal seguida de morte,1.0,0.0,1.0,0.0,0.0,0.0,1.0,vitimas
2025,2025-04-01,MS,Mandado de prisão cumprido,0.0,440.0,0.0,0.0,0.0,0.0,440.0,ocorrencias
2025,2025-04-01,MS,Morte de Agente do Estado,0.0,0.0,0.0,0.0,0.0,0.0,0.0,vitimas
2025,2025-04-01,MS,Morte no trânsito ou em decorrência dele (exceto homicídio doloso),15.0,0.0,4.0,10.0,1.0,0.0,15.0,vitimas
2025,2025-04-01,MS,Morte por intervenção de Agente do Estado,10.0,0.0,0.0,10.0,0.0,0.0,10.0,vitimas
2025,2025-04-01,MS,Mortes a esclarecer (sem indício de crime),43.0,0.0,13.0,25.0,5.0,0.0,43.0,vitimas
2025,2025-04-01,MS,Mortes no trânsito,14.0,0.0,5.0,9.0,0.0,0.0,14.0,vitimas
2025,2025-04-01,MS,Pessoa Desaparecida,46.0,0.0,18.0,27.0,1.0,0.0,46.0,vitimas
2025,2025-04-01,MS,Pessoa Localizada,95.0,0.0,31.0,64.0,0.0,0.0,95.0,vitimas
2025,2025-04-01,MS,Realização de vistorias,0.0,1802.0,0.0,0.0,0.0,0.0,1802.0,ocorrencias
2025,2025-04-01,MS,Roubo a instituição financeira,0.0,0.0,0.0,0.0,0.0,0.0,0.0,ocorrencias
2025,2025-04-01,MS,Roubo de carga,0.0,0.0,0.0,0.0,0.0,0.0,0.0,ocorrencias
2025,2025-04-01,MS,Roubo de veículo,0.0,30.0,0.0,0.0,0.0,0.0,30.0,ocorrencias
2025,2025-04-01,MS,Roubo seguido de morte (latrocínio),1.0,0.0,0.0,1.0,0.0,0.0,1.0,vitimas
2025,2025-04-01,MS,Suicídio,25.0,0.0,5.0,20.0,0.0,0.0,25.0,vitimas
2025,2025-04-01,MS,Suicídio de Agente do Estado,1.0,0.0,0.0,1.0,0.0,0.0,1.0,vitimas
2025,2025-04-01,MS,Tentativa de feminicídio,6.0,0.0,6.0,0.0,0.0,0.0,6.0,vitimas
2025,2025-04-01,MS,Tentativa de homicídio,33.0,0.0,7.0,25.0,1.0,0.0,33.0,vitimas
2025,2025-04-01,MS,Tráfico de drogas,0.0,361.0,0.0,0.0,0.0,0.0,361.0,ocorrencias
2025,2025-04-01,MT,Apreensão de Cocaína,0.0,0.0,0.0,0.0,0.0,163102.0,163102.0,kg
2025,2025-04-01,MT,Apreensão de Maconha,0.0,0.0,0.0,0.0,0.0,326873.0,326873.0,kg
2025,2025-04-01,MT,Arma de Fogo Apreendida,0.0,150.0,0.0,0.0,0.0,0.0,150.0,ocorrencias
2025,2025-04-01,MT,Atendimento pré-hospitalar,0.0,3477.0,0.0,0.0,0.0,0.0,3477.0,ocorrencias
2025,2025-04-01,MT,Busca e salvamento,0.0,921.0,0.0,0.0,0.0,0.0,921.0,ocorrencias
2025,2025-04-01,MT,Combate a incêndios,0.0,195.0,0.0,0.0,0.0,0.0,195.0,ocorrencias
2025,2025-04-01,MT,Emissão de Alvarás de licença,0.0,12448.0,0.0,0.0,0.0,0.0,12448.0,ocorrencias
2025,2025-04-01,MT,Estupro,48.0,0.0,45.0,3.0,0.0,0.0,48.0,vitimas
2025,2025-04-01,MT,Estupro de vulnerável,143.0,0.0,127.0,16.0,0.0,0.0,143.0,vitimas
2025,2025-04-01,MT,Feminicídio,3.0,0.0,3.0,0.0,0.0,0.0,3.0,vitimas
2025,2025-04-01,MT,Furto de veículo,0.0,124.0,0.0,0.0,0.0,0.0,124.0,ocorrencias
2025,2025-04-01,MT,Homicídio doloso,36.0,0.0,6.0,30.0,0.0,0.0,36.0,vitimas
2025,2025-04-01,MT,Lesão corporal seguida de morte,0.0,0.0,0.0,0.0,0.0,0.0,0.0,vitimas
2025,2025-04-01,MT,Mandado de prisão cumprido,0.0,790.0,0.0,0.0,0.0,0.0,790.0,ocorrencias
2025,2025-04-01,MT,Morte de Agente do Estado,0.0,0.0,0.0,0.0,0.0,0.0,0.0,vitimas
2025,2025-04-01,MT,Morte no trânsito ou em decorrência dele (exceto homicídio doloso),74.0,0.0,16.0,58.0,0.0,0.0,74.0,vitimas
2025,2025-04-01,MT,Morte por intervenção de Agente do Estado,10.0,0.0,0.0,10.0,0.0,0.0,10.0,vitimas
2025,2025-04-01,MT,Mortes a esclarecer (sem indício de crime),35.0,0.0,10.0,23.0,2.0,0.0,35.0,vitimas
2025,2025-04-01,MT,Mortes no trânsito,19.0,0.0,3.0,16.0,0.0,0.0,19.0,vitimas
2025,2025-04-01,MT,Pessoa Desaparecida,167.0,0.0,62.0,105.0,0.0,0.0,167.0,vitimas
2025,2025-04-01,MT,Pessoa Localizada,90.0,0.0,31.0,59.0,0.0,0.0,90.0,vitimas
2025,2025-04-01,MT,Realização de vistorias,0.0,2377.0,0.0,0.0,0.0,0.0,2377.0,ocorrencias
2025,2025-04-01,MT,Roubo a instituição financeira,0.0,0.0,0.0,0.0,0.0,0.0,0.0,ocorrencias
2025,2025-04-01,MT,Roubo de carga,0.0,3.0,0.0,0.0,0.0,0.0,3.0,ocorrencias
2025,2025-04-01,MT,Roubo de veículo,0.0,43.0,0.0,0.0,0.0,0.0,43.0,ocorrencias
2025,2025-04-01,MT,Roubo seguido de morte (latrocínio),1.0,0.0,0.0,1.0,0.0,0.0,1.0,vitimas
2025,2025-04-01,MT,Suicídio,30.0,0.0,8.0,22.0,0.0,0.0,30.0,vitimas
2025,2025-04-01,MT,Suicídio de Agente do Estado,0.0,0.0,0.0,0.0,0.0,0.0,0.0,vitimas
2025,2025-04-01,MT,Tentativa de feminicídio,17.0,0.0,17.0,0.0,0.0,0.0,17.0,vitimas
2025,2025-04-01,MT,Tentativa de homicídio,119.0,0.0,21.0,98.0,0.0,0.0,119.0,vitimas
2025,2025-04-01,MT,Tráfico de drogas,0.0,412.0,0.0,0.0,0.0,0.0,412.0,ocorrencias
2025,2025-04-01,PA,Apreensão de Cocaína,0.0,0.0,0.0,0.0,0.0,3530772.0,3530772.0,kg
2025,2025-04-01,PA,Apreensão de Maconha,0.0,0.0,0.0,0.0,0.0,1931054.0,1931054.0,kg
2025,2025-04-01,PA,Arma de Fogo Apreendida,0.0,179.0,0.0,0.0,0.0,0.0,179.0,ocorrencias
2025,2025-04-01,PA,Atendimento pré-hospitalar,0.0,1669.0,0.0,0.0,0.0,0.0,1669.0,ocorrencias
2025,2025-04-01,PA,Busca e salvamento,0.0,63.0,0.0,0.0,0.0,0.0,63.0,ocorrencias
2025,2025-04-01,PA,Combate a incêndios,0.0,300.0,0.0,0.0,0.0,0.0,300.0,ocorrencias
2025,2025-04-01,PA,Emissão de Alvarás de licença,0.0,6544.0,0.0,0.0,0.0,0.0,6544.0,ocorrencias
2025,2025-04-01,PA,Estupro,58.0,0.0,54.0,2.0,2.0,0.0,58.0,vitimas
2025,2025-04-01,PA,Estupro de vulnerável,405.0,0.0,366.0,33.0,6.0,0.0,405.0,vitimas
2025,2025-04-01,PA,Feminicídio,8.0,0.0,8.0,0.0,0.0,0.0,8.0,vitimas
2025,2025-04-01,PA,Furto de veículo,0.0,242.0,0.0,0.0,0.0,0.0,242.0,ocorrencias
2025,2025-04-01,PA,Homicídio doloso,134.0,0.0,10.0,123.0,1.0,0.0,134.0,vitimas
2025,2025-04-01,PA,Lesão corporal seguida de morte,7.0,0.0,1.0,6.0,0.0,0.0,7.0,vitimas
2025,2025-04-01,PA,Mandado de prisão cumprido,0.0,619.0,0.0,0.0,0.0,0.0,619.0,ocorrencias
2025,2025-04-01,PA,Morte de Agente do Estado,1.0,0.0,0.0,1.0,0.0,0.0,1.0,vitimas
2025,2025-04-01,PA,Morte no trânsito ou em decorrência dele (exceto homicídio doloso),80.0,0.0,19.0,60.0,1.0,0.0,80.0,vitimas
2025,2025-04-01,PA,Morte por intervenção de Agente do Estado,57.0,0.0,1.0,56.0,0.0,0.0,57.0,vitimas
2025,2025-04-01,PA,Mortes a esclarecer (sem indício de crime),52.0,0.0,7.0,44.0,1.0,0.0,52.0,vitimas
2025,2025-04-01,PA,Mortes no trânsito,21.0,0.0,5.0,16.0,0.0,0.0,21.0,vitimas
2025,2025-04-01,PA,Pessoa Desaparecida,64.0,0.0,20.0,42.0,2.0,0.0,64.0,vitimas
2025,2025-04-01,PA,Pessoa Localizada,72.0,0.0,20.0,51.0,1.0,0.0,72.0,vitimas
2025,2025-04-01,PA,Realização de vistorias,0.0,6201.0,0.0,0.0,0.0,0.0,6201.0,ocorrencias
2025,2025-04-01,PA,Roubo a instituição financeira,0.0,0.0,0.0,0.0,0.0,0.0,0.0,ocorrencias
2025,2025-04-01,PA,Roubo de carga,0.0,13.0,0.0,0.0,0.0,0.0,13.0,ocorrencias
2025,2025-04-01,PA,Roubo de veículo,0.0,125.0,0.0,0.0,0.0,0.0,125.0,ocorrencias
2025,2025-04-01,PA,Roubo seguido de morte (latrocínio),7.0,0.0,1.0,6.0,0.0,0.0,7.0,vitimas
2025,2025-04-01,PA,Suicídio,51.0,0.0,6.0,45.0,0.0,0.0,51.0,vitimas
2025,2025-04-01,PA,Suicídio de Agente do Estado,0.0,0.0,0.0,0.0,0.0,0.0,0.0,vitimas
2025,2025-04-01,PA,Tentativa de feminicídio,10.0,0.0,10.0,0.0,0.0,0.0,10.0,vitimas
2025,2025-04-01,PA,Tentativa de homicídio,112.0,0.0,20.0,92.0,0.0,0.0,112.0,vitimas
2025,2025-04-01,PA,Tráfico de drogas,0.0,428.0,0.0,0.0,0.0,0.0,428.0,ocorrencias
2025,2025-04-01,PB,Apreensão de Cocaína,0.0,0.0,0.0,0.0,0.0,31892.0,31892.0,kg
2025,2025-04-01,PB,Apreensão de Maconha,0.0,0.0,0.0,0.0,0.0,103001.0,103001.0,kg
2025,2025-04-01,PB,Arma de Fogo Apreendida,0.0,283.0,0.0,0.0,0.0,0.0,283.0,ocorrencias
2025,2025-04-01,PB,Atendimento pré-hospitalar,0.0,533.0,0.0,0.0,0.0,0.0,533.0,ocorrencias
2025,2025-04-01,PB,Busca e salvamento,0.0,915.0,0.0,0.0,0.0,0.0,915.0,ocorrencias
2025,2025-04-01,PB,Combate a incêndios,0.0,329.0,0.0,0.0,0.0,0.0,329.0,ocorrencias
2025,2025-04-01,PB,Emissão de Alvarás de licença,0.0,1946.0,0.0,0.0,0.0,0.0,1946.0,ocorrencias
2025,2025-04-01,PB,Estupro,25.0,0.0,24.0,1.0,0.0,0.0,25.0,vitimas
2025,2025-04-01,PB,Estupro de vulnerável,107.0,0.0,92.0,15.0,0.0,0.0,107.0,vitimas
2025,2025-04-01,PB,Feminicídio,2.0,0.0,2.0,0.0,0.0,0.0,2.0,vitimas
2025,2025-04-01,PB,Furto de veículo,0.0,135.0,0.0,0.0,0.0,0.0,135.0,ocorrencias
2025,2025-04-01,PB,Homicídio doloso,82.0,0.0,6.0,76.0,0.0,0.0,82.0,vitimas
2025,2025-04-01,PB,Lesão corporal seguida de morte,0.0,0.0,0.0,0.0,0.0,0.0,0.0,vitimas
2025,2025-04-01,PB,Mandado de prisão cumprido,0.0,409.0,0.0,0.0,0.0,0.0,409.0,ocorrencias
2025,2025-04-01,PB,Morte de Agente do Estado,0.0,0.0,0.0,0.0,0.0,0.0,0.0,vitimas
2025,2025-04-01,PB,Morte no trânsito ou em decorrência dele (exceto homicídio doloso),59.0,0.0,13.0,46.0,0.0,0.0,59.0,vitimas
2025,2025-04-01,PB,Morte por intervenção de Agente do Estado,3.0,0.0,0.0,3.0,0.0,0.0,3.0,vitimas
2025,2025-04-01,PB,Mortes a esclarecer (sem indício de crime),5.0,0.0,0.0,5.0,0.0,0.0,5.0,vitimas
2025,2025-04-01,PB,Mortes no trânsito,7.0,0.0,1.0,6.0,0.0,0.0,7.0,vitimas
2025,2025-04-01,PB,Pessoa Desaparecida,88.0,0.0,24.0,64.0,0.0,0.0,88.0,vitimas
2025,2025-04-01,PB,Pessoa Localizada,77.0,0.0,23.0,54.0,0.0,0.0,77.0,vitimas
2025,2025-04-01,PB,Realização de vistorias,0.0,1186.0,0.0,0.0,0.0,0.0,1186.0,ocorrencias
2025,2025-04-01,PB,Roubo a instituição financeira,0.0,0.0,0.0,0.0,0.0,0.0,0.0,ocorrencias
2025,2025-04-01,PB,Roubo de carga,0.0,0.0,0.0,0.0,0.0,0.0,0.0,ocorrencias
2025,2025-04-01,PB,Roubo de veículo,0.0,425.0,0.0,0.0,0.0,0.0,425.0,ocorrencias
2025,2025-04-01,PB,Roubo seguido de morte (latrocínio),2.0,0.0,0.0,2.0,0.0,0.0,2.0,vitimas
2025,2025-04-01,PB,Suicídio,28.0,0.0,7.0,21.0,0.0,0.0,28.0,vitimas
2025,2025-04-01,PB,Suicídio de Agente do Estado,0.0,0.0,0.0,0.0,0.0,0.0,0.0,vitimas
2025,2025-04-01,PB,Tentativa de feminicídio,2.0,0.0,2.0,0.0,0.0,0.0,2.0,vitimas
2025,2025-04-01,PB,Tentativa de homicídio,64.0,0.0,7.0,57.0,0.0,0.0,64.0,vitimas
2025,2025-04-01,PB,Tráfico de drogas,0.0,250.0,0.0,0.0,0.0,0.0,250.0,ocorrencias
2025,2025-04-01,PE,Apreensão de Cocaína,0.0,0.0,0.0,0.0,0.0,20291.0,20291.0,kg
2025,2025-04-01,PE,Apreensão de Maconha,0.0,0.0,0.0,0.0,0.0,27227.0,27227.0,kg
2025,2025-04-01,PE,Arma de Fogo Apreendida,0.0,517.0,0.0,0.0,0.0,0.0,517.0,ocorrencias
2025,2025-04-01,PE,Atendimento pré-hospitalar,0.0,1556.0,0.0,0.0,0.0,0.0,1556.0,ocorrencias
2025,2025-04-01,PE,Busca e salvamento,0.0,458.0,0.0,0.0,0.0,0.0,458.0,ocorrencias
2025,2025-04-01,PE,Combate a incêndios,0.0,353.0,0.0,0.0,0.0,0.0,353.0,ocorrencias
2025,2025-04-01,PE,Emissão de Alvarás de licença,0.0,8175.0,0.0,0.0,0.0,0.0,8175.0,ocorrencias
2025,2025-04-01,PE,Estupro,68.0,0.0,65.0,3.0,0.0,0.0,68.0,vitimas
2025,2025-04-01,PE,Estupro de vulnerável,158.0,0.0,135.0,20.0,3.0,0.0,158.0,vitimas
2025,2025-04-01,PE,Feminicídio,14.0,0.0,14.0,0.0,0.0,0.0,14.0,vitimas
2025,2025-04-01,PE,Furto de veículo,0.0,567.0,0.0,0.0,0.0,0.0,567.0,ocorrencias
2025,2025-04-01,PE,Homicídio doloso,230.0,0.0,15.0,215.0,0.0,0.0,230.0,vitimas
2025,2025-04-01,PE,Lesão corporal seguida de morte,1.0,0.0,0.0,1.0,0.0,0.0,1.0,vitimas
2025,2025-04-01,PE,Mandado de prisão cumprido,0.0,896.0,0.0,0.0,0.0,0.0,896.0,ocorrencias
2025,2025-04-01,PE,Morte de Agente do Estado,0.0,0.0,0.0,0.0,0.0,0.0,0.0,vitimas
2025,2025-04-01,PE,Morte no trânsito ou em decorrência dele (exceto homicídio doloso),138.0,0.0,15.0,122.0,1.0,0.0,138.0,vitimas
2025,2025-04-01,PE,Morte por intervenção de Agente do Estado,5.0,0.0,0.0,5.0,0.0,0.0,5.0,vitimas
2025,2025-04-01,PE,Mortes a esclarecer (sem indício de crime),14.0,0.0,3.0,9.0,2.0,0.0,14.0,vitimas
2025,2025-04-01,PE,Mortes no trânsito,22.0,0.0,2.0,20.0,0.0,0.0,22.0,vitimas
2025,2025-04-01,PE,Pessoa Desaparecida,197.0,0.0,77.0,113.0,7.0,0.0,197.0,vitimas
2025,2025-04-01,PE,Pessoa Localizada,67.0,0.0,25.0,38.0,4.0,0.0,67.0,vitimas
2025,2025-04-01,PE,Realização de vistorias,0.0,5709.0,0.0,0.0,0.0,0.0,5709.0,ocorrencias
2025,2025-04-01,PE,Roubo a instituição financeira,0.0,0.0,0.0,0.0,0.0,0.0,0.0,ocorrencias
2025,2025-04-01,PE,Roubo de carga,0.0,36.0,0.0,0.0,0.0,0.0,36.0,ocorrencias
2025,2025-04-01,PE,Roubo de veículo,0.0,974.0,0.0,0.0,0.0,0.0,974.0,ocorrencias
2025,2025-04-01,PE,Roubo seguido de morte (latrocínio),4.0,0.0,0.0,4.0,0.0,0.0,4.0,vitimas
2025,2025-04-01,PE,Suicídio,52.0,0.0,17.0,35.0,0.0,0.0,52.0,vitimas
2025,2025-04-01,PE,Suicídio de Agente do Estado,0.0,0.0,0.0,0.0,0.0,0.0,0.0,vitimas
2025,2025-04-01,PE,Tentativa de feminicídio,8.0,0.0,8.0,0.0,0.0,0.0,8.0,vitimas
2025,2025-04-01,PE,Tentativa de homicídio,136.0,0.0,16.0,119.0,1.0,0.0,136.0,vitimas
2025,2025-04-01,PE,Tráfico de drogas,0.0,772.0,0.0,0.0,0.0,0.0,772.0,ocorrencias
2025,2025-04-01,PI,Apreensão de Cocaína,0.0,0.0,0.0,0.0,0.0,8384.0,8384.0,kg
2025,2025-04-01,PI,Apreensão de Maconha,0.0,0.0,0.0,0.0,0.0,2369.0,2369.0,kg
2025,2025-04-01,PI,Arma de Fogo Apreendida,0.0,201.0,0.0,0.0,0.0,0.0,201.0,ocorrencias
2025,2025-04-01,PI,Atendimento pré-hospitalar,0.0,168.0,0.0,0.0,0.0,0.0,168.0,ocorrencias
2025,2025-04-01,PI,Busca e salvamento,0.0,244.0,0.0,0.0,0.0,0.0,244.0,ocorrencias
2025,2025-04-01,PI,Combate a incêndios,0.0,166.0,0.0,0.0,0.0,0.0,166.0,ocorrencias
2025,2025-04-01,PI,Emissão de Alvarás de licença,0.0,652.0,0.0,0.0,0.0,0.0,652.0,ocorrencias
2025,2025-04-01,PI,Estupro,19.0,0.0,17.0,1.0,1.0,0.0,19.0,vitimas
2025,2025-04-01,PI,Estupro de vulnerável,83.0,0.0,74.0,4.0,5.0,0.0,83.0,vitimas
2025,2025-04-01,PI,Feminicídio,2.0,0.0,2.0,0.0,0.0,0.0,2.0,vitimas
2025,2025-04-01,PI,Furto de veículo,0.0,149.0,0.0,0.0,0.0,0.0,149.0,ocorrencias
2025,2025-04-01,PI,Homicídio doloso,31.0,0.0,3.0,28.0,0.0,0.0,31.0,vitimas
2025,2025-04-01,PI,Lesão corporal seguida de morte,1.0,0.0,0.0,1.0,0.0,0.0,1.0,vitimas
2025,2025-04-01,PI,Mandado de prisão cumprido,0.0,502.0,0.0,0.0,0.0,0.0,502.0,ocorrencias
2025,2025-04-01,PI,Morte de Agente do Estado,1.0,0.0,0.0,1.0,0.0,0.0,1.0,vitimas
2025,2025-04-01,PI,Morte no trânsito ou em decorrência dele (exceto homicídio doloso),23.0,0.0,10.0,13.0,0.0,0.0,23.0,vitimas
2025,2025-04-01,PI,Morte por intervenção de Agente do Estado,2.0,0.0,0.0,2.0,0.0,0.0,2.0,vitimas
2025,2025-04-01,PI,Mortes a esclarecer (sem indício de crime),0.0,0.0,0.0,0.0,0.0,0.0,0.0,vitimas
2025,2025-04-01,PI,Mortes no trânsito,19.0,0.0,4.0,15.0,0.0,0.0,19.0,vitimas
2025,2025-04-01,PI,Pessoa Desaparecida,58.0,0.0,16.0,40.0,2.0,0.0,58.0,vitimas
2025,2025-04-01,PI,Pessoa Localizada,25.0,0.0,4.0,20.0,1.0,0.0,25.0,vitimas
2025,2025-04-01,PI,Realização de vistorias,0.0,753.0,0.0,0.0,0.0,0.0,753.0,ocorrencias
2025,2025-04-01,PI,Roubo a instituição financeira,0.0,0.0,0.0,0.0,0.0,0.0,0.0,ocorrencias
2025,2025-04-01,PI,Roubo de carga,0.0,2.0,0.0,0.0,0.0,0.0,2.0,ocorrencias
2025,2025-04-01,PI,Roubo de veículo,0.0,248.0,0.0,0.0,0.0,0.0,248.0,ocorrencias
2025,2025-04-01,PI,Roubo seguido de morte (latrocínio),2.0,0.0,0.0,2.0,0.0,0.0,2.0,vitimas
2025,2025-04-01,PI,Suicídio,37.0,0.0,8.0,28.0,1.0,0.0,37.0,vitimas
2025,2025-04-01,PI,Suicídio de Agente do Estado,0.0,0.0,0.0,0.0,0.0,0.0,0.0,vitimas
2025,2025-04-01,PI,Tentativa de feminicídio,4.0,0.0,4.0,0.0,0.0,0.0,4.0,vitimas
2025,2025-04-01,PI,Tentativa de homicídio,43.0,0.0,9.0,34.0,0.0,0.0,43.0,vitimas
2025,2025-04-01,PI,Tráfico de drogas,0.0,204.0,0.0,0.0,0.0,0.0,204.0,ocorrencias
2025,2025-04-01,PR,Apreensão de Cocaína,0.0,0.0,0.0,0.0,0.0,1544200.0,1544200.0,kg
2025,2025-04-01,PR,Apreensão de Maconha,0.0,0.0,0.0,0.0,0.0,55572507.0,55572507.0,kg
2025,2025-04-01,PR,Arma de Fogo Apreendida,0.0,443.0,0.0,0.0,0.0,0.0,443.0,ocorrencias
2025,2025-04-01,PR,Atendimento pré-hospitalar,0.0,3050.0,0.0,0.0,0.0,0.0,3050.0,ocorrencias
2025,2025-04-01,PR,Busca e salvamento,0.0,1050.0,0.0,0.0,0.0,0.0,1050.0,ocorrencias
2025,2025-04-01,PR,Combate a incêndios,0.0,795.0,0.0,0.0,0.0,0.0,795.0,ocorrencias
2025,2025-04-01,PR,Emissão de Alvarás de licença,0.0,22156.0,0.0,0.0,0.0,0.0,22156.0,ocorrencias
2025,2025-04-01,PR,Estupro,119.0,0.0,101.0,18.0,0.0,0.0,119.0,vitimas
2025,2025-04-01,PR,Estupro de vulnerável,410.0,0.0,337.0,72.0,1.0,0.0,410.0,vitimas
2025,2025-04-01,PR,Feminicídio,10.0,0.0,10.0,0.0,0.0,0.0,10.0,vitimas
2025,2025-04-01,PR,Furto de veículo,0.0,771.0,0.0,0.0,0.0,0.0,771.0,ocorrencias
2025,2025-04-01,PR,Homicídio doloso,96.0,0.0,2.0,94.0,0.0,0.0,96.0,vitimas
2025,2025-04-01,PR,Lesão corporal seguida de morte,1.0,0.0,0.0,1.0,0.0,0.0,1.0,vitimas
2025,2025-04-01,PR,Mandado de prisão cumprido,0.0,3383.0,0.0,0.0,0.0,0.0,3383.0,ocorrencias
2025,2025-04-01,PR,Morte de Agente do Estado,0.0,0.0,0.0,0.0,0.0,0.0,0.0,vitimas
2025,2025-04-01,PR,Morte no trânsito ou em decorrência dele (exceto homicídio doloso),55.0,0.0,12.0,43.0,0.0,0.0,55.0,vitimas
2025,2025-04-01,PR,Morte por intervenção de Agente do Estado,37.0,0.0,2.0,34.0,1.0,0.0,37.0,vitimas
2025,2025-04-01,PR,Mortes a esclarecer (sem indício de crime),1.0,0.0,0.0,1.0,0.0,0.0,1.0,vitimas
2025,2025-04-01,PR,Mortes no trânsito,57.0,0.0,5.0,52.0,0.0,0.0,57.0,vitimas
2025,2025-04-01,PR,Pessoa Desaparecida,544.0,0.0,208.0,336.0,0.0,0.0,544.0,vitimas
2025,2025-04-01,PR,Pessoa Localizada,380.0,0.0,160.0,220.0,0.0,0.0,380.0,vitimas
2025,2025-04-01,PR,Realização de vistorias,0.0,5613.0,0.0,0.0,0.0,0.0,5613.0,ocorrencias
2025,2025-04-01,PR,Roubo a instituição financeira,0.0,0.0,0.0,0.0,0.0,0.0,0.0,ocorrencias
2025,2025-04-01,PR,Roubo de carga,0.0,15.0,0.0,0.0,0.0,0.0,15.0,ocorrencias
2025,2025-04-01,PR,Roubo de veículo,0.0,105.0,0.0,0.0,0.0,0.0,105.0,ocorrencias
2025,2025-04-01,PR,Roubo seguido de morte (latrocínio),3.0,0.0,0.0,3.0,0.0,0.0,3.0,vitimas
2025,2025-04-01,PR,Suicídio,56.0,0.0,10.0,45.0,1.0,0.0,56.0,vitimas
2025,2025-04-01,PR,Suicídio de Agente do Estado,0.0,0.0,0.0,0.0,0.0,0.0,0.0,vitimas
2025,2025-04-01,PR,Tentativa de feminicídio,10.0,0.0,10.0,0.0,0.0,0.0,10.0,vitimas
2025,2025-04-01,PR,Tentativa de homicídio,38.0,0.0,6.0,32.0,0.0,0.0,38.0,vitimas
2025,2025-04-01,PR,Tráfico de drogas,0.0,1255.0,0.0,0.0,0.0,0.0,1255.0,ocorrencias
2025,2025-04-01,RJ,Apreensão de Cocaína,0.0,0.0,0.0,0.0,0.0,172804.0,172804.0,kg
2025,2025-04-01,RJ,Apreensão de Maconha,0.0,0.0,0.0,0.0,0.0,50587.0,50587.0,kg
2025,2025-04-01,RJ,Arma de Fogo Apreendida,0.0,738.0,0.0,0.0,0.0,0.0,738.0,ocorrencias
2025,2025-04-01,RJ,Atendimento pré-hospitalar,0.0,10893.0,0.0,0.0,0.0,0.0,10893.0,ocorrencias
2025,2025-04-01,RJ,Busca e salvamento,0.0,10469.0,0.0,0.0,0.0,0.0,10469.0,ocorrencias
2025,2025-04-01,RJ,Combate a incêndios,0.0,2495.0,0.0,0.0,0.0,0.0,2495.0,ocorrencias
2025,2025-04-01,RJ,Emissão de Alvarás de licença,0.0,3407.0,0.0,0.0,0.0,0.0,3407.0,ocorrencias
2025,2025-04-01,RJ,Estupro,140.0,0.0,131.0,7.0,2.0,0.0,140.0,vitimas
2025,2025-04-01,RJ,Estupro de vulnerável,295.0,0.0,247.0,41.0,7.0,0.0,295.0,vitimas
2025,2025-04-01,RJ,Feminicídio,4.0,0.0,4.0,0.0,0.0,0.0,4.0,vitimas
2025,2025-04-01,RJ,Furto de veículo,0.0,1274.0,0.0,0.0,0.0,0.0,1274.0,ocorrencias
2025,2025-04-01,RJ,Homicídio doloso,241.0,0.0,26.0,203.0,12.0,0.0,241.0,vitimas
2025,2025-04-01,RJ,Lesão corporal seguida de morte,6.0,0.0,1.0,5.0,0.0,0.0,6.0,vitimas
2025,2025-04-01,RJ,Mandado de prisão cumprido,0.0,938.0,0.0,0.0,0.0,0.0,938.0,ocorrencias
2025,2025-04-01,RJ,Morte de Agente do Estado,4.0,0.0,0.0,4.0,0.0,0.0,4.0,vitimas
2025,2025-04-01,RJ,Morte no trânsito ou em decorrência dele (exceto homicídio doloso),179.0,0.0,38.0,138.0,3.0,0.0,179.0,vitimas
2025,2025-04-01,RJ,Morte por intervenção de Agente do Estado,83.0,0.0,0.0,82.0,1.0,0.0,83.0,vitimas
2025,2025-04-01,RJ,Mortes a esclarecer (sem indício de crime),214.0,0.0,63.0,150.0,1.0,0.0,214.0,vitimas
2025,2025-04-01,RJ,Mortes no trânsito,29.0,0.0,5.0,24.0,0.0,0.0,29.0,vitimas
2025,2025-04-01,RJ,Pessoa Desaparecida,498.0,0.0,174.0,322.0,2.0,0.0,498.0,vitimas
2025,2025-04-01,RJ,Pessoa Localizada,223.0,0.0,0.0,8.0,215.0,0.0,223.0,vitimas
2025,2025-04-01,RJ,Realização de vistorias,0.0,402.0,0.0,0.0,0.0,0.0,402.0,ocorrencias
2025,2025-04-01,RJ,Roubo a instituição financeira,0.0,3.0,0.0,0.0,0.0,0.0,3.0,ocorrencias
2025,2025-04-01,RJ,Roubo de carga,0.0,239.0,0.0,0.0,0.0,0.0,239.0,ocorrencias
2025,2025-04-01,RJ,Roubo de veículo,0.0,1579.0,0.0,0.0,0.0,0.0,1579.0,ocorrencias
2025,2025-04-01,RJ,Roubo seguido de morte (latrocínio),9.0,0.0,0.0,9.0,0.0,0.0,9.0,vitimas
2025,2025-04-01,RJ,Suicídio,76.0,0.0,23.0,53.0,0.0,0.0,76.0,vitimas
2025,2025-04-01,RJ,Suicídio de Agente do Estado,0.0,0.0,0.0,0.0,0.0,0.0,0.0,vitimas
2025,2025-04-01,RJ,Tentativa de feminicídio,18.0,0.0,18.0,0.0,0.0,0.0,18.0,vitimas
2025,2025-04-01,RJ,Tentativa de homicídio,271.0,0.0,24.0,227.0,20.0,0.0,271.0,vitimas
2025,2025-04-01,RJ,Tráfico de drogas,0.0,1784.0,0.0,0.0,0.0,0.0,1784.0,ocorrencias
2025,2025-04-01,RN,Apreensão de Cocaína,0.0,0.0,0.0,0.0,0.0,14063.0,14063.0,kg
2025,2025-04-01,RN,Apreensão de Maconha,0.0,0.0,0.0,0.0,0.0,28104.0,28104.0,kg
2025,2025-04-01,RN,Arma de Fogo Apreendida,0.0,248.0,0.0,0.0,0.0,0.0,248.0,ocorrencias
2025,2025-04-01,RN,Atendimento pré-hospitalar,0.0,234.0,0.0,0.0,0.0,0.0,234.0,ocorrencias
2025,2025-04-01,RN,Busca e salvamento,0.0,617.0,0.0,0.0,0.0,0.0,617.0,ocorrencias
2025,2025-04-01,RN,Combate a incêndios,0.0,141.0,0.0,0.0,0.0,0.0,141.0,ocorrencias
2025,2025-04-01,RN,Emissão de Alvarás de licença,0.0,531.0,0.0,0.0,0.0,0.0,531.0,ocorrencias
2025,2025-04-01,RN,Estupro,28.0,0.0,24.0,4.0,0.0,0.0,28.0,vitimas
2025,2025-04-01,RN,Estupro de vulnerável,65.0,0.0,53.0,10.0,2.0,0.0,65.0,vitimas
2025,2025-04-01,RN,Feminicídio,4.0,0.0,4.0,0.0,0.0,0.0,4.0,vitimas
2025,2025-04-01,RN,Furto de veículo,0.0,106.0,0.0,0.0,0.0,0.0,106.0,ocorrencias
2025,2025-04-01,RN,Homicídio doloso,77.0,0.0,9.0,68.0,0.0,0.0,77.0,vitimas
2025,2025-04-01,RN,Lesão corporal seguida de morte,0.0,0.0,0.0,0.0,0.0,0.0,0.0,vitimas
2025,2025-04-01,RN,Mandado de prisão cumprido,0.0,387.0,0.0,0.0,0.0,0.0,387.0,ocorrencias
2025,2025-04-01,RN,Morte de Agente do Estado,0.0,0.0,0.0,0.0,0.0,0.0,0.0,vitimas
2025,2025-04-01,RN,Morte no trânsito ou em decorrência dele (exceto homicídio doloso),33.0,0.0,3.0,30.0,0.0,0.0,33.0,vitimas
2025,2025-04-01,RN,Morte por intervenção de Agente do Estado,9.0,0.0,0.0,9.0,0.0,0.0,9.0,vitimas
2025,2025-04-01,RN,Mortes a esclarecer (sem indício de crime),44.0,0.0,14.0,27.0,3.0,0.0,44.0,vitimas
2025,2025-04-01,RN,Mortes no trânsito,6.0,0.0,0.0,6.0,0.0,0.0,6.0,vitimas
2025,2025-04-01,RN,Pessoa Desaparecida,65.0,0.0,28.0,37.0,0.0,0.0,65.0,vitimas
2025,2025-04-01,RN,Pessoa Localizada,27.0,0.0,14.0,13.0,0.0,0.0,27.0,vitimas
2025,2025-04-01,RN,Realização de vistorias,0.0,494.0,0.0,0.0,0.0,0.0,494.0,ocorrencias
2025,2025-04-01,RN,Roubo a instituição financeira,0.0,0.0,0.0,0.0,0.0,0.0,0.0,ocorrencias
2025,2025-04-01,RN,Roubo de carga,0.0,2.0,0.0,0.0,0.0,0.0,2.0,ocorrencias
2025,2025-04-01,RN,Roubo de veículo,0.0,144.0,0.0,0.0,0.0,0.0,144.0,ocorrencias
2025,2025-04-01,RN,Roubo seguido de morte (latrocínio),1.0,0.0,0.0,1.0,0.0,0.0,1.0,vitimas
2025,2025-04-01,RN,Suicídio,23.0,0.0,6.0,17.0,0.0,0.0,23.0,vitimas
2025,2025-04-01,RN,Suicídio de Agente do Estado,0.0,0.0,0.0,0.0,0.0,0.0,0.0,vitimas
2025,2025-04-01,RN,Tentativa de feminicídio,3.0,0.0,3.0,0.0,0.0,0.0,3.0,vitimas
2025,2025-04-01,RN,Tentativa de homicídio,54.0,0.0,11.0,35.0,8.0,0.0,54.0,vitimas
2025,2025-04-01,RN,Tráfico de drogas,0.0,222.0,0.0,0.0,0.0,0.0,222.0,ocorrencias
2025,2025-04-01,RO,Apreensão de Cocaína,0.0,0.0,0.0,0.0,0.0,814889.0,814889.0,kg
2025,2025-04-01,RO,Apreensão de Maconha,0.0,0.0,0.0,0.0,0.0,247295.0,247295.0,kg
2025,2025-04-01,RO,Arma de Fogo Apreendida,0.0,96.0,0.0,0.0,0.0,0.0,96.0,ocorrencias
2025,2025-04-01,RO,Atendimento pré-hospitalar,0.0,1661.0,0.0,0.0,0.0,0.0,1661.0,ocorrencias
2025,2025-04-01,RO,Busca e salvamento,0.0,253.0,0.0,0.0,0.0,0.0,253.0,ocorrencias
2025,2025-04-01,RO,Combate a incêndios,0.0,225.0,0.0,0.0,0.0,0.0,225.0,ocorrencias
2025,2025-04-01,RO,Emissão de Alvarás de licença,0.0,2461.0,0.0,0.0,0.0,0.0,2461.0,ocorrencias
2025,2025-04-01,RO,Estupro,25.0,0.0,23.0,1.0,1.0,0.0,25.0,vitimas
2025,2025-04-01,RO,Estupro de vulnerável,96.0,0.0,76.0,14.0,6.0,0.0,96.0,vitimas
2025,2025-04-01,RO,Feminicídio,4.0,0.0,4.0,0.0,0.0,0.0,4.0,vitimas
2025,2025-04-01,RO,Furto de veículo,0.0,108.0,0.0,0.0,0.0,0.0,108.0,ocorrencias
2025,2025-04-01,RO,Homicídio doloso,25.0,0.0,2.0,23.0,0.0,0.0,25.0,vitimas
2025,2025-04-01,RO,Lesão corporal seguida de morte,0.0,0.0,0.0,0.0,0.0,0.0,0.0,vitimas
2025,2025-04-01,RO,Mandado de prisão cumprido,0.0,425.0,0.0,0.0,0.0,0.0,425.0,ocorrencias
2025,2025-04-01,RO,Morte de Agente do Estado,0.0,0.0,0.0,0.0,0.0,0.0,0.0,vitimas
2025,2025-04-01,RO,Morte no trânsito ou em decorrência dele (exceto homicídio doloso),20.0,0.0,2.0,18.0,0.0,0.0,20.0,vitimas
2025,2025-04-01,RO,Morte por intervenção de Agente do Estado,2.0,0.0,0.0,2.0,0.0,0.0,2.0,vitimas
2025,2025-04-01,RO,Mortes a esclarecer (sem indício de crime),36.0,0.0,8.0,28.0,0.0,0.0,36.0,vitimas
2025,2025-04-01,RO,Mortes no trânsito,8.0,0.0,4.0,4.0,0.0,0.0,8.0,vitimas
2025,2025-04-01,RO,Pessoa Desaparecida,66.0,0.0,30.0,36.0,0.0,0.0,66.0,vitimas
2025,2025-04-01,RO,Pessoa Localizada,5.0,0.0,2.0,2.0,1.0,0.0,5.0,vitimas
2025,2025-04-01,RO,Realização de vistorias,0.0,1488.0,0.0,0.0,0.0,0.0,1488.0,ocorrencias
2025,2025-04-01,RO,Roubo a instituição financeira,0.0,0.0,0.0,0.0,0.0,0.0,0.0,ocorrencias
2025,2025-04-01,RO,Roubo de carga,0.0,0.0,0.0,0.0,0.0,0.0,0.0,ocorrencias
2025,2025-04-01,RO,Roubo de veículo,0.0,29.0,0.0,0.0,0.0,0.0,29.0,ocorrencias
2025,2025-04-01,RO,Roubo seguido de morte (latrocínio),0.0,0.0,0.0,0.0,0.0,0.0,0.0,vitimas
2025,2025-04-01,RO,Suicídio,14.0,0.0,5.0,9.0,0.0,0.0,14.0,vitimas
2025,2025-04-01,RO,Suicídio de Agente do Estado,0.0,0.0,0.0,0.0,0.0,0.0,0.0,vitimas
2025,2025-04-01,RO,Tentativa de feminicídio,5.0,0.0,5.0,0.0,0.0,0.0,5.0,vitimas
2025,2025-04-01,RO,Tentativa de homicídio,51.0,0.0,11.0,40.0,0.0,0.0,51.0,vitimas
2025,2025-04-01,RO,Tráfico de drogas,0.0,137.0,0.0,0.0,0.0,0.0,137.0,ocorrencias
2025,2025-04-01,RR,Apreensão de Cocaína,0.0,0.0,0.0,0.0,0.0,960.0,960.0,kg
2025,2025-04-01,RR,Apreensão de Maconha,0.0,0.0,0.0,0.0,0.0,17476.0,17476.0,kg
2025,2025-04-01,RR,Arma de Fogo Apreendida,0.0,31.0,0.0,0.0,0.0,0.0,31.0,ocorrencias
2025,2025-04-01,RR,Atendimento pré-hospitalar,0.0,151.0,0.0,0.0,0.0,0.0,151.0,ocorrencias
2025,2025-04-01,RR,Busca e salvamento,0.0,178.0,0.0,0.0,0.0,0.0,178.0,ocorrencias
2025,2025-04-01,RR,Combate a incêndios,0.0,35.0,0.0,0.0,0.0,0.0,35.0,ocorrencias
2025,2025-04-01,RR,Emissão de Alvarás de licença,0.0,45.0,0.0,0.0,0.0,0.0,45.0,ocorrencias
2025,2025-04-01,RR,Estupro,9.0,0.0,8.0,1.0,0.0,0.0,9.0,vitimas
2025,2025-04-01,RR,Estupro de vulnerável,56.0,0.0,45.0,7.0,4.0,0.0,56.0,vitimas
2025,2025-04-01,RR,Feminicídio,1.0,0.0,1.0,0.0,0.0,0.0,1.0,vitimas
2025,2025-04-01,RR,Furto de veículo,0.0,42.0,0.0,0.0,0.0,0.0,42.0,ocorrencias
2025,2025-04-01,RR,Homicídio doloso,8.0,0.0,0.0,7.0,1.0,0.0,8.0,vitimas
2025,2025-04-01,RR,Lesão corporal seguida de morte,0.0,0.0,0.0,0.0,0.0,0.0,0.0,vitimas
2025,2025-04-01,RR,Mandado de prisão cumprido,0.0,118.0,0.0,0.0,0.0,0.0,118.0,ocorrencias
2025,2025-04-01,RR,Morte de Agente do Estado,0.0,0.0,0.0,0.0,0.0,0.0,0.0,vitimas
2025,2025-04-01,RR,Morte no trânsito ou em decorrência dele (exceto homicídio doloso),4.0,0.0,1.0,3.0,0.0,0.0,4.0,vitimas
2025,2025-04-01,RR,Morte por intervenção de Agente do Estado,0.0,0.0,0.0,0.0,0.0,0.0,0.0,vitimas
2025,2025-04-01,RR,Mortes a esclarecer (sem indício de crime),4.0,0.0,1.0,3.0,0.0,0.0,4.0,vitimas
2025,2025-04-01,RR,Mortes no trânsito,3.0,0.0,1.0,2.0,0.0,0.0,3.0,vitimas
2025,2025-04-01,RR,Pessoa Desaparecida,42.0,0.0,19.0,23.0,0.0,0.0,42.0,vitimas
2025,2025-04-01,RR,Pessoa Localizada,12.0,0.0,4.0,8.0,0.0,0.0,12.0,vitimas
2025,2025-04-01,RR,Realização de vistorias,0.0,66.0,0.0,0.0,0.0,0.0,66.0,ocorrencias
2025,2025-04-01,RR,Roubo a instituição financeira,0.0,0.0,0.0,0.0,0.0,0.0,0.0,ocorrencias
2025,2025-04-01,RR,Roubo de carga,0.0,0.0,0.0,0.0,0.0,0.0,0.0,ocorrencias
2025,2025-04-01,RR,Roubo de veículo,0.0,9.0,0.0,0.0,0.0,0.0,9.0,ocorrencias
2025,2025-04-01,RR,Roubo seguido de morte (latrocínio),0.0,0.0,0.0,0.0,0.0,0.0,0.0,vitimas
2025,2025-04-01,RR,Suicídio,7.0,0.0,0.0,7.0,0.0,0.0,7.0,vitimas
2025,2025-04-01,RR,Suicídio de Agente do Estado,0.0,0.0,0.0,0.0,0.0,0.0,0.0,vitimas
2025,2025-04-01,RR,Tentativa de feminicídio,3.0,0.0,3.0,0.0,0.0,0.0,3.0,vitimas
2025,2025-04-01,RR,Tentativa de homicídio,22.0,0.0,1.0,21.0,0.0,0.0,22.0,vitimas
2025,2025-04-01,RR,Tráfico de drogas,0.0,57.0,0.0,0.0,0.0,0.0,57.0,ocorrencias
2025,2025-04-01,RS,Apreensão de Cocaína,0.0,0.0,0.0,0.0,0.0,795634.0,795634.0,kg
2025,2025-04-01,RS,Apreensão de Maconha,0.0,0.0,0.0,0.0,0.0,1844771.0,1844771.0,kg
2025,2025-04-01,RS,Arma de Fogo Apreendida,0.0,729.0,0.0,0.0,0.0,0.0,729.0,ocorrencias
2025,2025-04-01,RS,Atendimento pré-hospitalar,0.0,2403.0,0.0,0.0,0.0,0.0,2403.0,ocorrencias
2025,2025-04-01,RS,Busca e salvamento,0.0,995.0,0.0,0.0,0.0,0.0,995.0,ocorrencias
2025,2025-04-01,RS,Combate a incêndios,0.0,1565.0,0.0,0.0,0.0,0.0,1565.0,ocorrencias
2025,2025-04-01,RS,Emissão de Alvarás de licença,0.0,4143.0,0.0,0.0,0.0,0.0,4143.0,ocorrencias
2025,2025-04-01,RS,Estupro,83.0,0.0,79.0,4.0,0.0,0.0,83.0,vitimas
2025,2025-04-01,RS,Estupro de vulnerável,339.0,0.0,274.0,65.0,0.0,0.0,339.0,vitimas
2025,2025-04-01,RS,Feminicídio,11.0,0.0,11.0,0.0,0.0,0.0,11.0,vitimas
2025,2025-04-01,RS,Furto de veículo,0.0,526.0,0.0,0.0,0.0,0.0,526.0,ocorrencias
2025,2025-04-01,RS,Homicídio doloso,81.0,0.0,3.0,78.0,0.0,0.0,81.0,vitimas
2025,2025-04-01,RS,Lesão corporal seguida de morte,8.0,0.0,0.0,8.0,0.0,0.0,8.0,vitimas
2025,2025-04-01,RS,Mandado de prisão cumprido,0.0,938.0,0.0,0.0,0.0,0.0,938.0,ocorrencias
2025,2025-04-01,RS,Morte de Agente do Estado,1.0,0.0,0.0,1.0,0.0,0.0,1.0,vitimas
2025,2025-04-01,RS,Morte no trânsito ou em decorrência dele (exceto homicídio doloso),105.0,0.0,27.0,78.0,0.0,0.0,105.0,vitimas
2025,2025-04-01,RS,Morte por intervenção de Agente do Estado,9.0,0.0,0.0,9.0,0.0,0.0,9.0,vitimas
2025,2025-04-01,RS,Mortes a esclarecer (sem indício de crime),76.0,0.0,17.0,59.0,0.0,0.0,76.0,vitimas
2025,2025-04-01,RS,Mortes no trânsito,25.0,0.0,7.0,18.0,0.0,0.0,25.0,vitimas
2025,2025-04-01,RS,Pessoa Desaparecida,569.0,0.0,203.0,366.0,0.0,0.0,569.0,vitimas
2025,2025-04-01,RS,Pessoa Localizada,585.0,0.0,235.0,350.0,0.0,0.0,585.0,vitimas
2025,2025-04-01,RS,Realização de vistorias,0.0,2473.0,0.0,0.0,0.0,0.0,2473.0,ocorrencias
2025,2025-04-01,RS,Roubo a instituição financeira,0.0,0.0,0.0,0.0,0.0,0.0,0.0,ocorrencias
2025,2025-04-01,RS,Roubo de carga,0.0,1.0,0.0,0.0,0.0,0.0,1.0,ocorrencias
2025,2025-04-01,RS,Roubo de veículo,0.0,158.0,0.0,0.0,0.0,0.0,158.0,ocorrencias
2025,2025-04-01,RS,Roubo seguido de morte (latrocínio),0.0,0.0,0.0,0.0,0.0,0.0,0.0,vitimas
2025,2025-04-01,RS,Suicídio,107.0,0.0,22.0,85.0,0.0,0.0,107.0,vitimas
2025,2025-04-01,RS,Suicídio de Agente do Estado,3.0,0.0,0.0,3.0,0.0,0.0,3.0,vitimas
2025,2025-04-01,RS,Tentativa de feminicídio,17.0,0.0,17.0,0.0,0.0,0.0,17.0,vitimas
2025,2025-04-01,RS,Tentativa de homicídio,160.0,0.0,14.0,146.0,0.0,0.0,160.0,vitimas
2025,2025-04-01,RS,Tráfico de drogas,0.0,1572.0,0.0,0.0,0.0,0.0,1572.0,ocorrencias
2025,2025-04-01,SC,Apreensão de Cocaína,0.0,0.0,0.0,0.0,0.0,4688.0,4688.0,kg
2025,2025-04-01,SC,Apreensão de Maconha,0.0,0.0,0.0,0.0,0.0,249274.0,249274.0,kg
2025,2025-04-01,SC,Arma de Fogo Apreendida,0.0,170.0,0.0,0.0,0.0,0.0,170.0,ocorrencias
2025,2025-04-01,SC,Atendimento pré-hospitalar,0.0,13593.0,0.0,0.0,0.0,0.0,13593.0,ocorrencias
2025,2025-04-01,SC,Busca e salvamento,0.0,1154.0,0.0,0.0,0.0,0.0,1154.0,ocorrencias
2025,2025-04-01,SC,Combate a incêndios,0.0,727.0,0.0,0.0,0.0,0.0,727.0,ocorrencias
2025,2025-04-01,SC,Emissão de Alvarás de licença,0.0,35764.0,0.0,0.0,0.0,0.0,35764.0,ocorrencias
2025,2025-04-01,SC,Estupro,74.0,0.0,64.0,10.0,0.0,0.0,74.0,vitimas
2025,2025-04-01,SC,Estupro de vulnerável,216.0,0.0,176.0,38.0,2.0,0.0,216.0,vitimas
2025,2025-04-01,SC,Feminicídio,4.0,0.0,4.0,0.0,0.0,0.0,4.0,vitimas
2025,2025-04-01,SC,Furto de veículo,0.0,456.0,0.0,0.0,0.0,0.0,456.0,ocorrencias
2025,2025-04-01,SC,Homicídio doloso,29.0,0.0,4.0,23.0,2.0,0.0,29.0,vitimas
2025,2025-04-01,SC,Lesão corporal seguida de morte,2.0,0.0,0.0,2.0,0.0,0.0,2.0,vitimas
2025,2025-04-01,SC,Mandado de prisão cumprido,0.0,1247.0,0.0,0.0,0.0,0.0,1247.0,ocorrencias
2025,2025-04-01,SC,Morte de Agente do Estado,0.0,0.0,0.0,0.0,0.0,0.0,0.0,vitimas
2025,2025-04-01,SC,Morte no trânsito ou em decorrência dele (exceto homicídio doloso),41.0,0.0,9.0,32.0,0.0,0.0,41.0,vitimas
2025,2025-04-01,SC,Morte por intervenção de Agente do Estado,5.0,0.0,0.0,5.0,0.0,0.0,5.0,vitimas
2025,2025-04-01,SC,Mortes a esclarecer (sem indício de crime),0.0,0.0,0.0,0.0,0.0,0.0,0.0,vitimas
2025,2025-04-01,SC,Mortes no trânsito,53.0,0.0,9.0,44.0,0.0,0.0,53.0,vitimas
2025,2025-04-01,SC,Pessoa Desaparecida,322.0,0.0,114.0,208.0,0.0,0.0,322.0,vitimas
2025,2025-04-01,SC,Pessoa Localizada,326.0,0.0,109.0,217.0,0.0,0.0,326.0,vitimas
2025,2025-04-01,SC,Realização de vistorias,0.0,4541.0,0.0,0.0,0.0,0.0,4541.0,ocorrencias
2025,2025-04-01,SC,Roubo a instituição financeira,0.0,0.0,0.0,0.0,0.0,0.0,0.0,ocorrencias
2025,2025-04-01,SC,Roubo de carga,0.0,0.0,0.0,0.0,0.0,0.0,0.0,ocorrencias
2025,2025-04-01,SC,Roubo de veículo,0.0,49.0,0.0,0.0,0.0,0.0,49.0,ocorrencias
2025,2025-04-01,SC,Roubo seguido de morte (latrocínio),1.0,0.0,0.0,1.0,0.0,0.0,1.0,vitimas
2025,2025-04-01,SC,Suicídio,84.0,0.0,15.0,69.0,0.0,0.0,84.0,vitimas
2025,2025-04-01,SC,Suicídio de Agente do Estado,0.0,0.0,0.0,0.0,0.0,0.0,0.0,vitimas
2025,2025-04-01,SC,Tentativa de feminicídio,17.0,0.0,17.0,0.0,0.0,0.0,17.0,vitimas
2025,2025-04-01,SC,Tentativa de homicídio,124.0,0.0,21.0,103.0,0.0,0.0,124.0,vitimas
2025,2025-04-01,SC,Tráfico de drogas,0.0,675.0,0.0,0.0,0.0,0.0,675.0,ocorrencias
2025,2025-04-01,SE,Apreensão de Cocaína,0.0,0.0,0.0,0.0,0.0,3894.0,3894.0,kg
2025,2025-04-01,SE,Apreensão de Maconha,0.0,0.0,0.0,0.0,0.0,4703.0,4703.0,kg
2025,2025-04-01,SE,Arma de Fogo Apreendida,0.0,67.0,0.0,0.0,0.0,0.0,67.0,ocorrencias
2025,2025-04-01,SE,Atendimento pré-hospitalar,0.0,30.0,0.0,0.0,0.0,0.0,30.0,ocorrencias
2025,2025-04-01,SE,Busca e salvamento,0.0,559.0,0.0,0.0,0.0,0.0,559.0,ocorrencias
2025,2025-04-01,SE,Combate a incêndios,0.0,207.0,0.0,0.0,0.0,0.0,207.0,ocorrencias
2025,2025-04-01,SE,Emissão de Alvarás de licença,0.0,1332.0,0.0,0.0,0.0,0.0,1332.0,ocorrencias
2025,2025-04-01,SE,Estupro,31.0,0.0,27.0,3.0,1.0,0.0,31.0,vitimas
2025,2025-04-01,SE,Estupro de vulnerável,80.0,0.0,61.0,9.0,10.0,0.0,80.0,vitimas
2025,2025-04-01,SE,Feminicídio,1.0,0.0,1.0,0.0,0.0,0.0,1.0,vitimas
2025,2025-04-01,SE,Furto de veículo,0.0,94.0,0.0,0.0,0.0,0.0,94.0,ocorrencias
2025,2025-04-01,SE,Homicídio doloso,36.0,0.0,2.0,34.0,0.0,0.0,36.0,vitimas
2025,2025-04-01,SE,Lesão corporal seguida de morte,0.0,0.0,0.0,0.0,0.0,0.0,0.0,vitimas
2025,2025-04-01,SE,Mandado de prisão cumprido,0.0,162.0,0.0,0.0,0.0,0.0,162.0,ocorrencias
2025,2025-04-01,SE,Morte de Agente do Estado,0.0,0.0,0.0,0.0,0.0,0.0,0.0,vitimas
2025,2025-04-01,SE,Morte no trânsito ou em decorrência dele (exceto homicídio doloso),18.0,0.0,6.0,10.0,2.0,0.0,18.0,vitimas
2025,2025-04-01,SE,Morte por intervenção de Agente do Estado,20.0,0.0,0.0,20.0,0.0,0.0,20.0,vitimas
2025,2025-04-01,SE,Mortes a esclarecer (sem indício de crime),35.0,0.0,1.0,33.0,1.0,0.0,35.0,vitimas
2025,2025-04-01,SE,Mortes no trânsito,2.0,0.0,1.0,1.0,0.0,0.0,2.0,vitimas
2025,2025-04-01,SE,Pessoa Desaparecida,63.0,0.0,29.0,34.0,0.0,0.0,63.0,vitimas
2025,2025-04-01,SE,Pessoa Localizada,59.0,0.0,29.0,30.0,0.0,0.0,59.0,vitimas
2025,2025-04-01,SE,Realização de vistorias,0.0,1068.0,0.0,0.0,0.0,0.0,1068.0,ocorrencias
2025,2025-04-01,SE,Roubo a instituição financeira,0.0,0.0,0.0,0.0,0.0,0.0,0.0,ocorrencias
2025,2025-04-01,SE,Roubo de carga,0.0,0.0,0.0,0.0,0.0,0.0,0.0,ocorrencias
2025,2025-04-01,SE,Roubo de veículo,0.0,37.0,0.0,0.0,0.0,0.0,37.0,ocorrencias
2025,2025-04-01,SE,Roubo seguido de morte (latrocínio),0.0,0.0,0.0,0.0,0.0,0.0,0.0,vitimas
2025,2025-04-01,SE,Suicídio,14.0,0.0,4.0,9.0,1.0,0.0,14.0,vitimas
2025,2025-04-01,SE,Suicídio de Agente do Estado,0.0,0.0,0.0,0.0,0.0,0.0,0.0,vitimas
2025,2025-04-01,SE,Tentativa de feminicídio,0.0,0.0,0.0,0.0,0.0,0.0,0.0,vitimas
2025,2025-04-01,SE,Tentativa de homicídio,70.0,0.0,5.0,58.0,7.0,0.0,70.0,vitimas
2025,2025-04-01,SE,Tráfico de drogas,0.0,109.0,0.0,0.0,0.0,0.0,109.0,ocorrencias
2025,2025-04-01,SP,Apreensão de Cocaína,0.0,0.0,0.0,0.0,0.0,3704674.0,3704674.0,kg
2025,2025-04-01,SP,Apreensão de Maconha,0.0,0.0,0.0,0.0,0.0,4941796.0,4941796.0,kg
2025,2025-04-01,SP,Arma de Fogo Apreendida,0.0,1131.0,0.0,0.0,0.0,0.0,1131.0,ocorrencias
2025,2025-04-01,SP,Atendimento pré-hospitalar,0.0,18325.0,0.0,0.0,0.0,0.0,18325.0,ocorrencias
2025,2025-04-01,SP,Busca e salvamento,0.0,5479.0,0.0,0.0,0.0,0.0,5479.0,ocorrencias
2025,2025-04-01,SP,Combate a incêndios,0.0,2462.0,0.0,0.0,0.0,0.0,2462.0,ocorrencias
2025,2025-04-01,SP,Emissão de Alvarás de licença,0.0,20173.0,0.0,0.0,0.0,0.0,20173.0,ocorrencias
2025,2025-04-01,SP,Estupro,258.0,0.0,236.0,21.0,1.0,0.0,258.0,vitimas
2025,2025-04-01,SP,Estupro de vulnerável,1018.0,0.0,799.0,218.0,1.0,0.0,1018.0,vitimas
2025,2025-04-01,SP,Feminicídio,21.0,0.0,21.0,0.0,0.0,0.0,21.0,vitimas
2025,2025-04-01,SP,Furto de veículo,0.0,7322.0,0.0,0.0,0.0,0.0,7322.0,ocorrencias
2025,2025-04-01,SP,Homicídio doloso,183.0,0.0,16.0,166.0,1.0,0.0,183.0,vitimas
2025,2025-04-01,SP,Lesão corporal seguida de morte,17.0,0.0,2.0,15.0,0.0,0.0,17.0,vitimas
2025,2025-04-01,SP,Mandado de prisão cumprido,0.0,7378.0,0.0,0.0,0.0,0.0,7378.0,ocorrencias
2025,2025-04-01,SP,Morte de Agente do Estado,3.0,0.0,0.0,3.0,0.0,0.0,3.0,vitimas
2025,2025-04-01,SP,Morte no trânsito ou em decorrência dele (exceto homicídio doloso),311.0,0.0,64.0,245.0,2.0,0.0,311.0,vitimas
2025,2025-04-01,SP,Morte por intervenção de Agente do Estado,70.0,0.0,1.0,69.0,0.0,0.0,70.0,vitimas
2025,2025-04-01,SP,Mortes a esclarecer (sem indício de crime),203.0,0.0,37.0,154.0,12.0,0.0,203.0,vitimas
2025,2025-04-01,SP,Mortes no trânsito,16.0,0.0,1.0,15.0,0.0,0.0,16.0,vitimas
2025,2025-04-01,SP,Pessoa Desaparecida,1678.0,0.0,601.0,1076.0,1.0,0.0,1678.0,vitimas
2025,2025-04-01,SP,Pessoa Localizada,1243.0,0.0,479.0,759.0,5.0,0.0,1243.0,vitimas
2025,2025-04-01,SP,Realização de vistorias,0.0,9841.0,0.0,0.0,0.0,0.0,9841.0,ocorrencias
2025,2025-04-01,SP,Roubo a instituição financeira,0.0,1.0,0.0,0.0,0.0,0.0,1.0,ocorrencias
2025,2025-04-01,SP,Roubo de carga,0.0,334.0,0.0,0.0,0.0,0.0,334.0,ocorrencias
2025,2025-04-01,SP,Roubo de veículo,0.0,2057.0,0.0,0.0,0.0,0.0,2057.0,ocorrencias
2025,2025-04-01,SP,Roubo seguido de morte (latrocínio),14.0,0.0,0.0,14.0,0.0,0.0,14.0,vitimas
2025,2025-04-01,SP,Suicídio,233.0,0.0,59.0,173.0,1.0,0.0,233.0,vitimas
2025,2025-04-01,SP,Suicídio de Agente do Estado,3.0,0.0,0.0,3.0,0.0,0.0,3.0,vitimas
2025,2025-04-01,SP,Tentativa de feminicídio,52.0,0.0,52.0,0.0,0.0,0.0,52.0,vitimas
2025,2025-04-01,SP,Tentativa de homicídio,310.0,0.0,45.0,265.0,0.0,0.0,310.0,vitimas
2025,2025-04-01,SP,Tráfico de drogas,0.0,3901.0,0.0,0.0,0.0,0.0,3901.0,ocorrencias
2025,2025-04-01,TO,Apreensão de Cocaína,0.0,0.0,0.0,0.0,0.0,6067.0,6067.0,kg
2025,2025-04-01,TO,Apreensão de Maconha,0.0,0.0,0.0,0.0,0.0,269.0,269.0,kg
2025,2025-04-01,TO,Arma de Fogo Apreendida,0.0,47.0,0.0,0.0,0.0,0.0,47.0,ocorrencias
2025,2025-04-01,TO,Atendimento pré-hospitalar,0.0,792.0,0.0,0.0,0.0,0.0,792.0,ocorrencias
2025,2025-04-01,TO,Busca e salvamento,0.0,268.0,0.0,0.0,0.0,0.0,268.0,ocorrencias
2025,2025-04-01,TO,Combate a incêndios,0.0,54.0,0.0,0.0,0.0,0.0,54.0,ocorrencias
2025,2025-04-01,TO,Emissão de Alvarás de licença,0.0,1355.0,0.0,0.0,0.0,0.0,1355.0,ocorrencias
2025,2025-04-01,TO,Estupro,8.0,0.0,8.0,0.0,0.0,0.0,8.0,vitimas
2025,2025-04-01,TO,Estupro de vulnerável,56.0,0.0,48.0,5.0,3.0,0.0,56.0,vitimas
2025,2025-04-01,TO,Feminicídio,1.0,0.0,1.0,0.0,0.0,0.0,1.0,vitimas
2025,2025-04-01,TO,Furto de veículo,0.0,118.0,0.0,0.0,0.0,0.0,118.0,ocorrencias
2025,2025-04-01,TO,Homicídio doloso,14.0,0.0,0.0,14.0,0.0,0.0,14.0,vitimas
2025,2025-04-01,TO,Lesão corporal seguida de morte,0.0,0.0,0.0,0.0,0.0,0.0,0.0,vitimas
2025,2025-04-01,TO,Mandado de prisão cumprido,0.0,164.0,0.0,0.0,0.0,0.0,164.0,ocorrencias
2025,2025-04-01,TO,Morte de Agente do Estado,1.0,0.0,0.0,1.0,0.0,0.0,1.0,vitimas
2025,2025-04-01,TO,Morte no trânsito ou em decorrência dele (exceto homicídio doloso),37.0,0.0,9.0,28.0,0.0,0.0,37.0,vitimas
2025,2025-04-01,TO,Morte por intervenção de Agente do Estado,0.0,0.0,0.0,0.0,0.0,0.0,0.0,vitimas
2025,2025-04-01,TO,Mortes a esclarecer (sem indício de crime),22.0,0.0,7.0,15.0,0.0,0.0,22.0,vitimas
2025,2025-04-01,TO,Mortes no trânsito,6.0,0.0,1.0,5.0,0.0,0.0,6.0,vitimas
2025,2025-04-01,TO,Pessoa Desaparecida,51.0,0.0,11.0,40.0,0.0,0.0,51.0,vitimas
2025,2025-04-01,TO,Pessoa Localizada,26.0,0.0,8.0,18.0,0.0,0.0,26.0,vitimas
2025,2025-04-01,TO,Realização de vistorias,0.0,480.0,0.0,0.0,0.0,0.0,480.0,ocorrencias
2025,2025-04-01,TO,Roubo a instituição financeira,0.0,0.0,0.0,0.0,0.0,0.0,0.0,ocorrencias
2025,2025-04-01,TO,Roubo de carga,0.0,0.0,0.0,0.0,0.0,0.0,0.0,ocorrencias
2025,2025-04-01,TO,Roubo de veículo,0.0,29.0,0.0,0.0,0.0,0.0,29.0,ocorrencias
2025,2025-04-01,TO,Roubo seguido de morte (latrocínio),1.0,0.0,0.0,1.0,0.0,0.0,1.0,vitimas
2025,2025-04-01,TO,Suicídio,14.0,0.0,3.0,11.0,0.0,0.0,14.0,vitimas
2025,2025-04-01,TO,Suicídio de Agente do Estado,0.0,0.0,0.0,0.0,0.0,0.0,0.0,vitimas
2025,2025-04-01,TO,Tentativa de feminicídio,2.0,0.0,2.0,0.0,0.0,0.0,2.0,vitimas
2025,2025-04-01,TO,Tentativa de homicídio,29.0,0.0,7.0,22.0,0.0,0.0,29.0,vitimas
2025,2025-04-01,TO,Tráfico de drogas,0.0,100.0,0.0,0.0,0.0,0.0,100.0,ocorrencias
2025,2025-05-01,AC,Apreensão de Cocaína,0.0,0.0,0.0,0.0,0.0,95408.0,95408.0,kg
2025,2025-05-01,AC,Apreensão de Maconha,0.0,0.0,0.0,0.0,0.0,294261.0,294261.0,kg
2025,2025-05-01,AC,Arma de Fogo Apreendida,0.0,44.0,0.0,0.0,0.0,0.0,44.0,ocorrencias
2025,2025-05-01,AC,Atendimento pré-hospitalar,0.0,145.0,0.0,0.0,0.0,0.0,145.0,ocorrencias
2025,2025-05-01,AC,Busca e salvamento,0.0,510.0,0.0,0.0,0.0,0.0,510.0,ocorrencias
2025,2025-05-01,AC,Combate a incêndios,0.0,270.0,0.0,0.0,0.0,0.0,270.0,ocorrencias
2025,2025-05-01,AC,Emissão de Alvarás de licença,0.0,655.0,0.0,0.0,0.0,0.0,655.0,ocorrencias
2025,2025-05-01,AC,Estupro,7.0,0.0,7.0,0.0,0.0,0.0,7.0,vitimas
2025,2025-05-01,AC,Estupro de vulnerável,44.0,0.0,42.0,2.0,0.0,0.0,44.0,vitimas
2025,2025-05-01,AC,Feminicídio,0.0,0.0,0.0,0.0,0.0,0.0,0.0,vitimas
2025,2025-05-01,AC,Furto de veículo,0.0,53.0,0.0,0.0,0.0,0.0,53.0,ocorrencias
2025,2025-05-01,AC,Homicídio doloso,18.0,0.0,0.0,18.0,0.0,0.0,18.0,vitimas
2025,2025-05-01,AC,Lesão corporal seguida de morte,1.0,0.0,0.0,1.0,0.0,0.0,1.0,vitimas
2025,2025-05-01,AC,Mandado de prisão cumprido,0.0,159.0,0.0,0.0,0.0,0.0,159.0,ocorrencias
2025,2025-05-01,AC,Morte de Agente do Estado,0.0,0.0,0.0,0.0,0.0,0.0,0.0,vitimas
2025,2025-05-01,AC,Morte no trânsito ou em decorrência dele (exceto homicídio doloso),10.0,0.0,1.0,9.0,0.0,0.0,10.0,vitimas
2025,2025-05-01,AC,Morte por intervenção de Agente do Estado,4.0,0.0,0.0,4.0,0.0,0.0,4.0,vitimas
2025,2025-05-01,AC,Mortes a esclarecer (sem indício de crime),13.0,0.0,0.0,13.0,0.0,0.0,13.0,vitimas
2025,2025-05-01,AC,Mortes no trânsito,1.0,0.0,0.0,1.0,0.0,0.0,1.0,vitimas
2025,2025-05-01,AC,Pessoa Desaparecida,32.0,0.0,8.0,23.0,1.0,0.0,32.0,vitimas
2025,2025-05-01,AC,Pessoa Localizada,22.0,0.0,6.0,16.0,0.0,0.0,22.0,vitimas
2025,2025-05-01,AC,Realização de vistorias,0.0,854.0,0.0,0.0,0.0,0.0,854.0,ocorrencias
2025,2025-05-01,AC,Roubo a instituição financeira,0.0,0.0,0.0,0.0,0.0,0.0,0.0,ocorrencias
2025,2025-05-01,AC,Roubo de carga,0.0,0.0,0.0,0.0,0.0,0.0,0.0,ocorrencias
2025,2025-05-01,AC,Roubo de veículo,0.0,35.0,0.0,0.0,0.0,0.0,35.0,ocorrencias
2025,2025-05-01,AC,Roubo seguido de morte (latrocínio),0.0,0.0,0.0,0.0,0.0,0.0,0.0,vitimas
2025,2025-05-01,AC,Suicídio,9.0,0.0,2.0,7.0,0.0,0.0,9.0,vitimas
2025,2025-05-01,AC,Suicídio de Agente do Estado,1.0,0.0,0.0,1.0,0.0,0.0,1.0,vitimas
2025,2025-05-01,AC,Tentativa de feminicídio,5.0,0.0,5.0,0.0,0.0,0.0,5.0,vitimas
2025,2025-05-01,AC,Tentativa de homicídio,30.0,0.0,0.0,29.0,1.0,0.0,30.0,vitimas
2025,2025-05-01,AC,Tráfico de drogas,0.0,86.0,0.0,0.0,0.0,0.0,86.0,ocorrencias
2025,2025-05-01,AL,Apreensão de Cocaína,0.0,0.0,0.0,0.0,0.0,32.0,32.0,kg
2025,2025-05-01,AL,Apreensão de Maconha,0.0,0.0,0.0,0.0,0.0,53.0,53.0,kg
2025,2025-05-01,AL,Arma de Fogo Apreendida,0.0,150.0,0.0,0.0,0.0,0.0,150.0,ocorrencias
2025,2025-05-01,AL,Atendimento pré-hospitalar,0.0,485.0,0.0,0.0,0.0,0.0,485.0,ocorrencias
2025,2025-05-01,AL,Busca e salvamento,0.0,537.0,0.0,0.0,0.0,0.0,537.0,ocorrencias
2025,2025-05-01,AL,Combate a incêndios,0.0,186.0,0.0,0.0,0.0,0.0,186.0,ocorrencias
2025,2025-05-01,AL,Emissão de Alvarás de licença,0.0,675.0,0.0,0.0,0.0,0.0,675.0,ocorrencias
2025,2025-05-01,AL,Estupro,16.0,0.0,15.0,1.0,0.0,0.0,16.0,vitimas
2025,2025-05-01,AL,Estupro de vulnerável,54.0,0.0,42.0,10.0,2.0,0.0,54.0,vitimas
2025,2025-05-01,AL,Feminicídio,4.0,0.0,4.0,0.0,0.0,0.0,4.0,vitimas
2025,2025-05-01,AL,Furto de veículo,0.0,128.0,0.0,0.0,0.0,0.0,128.0,ocorrencias
2025,2025-05-01,AL,Homicídio doloso,87.0,0.0,5.0,82.0,0.0,0.0,87.0,vitimas
2025,2025-05-01,AL,Lesão corporal seguida de morte,0.0,0.0,0.0,0.0,0.0,0.0,0.0,vitimas
2025,2025-05-01,AL,Mandado de prisão cumprido,0.0,278.0,0.0,0.0,0.0,0.0,278.0,ocorrencias
2025,2025-05-01,AL,Morte de Agente do Estado,1.0,0.0,0.0,1.0,0.0,0.0,1.0,vitimas
2025,2025-05-01,AL,Morte no trânsito ou em decorrência dele (exceto homicídio doloso),24.0,0.0,3.0,18.0,3.0,0.0,24.0,vitimas
2025,2025-05-01,AL,Morte por intervenção de Agente do Estado,6.0,0.0,0.0,6.0,0.0,0.0,6.0,vitimas
2025,2025-05-01,AL,Mortes a esclarecer (sem indício de crime),66.0,0.0,24.0,34.0,8.0,0.0,66.0,vitimas
2025,2025-05-01,AL,Mortes no trânsito,7.0,0.0,0.0,7.0,0.0,0.0,7.0,vitimas
2025,2025-05-01,AL,Pessoa Desaparecida,48.0,0.0,11.0,37.0,0.0,0.0,48.0,vitimas
2025,2025-05-01,AL,Pessoa Localizada,30.0,0.0,7.0,23.0,0.0,0.0,30.0,vitimas
2025,2025-05-01,AL,Realização de vistorias,0.0,1020.0,0.0,0.0,0.0,0.0,1020.0,ocorrencias
2025,2025-05-01,AL,Roubo a instituição financeira,0.0,0.0,0.0,0.0,0.0,0.0,0.0,ocorrencias
2025,2025-05-01,AL,Roubo de carga,0.0,2.0,0.0,0.0,0.0,0.0,2.0,ocorrencias
2025,2025-05-01,AL,Roubo de veículo,0.0,95.0,0.0,0.0,0.0,0.0,95.0,ocorrencias
2025,2025-05-01,AL,Roubo seguido de morte (latrocínio),2.0,0.0,0.0,2.0,0.0,0.0,2.0,vitimas
2025,2025-05-01,AL,Suicídio,16.0,0.0,3.0,13.0,0.0,0.0,16.0,vitimas
2025,2025-05-01,AL,Suicídio de Agente do Estado,1.0,0.0,0.0,1.0,0.0,0.0,1.0,vitimas
2025,2025-05-01,AL,Tentativa de feminicídio,4.0,0.0,4.0,0.0,0.0,0.0,4.0,vitimas
2025,2025-05-01,AL,Tentativa de homicídio,69.0,0.0,10.0,58.0,1.0,0.0,69.0,vitimas
2025,2025-05-01,AL,Tráfico de drogas,0.0,177.0,0.0,0.0,0.0,0.0,177.0,ocorrencias
2025,2025-05-01,AM,Apreensão de Cocaína,0.0,0.0,0.0,0.0,0.0,1654017.0,1654017.0,kg
2025,2025-05-01,AM,Apreensão de Maconha,0.0,0.0,0.0,0.0,0.0,2616995.0,2616995.0,kg
2025,2025-05-01,AM,Arma de Fogo Apreendida,0.0,164.0,0.0,0.0,0.0,0.0,164.0,ocorrencias
2025,2025-05-01,AM,Atendimento pré-hospitalar,0.0,146.0,0.0,0.0,0.0,0.0,146.0,ocorrencias
2025,2025-05-01,AM,Busca e salvamento,0.0,15.0,0.0,0.0,0.0,0.0,15.0,ocorrencias
2025,2025-05-01,AM,Combate a incêndios,0.0,119.0,0.0,0.0,0.0,0.0,119.0,ocorrencias
2025,2025-05-01,AM,Emissão de Alvarás de licença,0.0,590.0,0.0,0.0,0.0,0.0,590.0,ocorrencias
2025,2025-05-01,AM,Estupro,29.0,0.0,29.0,0.0,0.0,0.0,29.0,vitimas
2025,2025-05-01,AM,Estupro de vulnerável,112.0,0.0,98.0,10.0,4.0,0.0,112.0,vitimas
2025,2025-05-01,AM,Feminicídio,1.0,0.0,1.0,0.0,0.0,0.0,1.0,vitimas
2025,2025-05-01,AM,Furto de veículo,0.0,121.0,0.0,0.0,0.0,0.0,121.0,ocorrencias
2025,2025-05-01,AM,Homicídio doloso,75.0,0.0,4.0,71.0,0.0,0.0,75.0,vitimas
2025,2025-05-01,AM,Lesão corporal seguida de morte,0.0,0.0,0.0,0.0,0.0,0.0,0.0,vitimas
2025,2025-05-01,AM,Mandado de prisão cumprido,0.0,409.0,0.0,0.0,0.0,0.0,409.0,ocorrencias
2025,2025-05-01,AM,Morte de Agente do Estado,0.0,0.0,0.0,0.0,0.0,0.0,0.0,vitimas
2025,2025-05-01,AM,Morte no trânsito ou em decorrência dele (exceto homicídio doloso),24.0,0.0,4.0,20.0,0.0,0.0,24.0,vitimas
2025,2025-05-01,AM,Morte por intervenção de Agente do Estado,4.0,0.0,0.0,4.0,0.0,0.0,4.0,vitimas
2025,2025-05-01,AM,Mortes a esclarecer (sem indício de crime),0.0,0.0,0.0,0.0,0.0,0.0,0.0,vitimas
2025,2025-05-01,AM,Mortes no trânsito,3.0,0.0,0.0,3.0,0.0,0.0,3.0,vitimas
2025,2025-05-01,AM,Pessoa Desaparecida,87.0,0.0,44.0,43.0,0.0,0.0,87.0,vitimas
2025,2025-05-01,AM,Pessoa Localizada,53.0,0.0,31.0,22.0,0.0,0.0,53.0,vitimas
2025,2025-05-01,AM,Realização de vistorias,0.0,604.0,0.0,0.0,0.0,0.0,604.0,ocorrencias
2025,2025-05-01,AM,Roubo a instituição financeira,0.0,0.0,0.0,0.0,0.0,0.0,0.0,ocorrencias
2025,2025-05-01,AM,Roubo de carga,0.0,3.0,0.0,0.0,0.0,0.0,3.0,ocorrencias
2025,2025-05-01,AM,Roubo de veículo,0.0,71.0,0.0,0.0,0.0,0.0,71.0,ocorrencias
2025,2025-05-01,AM,Roubo seguido de morte (latrocínio),0.0,0.0,0.0,0.0,0.0,0.0,0.0,vitimas
2025,2025-05-01,AM,Suicídio,18.0,0.0,0.0,18.0,0.0,0.0,18.0,vitimas
2025,2025-05-01,AM,Suicídio de Agente do Estado,1.0,0.0,0.0,1.0,0.0,0.0,1.0,vitimas
2025,2025-05-01,AM,Tentativa de feminicídio,9.0,0.0,9.0,0.0,0.0,0.0,9.0,vitimas
2025,2025-05-01,AM,Tentativa de homicídio,52.0,0.0,8.0,38.0,6.0,0.0,52.0,vitimas
2025,2025-05-01,AM,Tráfico de drogas,0.0,267.0,0.0,0.0,0.0,0.0,267.0,ocorrencias
2025,2025-05-01,AP,Apreensão de Cocaína,0.0,0.0,0.0,0.0,0.0,2171.0,2171.0,kg
2025,2025-05-01,AP,Apreensão de Maconha,0.0,0.0,0.0,0.0,0.0,93.0,93.0,kg
2025,2025-05-01,AP,Arma de Fogo Apreendida,0.0,43.0,0.0,0.0,0.0,0.0,43.0,ocorrencias
2025,2025-05-01,AP,Atendimento pré-hospitalar,0.0,567.0,0.0,0.0,0.0,0.0,567.0,ocorrencias
2025,2025-05-01,AP,Busca e salvamento,0.0,297.0,0.0,0.0,0.0,0.0,297.0,ocorrencias
2025,2025-05-01,AP,Combate a incêndios,0.0,68.0,0.0,0.0,0.0,0.0,68.0,ocorrencias
2025,2025-05-01,AP,Emissão de Alvarás de licença,0.0,257.0,0.0,0.0,0.0,0.0,257.0,ocorrencias
2025,2025-05-01,AP,Estupro,15.0,0.0,15.0,0.0,0.0,0.0,15.0,vitimas
2025,2025-05-01,AP,Estupro de vulnerável,58.0,0.0,48.0,9.0,1.0,0.0,58.0,vitimas
2025,2025-05-01,AP,Feminicídio,0.0,0.0,0.0,0.0,0.0,0.0,0.0,vitimas
2025,2025-05-01,AP,Furto de veículo,0.0,21.0,0.0,0.0,0.0,0.0,21.0,ocorrencias
2025,2025-05-01,AP,Homicídio doloso,18.0,0.0,1.0,17.0,0.0,0.0,18.0,vitimas
2025,2025-05-01,AP,Lesão corporal seguida de morte,1.0,0.0,0.0,1.0,0.0,0.0,1.0,vitimas
2025,2025-05-01,AP,Mandado de prisão cumprido,0.0,144.0,0.0,0.0,0.0,0.0,144.0,ocorrencias
2025,2025-05-01,AP,Morte de Agente do Estado,0.0,0.0,0.0,0.0,0.0,0.0,0.0,vitimas
2025,2025-05-01,AP,Morte no trânsito ou em decorrência dele (exceto homicídio doloso),6.0,0.0,1.0,5.0,0.0,0.0,6.0,vitimas
2025,2025-05-01,AP,Morte por intervenção de Agente do Estado,14.0,0.0,0.0,14.0,0.0,0.0,14.0,vitimas
2025,2025-05-01,AP,Mortes a esclarecer (sem indício de crime),0.0,0.0,0.0,0.0,0.0,0.0,0.0,vitimas
2025,2025-05-01,AP,Mortes no trânsito,2.0,0.0,1.0,1.0,0.0,0.0,2.0,vitimas
2025,2025-05-01,AP,Pessoa Desaparecida,26.0,0.0,15.0,11.0,0.0,0.0,26.0,vitimas
2025,2025-05-01,AP,Pessoa Localizada,24.0,0.0,13.0,11.0,0.0,0.0,24.0,vitimas
2025,2025-05-01,AP,Realização de vistorias,0.0,777.0,0.0,0.0,0.0,0.0,777.0,ocorrencias
2025,2025-05-01,AP,Roubo a instituição financeira,0.0,0.0,0.0,0.0,0.0,0.0,0.0,ocorrencias
2025,2025-05-01,AP,Roubo de carga,0.0,0.0,0.0,0.0,0.0,0.0,0.0,ocorrencias
2025,2025-05-01,AP,Roubo de veículo,0.0,9.0,0.0,0.0,0.0,0.0,9.0,ocorrencias
2025,2025-05-01,AP,Roubo seguido de morte (latrocínio),0.0,0.0,0.0,0.0,0.0,0.0,0.0,vitimas
2025,2025-05-01,AP,Suicídio,9.0,0.0,3.0,6.0,0.0,0.0,9.0,vitimas
2025,2025-05-01,AP,Suicídio de Agente do Estado,0.0,0.0,0.0,0.0,0.0,0.0,0.0,vitimas
2025,2025-05-01,AP,Tentativa de feminicídio,6.0,0.0,6.0,0.0,0.0,0.0,6.0,vitimas
2025,2025-05-01,AP,Tentativa de homicídio,21.0,0.0,4.0,16.0,1.0,0.0,21.0,vitimas
2025,2025-05-01,AP,Tráfico de drogas,0.0,100.0,0.0,0.0,0.0,0.0,100.0,ocorrencias
2025,2025-05-01,BA,Apreensão de Cocaína,0.0,0.0,0.0,0.0,0.0,690157.0,690157.0,kg
2025,2025-05-01,BA,Apreensão de Maconha,0.0,0.0,0.0,0.0,0.0,138409.0,138409.0,kg
2025,2025-05-01,BA,Arma de Fogo Apreendida,0.0,663.0,0.0,0.0,0.0,0.0,663.0,ocorrencias
2025,2025-05-01,BA,Atendimento pré-hospitalar,0.0,393.0,0.0,0.0,0.0,0.0,393.0,ocorrencias
2025,2025-05-01,BA,Busca e salvamento,0.0,782.0,0.0,0.0,0.0,0.0,782.0,ocorrencias
2025,2025-05-01,BA,Combate a incêndios,0.0,485.0,0.0,0.0,0.0,0.0,485.0,ocorrencias
2025,2025-05-01,BA,Emissão de Alvarás de licença,0.0,3061.0,0.0,0.0,0.0,0.0,3061.0,ocorrencias
2025,2025-05-01,BA,Estupro,88.0,0.0,82.0,4.0,2.0,0.0,88.0,vitimas
2025,2025-05-01,BA,Estupro de vulnerável,344.0,0.0,299.0,39.0,6.0,0.0,344.0,vitimas
2025,2025-05-01,BA,Feminicídio,8.0,0.0,8.0,0.0,0.0,0.0,8.0,vitimas
2025,2025-05-01,BA,Furto de veículo,0.0,672.0,0.0,0.0,0.0,0.0,672.0,ocorrencias
2025,2025-05-01,BA,Homicídio doloso,290.0,0.0,19.0,271.0,0.0,0.0,290.0,vitimas
2025,2025-05-01,BA,Lesão corporal seguida de morte,7.0,0.0,1.0,6.0,0.0,0.0,7.0,vitimas
2025,2025-05-01,BA,Mandado de prisão cumprido,0.0,983.0,0.0,0.0,0.0,0.0,983.0,ocorrencias
2025,2025-05-01,BA,Morte de Agente do Estado,1.0,0.0,0.0,1.0,0.0,0.0,1.0,vitimas
2025,2025-05-01,BA,Morte no trânsito ou em decorrência dele (exceto homicídio doloso),64.0,0.0,13.0,50.0,1.0,0.0,64.0,vitimas
2025,2025-05-01,BA,Morte por intervenção de Agente do Estado,152.0,0.0,0.0,152.0,0.0,0.0,152.0,vitimas
2025,2025-05-01,BA,Mortes a esclarecer (sem indício de crime),61.0,0.0,14.0,42.0,5.0,0.0,61.0,vitimas
2025,2025-05-01,BA,Mortes no trânsito,52.0,0.0,11.0,41.0,0.0,0.0,52.0,vitimas
2025,2025-05-01,BA,Pessoa Desaparecida,348.0,0.0,98.0,237.0,13.0,0.0,348.0,vitimas
2025,2025-05-01,BA,Pessoa Localizada,76.0,0.0,22.0,53.0,1.0,0.0,76.0,vitimas
2025,2025-05-01,BA,Realização de vistorias,0.0,1168.0,0.0,0.0,0.0,0.0,1168.0,ocorrencias
2025,2025-05-01,BA,Roubo a instituição financeira,0.0,0.0,0.0,0.0,0.0,0.0,0.0,ocorrencias
2025,2025-05-01,BA,Roubo de carga,0.0,19.0,0.0,0.0,0.0,0.0,19.0,ocorrencias
2025,2025-05-01,BA,Roubo de veículo,0.0,834.0,0.0,0.0,0.0,0.0,834.0,ocorrencias
2025,2025-05-01,BA,Roubo seguido de morte (latrocínio),4.0,0.0,2.0,2.0,0.0,0.0,4.0,vitimas
2025,2025-05-01,BA,Suicídio,69.0,0.0,9.0,59.0,1.0,0.0,69.0,vitimas
2025,2025-05-01,BA,Suicídio de Agente do Estado,0.0,0.0,0.0,0.0,0.0,0.0,0.0,vitimas
2025,2025-05-01,BA,Tentativa de feminicídio,26.0,0.0,26.0,0.0,0.0,0.0,26.0,vitimas
2025,2025-05-01,BA,Tentativa de homicídio,280.0,0.0,41.0,224.0,15.0,0.0,280.0,vitimas
2025,2025-05-01,BA,Tráfico de drogas,0.0,694.0,0.0,0.0,0.0,0.0,694.0,ocorrencias
2025,2025-05-01,CE,Apreensão de Cocaína,0.0,0.0,0.0,0.0,0.0,14029.0,14029.0,kg
2025,2025-05-01,CE,Apreensão de Maconha,0.0,0.0,0.0,0.0,0.0,22179.0,22179.0,kg
2025,2025-05-01,CE,Arma de Fogo Apreendida,0.0,616.0,0.0,0.0,0.0,0.0,616.0,ocorrencias
2025,2025-05-01,CE,Atendimento pré-hospitalar,0.0,115.0,0.0,0.0,0.0,0.0,115.0,ocorrencias
2025,2025-05-01,CE,Busca e salvamento,0.0,2763.0,0.0,0.0,0.0,0.0,2763.0,ocorrencias
2025,2025-05-01,CE,Combate a incêndios,0.0,451.0,0.0,0.0,0.0,0.0,451.0,ocorrencias
2025,2025-05-01,CE,Emissão de Alvarás de licença,0.0,3443.0,0.0,0.0,0.0,0.0,3443.0,ocorrencias
2025,2025-05-01,CE,Estupro,32.0,0.0,29.0,3.0,0.0,0.0,32.0,vitimas
2025,2025-05-01,CE,Estupro de vulnerável,138.0,0.0,121.0,17.0,0.0,0.0,138.0,vitimas
2025,2025-05-01,CE,Feminicídio,2.0,0.0,2.0,0.0,0.0,0.0,2.0,vitimas
2025,2025-05-01,CE,Furto de veículo,0.0,388.0,0.0,0.0,0.0,0.0,388.0,ocorrencias
2025,2025-05-01,CE,Homicídio doloso,261.0,0.0,23.0,238.0,0.0,0.0,261.0,vitimas
2025,2025-05-01,CE,Lesão corporal seguida de morte,3.0,0.0,0.0,3.0,0.0,0.0,3.0,vitimas
2025,2025-05-01,CE,Mandado de prisão cumprido,0.0,873.0,0.0,0.0,0.0,0.0,873.0,ocorrencias
2025,2025-05-01,CE,Morte de Agente do Estado,0.0,0.0,0.0,0.0,0.0,0.0,0.0,vitimas
2025,2025-05-01,CE,Morte no trânsito ou em decorrência dele (exceto homicídio doloso),138.0,0.0,18.0,120.0,0.0,0.0,138.0,vitimas
2025,2025-05-01,CE,Morte por intervenção de Agente do Estado,12.0,0.0,0.0,12.0,0.0,0.0,12.0,vitimas
2025,2025-05-01,CE,Mortes a esclarecer (sem indício de crime),30.0,0.0,6.0,24.0,0.0,0.0,30.0,vitimas
2025,2025-05-01,CE,Mortes no trânsito,11.0,0.0,2.0,9.0,0.0,0.0,11.0,vitimas
2025,2025-05-01,CE,Pessoa Desaparecida,238.0,0.0,63.0,175.0,0.0,0.0,238.0,vitimas
2025,2025-05-01,CE,Pessoa Localizada,148.0,0.0,43.0,105.0,0.0,0.0,148.0,vitimas
2025,2025-05-01,CE,Realização de vistorias,0.0,4480.0,0.0,0.0,0.0,0.0,4480.0,ocorrencias
2025,2025-05-01,CE,Roubo a instituição financeira,0.0,0.0,0.0,0.0,0.0,0.0,0.0,ocorrencias
2025,2025-05-01,CE,Roubo de carga,0.0,9.0,0.0,0.0,0.0,0.0,9.0,ocorrencias
2025,2025-05-01,CE,Roubo de veículo,0.0,472.0,0.0,0.0,0.0,0.0,472.0,ocorrencias
2025,2025-05-01,CE,Roubo seguido de morte (latrocínio),1.0,0.0,0.0,1.0,0.0,0.0,1.0,vitimas
2025,2025-05-01,CE,Suicídio,73.0,0.0,14.0,59.0,0.0,0.0,73.0,vitimas
2025,2025-05-01,CE,Suicídio de Agente do Estado,1.0,0.0,0.0,1.0,0.0,0.0,1.0,vitimas
2025,2025-05-01,CE,Tentativa de feminicídio,8.0,0.0,8.0,0.0,0.0,0.0,8.0,vitimas
2025,2025-05-01,CE,Tentativa de homicídio,105.0,0.0,18.0,87.0,0.0,0.0,105.0,vitimas
2025,2025-05-01,CE,Tráfico de drogas,0.0,663.0,0.0,0.0,0.0,0.0,663.0,ocorrencias
2025,2025-05-01,DF,Apreensão de Cocaína,0.0,0.0,0.0,0.0,0.0,16586.0,16586.0,kg
2025,2025-05-01,DF,Apreensão de Maconha,0.0,0.0,0.0,0.0,0.0,27605.0,27605.0,kg
2025,2025-05-01,DF,Arma de Fogo Apreendida,0.0,152.0,0.0,0.0,0.0,0.0,152.0,ocorrencias
2025,2025-05-01,DF,Atendimento pré-hospitalar,0.0,5977.0,0.0,0.0,0.0,0.0,5977.0,ocorrencias
2025,2025-05-01,DF,Busca e salvamento,0.0,1684.0,0.0,0.0,0.0,0.0,1684.0,ocorrencias
2025,2025-05-01,DF,Combate a incêndios,0.0,3576.0,0.0,0.0,0.0,0.0,3576.0,ocorrencias
2025,2025-05-01,DF,Emissão de Alvarás de licença,0.0,10309.0,0.0,0.0,0.0,0.0,10309.0,ocorrencias
2025,2025-05-01,DF,Estupro,22.0,0.0,18.0,4.0,0.0,0.0,22.0,vitimas
2025,2025-05-01,DF,Estupro de vulnerável,57.0,0.0,49.0,8.0,0.0,0.0,57.0,vitimas
2025,2025-05-01,DF,Feminicídio,2.0,0.0,2.0,0.0,0.0,0.0,2.0,vitimas
2025,2025-05-01,DF,Furto de veículo,0.0,286.0,0.0,0.0,0.0,0.0,286.0,ocorrencias
2025,2025-05-01,DF,Homicídio doloso,19.0,0.0,1.0,18.0,0.0,0.0,19.0,vitimas
2025,2025-05-01,DF,Lesão corporal seguida de morte,0.0,0.0,0.0,0.0,0.0,0.0,0.0,vitimas
2025,2025-05-01,DF,Mandado de prisão cumprido,0.0,838.0,0.0,0.0,0.0,0.0,838.0,ocorrencias
2025,2025-05-01,DF,Morte de Agente do Estado,0.0,0.0,0.0,0.0,0.0,0.0,0.0,vitimas
2025,2025-05-01,DF,Morte no trânsito ou em decorrência dele (exceto homicídio doloso),34.0,0.0,6.0,28.0,0.0,0.0,34.0,vitimas
2025,2025-05-01,DF,Morte por intervenção de Agente do Estado,2.0,0.0,0.0,2.0,0.0,0.0,2.0,vitimas
2025,2025-05-01,DF,Mortes a esclarecer (sem indício de crime),0.0,0.0,0.0,0.0,0.0,0.0,0.0,vitimas
2025,2025-05-01,DF,Mortes no trânsito,7.0,0.0,0.0,7.0,0.0,0.0,7.0,vitimas
2025,2025-05-01,DF,Pessoa Desaparecida,198.0,0.0,70.0,128.0,0.0,0.0,198.0,vitimas
2025,2025-05-01,DF,Pessoa Localizada,202.0,0.0,67.0,135.0,0.0,0.0,202.0,vitimas
2025,2025-05-01,DF,Realização de vistorias,0.0,924.0,0.0,0.0,0.0,0.0,924.0,ocorrencias
2025,2025-05-01,DF,Roubo a instituição financeira,0.0,0.0,0.0,0.0,0.0,0.0,0.0,ocorrencias
2025,2025-05-01,DF,Roubo de carga,0.0,0.0,0.0,0.0,0.0,0.0,0.0,ocorrencias
2025,2025-05-01,DF,Roubo de veículo,0.0,77.0,0.0,0.0,0.0,0.0,77.0,ocorrencias
2025,2025-05-01,DF,Roubo seguido de morte (latrocínio),1.0,0.0,0.0,1.0,0.0,0.0,1.0,vitimas
2025,2025-05-01,DF,Suicídio,19.0,0.0,3.0,16.0,0.0,0.0,19.0,vitimas
2025,2025-05-01,DF,Suicídio de Agente do Estado,0.0,0.0,0.0,0.0,0.0,0.0,0.0,vitimas
2025,2025-05-01,DF,Tentativa de feminicídio,18.0,0.0,18.0,0.0,0.0,0.0,18.0,vitimas
2025,2025-05-01,DF,Tentativa de homicídio,46.0,0.0,7.0,39.0,0.0,0.0,46.0,vitimas
2025,2025-05-01,DF,Tráfico de drogas,0.0,243.0,0.0,0.0,0.0,0.0,243.0,ocorrencias
2025,2025-05-01,ES,Apreensão de Cocaína,0.0,0.0,0.0,0.0,0.0,46330.0,46330.0,kg
2025,2025-05-01,ES,Apreensão de Maconha,0.0,0.0,0.0,0.0,0.0,33165.0,33165.0,kg
2025,2025-05-01,ES,Arma de Fogo Apreendida,0.0,298.0,0.0,0.0,0.0,0.0,298.0,ocorrencias
2025,2025-05-01,ES,Atendimento pré-hospitalar,0.0,819.0,0.0,0.0,0.0,0.0,819.0,ocorrencias
2025,2025-05-01,ES,Busca e salvamento,0.0,299.0,0.0,0.0,0.0,0.0,299.0,ocorrencias
2025,2025-05-01,ES,Combate a incêndios,0.0,225.0,0.0,0.0,0.0,0.0,225.0,ocorrencias
2025,2025-05-01,ES,Emissão de Alvarás de licença,0.0,3708.0,0.0,0.0,0.0,0.0,3708.0,ocorrencias
2025,2025-05-01,ES,Estupro,30.0,0.0,26.0,1.0,3.0,0.0,30.0,vitimas
2025,2025-05-01,ES,Estupro de vulnerável,113.0,0.0,82.0,22.0,9.0,0.0,113.0,vitimas
2025,2025-05-01,ES,Feminicídio,3.0,0.0,3.0,0.0,0.0,0.0,3.0,vitimas
2025,2025-05-01,ES,Furto de veículo,0.0,316.0,0.0,0.0,0.0,0.0,316.0,ocorrencias
2025,2025-05-01,ES,Homicídio doloso,61.0,0.0,4.0,57.0,0.0,0.0,61.0,vitimas
2025,2025-05-01,ES,Lesão corporal seguida de morte,1.0,0.0,0.0,1.0,0.0,0.0,1.0,vitimas
2025,2025-05-01,ES,Mandado de prisão cumprido,0.0,482.0,0.0,0.0,0.0,0.0,482.0,ocorrencias
2025,2025-05-01,ES,Morte de Agente do Estado,0.0,0.0,0.0,0.0,0.0,0.0,0.0,vitimas
2025,2025-05-01,ES,Morte no trânsito ou em decorrência dele (exceto homicídio doloso),94.0,0.0,19.0,75.0,0.0,0.0,94.0,vitimas
2025,2025-05-01,ES,Morte por intervenção de Agente do Estado,5.0,0.0,0.0,5.0,0.0,0.0,5.0,vitimas
2025,2025-05-01,ES,Mortes a esclarecer (sem indício de crime),28.0,0.0,8.0,19.0,1.0,0.0,28.0,vitimas
2025,2025-05-01,ES,Mortes no trânsito,16.0,0.0,3.0,13.0,0.0,0.0,16.0,vitimas
2025,2025-05-01,ES,Pessoa Desaparecida,189.0,0.0,72.0,109.0,8.0,0.0,189.0,vitimas
2025,2025-05-01,ES,Pessoa Localizada,27.0,0.0,9.0,17.0,1.0,0.0,27.0,vitimas
2025,2025-05-01,ES,Realização de vistorias,0.0,3687.0,0.0,0.0,0.0,0.0,3687.0,ocorrencias
2025,2025-05-01,ES,Roubo a instituição financeira,0.0,1.0,0.0,0.0,0.0,0.0,1.0,ocorrencias
2025,2025-05-01,ES,Roubo de carga,0.0,1.0,0.0,0.0,0.0,0.0,1.0,ocorrencias
2025,2025-05-01,ES,Roubo de veículo,0.0,134.0,0.0,0.0,0.0,0.0,134.0,ocorrencias
2025,2025-05-01,ES,Roubo seguido de morte (latrocínio),1.0,0.0,0.0,1.0,0.0,0.0,1.0,vitimas
2025,2025-05-01,ES,Suicídio,27.0,0.0,7.0,20.0,0.0,0.0,27.0,vitimas
2025,2025-05-01,ES,Suicídio de Agente do Estado,0.0,0.0,0.0,0.0,0.0,0.0,0.0,vitimas
2025,2025-05-01,ES,Tentativa de feminicídio,6.0,0.0,6.0,0.0,0.0,0.0,6.0,vitimas
2025,2025-05-01,ES,Tentativa de homicídio,99.0,0.0,17.0,78.0,4.0,0.0,99.0,vitimas
2025,2025-05-01,ES,Tráfico de drogas,0.0,457.0,0.0,0.0,0.0,0.0,457.0,ocorrencias
2025,2025-05-01,GO,Apreensão de Cocaína,0.0,0.0,0.0,0.0,0.0,258191.0,258191.0,kg
2025,2025-05-01,GO,Apreensão de Maconha,0.0,0.0,0.0,0.0,0.0,1506912.0,1506912.0,kg
2025,2025-05-01,GO,Arma de Fogo Apreendida,0.0,307.0,0.0,0.0,0.0,0.0,307.0,ocorrencias
2025,2025-05-01,GO,Atendimento pré-hospitalar,0.0,8400.0,0.0,0.0,0.0,0.0,8400.0,ocorrencias
2025,2025-05-01,GO,Busca e salvamento,0.0,1775.0,0.0,0.0,0.0,0.0,1775.0,ocorrencias
2025,2025-05-01,GO,Combate a incêndios,0.0,967.0,0.0,0.0,0.0,0.0,967.0,ocorrencias
2025,2025-05-01,GO,Emissão de Alvarás de licença,0.0,11671.0,0.0,0.0,0.0,0.0,11671.0,ocorrencias
2025,2025-05-01,GO,Estupro,68.0,0.0,63.0,5.0,0.0,0.0,68.0,vitimas
2025,2025-05-01,GO,Estupro de vulnerável,300.0,0.0,262.0,34.0,4.0,0.0,300.0,vitimas
2025,2025-05-01,GO,Feminicídio,4.0,0.0,4.0,0.0,0.0,0.0,4.0,vitimas
2025,2025-05-01,GO,Furto de veículo,0.0,288.0,0.0,0.0,0.0,0.0,288.0,ocorrencias
2025,2025-05-01,GO,Homicídio doloso,62.0,0.0,3.0,55.0,4.0,0.0,62.0,vitimas
2025,2025-05-01,GO,Lesão corporal seguida de morte,2.0,0.0,0.0,2.0,0.0,0.0,2.0,vitimas
2025,2025-05-01,GO,Mandado de prisão cumprido,0.0,969.0,0.0,0.0,0.0,0.0,969.0,ocorrencias
2025,2025-05-01,GO,Morte de Agente do Estado,0.0,0.0,0.0,0.0,0.0,0.0,0.0,vitimas
2025,2025-05-01,GO,Morte no trânsito ou em decorrência dele (exceto homicídio doloso),72.0,0.0,14.0,54.0,4.0,0.0,72.0,vitimas
2025,2025-05-01,GO,Morte por intervenção de Agente do Estado,21.0,0.0,0.0,17.0,4.0,0.0,21.0,vitimas
2025,2025-05-01,GO,Mortes a esclarecer (sem indício de crime),41.0,0.0,1.0,32.0,8.0,0.0,41.0,vitimas
2025,2025-05-01,GO,Mortes no trânsito,32.0,0.0,5.0,27.0,0.0,0.0,32.0,vitimas
2025,2025-05-01,GO,Pessoa Desaparecida,332.0,0.0,111.0,213.0,8.0,0.0,332.0,vitimas
2025,2025-05-01,GO,Pessoa Localizada,234.0,0.0,83.0,151.0,0.0,0.0,234.0,vitimas
2025,2025-05-01,GO,Realização de vistorias,0.0,5416.0,0.0,0.0,0.0,0.0,5416.0,ocorrencias
2025,2025-05-01,GO,Roubo a instituição financeira,0.0,0.0,0.0,0.0,0.0,0.0,0.0,ocorrencias
2025,2025-05-01,GO,Roubo de carga,0.0,1.0,0.0,0.0,0.0,0.0,1.0,ocorrencias
2025,2025-05-01,GO,Roubo de veículo,0.0,42.0,0.0,0.0,0.0,0.0,42.0,ocorrencias
2025,2025-05-01,GO,Roubo seguido de morte (latrocínio),1.0,0.0,0.0,1.0,0.0,0.0,1.0,vitimas
2025,2025-05-01,GO,Suicídio,67.0,0.0,15.0,50.0,2.0,0.0,67.0,vitimas
2025,2025-05-01,GO,Suicídio de Agente do Estado,0.0,0.0,0.0,0.0,0.0,0.0,0.0,vitimas
2025,2025-05-01,GO,Tentativa de feminicídio,17.0,0.0,17.0,0.0,0.0,0.0,17.0,vitimas
2025,2025-05-01,GO,Tentativa de homicídio,111.0,0.0,19.0,92.0,0.0,0.0,111.0,vitimas
2025,2025-05-01,GO,Tráfico de drogas,0.0,541.0,0.0,0.0,0.0,0.0,541.0,ocorrencias
2025,2025-05-01,MA,Apreensão de Cocaína,0.0,0.0,0.0,0.0,0.0,644736.0,644736.0,kg
2025,2025-05-01,MA,Apreensão de Maconha,0.0,0.0,0.0,0.0,0.0,858917.0,858917.0,kg
2025,2025-05-01,MA,Arma de Fogo Apreendida,0.0,394.0,0.0,0.0,0.0,0.0,394.0,ocorrencias
2025,2025-05-01,MA,Atendimento pré-hospitalar,0.0,1601.0,0.0,0.0,0.0,0.0,1601.0,ocorrencias
2025,2025-05-01,MA,Busca e salvamento,0.0,816.0,0.0,0.0,0.0,0.0,816.0,ocorrencias
2025,2025-05-01,MA,Combate a incêndios,0.0,163.0,0.0,0.0,0.0,0.0,163.0,ocorrencias
2025,2025-05-01,MA,Emissão de Alvarás de licença,0.0,1410.0,0.0,0.0,0.0,0.0,1410.0,ocorrencias
2025,2025-05-01,MA,Estupro,31.0,0.0,29.0,2.0,0.0,0.0,31.0,vitimas
2025,2025-05-01,MA,Estupro de vulnerável,159.0,0.0,138.0,21.0,0.0,0.0,159.0,vitimas
2025,2025-05-01,MA,Feminicídio,9.0,0.0,9.0,0.0,0.0,0.0,9.0,vitimas
2025,2025-05-01,MA,Furto de veículo,0.0,235.0,0.0,0.0,0.0,0.0,235.0,ocorrencias
2025,2025-05-01,MA,Homicídio doloso,160.0,0.0,6.0,154.0,0.0,0.0,160.0,vitimas
2025,2025-05-01,MA,Lesão corporal seguida de morte,3.0,0.0,1.0,2.0,0.0,0.0,3.0,vitimas
2025,2025-05-01,MA,Mandado de prisão cumprido,0.0,415.0,0.0,0.0,0.0,0.0,415.0,ocorrencias
2025,2025-05-01,MA,Morte de Agente do Estado,1.0,0.0,0.0,1.0,0.0,0.0,1.0,vitimas
2025,2025-05-01,MA,Morte no trânsito ou em decorrência dele (exceto homicídio doloso),91.0,0.0,14.0,77.0,0.0,0.0,91.0,vitimas
2025,2025-05-01,MA,Morte por intervenção de Agente do Estado,13.0,0.0,0.0,13.0,0.0,0.0,13.0,vitimas
2025,2025-05-01,MA,Mortes a esclarecer (sem indício de crime),12.0,0.0,2.0,10.0,0.0,0.0,12.0,vitimas
2025,2025-05-01,MA,Mortes no trânsito,30.0,0.0,3.0,27.0,0.0,0.0,30.0,vitimas
2025,2025-05-01,MA,Pessoa Desaparecida,80.0,0.0,22.0,56.0,2.0,0.0,80.0,vitimas
2025,2025-05-01,MA,Pessoa Localizada,20.0,0.0,6.0,14.0,0.0,0.0,20.0,vitimas
2025,2025-05-01,MA,Realização de vistorias,0.0,493.0,0.0,0.0,0.0,0.0,493.0,ocorrencias
2025,2025-05-01,MA,Roubo a instituição financeira,0.0,1.0,0.0,0.0,0.0,0.0,1.0,ocorrencias
2025,2025-05-01,MA,Roubo de carga,0.0,20.0,0.0,0.0,0.0,0.0,20.0,ocorrencias
2025,2025-05-01,MA,Roubo de veículo,0.0,269.0,0.0,0.0,0.0,0.0,269.0,ocorrencias
2025,2025-05-01,MA,Roubo seguido de morte (latrocínio),1.0,0.0,0.0,1.0,0.0,0.0,1.0,vitimas
2025,2025-05-01,MA,Suicídio,23.0,0.0,5.0,18.0,0.0,0.0,23.0,vitimas
2025,2025-05-01,MA,Suicídio de Agente do Estado,0.0,0.0,0.0,0.0,0.0,0.0,0.0,vitimas
2025,2025-05-01,MA,Tentativa de feminicídio,11.0,0.0,11.0,0.0,0.0,0.0,11.0,vitimas
2025,2025-05-01,MA,Tentativa de homicídio,112.0,0.0,17.0,95.0,0.0,0.0,112.0,vitimas
2025,2025-05-01,MA,Tráfico de drogas,0.0,289.0,0.0,0.0,0.0,0.0,289.0,ocorrencias
2025,2025-05-01,MG,Apreensão de Cocaína,0.0,0.0,0.0,0.0,0.0,5.0,5.0,kg
2025,2025-05-01,MG,Apreensão de Maconha,0.0,0.0,0.0,0.0,0.0,1829512.0,1829512.0,kg
2025,2025-05-01,MG,Arma de Fogo Apreendida,0.0,1185.0,0.0,0.0,0.0,0.0,1185.0,ocorrencias
2025,2025-05-01,MG,Atendimento pré-hospitalar,0.0,8455.0,0.0,0.0,0.0,0.0,8455.0,ocorrencias
2025,2025-05-01,MG,Busca e salvamento,0.0,4000.0,0.0,0.0,0.0,0.0,4000.0,ocorrencias
2025,2025-05-01,MG,Combate a incêndios,0.0,2140.0,0.0,0.0,0.0,0.0,2140.0,ocorrencias
2025,2025-05-01,MG,Emissão de Alvarás de licença,0.0,764.0,0.0,0.0,0.0,0.0,764.0,ocorrencias
2025,2025-05-01,MG,Estupro,81.0,0.0,73.0,8.0,0.0,0.0,81.0,vitimas
2025,2025-05-01,MG,Estupro de vulnerável,371.0,0.0,310.0,55.0,6.0,0.0,371.0,vitimas
2025,2025-05-01,MG,Feminicídio,11.0,0.0,11.0,0.0,0.0,0.0,11.0,vitimas
2025,2025-05-01,MG,Furto de veículo,0.0,1934.0,0.0,0.0,0.0,0.0,1934.0,ocorrencias
2025,2025-05-01,MG,Homicídio doloso,204.0,0.0,9.0,195.0,0.0,0.0,204.0,vitimas
2025,2025-05-01,MG,Lesão corporal seguida de morte,1.0,0.0,0.0,1.0,0.0,0.0,1.0,vitimas
2025,2025-05-01,MG,Mandado de prisão cumprido,0.0,1502.0,0.0,0.0,0.0,0.0,1502.0,ocorrencias
2025,2025-05-01,MG,Morte de Agente do Estado,0.0,0.0,0.0,0.0,0.0,0.0,0.0,vitimas
2025,2025-05-01,MG,Morte no trânsito ou em decorrência dele (exceto homicídio doloso),205.0,0.0,34.0,170.0,1.0,0.0,205.0,vitimas
2025,2025-05-01,MG,Morte por intervenção de Agente do Estado,9.0,0.0,0.0,9.0,0.0,0.0,9.0,vitimas
2025,2025-05-01,MG,Mortes a esclarecer (sem indício de crime),0.0,0.0,0.0,0.0,0.0,0.0,0.0,vitimas
2025,2025-05-01,MG,Mortes no trânsito,71.0,0.0,11.0,59.0,1.0,0.0,71.0,vitimas
2025,2025-05-01,MG,Pessoa Desaparecida,746.0,0.0,253.0,493.0,0.0,0.0,746.0,vitimas
2025,2025-05-01,MG,Pessoa Localizada,559.0,0.0,206.0,353.0,0.0,0.0,559.0,vitimas
2025,2025-05-01,MG,Realização de vistorias,0.0,4167.0,0.0,0.0,0.0,0.0,4167.0,ocorrencias
2025,2025-05-01,MG,Roubo a instituição financeira,0.0,0.0,0.0,0.0,0.0,0.0,0.0,ocorrencias
2025,2025-05-01,MG,Roubo de carga,0.0,13.0,0.0,0.0,0.0,0.0,13.0,ocorrencias
2025,2025-05-01,MG,Roubo de veículo,0.0,261.0,0.0,0.0,0.0,0.0,261.0,ocorrencias
2025,2025-05-01,MG,Roubo seguido de morte (latrocínio),3.0,0.0,1.0,2.0,0.0,0.0,3.0,vitimas
2025,2025-05-01,MG,Suicídio,155.0,0.0,37.0,118.0,0.0,0.0,155.0,vitimas
2025,2025-05-01,MG,Suicídio de Agente do Estado,1.0,0.0,0.0,1.0,0.0,0.0,1.0,vitimas
2025,2025-05-01,MG,Tentativa de feminicídio,16.0,0.0,16.0,0.0,0.0,0.0,16.0,vitimas
2025,2025-05-01,MG,Tentativa de homicídio,173.0,0.0,19.0,154.0,0.0,0.0,173.0,vitimas
2025,2025-05-01,MG,Tráfico de drogas,0.0,3013.0,0.0,0.0,0.0,0.0,3013.0,ocorrencias
2025,2025-05-01,MS,Apreensão de Cocaína,0.0,0.0,0.0,0.0,0.0,3711498.0,3711498.0,kg
2025,2025-05-01,MS,Apreensão de Maconha,0.0,0.0,0.0,0.0,0.0,81105583.0,81105583.0,kg
2025,2025-05-01,MS,Arma de Fogo Apreendida,0.0,173.0,0.0,0.0,0.0,0.0,173.0,ocorrencias
2025,2025-05-01,MS,Atendimento pré-hospitalar,0.0,2371.0,0.0,0.0,0.0,0.0,2371.0,ocorrencias
2025,2025-05-01,MS,Busca e salvamento,0.0,5330.0,0.0,0.0,0.0,0.0,5330.0,ocorrencias
2025,2025-05-01,MS,Combate a incêndios,0.0,632.0,0.0,0.0,0.0,0.0,632.0,ocorrencias
2025,2025-05-01,MS,Emissão de Alvarás de licença,0.0,2608.0,0.0,0.0,0.0,0.0,2608.0,ocorrencias
2025,2025-05-01,MS,Estupro,183.0,0.0,157.0,21.0,5.0,0.0,183.0,vitimas
2025,2025-05-01,MS,Estupro de vulnerável,144.0,0.0,119.0,20.0,5.0,0.0,144.0,vitimas
2025,2025-05-01,MS,Feminicídio,6.0,0.0,6.0,0.0,0.0,0.0,6.0,vitimas
2025,2025-05-01,MS,Furto de veículo,0.0,150.0,0.0,0.0,0.0,0.0,150.0,ocorrencias
2025,2025-05-01,MS,Homicídio doloso,28.0,0.0,1.0,27.0,0.0,0.0,28.0,vitimas
2025,2025-05-01,MS,Lesão corporal seguida de morte,1.0,0.0,0.0,1.0,0.0,0.0,1.0,vitimas
2025,2025-05-01,MS,Mandado de prisão cumprido,0.0,448.0,0.0,0.0,0.0,0.0,448.0,ocorrencias
2025,2025-05-01,MS,Morte de Agente do Estado,0.0,0.0,0.0,0.0,0.0,0.0,0.0,vitimas
2025,2025-05-01,MS,Morte no trânsito ou em decorrência dele (exceto homicídio doloso),30.0,0.0,7.0,22.0,1.0,0.0,30.0,vitimas
2025,2025-05-01,MS,Morte por intervenção de Agente do Estado,4.0,0.0,0.0,3.0,1.0,0.0,4.0,vitimas
2025,2025-05-01,MS,Mortes a esclarecer (sem indício de crime),48.0,0.0,12.0,33.0,3.0,0.0,48.0,vitimas
2025,2025-05-01,MS,Mortes no trânsito,19.0,0.0,4.0,15.0,0.0,0.0,19.0,vitimas
2025,2025-05-01,MS,Pessoa Desaparecida,29.0,0.0,8.0,21.0,0.0,0.0,29.0,vitimas
2025,2025-05-01,MS,Pessoa Localizada,101.0,0.0,30.0,70.0,1.0,0.0,101.0,vitimas
2025,2025-05-01,MS,Realização de vistorias,0.0,1855.0,0.0,0.0,0.0,0.0,1855.0,ocorrencias
2025,2025-05-01,MS,Roubo a instituição financeira,0.0,0.0,0.0,0.0,0.0,0.0,0.0,ocorrencias
2025,2025-05-01,MS,Roubo de carga,0.0,0.0,0.0,0.0,0.0,0.0,0.0,ocorrencias
2025,2025-05-01,MS,Roubo de veículo,0.0,22.0,0.0,0.0,0.0,0.0,22.0,ocorrencias
2025,2025-05-01,MS,Roubo seguido de morte (latrocínio),0.0,0.0,0.0,0.0,0.0,0.0,0.0,vitimas
2025,2025-05-01,MS,Suicídio,28.0,0.0,10.0,18.0,0.0,0.0,28.0,vitimas
2025,2025-05-01,MS,Suicídio de Agente do Estado,0.0,0.0,0.0,0.0,0.0,0.0,0.0,vitimas
2025,2025-05-01,MS,Tentativa de feminicídio,10.0,0.0,10.0,0.0,0.0,0.0,10.0,vitimas
2025,2025-05-01,MS,Tentativa de homicídio,51.0,0.0,7.0,41.0,3.0,0.0,51.0,vitimas
2025,2025-05-01,MS,Tráfico de drogas,0.0,440.0,0.0,0.0,0.0,0.0,440.0,ocorrencias
2025,2025-05-01,MT,Apreensão de Cocaína,0.0,0.0,0.0,0.0,0.0,234391.0,234391.0,kg
2025,2025-05-01,MT,Apreensão de Maconha,0.0,0.0,0.0,0.0,0.0,36891.0,36891.0,kg
2025,2025-05-01,MT,Arma de Fogo Apreendida,0.0,234.0,0.0,0.0,0.0,0.0,234.0,ocorrencias
2025,2025-05-01,MT,Atendimento pré-hospitalar,0.0,3834.0,0.0,0.0,0.0,0.0,3834.0,ocorrencias
2025,2025-05-01,MT,Busca e salvamento,0.0,787.0,0.0,0.0,0.0,0.0,787.0,ocorrencias
2025,2025-05-01,MT,Combate a incêndios,0.0,412.0,0.0,0.0,0.0,0.0,412.0,ocorrencias
2025,2025-05-01,MT,Emissão de Alvarás de licença,0.0,11102.0,0.0,0.0,0.0,0.0,11102.0,ocorrencias
2025,2025-05-01,MT,Estupro,79.0,0.0,73.0,6.0,0.0,0.0,79.0,vitimas
2025,2025-05-01,MT,Estupro de vulnerável,186.0,0.0,149.0,37.0,0.0,0.0,186.0,vitimas
2025,2025-05-01,MT,Feminicídio,7.0,0.0,7.0,0.0,0.0,0.0,7.0,vitimas
2025,2025-05-01,MT,Furto de veículo,0.0,205.0,0.0,0.0,0.0,0.0,205.0,ocorrencias
2025,2025-05-01,MT,Homicídio doloso,73.0,0.0,5.0,68.0,0.0,0.0,73.0,vitimas
2025,2025-05-01,MT,Lesão corporal seguida de morte,0.0,0.0,0.0,0.0,0.0,0.0,0.0,vitimas
2025,2025-05-01,MT,Mandado de prisão cumprido,0.0,795.0,0.0,0.0,0.0,0.0,795.0,ocorrencias
2025,2025-05-01,MT,Morte de Agente do Estado,0.0,0.0,0.0,0.0,0.0,0.0,0.0,vitimas
2025,2025-05-01,MT,Morte no trânsito ou em decorrência dele (exceto homicídio doloso),94.0,0.0,14.0,80.0,0.0,0.0,94.0,vitimas
2025,2025-05-01,MT,Morte por intervenção de Agente do Estado,16.0,0.0,0.0,16.0,0.0,0.0,16.0,vitimas
2025,2025-05-01,MT,Mortes a esclarecer (sem indício de crime),53.0,0.0,18.0,35.0,0.0,0.0,53.0,vitimas
2025,2025-05-01,MT,Mortes no trânsito,17.0,0.0,5.0,12.0,0.0,0.0,17.0,vitimas
2025,2025-05-01,MT,Pessoa Desaparecida,179.0,0.0,64.0,115.0,0.0,0.0,179.0,vitimas
2025,2025-05-01,MT,Pessoa Localizada,114.0,0.0,39.0,75.0,0.0,0.0,114.0,vitimas
2025,2025-05-01,MT,Realização de vistorias,0.0,2494.0,0.0,0.0,0.0,0.0,2494.0,ocorrencias
2025,2025-05-01,MT,Roubo a instituição financeira,0.0,0.0,0.0,0.0,0.0,0.0,0.0,ocorrencias
2025,2025-05-01,MT,Roubo de carga,0.0,5.0,0.0,0.0,0.0,0.0,5.0,ocorrencias
2025,2025-05-01,MT,Roubo de veículo,0.0,54.0,0.0,0.0,0.0,0.0,54.0,ocorrencias
2025,2025-05-01,MT,Roubo seguido de morte (latrocínio),0.0,0.0,0.0,0.0,0.0,0.0,0.0,vitimas
2025,2025-05-01,MT,Suicídio,31.0,0.0,6.0,25.0,0.0,0.0,31.0,vitimas
2025,2025-05-01,MT,Suicídio de Agente do Estado,1.0,0.0,0.0,1.0,0.0,0.0,1.0,vitimas
2025,2025-05-01,MT,Tentativa de feminicídio,20.0,0.0,20.0,0.0,0.0,0.0,20.0,vitimas
2025,2025-05-01,MT,Tentativa de homicídio,124.0,0.0,18.0,106.0,0.0,0.0,124.0,vitimas
2025,2025-05-01,MT,Tráfico de drogas,0.0,450.0,0.0,0.0,0.0,0.0,450.0,ocorrencias
2025,2025-05-01,PA,Apreensão de Cocaína,0.0,0.0,0.0,0.0,0.0,41522.0,41522.0,kg
2025,2025-05-01,PA,Apreensão de Maconha,0.0,0.0,0.0,0.0,0.0,1659396.0,1659396.0,kg
2025,2025-05-01,PA,Arma de Fogo Apreendida,0.0,253.0,0.0,0.0,0.0,0.0,253.0,ocorrencias
2025,2025-05-01,PA,Atendimento pré-hospitalar,0.0,1552.0,0.0,0.0,0.0,0.0,1552.0,ocorrencias
2025,2025-05-01,PA,Busca e salvamento,0.0,86.0,0.0,0.0,0.0,0.0,86.0,ocorrencias
2025,2025-05-01,PA,Combate a incêndios,0.0,324.0,0.0,0.0,0.0,0.0,324.0,ocorrencias
2025,2025-05-01,PA,Emissão de Alvarás de licença,0.0,5825.0,0.0,0.0,0.0,0.0,5825.0,ocorrencias
2025,2025-05-01,PA,Estupro,74.0,0.0,69.0,3.0,2.0,0.0,74.0,vitimas
2025,2025-05-01,PA,Estupro de vulnerável,529.0,0.0,484.0,40.0,5.0,0.0,529.0,vitimas
2025,2025-05-01,PA,Feminicídio,3.0,0.0,3.0,0.0,0.0,0.0,3.0,vitimas
2025,2025-05-01,PA,Furto de veículo,0.0,272.0,0.0,0.0,0.0,0.0,272.0,ocorrencias
2025,2025-05-01,PA,Homicídio doloso,134.0,0.0,7.0,127.0,0.0,0.0,134.0,vitimas
2025,2025-05-01,PA,Lesão corporal seguida de morte,4.0,0.0,1.0,3.0,0.0,0.0,4.0,vitimas
2025,2025-05-01,PA,Mandado de prisão cumprido,0.0,744.0,0.0,0.0,0.0,0.0,744.0,ocorrencias
2025,2025-05-01,PA,Morte de Agente do Estado,5.0,0.0,0.0,5.0,0.0,0.0,5.0,vitimas
2025,2025-05-01,PA,Morte no trânsito ou em decorrência dele (exceto homicídio doloso),106.0,0.0,15.0,90.0,1.0,0.0,106.0,vitimas
2025,2025-05-01,PA,Morte por intervenção de Agente do Estado,64.0,0.0,2.0,62.0,0.0,0.0,64.0,vitimas
2025,2025-05-01,PA,Mortes a esclarecer (sem indício de crime),55.0,0.0,9.0,44.0,2.0,0.0,55.0,vitimas
2025,2025-05-01,PA,Mortes no trânsito,15.0,0.0,1.0,14.0,0.0,0.0,15.0,vitimas
2025,2025-05-01,PA,Pessoa Desaparecida,76.0,0.0,22.0,54.0,0.0,0.0,76.0,vitimas
2025,2025-05-01,PA,Pessoa Localizada,82.0,0.0,26.0,56.0,0.0,0.0,82.0,vitimas
2025,2025-05-01,PA,Realização de vistorias,0.0,6520.0,0.0,0.0,0.0,0.0,6520.0,ocorrencias
2025,2025-05-01,PA,Roubo a instituição financeira,0.0,0.0,0.0,0.0,0.0,0.0,0.0,ocorrencias
2025,2025-05-01,PA,Roubo de carga,0.0,9.0,0.0,0.0,0.0,0.0,9.0,ocorrencias
2025,2025-05-01,PA,Roubo de veículo,0.0,100.0,0.0,0.0,0.0,0.0,100.0,ocorrencias
2025,2025-05-01,PA,Roubo seguido de morte (latrocínio),9.0,0.0,2.0,7.0,0.0,0.0,9.0,vitimas
2025,2025-05-01,PA,Suicídio,56.0,0.0,19.0,37.0,0.0,0.0,56.0,vitimas
2025,2025-05-01,PA,Suicídio de Agente do Estado,0.0,0.0,0.0,0.0,0.0,0.0,0.0,vitimas
2025,2025-05-01,PA,Tentativa de feminicídio,18.0,0.0,18.0,0.0,0.0,0.0,18.0,vitimas
2025,2025-05-01,PA,Tentativa de homicídio,100.0,0.0,14.0,84.0,2.0,0.0,100.0,vitimas
2025,2025-05-01,PA,Tráfico de drogas,0.0,466.0,0.0,0.0,0.0,0.0,466.0,ocorrencias
2025,2025-05-01,PB,Apreensão de Cocaína,0.0,0.0,0.0,0.0,0.0,2809.0,2809.0,kg
2025,2025-05-01,PB,Apreensão de Maconha,0.0,0.0,0.0,0.0,0.0,1665.0,1665.0,kg
2025,2025-05-01,PB,Arma de Fogo Apreendida,0.0,241.0,0.0,0.0,0.0,0.0,241.0,ocorrencias
2025,2025-05-01,PB,Atendimento pré-hospitalar,0.0,629.0,0.0,0.0,0.0,0.0,629.0,ocorrencias
2025,2025-05-01,PB,Busca e salvamento,0.0,797.0,0.0,0.0,0.0,0.0,797.0,ocorrencias
2025,2025-05-01,PB,Combate a incêndios,0.0,336.0,0.0,0.0,0.0,0.0,336.0,ocorrencias
2025,2025-05-01,PB,Emissão de Alvarás de licença,0.0,2138.0,0.0,0.0,0.0,0.0,2138.0,ocorrencias
2025,2025-05-01,PB,Estupro,27.0,0.0,24.0,3.0,0.0,0.0,27.0,vitimas
2025,2025-05-01,PB,Estupro de vulnerável,112.0,0.0,95.0,17.0,0.0,0.0,112.0,vitimas
2025,2025-05-01,PB,Feminicídio,3.0,0.0,3.0,0.0,0.0,0.0,3.0,vitimas
2025,2025-05-01,PB,Furto de veículo,0.0,155.0,0.0,0.0,0.0,0.0,155.0,ocorrencias
2025,2025-05-01,PB,Homicídio doloso,80.0,0.0,3.0,77.0,0.0,0.0,80.0,vitimas
2025,2025-05-01,PB,Lesão corporal seguida de morte,0.0,0.0,0.0,0.0,0.0,0.0,0.0,vitimas
2025,2025-05-01,PB,Mandado de prisão cumprido,0.0,348.0,0.0,0.0,0.0,0.0,348.0,ocorrencias
2025,2025-05-01,PB,Morte de Agente do Estado,0.0,0.0,0.0,0.0,0.0,0.0,0.0,vitimas
2025,2025-05-01,PB,Morte no trânsito ou em decorrência dele (exceto homicídio doloso),82.0,0.0,13.0,69.0,0.0,0.0,82.0,vitimas
2025,2025-05-01,PB,Morte por intervenção de Agente do Estado,6.0,0.0,0.0,6.0,0.0,0.0,6.0,vitimas
2025,2025-05-01,PB,Mortes a esclarecer (sem indício de crime),3.0,0.0,0.0,3.0,0.0,0.0,3.0,vitimas
2025,2025-05-01,PB,Mortes no trânsito,17.0,0.0,2.0,15.0,0.0,0.0,17.0,vitimas
2025,2025-05-01,PB,Pessoa Desaparecida,74.0,0.0,20.0,54.0,0.0,0.0,74.0,vitimas
2025,2025-05-01,PB,Pessoa Localizada,67.0,0.0,20.0,47.0,0.0,0.0,67.0,vitimas
2025,2025-05-01,PB,Realização de vistorias,0.0,1333.0,0.0,0.0,0.0,0.0,1333.0,ocorrencias
2025,2025-05-01,PB,Roubo a instituição financeira,0.0,0.0,0.0,0.0,0.0,0.0,0.0,ocorrencias
2025,2025-05-01,PB,Roubo de carga,0.0,0.0,0.0,0.0,0.0,0.0,0.0,ocorrencias
2025,2025-05-01,PB,Roubo de veículo,0.0,336.0,0.0,0.0,0.0,0.0,336.0,ocorrencias
2025,2025-05-01,PB,Roubo seguido de morte (latrocínio),0.0,0.0,0.0,0.0,0.0,0.0,0.0,vitimas
2025,2025-05-01,PB,Suicídio,30.0,0.0,5.0,25.0,0.0,0.0,30.0,vitimas
2025,2025-05-01,PB,Suicídio de Agente do Estado,0.0,0.0,0.0,0.0,0.0,0.0,0.0,vitimas
2025,2025-05-01,PB,Tentativa de feminicídio,2.0,0.0,2.0,0.0,0.0,0.0,2.0,vitimas
2025,2025-05-01,PB,Tentativa de homicídio,58.0,0.0,5.0,53.0,0.0,0.0,58.0,vitimas
2025,2025-05-01,PB,Tráfico de drogas,0.0,216.0,0.0,0.0,0.0,0.0,216.0,ocorrencias
2025,2025-05-01,PE,Apreensão de Cocaína,0.0,0.0,0.0,0.0,0.0,86850.0,86850.0,kg
2025,2025-05-01,PE,Apreensão de Maconha,0.0,0.0,0.0,0.0,0.0,134852342.0,134852342.0,kg
2025,2025-05-01,PE,Arma de Fogo Apreendida,0.0,495.0,0.0,0.0,0.0,0.0,495.0,ocorrencias
2025,2025-05-01,PE,Atendimento pré-hospitalar,0.0,1482.0,0.0,0.0,0.0,0.0,1482.0,ocorrencias
2025,2025-05-01,PE,Busca e salvamento,0.0,467.0,0.0,0.0,0.0,0.0,467.0,ocorrencias
2025,2025-05-01,PE,Combate a incêndios,0.0,332.0,0.0,0.0,0.0,0.0,332.0,ocorrencias
2025,2025-05-01,PE,Emissão de Alvarás de licença,0.0,8388.0,0.0,0.0,0.0,0.0,8388.0,ocorrencias
2025,2025-05-01,PE,Estupro,59.0,0.0,54.0,5.0,0.0,0.0,59.0,vitimas
2025,2025-05-01,PE,Estupro de vulnerável,140.0,0.0,125.0,13.0,2.0,0.0,140.0,vitimas
2025,2025-05-01,PE,Feminicídio,6.0,0.0,6.0,0.0,0.0,0.0,6.0,vitimas
2025,2025-05-01,PE,Furto de veículo,0.0,578.0,0.0,0.0,0.0,0.0,578.0,ocorrencias
2025,2025-05-01,PE,Homicídio doloso,239.0,0.0,9.0,230.0,0.0,0.0,239.0,vitimas
2025,2025-05-01,PE,Lesão corporal seguida de morte,1.0,0.0,0.0,1.0,0.0,0.0,1.0,vitimas
2025,2025-05-01,PE,Mandado de prisão cumprido,0.0,786.0,0.0,0.0,0.0,0.0,786.0,ocorrencias
2025,2025-05-01,PE,Morte de Agente do Estado,0.0,0.0,0.0,0.0,0.0,0.0,0.0,vitimas
2025,2025-05-01,PE,Morte no trânsito ou em decorrência dele (exceto homicídio doloso),173.0,0.0,21.0,152.0,0.0,0.0,173.0,vitimas
2025,2025-05-01,PE,Morte por intervenção de Agente do Estado,7.0,0.0,0.0,7.0,0.0,0.0,7.0,vitimas
2025,2025-05-01,PE,Mortes a esclarecer (sem indício de crime),12.0,0.0,1.0,8.0,3.0,0.0,12.0,vitimas
2025,2025-05-01,PE,Mortes no trânsito,36.0,0.0,4.0,32.0,0.0,0.0,36.0,vitimas
2025,2025-05-01,PE,Pessoa Desaparecida,221.0,0.0,87.0,126.0,8.0,0.0,221.0,vitimas
2025,2025-05-01,PE,Pessoa Localizada,67.0,0.0,29.0,33.0,5.0,0.0,67.0,vitimas
2025,2025-05-01,PE,Realização de vistorias,0.0,4814.0,0.0,0.0,0.0,0.0,4814.0,ocorrencias
2025,2025-05-01,PE,Roubo a instituição financeira,0.0,0.0,0.0,0.0,0.0,0.0,0.0,ocorrencias
2025,2025-05-01,PE,Roubo de carga,0.0,29.0,0.0,0.0,0.0,0.0,29.0,ocorrencias
2025,2025-05-01,PE,Roubo de veículo,0.0,1026.0,0.0,0.0,0.0,0.0,1026.0,ocorrencias
2025,2025-05-01,PE,Roubo seguido de morte (latrocínio),4.0,0.0,0.0,4.0,0.0,0.0,4.0,vitimas
2025,2025-05-01,PE,Suicídio,51.0,0.0,16.0,35.0,0.0,0.0,51.0,vitimas
2025,2025-05-01,PE,Suicídio de Agente do Estado,0.0,0.0,0.0,0.0,0.0,0.0,0.0,vitimas
2025,2025-05-01,PE,Tentativa de feminicídio,14.0,0.0,14.0,0.0,0.0,0.0,14.0,vitimas
2025,2025-05-01,PE,Tentativa de homicídio,148.0,0.0,14.0,134.0,0.0,0.0,148.0,vitimas
2025,2025-05-01,PE,Tráfico de drogas,0.0,799.0,0.0,0.0,0.0,0.0,799.0,ocorrencias
2025,2025-05-01,PI,Apreensão de Cocaína,0.0,0.0,0.0,0.0,0.0,3522.0,3522.0,kg
2025,2025-05-01,PI,Apreensão de Maconha,0.0,0.0,0.0,0.0,0.0,422.0,422.0,kg
2025,2025-05-01,PI,Arma de Fogo Apreendida,0.0,204.0,0.0,0.0,0.0,0.0,204.0,ocorrencias
2025,2025-05-01,PI,Atendimento pré-hospitalar,0.0,138.0,0.0,0.0,0.0,0.0,138.0,ocorrencias
2025,2025-05-01,PI,Busca e salvamento,0.0,187.0,0.0,0.0,0.0,0.0,187.0,ocorrencias
2025,2025-05-01,PI,Combate a incêndios,0.0,198.0,0.0,0.0,0.0,0.0,198.0,ocorrencias
2025,2025-05-01,PI,Emissão de Alvarás de licença,0.0,539.0,0.0,0.0,0.0,0.0,539.0,ocorrencias
2025,2025-05-01,PI,Estupro,28.0,0.0,24.0,0.0,4.0,0.0,28.0,vitimas
2025,2025-05-01,PI,Estupro de vulnerável,121.0,0.0,103.0,11.0,7.0,0.0,121.0,vitimas
2025,2025-05-01,PI,Feminicídio,2.0,0.0,2.0,0.0,0.0,0.0,2.0,vitimas
2025,2025-05-01,PI,Furto de veículo,0.0,165.0,0.0,0.0,0.0,0.0,165.0,ocorrencias
2025,2025-05-01,PI,Homicídio doloso,41.0,0.0,1.0,40.0,0.0,0.0,41.0,vitimas
2025,2025-05-01,PI,Lesão corporal seguida de morte,3.0,0.0,0.0,3.0,0.0,0.0,3.0,vitimas
2025,2025-05-01,PI,Mandado de prisão cumprido,0.0,445.0,0.0,0.0,0.0,0.0,445.0,ocorrencias
2025,2025-05-01,PI,Morte de Agente do Estado,1.0,0.0,0.0,1.0,0.0,0.0,1.0,vitimas
2025,2025-05-01,PI,Morte no trânsito ou em decorrência dele (exceto homicídio doloso),20.0,0.0,5.0,15.0,0.0,0.0,20.0,vitimas
2025,2025-05-01,PI,Morte por intervenção de Agente do Estado,1.0,0.0,0.0,1.0,0.0,0.0,1.0,vitimas
2025,2025-05-01,PI,Mortes a esclarecer (sem indício de crime),0.0,0.0,0.0,0.0,0.0,0.0,0.0,vitimas
2025,2025-05-01,PI,Mortes no trânsito,11.0,0.0,1.0,10.0,0.0,0.0,11.0,vitimas
2025,2025-05-01,PI,Pessoa Desaparecida,71.0,0.0,18.0,53.0,0.0,0.0,71.0,vitimas
2025,2025-05-01,PI,Pessoa Localizada,35.0,0.0,8.0,27.0,0.0,0.0,35.0,vitimas
2025,2025-05-01,PI,Realização de vistorias,0.0,647.0,0.0,0.0,0.0,0.0,647.0,ocorrencias
2025,2025-05-01,PI,Roubo a instituição financeira,0.0,0.0,0.0,0.0,0.0,0.0,0.0,ocorrencias
2025,2025-05-01,PI,Roubo de carga,0.0,2.0,0.0,0.0,0.0,0.0,2.0,ocorrencias
2025,2025-05-01,PI,Roubo de veículo,0.0,305.0,0.0,0.0,0.0,0.0,305.0,ocorrencias
2025,2025-05-01,PI,Roubo seguido de morte (latrocínio),0.0,0.0,0.0,0.0,0.0,0.0,0.0,vitimas
2025,2025-05-01,PI,Suicídio,47.0,0.0,13.0,34.0,0.0,0.0,47.0,vitimas
2025,2025-05-01,PI,Suicídio de Agente do Estado,0.0,0.0,0.0,0.0,0.0,0.0,0.0,vitimas
2025,2025-05-01,PI,Tentativa de feminicídio,7.0,0.0,7.0,0.0,0.0,0.0,7.0,vitimas
2025,2025-05-01,PI,Tentativa de homicídio,42.0,0.0,6.0,36.0,0.0,0.0,42.0,vitimas
2025,2025-05-01,PI,Tráfico de drogas,0.0,215.0,0.0,0.0,0.0,0.0,215.0,ocorrencias
2025,2025-05-01,PR,Apreensão de Cocaína,0.0,0.0,0.0,0.0,0.0,739130.0,739130.0,kg
2025,2025-05-01,PR,Apreensão de Maconha,0.0,0.0,0.0,0.0,0.0,87287209.0,87287209.0,kg
2025,2025-05-01,PR,Arma de Fogo Apreendida,0.0,436.0,0.0,0.0,0.0,0.0,436.0,ocorrencias
2025,2025-05-01,PR,Atendimento pré-hospitalar,0.0,3292.0,0.0,0.0,0.0,0.0,3292.0,ocorrencias
2025,2025-05-01,PR,Busca e salvamento,0.0,852.0,0.0,0.0,0.0,0.0,852.0,ocorrencias
2025,2025-05-01,PR,Combate a incêndios,0.0,1170.0,0.0,0.0,0.0,0.0,1170.0,ocorrencias
2025,2025-05-01,PR,Emissão de Alvarás de licença,0.0,20714.0,0.0,0.0,0.0,0.0,20714.0,ocorrencias
2025,2025-05-01,PR,Estupro,130.0,0.0,121.0,9.0,0.0,0.0,130.0,vitimas
2025,2025-05-01,PR,Estupro de vulnerável,500.0,0.0,441.0,57.0,2.0,0.0,500.0,vitimas
2025,2025-05-01,PR,Feminicídio,6.0,0.0,6.0,0.0,0.0,0.0,6.0,vitimas
2025,2025-05-01,PR,Furto de veículo,0.0,752.0,0.0,0.0,0.0,0.0,752.0,ocorrencias
2025,2025-05-01,PR,Homicídio doloso,89.0,0.0,8.0,80.0,1.0,0.0,89.0,vitimas
2025,2025-05-01,PR,Lesão corporal seguida de morte,4.0,0.0,0.0,4.0,0.0,0.0,4.0,vitimas
2025,2025-05-01,PR,Mandado de prisão cumprido,0.0,3571.0,0.0,0.0,0.0,0.0,3571.0,ocorrencias
2025,2025-05-01,PR,Morte de Agente do Estado,0.0,0.0,0.0,0.0,0.0,0.0,0.0,vitimas
2025,2025-05-01,PR,Morte no trânsito ou em decorrência dele (exceto homicídio doloso),84.0,0.0,15.0,68.0,1.0,0.0,84.0,vitimas
2025,2025-05-01,PR,Morte por intervenção de Agente do Estado,42.0,0.0,1.0,41.0,0.0,0.0,42.0,vitimas
2025,2025-05-01,PR,Mortes a esclarecer (sem indício de crime),0.0,0.0,0.0,0.0,0.0,0.0,0.0,vitimas
2025,2025-05-01,PR,Mortes no trânsito,65.0,0.0,12.0,51.0,2.0,0.0,65.0,vitimas
2025,2025-05-01,PR,Pessoa Desaparecida,519.0,0.0,217.0,302.0,0.0,0.0,519.0,vitimas
2025,2025-05-01,PR,Pessoa Localizada,409.0,0.0,172.0,237.0,0.0,0.0,409.0,vitimas
2025,2025-05-01,PR,Realização de vistorias,0.0,5550.0,0.0,0.0,0.0,0.0,5550.0,ocorrencias
2025,2025-05-01,PR,Roubo a instituição financeira,0.0,0.0,0.0,0.0,0.0,0.0,0.0,ocorrencias
2025,2025-05-01,PR,Roubo de carga,0.0,6.0,0.0,0.0,0.0,0.0,6.0,ocorrencias
2025,2025-05-01,PR,Roubo de veículo,0.0,127.0,0.0,0.0,0.0,0.0,127.0,ocorrencias
2025,2025-05-01,PR,Roubo seguido de morte (latrocínio),2.0,0.0,0.0,2.0,0.0,0.0,2.0,vitimas
2025,2025-05-01,PR,Suicídio,60.0,0.0,14.0,46.0,0.0,0.0,60.0,vitimas
2025,2025-05-01,PR,Suicídio de Agente do Estado,0.0,0.0,0.0,0.0,0.0,0.0,0.0,vitimas
2025,2025-05-01,PR,Tentativa de feminicídio,14.0,0.0,14.0,0.0,0.0,0.0,14.0,vitimas
2025,2025-05-01,PR,Tentativa de homicídio,44.0,0.0,13.0,31.0,0.0,0.0,44.0,vitimas
2025,2025-05-01,PR,Tráfico de drogas,0.0,1288.0,0.0,0.0,0.0,0.0,1288.0,ocorrencias
2025,2025-05-01,RJ,Apreensão de Cocaína,0.0,0.0,0.0,0.0,0.0,308559.0,308559.0,kg
2025,2025-05-01,RJ,Apreensão de Maconha,0.0,0.0,0.0,0.0,0.0,156798.0,156798.0,kg
2025,2025-05-01,RJ,Arma de Fogo Apreendida,0.0,508.0,0.0,0.0,0.0,0.0,508.0,ocorrencias
2025,2025-05-01,RJ,Atendimento pré-hospitalar,0.0,11904.0,0.0,0.0,0.0,0.0,11904.0,ocorrencias
2025,2025-05-01,RJ,Busca e salvamento,0.0,10437.0,0.0,0.0,0.0,0.0,10437.0,ocorrencias
2025,2025-05-01,RJ,Combate a incêndios,0.0,2662.0,0.0,0.0,0.0,0.0,2662.0,ocorrencias
2025,2025-05-01,RJ,Emissão de Alvarás de licença,0.0,3825.0,0.0,0.0,0.0,0.0,3825.0,ocorrencias
2025,2025-05-01,RJ,Estupro,133.0,0.0,124.0,7.0,2.0,0.0,133.0,vitimas
2025,2025-05-01,RJ,Estupro de vulnerável,331.0,0.0,285.0,43.0,3.0,0.0,331.0,vitimas
2025,2025-05-01,RJ,Feminicídio,6.0,0.0,6.0,0.0,0.0,0.0,6.0,vitimas
2025,2025-05-01,RJ,Furto de veículo,0.0,1354.0,0.0,0.0,0.0,0.0,1354.0,ocorrencias
2025,2025-05-01,RJ,Homicídio doloso,299.0,0.0,23.0,253.0,23.0,0.0,299.0,vitimas
2025,2025-05-01,RJ,Lesão corporal seguida de morte,5.0,0.0,1.0,4.0,0.0,0.0,5.0,vitimas
2025,2025-05-01,RJ,Mandado de prisão cumprido,0.0,1045.0,0.0,0.0,0.0,0.0,1045.0,ocorrencias
2025,2025-05-01,RJ,Morte de Agente do Estado,4.0,0.0,1.0,3.0,0.0,0.0,4.0,vitimas
2025,2025-05-01,RJ,Morte no trânsito ou em decorrência dele (exceto homicídio doloso),179.0,0.0,34.0,138.0,7.0,0.0,179.0,vitimas
2025,2025-05-01,RJ,Morte por intervenção de Agente do Estado,44.0,0.0,1.0,42.0,1.0,0.0,44.0,vitimas
2025,2025-05-01,RJ,Mortes a esclarecer (sem indício de crime),253.0,0.0,77.0,173.0,3.0,0.0,253.0,vitimas
2025,2025-05-01,RJ,Mortes no trânsito,23.0,0.0,2.0,21.0,0.0,0.0,23.0,vitimas
2025,2025-05-01,RJ,Pessoa Desaparecida,496.0,0.0,168.0,327.0,1.0,0.0,496.0,vitimas
2025,2025-05-01,RJ,Pessoa Localizada,206.0,0.0,1.0,6.0,199.0,0.0,206.0,vitimas
2025,2025-05-01,RJ,Realização de vistorias,0.0,896.0,0.0,0.0,0.0,0.0,896.0,ocorrencias
2025,2025-05-01,RJ,Roubo a instituição financeira,0.0,4.0,0.0,0.0,0.0,0.0,4.0,ocorrencias
2025,2025-05-01,RJ,Roubo de carga,0.0,309.0,0.0,0.0,0.0,0.0,309.0,ocorrencias
2025,2025-05-01,RJ,Roubo de veículo,0.0,1688.0,0.0,0.0,0.0,0.0,1688.0,ocorrencias
2025,2025-05-01,RJ,Roubo seguido de morte (latrocínio),4.0,0.0,0.0,4.0,0.0,0.0,4.0,vitimas
2025,2025-05-01,RJ,Suicídio,57.0,0.0,17.0,40.0,0.0,0.0,57.0,vitimas
2025,2025-05-01,RJ,Suicídio de Agente do Estado,1.0,0.0,0.0,1.0,0.0,0.0,1.0,vitimas
2025,2025-05-01,RJ,Tentativa de feminicídio,25.0,0.0,25.0,0.0,0.0,0.0,25.0,vitimas
2025,2025-05-01,RJ,Tentativa de homicídio,252.0,0.0,33.0,209.0,10.0,0.0,252.0,vitimas
2025,2025-05-01,RJ,Tráfico de drogas,0.0,1829.0,0.0,0.0,0.0,0.0,1829.0,ocorrencias
2025,2025-05-01,RN,Apreensão de Cocaína,0.0,0.0,0.0,0.0,0.0,13598.0,13598.0,kg
2025,2025-05-01,RN,Apreensão de Maconha,0.0,0.0,0.0,0.0,0.0,3349.0,3349.0,kg
2025,2025-05-01,RN,Arma de Fogo Apreendida,0.0,181.0,0.0,0.0,0.0,0.0,181.0,ocorrencias
2025,2025-05-01,RN,Atendimento pré-hospitalar,0.0,250.0,0.0,0.0,0.0,0.0,250.0,ocorrencias
2025,2025-05-01,RN,Busca e salvamento,0.0,573.0,0.0,0.0,0.0,0.0,573.0,ocorrencias
2025,2025-05-01,RN,Combate a incêndios,0.0,178.0,0.0,0.0,0.0,0.0,178.0,ocorrencias
2025,2025-05-01,RN,Emissão de Alvarás de licença,0.0,479.0,0.0,0.0,0.0,0.0,479.0,ocorrencias
2025,2025-05-01,RN,Estupro,29.0,0.0,27.0,1.0,1.0,0.0,29.0,vitimas
2025,2025-05-01,RN,Estupro de vulnerável,104.0,0.0,88.0,12.0,4.0,0.0,104.0,vitimas
2025,2025-05-01,RN,Feminicídio,1.0,0.0,1.0,0.0,0.0,0.0,1.0,vitimas
2025,2025-05-01,RN,Furto de veículo,0.0,123.0,0.0,0.0,0.0,0.0,123.0,ocorrencias
2025,2025-05-01,RN,Homicídio doloso,71.0,0.0,4.0,67.0,0.0,0.0,71.0,vitimas
2025,2025-05-01,RN,Lesão corporal seguida de morte,0.0,0.0,0.0,0.0,0.0,0.0,0.0,vitimas
2025,2025-05-01,RN,Mandado de prisão cumprido,0.0,372.0,0.0,0.0,0.0,0.0,372.0,ocorrencias
2025,2025-05-01,RN,Morte de Agente do Estado,0.0,0.0,0.0,0.0,0.0,0.0,0.0,vitimas
2025,2025-05-01,RN,Morte no trânsito ou em decorrência dele (exceto homicídio doloso),54.0,0.0,5.0,48.0,1.0,0.0,54.0,vitimas
2025,2025-05-01,RN,Morte por intervenção de Agente do Estado,10.0,0.0,0.0,10.0,0.0,0.0,10.0,vitimas
2025,2025-05-01,RN,Mortes a esclarecer (sem indício de crime),53.0,0.0,18.0,33.0,2.0,0.0,53.0,vitimas
2025,2025-05-01,RN,Mortes no trânsito,13.0,0.0,3.0,10.0,0.0,0.0,13.0,vitimas
2025,2025-05-01,RN,Pessoa Desaparecida,72.0,0.0,26.0,45.0,1.0,0.0,72.0,vitimas
2025,2025-05-01,RN,Pessoa Localizada,35.0,0.0,14.0,21.0,0.0,0.0,35.0,vitimas
2025,2025-05-01,RN,Realização de vistorias,0.0,509.0,0.0,0.0,0.0,0.0,509.0,ocorrencias
2025,2025-05-01,RN,Roubo a instituição financeira,0.0,1.0,0.0,0.0,0.0,0.0,1.0,ocorrencias
2025,2025-05-01,RN,Roubo de carga,0.0,2.0,0.0,0.0,0.0,0.0,2.0,ocorrencias
2025,2025-05-01,RN,Roubo de veículo,0.0,124.0,0.0,0.0,0.0,0.0,124.0,ocorrencias
2025,2025-05-01,RN,Roubo seguido de morte (latrocínio),2.0,0.0,0.0,2.0,0.0,0.0,2.0,vitimas
2025,2025-05-01,RN,Suicídio,22.0,0.0,5.0,17.0,0.0,0.0,22.0,vitimas
2025,2025-05-01,RN,Suicídio de Agente do Estado,0.0,0.0,0.0,0.0,0.0,0.0,0.0,vitimas
2025,2025-05-01,RN,Tentativa de feminicídio,7.0,0.0,7.0,0.0,0.0,0.0,7.0,vitimas
2025,2025-05-01,RN,Tentativa de homicídio,45.0,0.0,2.0,41.0,2.0,0.0,45.0,vitimas
2025,2025-05-01,RN,Tráfico de drogas,0.0,257.0,0.0,0.0,0.0,0.0,257.0,ocorrencias
2025,2025-05-01,RO,Apreensão de Cocaína,0.0,0.0,0.0,0.0,0.0,82374.0,82374.0,kg
2025,2025-05-01,RO,Apreensão de Maconha,0.0,0.0,0.0,0.0,0.0,325582.0,325582.0,kg
2025,2025-05-01,RO,Arma de Fogo Apreendida,0.0,259.0,0.0,0.0,0.0,0.0,259.0,ocorrencias
2025,2025-05-01,RO,Atendimento pré-hospitalar,0.0,1639.0,0.0,0.0,0.0,0.0,1639.0,ocorrencias
2025,2025-05-01,RO,Busca e salvamento,0.0,268.0,0.0,0.0,0.0,0.0,268.0,ocorrencias
2025,2025-05-01,RO,Combate a incêndios,0.0,117.0,0.0,0.0,0.0,0.0,117.0,ocorrencias
2025,2025-05-01,RO,Emissão de Alvarás de licença,0.0,2547.0,0.0,0.0,0.0,0.0,2547.0,ocorrencias
2025,2025-05-01,RO,Estupro,29.0,0.0,24.0,4.0,1.0,0.0,29.0,vitimas
2025,2025-05-01,RO,Estupro de vulnerável,113.0,0.0,92.0,10.0,11.0,0.0,113.0,vitimas
2025,2025-05-01,RO,Feminicídio,0.0,0.0,0.0,0.0,0.0,0.0,0.0,vitimas
2025,2025-05-01,RO,Furto de veículo,0.0,148.0,0.0,0.0,0.0,0.0,148.0,ocorrencias
2025,2025-05-01,RO,Homicídio doloso,31.0,0.0,2.0,29.0,0.0,0.0,31.0,vitimas
2025,2025-05-01,RO,Lesão corporal seguida de morte,0.0,0.0,0.0,0.0,0.0,0.0,0.0,vitimas
2025,2025-05-01,RO,Mandado de prisão cumprido,0.0,357.0,0.0,0.0,0.0,0.0,357.0,ocorrencias
2025,2025-05-01,RO,Morte de Agente do Estado,0.0,0.0,0.0,0.0,0.0,0.0,0.0,vitimas
2025,2025-05-01,RO,Morte no trânsito ou em decorrência dele (exceto homicídio doloso),38.0,0.0,9.0,29.0,0.0,0.0,38.0,vitimas
2025,2025-05-01,RO,Morte por intervenção de Agente do Estado,0.0,0.0,0.0,0.0,0.0,0.0,0.0,vitimas
2025,2025-05-01,RO,Mortes a esclarecer (sem indício de crime),38.0,0.0,6.0,31.0,1.0,0.0,38.0,vitimas
2025,2025-05-01,RO,Mortes no trânsito,14.0,0.0,1.0,13.0,0.0,0.0,14.0,vitimas
2025,2025-05-01,RO,Pessoa Desaparecida,92.0,0.0,43.0,48.0,1.0,0.0,92.0,vitimas
2025,2025-05-01,RO,Pessoa Localizada,5.0,0.0,3.0,2.0,0.0,0.0,5.0,vitimas
2025,2025-05-01,RO,Realização de vistorias,0.0,2060.0,0.0,0.0,0.0,0.0,2060.0,ocorrencias
2025,2025-05-01,RO,Roubo a instituição financeira,0.0,0.0,0.0,0.0,0.0,0.0,0.0,ocorrencias
2025,2025-05-01,RO,Roubo de carga,0.0,0.0,0.0,0.0,0.0,0.0,0.0,ocorrencias
2025,2025-05-01,RO,Roubo de veículo,0.0,34.0,0.0,0.0,0.0,0.0,34.0,ocorrencias
2025,2025-05-01,RO,Roubo seguido de morte (latrocínio),1.0,0.0,0.0,1.0,0.0,0.0,1.0,vitimas
2025,2025-05-01,RO,Suicídio,13.0,0.0,2.0,11.0,0.0,0.0,13.0,vitimas
2025,2025-05-01,RO,Suicídio de Agente do Estado,0.0,0.0,0.0,0.0,0.0,0.0,0.0,vitimas
2025,2025-05-01,RO,Tentativa de feminicídio,3.0,0.0,3.0,0.0,0.0,0.0,3.0,vitimas
2025,2025-05-01,RO,Tentativa de homicídio,42.0,0.0,9.0,32.0,1.0,0.0,42.0,vitimas
2025,2025-05-01,RO,Tráfico de drogas,0.0,111.0,0.0,0.0,0.0,0.0,111.0,ocorrencias
2025,2025-05-01,RR,Apreensão de Cocaína,0.0,0.0,0.0,0.0,0.0,3592.0,3592.0,kg
2025,2025-05-01,RR,Apreensão de Maconha,0.0,0.0,0.0,0.0,0.0,7297.0,7297.0,kg
2025,2025-05-01,RR,Arma de Fogo Apreendida,0.0,36.0,0.0,0.0,0.0,0.0,36.0,ocorrencias
2025,2025-05-01,RR,Atendimento pré-hospitalar,0.0,101.0,0.0,0.0,0.0,0.0,101.0,ocorrencias
2025,2025-05-01,RR,Busca e salvamento,0.0,226.0,0.0,0.0,0.0,0.0,226.0,ocorrencias
2025,2025-05-01,RR,Combate a incêndios,0.0,16.0,0.0,0.0,0.0,0.0,16.0,ocorrencias
2025,2025-05-01,RR,Emissão de Alvarás de licença,0.0,74.0,0.0,0.0,0.0,0.0,74.0,ocorrencias
2025,2025-05-01,RR,Estupro,16.0,0.0,14.0,2.0,0.0,0.0,16.0,vitimas
2025,2025-05-01,RR,Estupro de vulnerável,52.0,0.0,42.0,6.0,4.0,0.0,52.0,vitimas
2025,2025-05-01,RR,Feminicídio,2.0,0.0,2.0,0.0,0.0,0.0,2.0,vitimas
2025,2025-05-01,RR,Furto de veículo,0.0,66.0,0.0,0.0,0.0,0.0,66.0,ocorrencias
2025,2025-05-01,RR,Homicídio doloso,10.0,0.0,0.0,9.0,1.0,0.0,10.0,vitimas
2025,2025-05-01,RR,Lesão corporal seguida de morte,0.0,0.0,0.0,0.0,0.0,0.0,0.0,vitimas
2025,2025-05-01,RR,Mandado de prisão cumprido,0.0,164.0,0.0,0.0,0.0,0.0,164.0,ocorrencias
2025,2025-05-01,RR,Morte de Agente do Estado,0.0,0.0,0.0,0.0,0.0,0.0,0.0,vitimas
2025,2025-05-01,RR,Morte no trânsito ou em decorrência dele (exceto homicídio doloso),3.0,0.0,1.0,2.0,0.0,0.0,3.0,vitimas
2025,2025-05-01,RR,Morte por intervenção de Agente do Estado,0.0,0.0,0.0,0.0,0.0,0.0,0.0,vitimas
2025,2025-05-01,RR,Mortes a esclarecer (sem indício de crime),13.0,0.0,3.0,10.0,0.0,0.0,13.0,vitimas
2025,2025-05-01,RR,Mortes no trânsito,3.0,0.0,1.0,2.0,0.0,0.0,3.0,vitimas
2025,2025-05-01,RR,Pessoa Desaparecida,41.0,0.0,17.0,24.0,0.0,0.0,41.0,vitimas
2025,2025-05-01,RR,Pessoa Localizada,25.0,0.0,11.0,14.0,0.0,0.0,25.0,vitimas
2025,2025-05-01,RR,Realização de vistorias,0.0,50.0,0.0,0.0,0.0,0.0,50.0,ocorrencias
2025,2025-05-01,RR,Roubo a instituição financeira,0.0,0.0,0.0,0.0,0.0,0.0,0.0,ocorrencias
2025,2025-05-01,RR,Roubo de carga,0.0,0.0,0.0,0.0,0.0,0.0,0.0,ocorrencias
2025,2025-05-01,RR,Roubo de veículo,0.0,13.0,0.0,0.0,0.0,0.0,13.0,ocorrencias
2025,2025-05-01,RR,Roubo seguido de morte (latrocínio),1.0,0.0,0.0,1.0,0.0,0.0,1.0,vitimas
2025,2025-05-01,RR,Suicídio,5.0,0.0,1.0,4.0,0.0,0.0,5.0,vitimas
2025,2025-05-01,RR,Suicídio de Agente do Estado,0.0,0.0,0.0,0.0,0.0,0.0,0.0,vitimas
2025,2025-05-01,RR,Tentativa de feminicídio,2.0,0.0,2.0,0.0,0.0,0.0,2.0,vitimas
2025,2025-05-01,RR,Tentativa de homicídio,21.0,0.0,1.0,20.0,0.0,0.0,21.0,vitimas
2025,2025-05-01,RR,Tráfico de drogas,0.0,51.0,0.0,0.0,0.0,0.0,51.0,ocorrencias
2025,2025-05-01,RS,Apreensão de Cocaína,0.0,0.0,0.0,0.0,0.0,579425.0,579425.0,kg
2025,2025-05-01,RS,Apreensão de Maconha,0.0,0.0,0.0,0.0,0.0,8227799.0,8227799.0,kg
2025,2025-05-01,RS,Arma de Fogo Apreendida,0.0,824.0,0.0,0.0,0.0,0.0,824.0,ocorrencias
2025,2025-05-01,RS,Atendimento pré-hospitalar,0.0,2880.0,0.0,0.0,0.0,0.0,2880.0,ocorrencias
2025,2025-05-01,RS,Busca e salvamento,0.0,1045.0,0.0,0.0,0.0,0.0,1045.0,ocorrencias
2025,2025-05-01,RS,Combate a incêndios,0.0,1508.0,0.0,0.0,0.0,0.0,1508.0,ocorrencias
2025,2025-05-01,RS,Emissão de Alvarás de licença,0.0,3877.0,0.0,0.0,0.0,0.0,3877.0,ocorrencias
2025,2025-05-01,RS,Estupro,68.0,0.0,58.0,10.0,0.0,0.0,68.0,vitimas
2025,2025-05-01,RS,Estupro de vulnerável,367.0,0.0,305.0,62.0,0.0,0.0,367.0,vitimas
2025,2025-05-01,RS,Feminicídio,3.0,0.0,3.0,0.0,0.0,0.0,3.0,vitimas
2025,2025-05-01,RS,Furto de veículo,0.0,526.0,0.0,0.0,0.0,0.0,526.0,ocorrencias
2025,2025-05-01,RS,Homicídio doloso,86.0,0.0,10.0,76.0,0.0,0.0,86.0,vitimas
2025,2025-05-01,RS,Lesão corporal seguida de morte,6.0,0.0,1.0,5.0,0.0,0.0,6.0,vitimas
2025,2025-05-01,RS,Mandado de prisão cumprido,0.0,917.0,0.0,0.0,0.0,0.0,917.0,ocorrencias
2025,2025-05-01,RS,Morte de Agente do Estado,1.0,0.0,0.0,1.0,0.0,0.0,1.0,vitimas
2025,2025-05-01,RS,Morte no trânsito ou em decorrência dele (exceto homicídio doloso),115.0,0.0,27.0,88.0,0.0,0.0,115.0,vitimas
2025,2025-05-01,RS,Morte por intervenção de Agente do Estado,10.0,0.0,0.0,10.0,0.0,0.0,10.0,vitimas
2025,2025-05-01,RS,Mortes a esclarecer (sem indício de crime),91.0,0.0,22.0,69.0,0.0,0.0,91.0,vitimas
2025,2025-05-01,RS,Mortes no trânsito,16.0,0.0,6.0,10.0,0.0,0.0,16.0,vitimas
2025,2025-05-01,RS,Pessoa Desaparecida,657.0,0.0,238.0,419.0,0.0,0.0,657.0,vitimas
2025,2025-05-01,RS,Pessoa Localizada,662.0,0.0,244.0,418.0,0.0,0.0,662.0,vitimas
2025,2025-05-01,RS,Realização de vistorias,0.0,2478.0,0.0,0.0,0.0,0.0,2478.0,ocorrencias
2025,2025-05-01,RS,Roubo a instituição financeira,0.0,0.0,0.0,0.0,0.0,0.0,0.0,ocorrencias
2025,2025-05-01,RS,Roubo de carga,0.0,4.0,0.0,0.0,0.0,0.0,4.0,ocorrencias
2025,2025-05-01,RS,Roubo de veículo,0.0,197.0,0.0,0.0,0.0,0.0,197.0,ocorrencias
2025,2025-05-01,RS,Roubo seguido de morte (latrocínio),3.0,0.0,0.0,3.0,0.0,0.0,3.0,vitimas
2025,2025-05-01,RS,Suicídio,114.0,0.0,26.0,88.0,0.0,0.0,114.0,vitimas
2025,2025-05-01,RS,Suicídio de Agente do Estado,0.0,0.0,0.0,0.0,0.0,0.0,0.0,vitimas
2025,2025-05-01,RS,Tentativa de feminicídio,20.0,0.0,19.0,1.0,0.0,0.0,20.0,vitimas
2025,2025-05-01,RS,Tentativa de homicídio,171.0,0.0,36.0,135.0,0.0,0.0,171.0,vitimas
2025,2025-05-01,RS,Tráfico de drogas,0.0,1650.0,0.0,0.0,0.0,0.0,1650.0,ocorrencias
2025,2025-05-01,SC,Apreensão de Cocaína,0.0,0.0,0.0,0.0,0.0,49352.0,49352.0,kg
2025,2025-05-01,SC,Apreensão de Maconha,0.0,0.0,0.0,0.0,0.0,482391.0,482391.0,kg
2025,2025-05-01,SC,Arma de Fogo Apreendida,0.0,202.0,0.0,0.0,0.0,0.0,202.0,ocorrencias
2025,2025-05-01,SC,Atendimento pré-hospitalar,0.0,14113.0,0.0,0.0,0.0,0.0,14113.0,ocorrencias
2025,2025-05-01,SC,Busca e salvamento,0.0,1180.0,0.0,0.0,0.0,0.0,1180.0,ocorrencias
2025,2025-05-01,SC,Combate a incêndios,0.0,759.0,0.0,0.0,0.0,0.0,759.0,ocorrencias
2025,2025-05-01,SC,Emissão de Alvarás de licença,0.0,36748.0,0.0,0.0,0.0,0.0,36748.0,ocorrencias
2025,2025-05-01,SC,Estupro,84.0,0.0,78.0,6.0,0.0,0.0,84.0,vitimas
2025,2025-05-01,SC,Estupro de vulnerável,223.0,0.0,177.0,46.0,0.0,0.0,223.0,vitimas
2025,2025-05-01,SC,Feminicídio,4.0,0.0,4.0,0.0,0.0,0.0,4.0,vitimas
2025,2025-05-01,SC,Furto de veículo,0.0,513.0,0.0,0.0,0.0,0.0,513.0,ocorrencias
2025,2025-05-01,SC,Homicídio doloso,38.0,0.0,2.0,33.0,3.0,0.0,38.0,vitimas
2025,2025-05-01,SC,Lesão corporal seguida de morte,2.0,0.0,0.0,2.0,0.0,0.0,2.0,vitimas
2025,2025-05-01,SC,Mandado de prisão cumprido,0.0,1415.0,0.0,0.0,0.0,0.0,1415.0,ocorrencias
2025,2025-05-01,SC,Morte de Agente do Estado,0.0,0.0,0.0,0.0,0.0,0.0,0.0,vitimas
2025,2025-05-01,SC,Morte no trânsito ou em decorrência dele (exceto homicídio doloso),56.0,0.0,15.0,41.0,0.0,0.0,56.0,vitimas
2025,2025-05-01,SC,Morte por intervenção de Agente do Estado,7.0,0.0,0.0,7.0,0.0,0.0,7.0,vitimas
2025,2025-05-01,SC,Mortes a esclarecer (sem indício de crime),0.0,0.0,0.0,0.0,0.0,0.0,0.0,vitimas
2025,2025-05-01,SC,Mortes no trânsito,60.0,0.0,8.0,52.0,0.0,0.0,60.0,vitimas
2025,2025-05-01,SC,Pessoa Desaparecida,313.0,0.0,123.0,190.0,0.0,0.0,313.0,vitimas
2025,2025-05-01,SC,Pessoa Localizada,367.0,0.0,150.0,217.0,0.0,0.0,367.0,vitimas
2025,2025-05-01,SC,Realização de vistorias,0.0,6914.0,0.0,0.0,0.0,0.0,6914.0,ocorrencias
2025,2025-05-01,SC,Roubo a instituição financeira,0.0,0.0,0.0,0.0,0.0,0.0,0.0,ocorrencias
2025,2025-05-01,SC,Roubo de carga,0.0,1.0,0.0,0.0,0.0,0.0,1.0,ocorrencias
2025,2025-05-01,SC,Roubo de veículo,0.0,58.0,0.0,0.0,0.0,0.0,58.0,ocorrencias
2025,2025-05-01,SC,Roubo seguido de morte (latrocínio),1.0,0.0,0.0,1.0,0.0,0.0,1.0,vitimas
2025,2025-05-01,SC,Suicídio,62.0,0.0,11.0,51.0,0.0,0.0,62.0,vitimas
2025,2025-05-01,SC,Suicídio de Agente do Estado,0.0,0.0,0.0,0.0,0.0,0.0,0.0,vitimas
2025,2025-05-01,SC,Tentativa de feminicídio,15.0,0.0,15.0,0.0,0.0,0.0,15.0,vitimas
2025,2025-05-01,SC,Tentativa de homicídio,117.0,0.0,26.0,91.0,0.0,0.0,117.0,vitimas
2025,2025-05-01,SC,Tráfico de drogas,0.0,676.0,0.0,0.0,0.0,0.0,676.0,ocorrencias
2025,2025-05-01,SE,Apreensão de Cocaína,0.0,0.0,0.0,0.0,0.0,9054.0,9054.0,kg
2025,2025-05-01,SE,Apreensão de Maconha,0.0,0.0,0.0,0.0,0.0,25750.0,25750.0,kg
2025,2025-05-01,SE,Arma de Fogo Apreendida,0.0,98.0,0.0,0.0,0.0,0.0,98.0,ocorrencias
2025,2025-05-01,SE,Atendimento pré-hospitalar,0.0,24.0,0.0,0.0,0.0,0.0,24.0,ocorrencias
2025,2025-05-01,SE,Busca e salvamento,0.0,457.0,0.0,0.0,0.0,0.0,457.0,ocorrencias
2025,2025-05-01,SE,Combate a incêndios,0.0,96.0,0.0,0.0,0.0,0.0,96.0,ocorrencias
2025,2025-05-01,SE,Emissão de Alvarás de licença,0.0,1261.0,0.0,0.0,0.0,0.0,1261.0,ocorrencias
2025,2025-05-01,SE,Estupro,20.0,0.0,20.0,0.0,0.0,0.0,20.0,vitimas
2025,2025-05-01,SE,Estupro de vulnerável,84.0,0.0,67.0,10.0,7.0,0.0,84.0,vitimas
2025,2025-05-01,SE,Feminicídio,1.0,0.0,1.0,0.0,0.0,0.0,1.0,vitimas
2025,2025-05-01,SE,Furto de veículo,0.0,85.0,0.0,0.0,0.0,0.0,85.0,ocorrencias
2025,2025-05-01,SE,Homicídio doloso,20.0,0.0,0.0,20.0,0.0,0.0,20.0,vitimas
2025,2025-05-01,SE,Lesão corporal seguida de morte,0.0,0.0,0.0,0.0,0.0,0.0,0.0,vitimas
2025,2025-05-01,SE,Mandado de prisão cumprido,0.0,160.0,0.0,0.0,0.0,0.0,160.0,ocorrencias
2025,2025-05-01,SE,Morte de Agente do Estado,0.0,0.0,0.0,0.0,0.0,0.0,0.0,vitimas
2025,2025-05-01,SE,Morte no trânsito ou em decorrência dele (exceto homicídio doloso),18.0,0.0,3.0,15.0,0.0,0.0,18.0,vitimas
2025,2025-05-01,SE,Morte por intervenção de Agente do Estado,16.0,0.0,1.0,15.0,0.0,0.0,16.0,vitimas
2025,2025-05-01,SE,Mortes a esclarecer (sem indício de crime),32.0,0.0,8.0,24.0,0.0,0.0,32.0,vitimas
2025,2025-05-01,SE,Mortes no trânsito,2.0,0.0,0.0,2.0,0.0,0.0,2.0,vitimas
2025,2025-05-01,SE,Pessoa Desaparecida,60.0,0.0,16.0,44.0,0.0,0.0,60.0,vitimas
2025,2025-05-01,SE,Pessoa Localizada,56.0,0.0,16.0,40.0,0.0,0.0,56.0,vitimas
2025,2025-05-01,SE,Realização de vistorias,0.0,315.0,0.0,0.0,0.0,0.0,315.0,ocorrencias
2025,2025-05-01,SE,Roubo a instituição financeira,0.0,0.0,0.0,0.0,0.0,0.0,0.0,ocorrencias
2025,2025-05-01,SE,Roubo de carga,0.0,0.0,0.0,0.0,0.0,0.0,0.0,ocorrencias
2025,2025-05-01,SE,Roubo de veículo,0.0,30.0,0.0,0.0,0.0,0.0,30.0,ocorrencias
2025,2025-05-01,SE,Roubo seguido de morte (latrocínio),0.0,0.0,0.0,0.0,0.0,0.0,0.0,vitimas
2025,2025-05-01,SE,Suicídio,25.0,0.0,8.0,17.0,0.0,0.0,25.0,vitimas
2025,2025-05-01,SE,Suicídio de Agente do Estado,0.0,0.0,0.0,0.0,0.0,0.0,0.0,vitimas
2025,2025-05-01,SE,Tentativa de feminicídio,6.0,0.0,6.0,0.0,0.0,0.0,6.0,vitimas
2025,2025-05-01,SE,Tentativa de homicídio,60.0,0.0,5.0,55.0,0.0,0.0,60.0,vitimas
2025,2025-05-01,SE,Tráfico de drogas,0.0,122.0,0.0,0.0,0.0,0.0,122.0,ocorrencias
2025,2025-05-01,SP,Apreensão de Cocaína,0.0,0.0,0.0,0.0,0.0,5089975.0,5089975.0,kg
2025,2025-05-01,SP,Apreensão de Maconha,0.0,0.0,0.0,0.0,0.0,10977279.0,10977279.0,kg
2025,2025-05-01,SP,Arma de Fogo Apreendida,0.0,1546.0,0.0,0.0,0.0,0.0,1546.0,ocorrencias
2025,2025-05-01,SP,Atendimento pré-hospitalar,0.0,20041.0,0.0,0.0,0.0,0.0,20041.0,ocorrencias
2025,2025-05-01,SP,Busca e salvamento,0.0,4494.0,0.0,0.0,0.0,0.0,4494.0,ocorrencias
2025,2025-05-01,SP,Combate a incêndios,0.0,4457.0,0.0,0.0,0.0,0.0,4457.0,ocorrencias
2025,2025-05-01,SP,Emissão de Alvarás de licença,0.0,20427.0,0.0,0.0,0.0,0.0,20427.0,ocorrencias
2025,2025-05-01,SP,Estupro,284.0,0.0,260.0,24.0,0.0,0.0,284.0,vitimas
2025,2025-05-01,SP,Estupro de vulnerável,1016.0,0.0,852.0,163.0,1.0,0.0,1016.0,vitimas
2025,2025-05-01,SP,Feminicídio,26.0,0.0,25.0,1.0,0.0,0.0,26.0,vitimas
2025,2025-05-01,SP,Furto de veículo,0.0,7665.0,0.0,0.0,0.0,0.0,7665.0,ocorrencias
2025,2025-05-01,SP,Homicídio doloso,174.0,0.0,15.0,158.0,1.0,0.0,174.0,vitimas
2025,2025-05-01,SP,Lesão corporal seguida de morte,17.0,0.0,1.0,16.0,0.0,0.0,17.0,vitimas
2025,2025-05-01,SP,Mandado de prisão cumprido,0.0,7194.0,0.0,0.0,0.0,0.0,7194.0,ocorrencias
2025,2025-05-01,SP,Morte de Agente do Estado,2.0,0.0,0.0,2.0,0.0,0.0,2.0,vitimas
2025,2025-05-01,SP,Morte no trânsito ou em decorrência dele (exceto homicídio doloso),418.0,0.0,112.0,303.0,3.0,0.0,418.0,vitimas
2025,2025-05-01,SP,Morte por intervenção de Agente do Estado,66.0,0.0,1.0,65.0,0.0,0.0,66.0,vitimas
2025,2025-05-01,SP,Mortes a esclarecer (sem indício de crime),236.0,0.0,44.0,184.0,8.0,0.0,236.0,vitimas
2025,2025-05-01,SP,Mortes no trânsito,23.0,0.0,2.0,20.0,1.0,0.0,23.0,vitimas
2025,2025-05-01,SP,Pessoa Desaparecida,1674.0,0.0,600.0,1073.0,1.0,0.0,1674.0,vitimas
2025,2025-05-01,SP,Pessoa Localizada,1296.0,0.0,456.0,836.0,4.0,0.0,1296.0,vitimas
2025,2025-05-01,SP,Realização de vistorias,0.0,9724.0,0.0,0.0,0.0,0.0,9724.0,ocorrencias
2025,2025-05-01,SP,Roubo a instituição financeira,0.0,0.0,0.0,0.0,0.0,0.0,0.0,ocorrencias
2025,2025-05-01,SP,Roubo de carga,0.0,308.0,0.0,0.0,0.0,0.0,308.0,ocorrencias
2025,2025-05-01,SP,Roubo de veículo,0.0,2200.0,0.0,0.0,0.0,0.0,2200.0,ocorrencias
2025,2025-05-01,SP,Roubo seguido de morte (latrocínio),7.0,0.0,0.0,7.0,0.0,0.0,7.0,vitimas
2025,2025-05-01,SP,Suicídio,272.0,0.0,63.0,208.0,1.0,0.0,272.0,vitimas
2025,2025-05-01,SP,Suicídio de Agente do Estado,1.0,0.0,1.0,0.0,0.0,0.0,1.0,vitimas
2025,2025-05-01,SP,Tentativa de feminicídio,67.0,0.0,67.0,0.0,0.0,0.0,67.0,vitimas
2025,2025-05-01,SP,Tentativa de homicídio,348.0,0.0,46.0,298.0,4.0,0.0,348.0,vitimas
2025,2025-05-01,SP,Tráfico de drogas,0.0,4026.0,0.0,0.0,0.0,0.0,4026.0,ocorrencias
2025,2025-05-01,TO,Apreensão de Cocaína,0.0,0.0,0.0,0.0,0.0,1427.0,1427.0,kg
2025,2025-05-01,TO,Apreensão de Maconha,0.0,0.0,0.0,0.0,0.0,2906.0,2906.0,kg
2025,2025-05-01,TO,Arma de Fogo Apreendida,0.0,87.0,0.0,0.0,0.0,0.0,87.0,ocorrencias
2025,2025-05-01,TO,Atendimento pré-hospitalar,0.0,991.0,0.0,0.0,0.0,0.0,991.0,ocorrencias
2025,2025-05-01,TO,Busca e salvamento,0.0,306.0,0.0,0.0,0.0,0.0,306.0,ocorrencias
2025,2025-05-01,TO,Combate a incêndios,0.0,145.0,0.0,0.0,0.0,0.0,145.0,ocorrencias
2025,2025-05-01,TO,Emissão de Alvarás de licença,0.0,1647.0,0.0,0.0,0.0,0.0,1647.0,ocorrencias
2025,2025-05-01,TO,Estupro,17.0,0.0,15.0,1.0,1.0,0.0,17.0,vitimas
2025,2025-05-01,TO,Estupro de vulnerável,66.0,0.0,57.0,7.0,2.0,0.0,66.0,vitimas
2025,2025-05-01,TO,Feminicídio,0.0,0.0,0.0,0.0,0.0,0.0,0.0,vitimas
2025,2025-05-01,TO,Furto de veículo,0.0,88.0,0.0,0.0,0.0,0.0,88.0,ocorrencias
2025,2025-05-01,TO,Homicídio doloso,14.0,0.0,2.0,11.0,1.0,0.0,14.0,vitimas
2025,2025-05-01,TO,Lesão corporal seguida de morte,0.0,0.0,0.0,0.0,0.0,0.0,0.0,vitimas
2025,2025-05-01,TO,Mandado de prisão cumprido,0.0,210.0,0.0,0.0,0.0,0.0,210.0,ocorrencias
2025,2025-05-01,TO,Morte de Agente do Estado,0.0,0.0,0.0,0.0,0.0,0.0,0.0,vitimas
2025,2025-05-01,TO,Morte no trânsito ou em decorrência dele (exceto homicídio doloso),51.0,0.0,9.0,42.0,0.0,0.0,51.0,vitimas
2025,2025-05-01,TO,Morte por intervenção de Agente do Estado,3.0,0.0,0.0,2.0,1.0,0.0,3.0,vitimas
2025,2025-05-01,TO,Mortes a esclarecer (sem indício de crime),30.0,0.0,11.0,18.0,1.0,0.0,30.0,vitimas
2025,2025-05-01,TO,Mortes no trânsito,8.0,0.0,1.0,7.0,0.0,0.0,8.0,vitimas
2025,2025-05-01,TO,Pessoa Desaparecida,57.0,0.0,17.0,40.0,0.0,0.0,57.0,vitimas
2025,2025-05-01,TO,Pessoa Localizada,25.0,0.0,10.0,15.0,0.0,0.0,25.0,vitimas
2025,2025-05-01,TO,Realização de vistorias,0.0,385.0,0.0,0.0,0.0,0.0,385.0,ocorrencias
2025,2025-05-01,TO,Roubo a instituição financeira,0.0,0.0,0.0,0.0,0.0,0.0,0.0,ocorrencias
2025,2025-05-01,TO,Roubo de carga,0.0,0.0,0.0,0.0,0.0,0.0,0.0,ocorrencias
2025,2025-05-01,TO,Roubo de veículo,0.0,29.0,0.0,0.0,0.0,0.0,29.0,ocorrencias
2025,2025-05-01,TO,Roubo seguido de morte (latrocínio),1.0,0.0,1.0,0.0,0.0,0.0,1.0,vitimas
2025,2025-05-01,TO,Suicídio,17.0,0.0,9.0,8.0,0.0,0.0,17.0,vitimas
2025,2025-05-01,TO,Suicídio de Agente do Estado,0.0,0.0,0.0,0.0,0.0,0.0,0.0,vitimas
2025,2025-05-01,TO,Tentativa de feminicídio,3.0,0.0,3.0,0.0,0.0,0.0,3.0,vitimas
2025,2025-05-01,TO,Tentativa de homicídio,46.0,0.0,8.0,37.0,1.0,0.0,46.0,vitimas
2025,2025-05-01,TO,Tráfico de drogas,0.0,101.0,0.0,0.0,0.0,0.0,101.0,ocorrencias
2025,2025-06-01,AC,Apreensão de Cocaína,0.0,0.0,0.0,0.0,0.0,18707.0,18707.0,kg
2025,2025-06-01,AC,Apreensão de Maconha,0.0,0.0,0.0,0.0,0.0,15426.0,15426.0,kg
2025,2025-06-01,AC,Arma de Fogo Apreendida,0.0,36.0,0.0,0.0,0.0,0.0,36.0,ocorrencias
2025,2025-06-01,AC,Atendimento pré-hospitalar,0.0,112.0,0.0,0.0,0.0,0.0,112.0,ocorrencias
2025,2025-06-01,AC,Busca e salvamento,0.0,291.0,0.0,0.0,0.0,0.0,291.0,ocorrencias
2025,2025-06-01,AC,Combate a incêndios,0.0,0.0,0.0,0.0,0.0,0.0,0.0,ocorrencias
2025,2025-06-01,AC,Emissão de Alvarás de licença,0.0,570.0,0.0,0.0,0.0,0.0,570.0,ocorrencias
2025,2025-06-01,AC,Estupro,6.0,0.0,6.0,0.0,0.0,0.0,6.0,vitimas
2025,2025-06-01,AC,Estupro de vulnerável,47.0,0.0,45.0,2.0,0.0,0.0,47.0,vitimas
2025,2025-06-01,AC,Feminicídio,2.0,0.0,2.0,0.0,0.0,0.0,2.0,vitimas
2025,2025-06-01,AC,Furto de veículo,0.0,48.0,0.0,0.0,0.0,0.0,48.0,ocorrencias
2025,2025-06-01,AC,Homicídio doloso,9.0,0.0,1.0,8.0,0.0,0.0,9.0,vitimas
2025,2025-06-01,AC,Lesão corporal seguida de morte,0.0,0.0,0.0,0.0,0.0,0.0,0.0,vitimas
2025,2025-06-01,AC,Mandado de prisão cumprido,0.0,155.0,0.0,0.0,0.0,0.0,155.0,ocorrencias
2025,2025-06-01,AC,Morte de Agente do Estado,0.0,0.0,0.0,0.0,0.0,0.0,0.0,vitimas
2025,2025-06-01,AC,Morte no trânsito ou em decorrência dele (exceto homicídio doloso),11.0,0.0,3.0,8.0,0.0,0.0,11.0,vitimas
2025,2025-06-01,AC,Morte por intervenção de Agente do Estado,1.0,0.0,1.0,0.0,0.0,0.0,1.0,vitimas
2025,2025-06-01,AC,Mortes a esclarecer (sem indício de crime),9.0,0.0,0.0,9.0,0.0,0.0,9.0,vitimas
2025,2025-06-01,AC,Mortes no trânsito,2.0,0.0,0.0,2.0,0.0,0.0,2.0,vitimas
2025,2025-06-01,AC,Pessoa Desaparecida,37.0,0.0,14.0,22.0,1.0,0.0,37.0,vitimas
2025,2025-06-01,AC,Pessoa Localizada,19.0,0.0,4.0,15.0,0.0,0.0,19.0,vitimas
2025,2025-06-01,AC,Realização de vistorias,0.0,745.0,0.0,0.0,0.0,0.0,745.0,ocorrencias
2025,2025-06-01,AC,Roubo a instituição financeira,0.0,0.0,0.0,0.0,0.0,0.0,0.0,ocorrencias
2025,2025-06-01,AC,Roubo de carga,0.0,0.0,0.0,0.0,0.0,0.0,0.0,ocorrencias
2025,2025-06-01,AC,Roubo de veículo,0.0,41.0,0.0,0.0,0.0,0.0,41.0,ocorrencias
2025,2025-06-01,AC,Roubo seguido de morte (latrocínio),0.0,0.0,0.0,0.0,0.0,0.0,0.0,vitimas
2025,2025-06-01,AC,Suicídio,10.0,0.0,4.0,6.0,0.0,0.0,10.0,vitimas
2025,2025-06-01,AC,Suicídio de Agente do Estado,0.0,0.0,0.0,0.0,0.0,0.0,0.0,vitimas
2025,2025-06-01,AC,Tentativa de feminicídio,8.0,0.0,8.0,0.0,0.0,0.0,8.0,vitimas
2025,2025-06-01,AC,Tentativa de homicídio,21.0,0.0,1.0,19.0,1.0,0.0,21.0,vitimas
2025,2025-06-01,AC,Tráfico de drogas,0.0,87.0,0.0,0.0,0.0,0.0,87.0,ocorrencias
2025,2025-06-01,AL,Apreensão de Cocaína,0.0,0.0,0.0,0.0,0.0,89.0,89.0,kg
2025,2025-06-01,AL,Apreensão de Maconha,0.0,0.0,0.0,0.0,0.0,68.0,68.0,kg
2025,2025-06-01,AL,Arma de Fogo Apreendida,0.0,154.0,0.0,0.0,0.0,0.0,154.0,ocorrencias
2025,2025-06-01,AL,Atendimento pré-hospitalar,0.0,517.0,0.0,0.0,0.0,0.0,517.0,ocorrencias
2025,2025-06-01,AL,Busca e salvamento,0.0,369.0,0.0,0.0,0.0,0.0,369.0,ocorrencias
2025,2025-06-01,AL,Combate a incêndios,0.0,73.0,0.0,0.0,0.0,0.0,73.0,ocorrencias
2025,2025-06-01,AL,Emissão de Alvarás de licença,0.0,720.0,0.0,0.0,0.0,0.0,720.0,ocorrencias
2025,2025-06-01,AL,Estupro,13.0,0.0,12.0,1.0,0.0,0.0,13.0,vitimas
2025,2025-06-01,AL,Estupro de vulnerável,50.0,0.0,44.0,5.0,1.0,0.0,50.0,vitimas
2025,2025-06-01,AL,Feminicídio,0.0,0.0,0.0,0.0,0.0,0.0,0.0,vitimas
2025,2025-06-01,AL,Furto de veículo,0.0,130.0,0.0,0.0,0.0,0.0,130.0,ocorrencias
2025,2025-06-01,AL,Homicídio doloso,74.0,0.0,3.0,71.0,0.0,0.0,74.0,vitimas
2025,2025-06-01,AL,Lesão corporal seguida de morte,2.0,0.0,0.0,2.0,0.0,0.0,2.0,vitimas
2025,2025-06-01,AL,Mandado de prisão cumprido,0.0,258.0,0.0,0.0,0.0,0.0,258.0,ocorrencias
2025,2025-06-01,AL,Morte de Agente do Estado,1.0,0.0,0.0,1.0,0.0,0.0,1.0,vitimas
2025,2025-06-01,AL,Morte no trânsito ou em decorrência dele (exceto homicídio doloso),25.0,0.0,6.0,15.0,4.0,0.0,25.0,vitimas
2025,2025-06-01,AL,Morte por intervenção de Agente do Estado,16.0,0.0,0.0,16.0,0.0,0.0,16.0,vitimas
2025,2025-06-01,AL,Mortes a esclarecer (sem indício de crime),71.0,0.0,18.0,43.0,10.0,0.0,71.0,vitimas
2025,2025-06-01,AL,Mortes no trânsito,7.0,0.0,1.0,6.0,0.0,0.0,7.0,vitimas
2025,2025-06-01,AL,Pessoa Desaparecida,51.0,0.0,19.0,32.0,0.0,0.0,51.0,vitimas
2025,2025-06-01,AL,Pessoa Localizada,32.0,0.0,14.0,18.0,0.0,0.0,32.0,vitimas
2025,2025-06-01,AL,Realização de vistorias,0.0,853.0,0.0,0.0,0.0,0.0,853.0,ocorrencias
2025,2025-06-01,AL,Roubo a instituição financeira,0.0,0.0,0.0,0.0,0.0,0.0,0.0,ocorrencias
2025,2025-06-01,AL,Roubo de carga,0.0,0.0,0.0,0.0,0.0,0.0,0.0,ocorrencias
2025,2025-06-01,AL,Roubo de veículo,0.0,93.0,0.0,0.0,0.0,0.0,93.0,ocorrencias
2025,2025-06-01,AL,Roubo seguido de morte (latrocínio),0.0,0.0,0.0,0.0,0.0,0.0,0.0,vitimas
2025,2025-06-01,AL,Suicídio,16.0,0.0,3.0,13.0,0.0,0.0,16.0,vitimas
2025,2025-06-01,AL,Suicídio de Agente do Estado,0.0,0.0,0.0,0.0,0.0,0.0,0.0,vitimas
2025,2025-06-01,AL,Tentativa de feminicídio,3.0,0.0,2.0,0.0,1.0,0.0,3.0,vitimas
2025,2025-06-01,AL,Tentativa de homicídio,49.0,0.0,3.0,42.0,4.0,0.0,49.0,vitimas
2025,2025-06-01,AL,Tráfico de drogas,0.0,98.0,0.0,0.0,0.0,0.0,98.0,ocorrencias
2025,2025-06-01,AM,Apreensão de Cocaína,0.0,0.0,0.0,0.0,0.0,2159852.0,2159852.0,kg
2025,2025-06-01,AM,Apreensão de Maconha,0.0,0.0,0.0,0.0,0.0,12498024.0,12498024.0,kg
2025,2025-06-01,AM,Arma de Fogo Apreendida,0.0,173.0,0.0,0.0,0.0,0.0,173.0,ocorrencias
2025,2025-06-01,AM,Atendimento pré-hospitalar,0.0,201.0,0.0,0.0,0.0,0.0,201.0,ocorrencias
2025,2025-06-01,AM,Busca e salvamento,0.0,13.0,0.0,0.0,0.0,0.0,13.0,ocorrencias
2025,2025-06-01,AM,Combate a incêndios,0.0,117.0,0.0,0.0,0.0,0.0,117.0,ocorrencias
2025,2025-06-01,AM,Emissão de Alvarás de licença,0.0,485.0,0.0,0.0,0.0,0.0,485.0,ocorrencias
2025,2025-06-01,AM,Estupro,43.0,0.0,40.0,3.0,0.0,0.0,43.0,vitimas
2025,2025-06-01,AM,Estupro de vulnerável,118.0,0.0,101.0,9.0,8.0,0.0,118.0,vitimas
2025,2025-06-01,AM,Feminicídio,2.0,0.0,2.0,0.0,0.0,0.0,2.0,vitimas
2025,2025-06-01,AM,Furto de veículo,0.0,132.0,0.0,0.0,0.0,0.0,132.0,ocorrencias
2025,2025-06-01,AM,Homicídio doloso,68.0,0.0,3.0,65.0,0.0,0.0,68.0,vitimas
2025,2025-06-01,AM,Lesão corporal seguida de morte,0.0,0.0,0.0,0.0,0.0,0.0,0.0,vitimas
2025,2025-06-01,AM,Mandado de prisão cumprido,0.0,320.0,0.0,0.0,0.0,0.0,320.0,ocorrencias
2025,2025-06-01,AM,Morte de Agente do Estado,1.0,0.0,0.0,1.0,0.0,0.0,1.0,vitimas
2025,2025-06-01,AM,Morte no trânsito ou em decorrência dele (exceto homicídio doloso),8.0,0.0,1.0,7.0,0.0,0.0,8.0,vitimas
2025,2025-06-01,AM,Morte por intervenção de Agente do Estado,4.0,0.0,0.0,4.0,0.0,0.0,4.0,vitimas
2025,2025-06-01,AM,Mortes a esclarecer (sem indício de crime),1.0,0.0,1.0,0.0,0.0,0.0,1.0,vitimas
2025,2025-06-01,AM,Mortes no trânsito,0.0,0.0,0.0,0.0,0.0,0.0,0.0,vitimas
2025,2025-06-01,AM,Pessoa Desaparecida,84.0,0.0,35.0,49.0,0.0,0.0,84.0,vitimas
2025,2025-06-01,AM,Pessoa Localizada,65.0,0.0,32.0,33.0,0.0,0.0,65.0,vitimas
2025,2025-06-01,AM,Realização de vistorias,0.0,515.0,0.0,0.0,0.0,0.0,515.0,ocorrencias
2025,2025-06-01,AM,Roubo a instituição financeira,0.0,0.0,0.0,0.0,0.0,0.0,0.0,ocorrencias
2025,2025-06-01,AM,Roubo de carga,0.0,1.0,0.0,0.0,0.0,0.0,1.0,ocorrencias
2025,2025-06-01,AM,Roubo de veículo,0.0,46.0,0.0,0.0,0.0,0.0,46.0,ocorrencias
2025,2025-06-01,AM,Roubo seguido de morte (latrocínio),0.0,0.0,0.0,0.0,0.0,0.0,0.0,vitimas
2025,2025-06-01,AM,Suicídio,21.0,0.0,2.0,19.0,0.0,0.0,21.0,vitimas
2025,2025-06-01,AM,Suicídio de Agente do Estado,1.0,0.0,0.0,1.0,0.0,0.0,1.0,vitimas
2025,2025-06-01,AM,Tentativa de feminicídio,8.0,0.0,8.0,0.0,0.0,0.0,8.0,vitimas
2025,2025-06-01,AM,Tentativa de homicídio,56.0,0.0,8.0,47.0,1.0,0.0,56.0,vitimas
2025,2025-06-01,AM,Tráfico de drogas,0.0,250.0,0.0,0.0,0.0,0.0,250.0,ocorrencias
2025,2025-06-01,AP,Apreensão de Cocaína,0.0,0.0,0.0,0.0,0.0,36413.0,36413.0,kg
2025,2025-06-01,AP,Apreensão de Maconha,0.0,0.0,0.0,0.0,0.0,690.0,690.0,kg
2025,2025-06-01,AP,Arma de Fogo Apreendida,0.0,29.0,0.0,0.0,0.0,0.0,29.0,ocorrencias
2025,2025-06-01,AP,Atendimento pré-hospitalar,0.0,710.0,0.0,0.0,0.0,0.0,710.0,ocorrencias
2025,2025-06-01,AP,Busca e salvamento,0.0,275.0,0.0,0.0,0.0,0.0,275.0,ocorrencias
2025,2025-06-01,AP,Combate a incêndios,0.0,75.0,0.0,0.0,0.0,0.0,75.0,ocorrencias
2025,2025-06-01,AP,Emissão de Alvarás de licença,0.0,493.0,0.0,0.0,0.0,0.0,493.0,ocorrencias
2025,2025-06-01,AP,Estupro,20.0,0.0,19.0,1.0,0.0,0.0,20.0,vitimas
2025,2025-06-01,AP,Estupro de vulnerável,39.0,0.0,35.0,3.0,1.0,0.0,39.0,vitimas
2025,2025-06-01,AP,Feminicídio,2.0,0.0,2.0,0.0,0.0,0.0,2.0,vitimas
2025,2025-06-01,AP,Furto de veículo,0.0,38.0,0.0,0.0,0.0,0.0,38.0,ocorrencias
2025,2025-06-01,AP,Homicídio doloso,7.0,0.0,0.0,7.0,0.0,0.0,7.0,vitimas
2025,2025-06-01,AP,Lesão corporal seguida de morte,0.0,0.0,0.0,0.0,0.0,0.0,0.0,vitimas
2025,2025-06-01,AP,Mandado de prisão cumprido,0.0,125.0,0.0,0.0,0.0,0.0,125.0,ocorrencias
2025,2025-06-01,AP,Morte de Agente do Estado,0.0,0.0,0.0,0.0,0.0,0.0,0.0,vitimas
2025,2025-06-01,AP,Morte no trânsito ou em decorrência dele (exceto homicídio doloso),2.0,0.0,0.0,2.0,0.0,0.0,2.0,vitimas
2025,2025-06-01,AP,Morte por intervenção de Agente do Estado,8.0,0.0,0.0,8.0,0.0,0.0,8.0,vitimas
2025,2025-06-01,AP,Mortes a esclarecer (sem indício de crime),0.0,0.0,0.0,0.0,0.0,0.0,0.0,vitimas
2025,2025-06-01,AP,Mortes no trânsito,0.0,0.0,0.0,0.0,0.0,0.0,0.0,vitimas
2025,2025-06-01,AP,Pessoa Desaparecida,33.0,0.0,11.0,22.0,0.0,0.0,33.0,vitimas
2025,2025-06-01,AP,Pessoa Localizada,30.0,0.0,10.0,20.0,0.0,0.0,30.0,vitimas
2025,2025-06-01,AP,Realização de vistorias,0.0,1156.0,0.0,0.0,0.0,0.0,1156.0,ocorrencias
2025,2025-06-01,AP,Roubo a instituição financeira,0.0,0.0,0.0,0.0,0.0,0.0,0.0,ocorrencias
2025,2025-06-01,AP,Roubo de carga,0.0,0.0,0.0,0.0,0.0,0.0,0.0,ocorrencias
2025,2025-06-01,AP,Roubo de veículo,0.0,4.0,0.0,0.0,0.0,0.0,4.0,ocorrencias
2025,2025-06-01,AP,Roubo seguido de morte (latrocínio),1.0,0.0,0.0,1.0,0.0,0.0,1.0,vitimas
2025,2025-06-01,AP,Suicídio,13.0,0.0,2.0,11.0,0.0,0.0,13.0,vitimas
2025,2025-06-01,AP,Suicídio de Agente do Estado,0.0,0.0,0.0,0.0,0.0,0.0,0.0,vitimas
2025,2025-06-01,AP,Tentativa de feminicídio,6.0,0.0,6.0,0.0,0.0,0.0,6.0,vitimas
2025,2025-06-01,AP,Tentativa de homicídio,10.0,0.0,3.0,7.0,0.0,0.0,10.0,vitimas
2025,2025-06-01,AP,Tráfico de drogas,0.0,92.0,0.0,0.0,0.0,0.0,92.0,ocorrencias
2025,2025-06-01,BA,Apreensão de Cocaína,0.0,0.0,0.0,0.0,0.0,114580.0,114580.0,kg
2025,2025-06-01,BA,Apreensão de Maconha,0.0,0.0,0.0,0.0,0.0,5039488.0,5039488.0,kg
2025,2025-06-01,BA,Arma de Fogo Apreendida,0.0,567.0,0.0,0.0,0.0,0.0,567.0,ocorrencias
2025,2025-06-01,BA,Atendimento pré-hospitalar,0.0,807.0,0.0,0.0,0.0,0.0,807.0,ocorrencias
2025,2025-06-01,BA,Busca e salvamento,0.0,724.0,0.0,0.0,0.0,0.0,724.0,ocorrencias
2025,2025-06-01,BA,Combate a incêndios,0.0,715.0,0.0,0.0,0.0,0.0,715.0,ocorrencias
2025,2025-06-01,BA,Emissão de Alvarás de licença,0.0,3086.0,0.0,0.0,0.0,0.0,3086.0,ocorrencias
2025,2025-06-01,BA,Estupro,99.0,0.0,94.0,5.0,0.0,0.0,99.0,vitimas
2025,2025-06-01,BA,Estupro de vulnerável,342.0,0.0,275.0,56.0,11.0,0.0,342.0,vitimas
2025,2025-06-01,BA,Feminicídio,7.0,0.0,7.0,0.0,0.0,0.0,7.0,vitimas
2025,2025-06-01,BA,Furto de veículo,0.0,684.0,0.0,0.0,0.0,0.0,684.0,ocorrencias
2025,2025-06-01,BA,Homicídio doloso,309.0,0.0,17.0,292.0,0.0,0.0,309.0,vitimas
2025,2025-06-01,BA,Lesão corporal seguida de morte,2.0,0.0,0.0,2.0,0.0,0.0,2.0,vitimas
2025,2025-06-01,BA,Mandado de prisão cumprido,0.0,1063.0,0.0,0.0,0.0,0.0,1063.0,ocorrencias
2025,2025-06-01,BA,Morte de Agente do Estado,0.0,0.0,0.0,0.0,0.0,0.0,0.0,vitimas
2025,2025-06-01,BA,Morte no trânsito ou em decorrência dele (exceto homicídio doloso),77.0,0.0,16.0,58.0,3.0,0.0,77.0,vitimas
2025,2025-06-01,BA,Morte por intervenção de Agente do Estado,115.0,0.0,1.0,114.0,0.0,0.0,115.0,vitimas
2025,2025-06-01,BA,Mortes a esclarecer (sem indício de crime),65.0,0.0,16.0,39.0,10.0,0.0,65.0,vitimas
2025,2025-06-01,BA,Mortes no trânsito,61.0,0.0,11.0,50.0,0.0,0.0,61.0,vitimas
2025,2025-06-01,BA,Pessoa Desaparecida,362.0,0.0,113.0,236.0,13.0,0.0,362.0,vitimas
2025,2025-06-01,BA,Pessoa Localizada,78.0,0.0,32.0,45.0,1.0,0.0,78.0,vitimas
2025,2025-06-01,BA,Realização de vistorias,0.0,1140.0,0.0,0.0,0.0,0.0,1140.0,ocorrencias
2025,2025-06-01,BA,Roubo a instituição financeira,0.0,0.0,0.0,0.0,0.0,0.0,0.0,ocorrencias
2025,2025-06-01,BA,Roubo de carga,0.0,18.0,0.0,0.0,0.0,0.0,18.0,ocorrencias
2025,2025-06-01,BA,Roubo de veículo,0.0,751.0,0.0,0.0,0.0,0.0,751.0,ocorrencias
2025,2025-06-01,BA,Roubo seguido de morte (latrocínio),6.0,0.0,2.0,4.0,0.0,0.0,6.0,vitimas
2025,2025-06-01,BA,Suicídio,68.0,0.0,13.0,54.0,1.0,0.0,68.0,vitimas
2025,2025-06-01,BA,Suicídio de Agente do Estado,0.0,0.0,0.0,0.0,0.0,0.0,0.0,vitimas
2025,2025-06-01,BA,Tentativa de feminicídio,25.0,0.0,25.0,0.0,0.0,0.0,25.0,vitimas
2025,2025-06-01,BA,Tentativa de homicídio,277.0,0.0,35.0,226.0,16.0,0.0,277.0,vitimas
2025,2025-06-01,BA,Tráfico de drogas,0.0,678.0,0.0,0.0,0.0,0.0,678.0,ocorrencias
2025,2025-06-01,CE,Apreensão de Cocaína,0.0,0.0,0.0,0.0,0.0,20378.0,20378.0,kg
2025,2025-06-01,CE,Apreensão de Maconha,0.0,0.0,0.0,0.0,0.0,11612.0,11612.0,kg
2025,2025-06-01,CE,Arma de Fogo Apreendida,0.0,599.0,0.0,0.0,0.0,0.0,599.0,ocorrencias
2025,2025-06-01,CE,Atendimento pré-hospitalar,0.0,73.0,0.0,0.0,0.0,0.0,73.0,ocorrencias
2025,2025-06-01,CE,Busca e salvamento,0.0,2240.0,0.0,0.0,0.0,0.0,2240.0,ocorrencias
2025,2025-06-01,CE,Combate a incêndios,0.0,377.0,0.0,0.0,0.0,0.0,377.0,ocorrencias
2025,2025-06-01,CE,Emissão de Alvarás de licença,0.0,3398.0,0.0,0.0,0.0,0.0,3398.0,ocorrencias
2025,2025-06-01,CE,Estupro,28.0,0.0,27.0,1.0,0.0,0.0,28.0,vitimas
2025,2025-06-01,CE,Estupro de vulnerável,151.0,0.0,130.0,20.0,1.0,0.0,151.0,vitimas
2025,2025-06-01,CE,Feminicídio,11.0,0.0,11.0,0.0,0.0,0.0,11.0,vitimas
2025,2025-06-01,CE,Furto de veículo,0.0,419.0,0.0,0.0,0.0,0.0,419.0,ocorrencias
2025,2025-06-01,CE,Homicídio doloso,215.0,0.0,17.0,198.0,0.0,0.0,215.0,vitimas
2025,2025-06-01,CE,Lesão corporal seguida de morte,2.0,0.0,0.0,2.0,0.0,0.0,2.0,vitimas
2025,2025-06-01,CE,Mandado de prisão cumprido,0.0,852.0,0.0,0.0,0.0,0.0,852.0,ocorrencias
2025,2025-06-01,CE,Morte de Agente do Estado,1.0,0.0,0.0,1.0,0.0,0.0,1.0,vitimas
2025,2025-06-01,CE,Morte no trânsito ou em decorrência dele (exceto homicídio doloso),146.0,0.0,23.0,123.0,0.0,0.0,146.0,vitimas
2025,2025-06-01,CE,Morte por intervenção de Agente do Estado,10.0,0.0,0.0,10.0,0.0,0.0,10.0,vitimas
2025,2025-06-01,CE,Mortes a esclarecer (sem indício de crime),31.0,0.0,10.0,20.0,1.0,0.0,31.0,vitimas
2025,2025-06-01,CE,Mortes no trânsito,18.0,0.0,4.0,14.0,0.0,0.0,18.0,vitimas
2025,2025-06-01,CE,Pessoa Desaparecida,199.0,0.0,54.0,144.0,1.0,0.0,199.0,vitimas
2025,2025-06-01,CE,Pessoa Localizada,121.0,0.0,30.0,91.0,0.0,0.0,121.0,vitimas
2025,2025-06-01,CE,Realização de vistorias,0.0,4605.0,0.0,0.0,0.0,0.0,4605.0,ocorrencias
2025,2025-06-01,CE,Roubo a instituição financeira,0.0,0.0,0.0,0.0,0.0,0.0,0.0,ocorrencias
2025,2025-06-01,CE,Roubo de carga,0.0,7.0,0.0,0.0,0.0,0.0,7.0,ocorrencias
2025,2025-06-01,CE,Roubo de veículo,0.0,422.0,0.0,0.0,0.0,0.0,422.0,ocorrencias
2025,2025-06-01,CE,Roubo seguido de morte (latrocínio),3.0,0.0,1.0,2.0,0.0,0.0,3.0,vitimas
2025,2025-06-01,CE,Suicídio,66.0,0.0,18.0,48.0,0.0,0.0,66.0,vitimas
2025,2025-06-01,CE,Suicídio de Agente do Estado,0.0,0.0,0.0,0.0,0.0,0.0,0.0,vitimas
2025,2025-06-01,CE,Tentativa de feminicídio,9.0,0.0,7.0,2.0,0.0,0.0,9.0,vitimas
2025,2025-06-01,CE,Tentativa de homicídio,111.0,0.0,24.0,86.0,1.0,0.0,111.0,vitimas
2025,2025-06-01,CE,Tráfico de drogas,0.0,615.0,0.0,0.0,0.0,0.0,615.0,ocorrencias
2025,2025-06-01,DF,Apreensão de Cocaína,0.0,0.0,0.0,0.0,0.0,9353.0,9353.0,kg
2025,2025-06-01,DF,Apreensão de Maconha,0.0,0.0,0.0,0.0,0.0,712150.0,712150.0,kg
2025,2025-06-01,DF,Arma de Fogo Apreendida,0.0,137.0,0.0,0.0,0.0,0.0,137.0,ocorrencias
2025,2025-06-01,DF,Atendimento pré-hospitalar,0.0,6044.0,0.0,0.0,0.0,0.0,6044.0,ocorrencias
2025,2025-06-01,DF,Busca e salvamento,0.0,2197.0,0.0,0.0,0.0,0.0,2197.0,ocorrencias
2025,2025-06-01,DF,Combate a incêndios,0.0,3167.0,0.0,0.0,0.0,0.0,3167.0,ocorrencias
2025,2025-06-01,DF,Emissão de Alvarás de licença,0.0,9558.0,0.0,0.0,0.0,0.0,9558.0,ocorrencias
2025,2025-06-01,DF,Estupro,21.0,0.0,20.0,1.0,0.0,0.0,21.0,vitimas
2025,2025-06-01,DF,Estupro de vulnerável,54.0,0.0,40.0,14.0,0.0,0.0,54.0,vitimas
2025,2025-06-01,DF,Feminicídio,2.0,0.0,2.0,0.0,0.0,0.0,2.0,vitimas
2025,2025-06-01,DF,Furto de veículo,0.0,238.0,0.0,0.0,0.0,0.0,238.0,ocorrencias
2025,2025-06-01,DF,Homicídio doloso,10.0,0.0,1.0,9.0,0.0,0.0,10.0,vitimas
2025,2025-06-01,DF,Lesão corporal seguida de morte,0.0,0.0,0.0,0.0,0.0,0.0,0.0,vitimas
2025,2025-06-01,DF,Mandado de prisão cumprido,0.0,768.0,0.0,0.0,0.0,0.0,768.0,ocorrencias
2025,2025-06-01,DF,Morte de Agente do Estado,0.0,0.0,0.0,0.0,0.0,0.0,0.0,vitimas
2025,2025-06-01,DF,Morte no trânsito ou em decorrência dele (exceto homicídio doloso),17.0,0.0,4.0,13.0,0.0,0.0,17.0,vitimas
2025,2025-06-01,DF,Morte por intervenção de Agente do Estado,1.0,0.0,0.0,1.0,0.0,0.0,1.0,vitimas
2025,2025-06-01,DF,Mortes a esclarecer (sem indício de crime),0.0,0.0,0.0,0.0,0.0,0.0,0.0,vitimas
2025,2025-06-01,DF,Mortes no trânsito,2.0,0.0,1.0,1.0,0.0,0.0,2.0,vitimas
2025,2025-06-01,DF,Pessoa Desaparecida,176.0,0.0,71.0,104.0,1.0,0.0,176.0,vitimas
2025,2025-06-01,DF,Pessoa Localizada,173.0,0.0,70.0,103.0,0.0,0.0,173.0,vitimas
2025,2025-06-01,DF,Realização de vistorias,0.0,955.0,0.0,0.0,0.0,0.0,955.0,ocorrencias
2025,2025-06-01,DF,Roubo a instituição financeira,0.0,0.0,0.0,0.0,0.0,0.0,0.0,ocorrencias
2025,2025-06-01,DF,Roubo de carga,0.0,3.0,0.0,0.0,0.0,0.0,3.0,ocorrencias
2025,2025-06-01,DF,Roubo de veículo,0.0,78.0,0.0,0.0,0.0,0.0,78.0,ocorrencias
2025,2025-06-01,DF,Roubo seguido de morte (latrocínio),2.0,0.0,0.0,2.0,0.0,0.0,2.0,vitimas
2025,2025-06-01,DF,Suicídio,22.0,0.0,4.0,18.0,0.0,0.0,22.0,vitimas
2025,2025-06-01,DF,Suicídio de Agente do Estado,0.0,0.0,0.0,0.0,0.0,0.0,0.0,vitimas
2025,2025-06-01,DF,Tentativa de feminicídio,8.0,0.0,8.0,0.0,0.0,0.0,8.0,vitimas
2025,2025-06-01,DF,Tentativa de homicídio,42.0,0.0,5.0,37.0,0.0,0.0,42.0,vitimas
2025,2025-06-01,DF,Tráfico de drogas,0.0,295.0,0.0,0.0,0.0,0.0,295.0,ocorrencias
2025,2025-06-01,ES,Apreensão de Cocaína,0.0,0.0,0.0,0.0,0.0,25293.0,25293.0,kg
2025,2025-06-01,ES,Apreensão de Maconha,0.0,0.0,0.0,0.0,0.0,23368.0,23368.0,kg
2025,2025-06-01,ES,Arma de Fogo Apreendida,0.0,301.0,0.0,0.0,0.0,0.0,301.0,ocorrencias
2025,2025-06-01,ES,Atendimento pré-hospitalar,0.0,766.0,0.0,0.0,0.0,0.0,766.0,ocorrencias
2025,2025-06-01,ES,Busca e salvamento,0.0,272.0,0.0,0.0,0.0,0.0,272.0,ocorrencias
2025,2025-06-01,ES,Combate a incêndios,0.0,331.0,0.0,0.0,0.0,0.0,331.0,ocorrencias
2025,2025-06-01,ES,Emissão de Alvarás de licença,0.0,3293.0,0.0,0.0,0.0,0.0,3293.0,ocorrencias
2025,2025-06-01,ES,Estupro,32.0,0.0,30.0,2.0,0.0,0.0,32.0,vitimas
2025,2025-06-01,ES,Estupro de vulnerável,116.0,0.0,100.0,15.0,1.0,0.0,116.0,vitimas
2025,2025-06-01,ES,Feminicídio,0.0,0.0,0.0,0.0,0.0,0.0,0.0,vitimas
2025,2025-06-01,ES,Furto de veículo,0.0,279.0,0.0,0.0,0.0,0.0,279.0,ocorrencias
2025,2025-06-01,ES,Homicídio doloso,55.0,0.0,2.0,53.0,0.0,0.0,55.0,vitimas
2025,2025-06-01,ES,Lesão corporal seguida de morte,1.0,0.0,0.0,1.0,0.0,0.0,1.0,vitimas
2025,2025-06-01,ES,Mandado de prisão cumprido,0.0,544.0,0.0,0.0,0.0,0.0,544.0,ocorrencias
2025,2025-06-01,ES,Morte de Agente do Estado,0.0,0.0,0.0,0.0,0.0,0.0,0.0,vitimas
2025,2025-06-01,ES,Morte no trânsito ou em decorrência dele (exceto homicídio doloso),78.0,0.0,12.0,66.0,0.0,0.0,78.0,vitimas
2025,2025-06-01,ES,Morte por intervenção de Agente do Estado,6.0,0.0,0.0,6.0,0.0,0.0,6.0,vitimas
2025,2025-06-01,ES,Mortes a esclarecer (sem indício de crime),16.0,0.0,3.0,13.0,0.0,0.0,16.0,vitimas
2025,2025-06-01,ES,Mortes no trânsito,12.0,0.0,2.0,10.0,0.0,0.0,12.0,vitimas
2025,2025-06-01,ES,Pessoa Desaparecida,173.0,0.0,53.0,107.0,13.0,0.0,173.0,vitimas
2025,2025-06-01,ES,Pessoa Localizada,29.0,0.0,12.0,16.0,1.0,0.0,29.0,vitimas
2025,2025-06-01,ES,Realização de vistorias,0.0,3685.0,0.0,0.0,0.0,0.0,3685.0,ocorrencias
2025,2025-06-01,ES,Roubo a instituição financeira,0.0,0.0,0.0,0.0,0.0,0.0,0.0,ocorrencias
2025,2025-06-01,ES,Roubo de carga,0.0,1.0,0.0,0.0,0.0,0.0,1.0,ocorrencias
2025,2025-06-01,ES,Roubo de veículo,0.0,136.0,0.0,0.0,0.0,0.0,136.0,ocorrencias
2025,2025-06-01,ES,Roubo seguido de morte (latrocínio),2.0,0.0,0.0,2.0,0.0,0.0,2.0,vitimas
2025,2025-06-01,ES,Suicídio,24.0,0.0,7.0,17.0,0.0,0.0,24.0,vitimas
2025,2025-06-01,ES,Suicídio de Agente do Estado,0.0,0.0,0.0,0.0,0.0,0.0,0.0,vitimas
2025,2025-06-01,ES,Tentativa de feminicídio,2.0,0.0,2.0,0.0,0.0,0.0,2.0,vitimas
2025,2025-06-01,ES,Tentativa de homicídio,101.0,0.0,31.0,64.0,6.0,0.0,101.0,vitimas
2025,2025-06-01,ES,Tráfico de drogas,0.0,434.0,0.0,0.0,0.0,0.0,434.0,ocorrencias
2025,2025-06-01,GO,Apreensão de Cocaína,0.0,0.0,0.0,0.0,0.0,242651.0,242651.0,kg
2025,2025-06-01,GO,Apreensão de Maconha,0.0,0.0,0.0,0.0,0.0,3071643.0,3071643.0,kg
2025,2025-06-01,GO,Arma de Fogo Apreendida,0.0,281.0,0.0,0.0,0.0,0.0,281.0,ocorrencias
2025,2025-06-01,GO,Atendimento pré-hospitalar,0.0,8359.0,0.0,0.0,0.0,0.0,8359.0,ocorrencias
2025,2025-06-01,GO,Busca e salvamento,0.0,1593.0,0.0,0.0,0.0,0.0,1593.0,ocorrencias
2025,2025-06-01,GO,Combate a incêndios,0.0,1603.0,0.0,0.0,0.0,0.0,1603.0,ocorrencias
2025,2025-06-01,GO,Emissão de Alvarás de licença,0.0,11222.0,0.0,0.0,0.0,0.0,11222.0,ocorrencias
2025,2025-06-01,GO,Estupro,58.0,0.0,53.0,5.0,0.0,0.0,58.0,vitimas
2025,2025-06-01,GO,Estupro de vulnerável,269.0,0.0,223.0,40.0,6.0,0.0,269.0,vitimas
2025,2025-06-01,GO,Feminicídio,2.0,0.0,2.0,0.0,0.0,0.0,2.0,vitimas
2025,2025-06-01,GO,Furto de veículo,0.0,270.0,0.0,0.0,0.0,0.0,270.0,ocorrencias
2025,2025-06-01,GO,Homicídio doloso,56.0,0.0,1.0,53.0,2.0,0.0,56.0,vitimas
2025,2025-06-01,GO,Lesão corporal seguida de morte,0.0,0.0,0.0,0.0,0.0,0.0,0.0,vitimas
2025,2025-06-01,GO,Mandado de prisão cumprido,0.0,737.0,0.0,0.0,0.0,0.0,737.0,ocorrencias
2025,2025-06-01,GO,Morte de Agente do Estado,0.0,0.0,0.0,0.0,0.0,0.0,0.0,vitimas
2025,2025-06-01,GO,Morte no trânsito ou em decorrência dele (exceto homicídio doloso),51.0,0.0,8.0,43.0,0.0,0.0,51.0,vitimas
2025,2025-06-01,GO,Morte por intervenção de Agente do Estado,17.0,0.0,0.0,10.0,7.0,0.0,17.0,vitimas
2025,2025-06-01,GO,Mortes a esclarecer (sem indício de crime),34.0,0.0,6.0,24.0,4.0,0.0,34.0,vitimas
2025,2025-06-01,GO,Mortes no trânsito,29.0,0.0,10.0,19.0,0.0,0.0,29.0,vitimas
2025,2025-06-01,GO,Pessoa Desaparecida,301.0,0.0,102.0,182.0,17.0,0.0,301.0,vitimas
2025,2025-06-01,GO,Pessoa Localizada,196.0,0.0,75.0,120.0,1.0,0.0,196.0,vitimas
2025,2025-06-01,GO,Realização de vistorias,0.0,4757.0,0.0,0.0,0.0,0.0,4757.0,ocorrencias
2025,2025-06-01,GO,Roubo a instituição financeira,0.0,0.0,0.0,0.0,0.0,0.0,0.0,ocorrencias
2025,2025-06-01,GO,Roubo de carga,0.0,1.0,0.0,0.0,0.0,0.0,1.0,ocorrencias
2025,2025-06-01,GO,Roubo de veículo,0.0,44.0,0.0,0.0,0.0,0.0,44.0,ocorrencias
2025,2025-06-01,GO,Roubo seguido de morte (latrocínio),1.0,0.0,0.0,1.0,0.0,0.0,1.0,vitimas
2025,2025-06-01,GO,Suicídio,55.0,0.0,6.0,49.0,0.0,0.0,55.0,vitimas
2025,2025-06-01,GO,Suicídio de Agente do Estado,0.0,0.0,0.0,0.0,0.0,0.0,0.0,vitimas
2025,2025-06-01,GO,Tentativa de feminicídio,15.0,0.0,14.0,1.0,0.0,0.0,15.0,vitimas
2025,2025-06-01,GO,Tentativa de homicídio,103.0,0.0,11.0,90.0,2.0,0.0,103.0,vitimas
2025,2025-06-01,GO,Tráfico de drogas,0.0,540.0,0.0,0.0,0.0,0.0,540.0,ocorrencias
2025,2025-06-01,MA,Apreensão de Cocaína,0.0,0.0,0.0,0.0,0.0,26386.0,26386.0,kg
2025,2025-06-01,MA,Apreensão de Maconha,0.0,0.0,0.0,0.0,0.0,2319984.0,2319984.0,kg
2025,2025-06-01,MA,Arma de Fogo Apreendida,0.0,293.0,0.0,0.0,0.0,0.0,293.0,ocorrencias
2025,2025-06-01,MA,Atendimento pré-hospitalar,0.0,2584.0,0.0,0.0,0.0,0.0,2584.0,ocorrencias
2025,2025-06-01,MA,Busca e salvamento,0.0,1215.0,0.0,0.0,0.0,0.0,1215.0,ocorrencias
2025,2025-06-01,MA,Combate a incêndios,0.0,338.0,0.0,0.0,0.0,0.0,338.0,ocorrencias
2025,2025-06-01,MA,Emissão de Alvarás de licença,0.0,1228.0,0.0,0.0,0.0,0.0,1228.0,ocorrencias
2025,2025-06-01,MA,Estupro,27.0,0.0,25.0,2.0,0.0,0.0,27.0,vitimas
2025,2025-06-01,MA,Estupro de vulnerável,137.0,0.0,121.0,15.0,1.0,0.0,137.0,vitimas
2025,2025-06-01,MA,Feminicídio,6.0,0.0,6.0,0.0,0.0,0.0,6.0,vitimas
2025,2025-06-01,MA,Furto de veículo,0.0,279.0,0.0,0.0,0.0,0.0,279.0,ocorrencias
2025,2025-06-01,MA,Homicídio doloso,130.0,0.0,5.0,125.0,0.0,0.0,130.0,vitimas
2025,2025-06-01,MA,Lesão corporal seguida de morte,0.0,0.0,0.0,0.0,0.0,0.0,0.0,vitimas
2025,2025-06-01,MA,Mandado de prisão cumprido,0.0,367.0,0.0,0.0,0.0,0.0,367.0,ocorrencias
2025,2025-06-01,MA,Morte de Agente do Estado,0.0,0.0,0.0,0.0,0.0,0.0,0.0,vitimas
2025,2025-06-01,MA,Morte no trânsito ou em decorrência dele (exceto homicídio doloso),82.0,0.0,14.0,68.0,0.0,0.0,82.0,vitimas
2025,2025-06-01,MA,Morte por intervenção de Agente do Estado,8.0,0.0,0.0,8.0,0.0,0.0,8.0,vitimas
2025,2025-06-01,MA,Mortes a esclarecer (sem indício de crime),7.0,0.0,2.0,5.0,0.0,0.0,7.0,vitimas
2025,2025-06-01,MA,Mortes no trânsito,18.0,0.0,0.0,18.0,0.0,0.0,18.0,vitimas
2025,2025-06-01,MA,Pessoa Desaparecida,111.0,0.0,31.0,73.0,7.0,0.0,111.0,vitimas
2025,2025-06-01,MA,Pessoa Localizada,31.0,0.0,5.0,25.0,1.0,0.0,31.0,vitimas
2025,2025-06-01,MA,Realização de vistorias,0.0,451.0,0.0,0.0,0.0,0.0,451.0,ocorrencias
2025,2025-06-01,MA,Roubo a instituição financeira,0.0,0.0,0.0,0.0,0.0,0.0,0.0,ocorrencias
2025,2025-06-01,MA,Roubo de carga,0.0,9.0,0.0,0.0,0.0,0.0,9.0,ocorrencias
2025,2025-06-01,MA,Roubo de veículo,0.0,236.0,0.0,0.0,0.0,0.0,236.0,ocorrencias
2025,2025-06-01,MA,Roubo seguido de morte (latrocínio),7.0,0.0,0.0,7.0,0.0,0.0,7.0,vitimas
2025,2025-06-01,MA,Suicídio,34.0,0.0,7.0,27.0,0.0,0.0,34.0,vitimas
2025,2025-06-01,MA,Suicídio de Agente do Estado,0.0,0.0,0.0,0.0,0.0,0.0,0.0,vitimas
2025,2025-06-01,MA,Tentativa de feminicídio,19.0,0.0,19.0,0.0,0.0,0.0,19.0,vitimas
2025,2025-06-01,MA,Tentativa de homicídio,129.0,0.0,18.0,111.0,0.0,0.0,129.0,vitimas
2025,2025-06-01,MA,Tráfico de drogas,0.0,255.0,0.0,0.0,0.0,0.0,255.0,ocorrencias
2025,2025-06-01,MG,Apreensão de Cocaína,0.0,0.0,0.0,0.0,0.0,85.0,85.0,kg
2025,2025-06-01,MG,Apreensão de Maconha,0.0,0.0,0.0,0.0,0.0,4177782.0,4177782.0,kg
2025,2025-06-01,MG,Arma de Fogo Apreendida,0.0,1119.0,0.0,0.0,0.0,0.0,1119.0,ocorrencias
2025,2025-06-01,MG,Atendimento pré-hospitalar,0.0,8116.0,0.0,0.0,0.0,0.0,8116.0,ocorrencias
2025,2025-06-01,MG,Busca e salvamento,0.0,3796.0,0.0,0.0,0.0,0.0,3796.0,ocorrencias
2025,2025-06-01,MG,Combate a incêndios,0.0,2944.0,0.0,0.0,0.0,0.0,2944.0,ocorrencias
2025,2025-06-01,MG,Emissão de Alvarás de licença,0.0,792.0,0.0,0.0,0.0,0.0,792.0,ocorrencias
2025,2025-06-01,MG,Estupro,101.0,0.0,96.0,5.0,0.0,0.0,101.0,vitimas
2025,2025-06-01,MG,Estupro de vulnerável,384.0,0.0,321.0,57.0,6.0,0.0,384.0,vitimas
2025,2025-06-01,MG,Feminicídio,7.0,0.0,7.0,0.0,0.0,0.0,7.0,vitimas
2025,2025-06-01,MG,Furto de veículo,0.0,1645.0,0.0,0.0,0.0,0.0,1645.0,ocorrencias
2025,2025-06-01,MG,Homicídio doloso,172.0,0.0,9.0,163.0,0.0,0.0,172.0,vitimas
2025,2025-06-01,MG,Lesão corporal seguida de morte,5.0,0.0,0.0,5.0,0.0,0.0,5.0,vitimas
2025,2025-06-01,MG,Mandado de prisão cumprido,0.0,1412.0,0.0,0.0,0.0,0.0,1412.0,ocorrencias
2025,2025-06-01,MG,Morte de Agente do Estado,0.0,0.0,0.0,0.0,0.0,0.0,0.0,vitimas
2025,2025-06-01,MG,Morte no trânsito ou em decorrência dele (exceto homicídio doloso),209.0,0.0,32.0,171.0,6.0,0.0,209.0,vitimas
2025,2025-06-01,MG,Morte por intervenção de Agente do Estado,12.0,0.0,0.0,12.0,0.0,0.0,12.0,vitimas
2025,2025-06-01,MG,Mortes a esclarecer (sem indício de crime),0.0,0.0,0.0,0.0,0.0,0.0,0.0,vitimas
2025,2025-06-01,MG,Mortes no trânsito,72.0,0.0,12.0,60.0,0.0,0.0,72.0,vitimas
2025,2025-06-01,MG,Pessoa Desaparecida,755.0,0.0,276.0,478.0,1.0,0.0,755.0,vitimas
2025,2025-06-01,MG,Pessoa Localizada,557.0,0.0,236.0,321.0,0.0,0.0,557.0,vitimas
2025,2025-06-01,MG,Realização de vistorias,0.0,3660.0,0.0,0.0,0.0,0.0,3660.0,ocorrencias
2025,2025-06-01,MG,Roubo a instituição financeira,0.0,0.0,0.0,0.0,0.0,0.0,0.0,ocorrencias
2025,2025-06-01,MG,Roubo de carga,0.0,4.0,0.0,0.0,0.0,0.0,4.0,ocorrencias
2025,2025-06-01,MG,Roubo de veículo,0.0,271.0,0.0,0.0,0.0,0.0,271.0,ocorrencias
2025,2025-06-01,MG,Roubo seguido de morte (latrocínio),6.0,0.0,1.0,5.0,0.0,0.0,6.0,vitimas
2025,2025-06-01,MG,Suicídio,168.0,0.0,41.0,127.0,0.0,0.0,168.0,vitimas
2025,2025-06-01,MG,Suicídio de Agente do Estado,0.0,0.0,0.0,0.0,0.0,0.0,0.0,vitimas
2025,2025-06-01,MG,Tentativa de feminicídio,16.0,0.0,16.0,0.0,0.0,0.0,16.0,vitimas
2025,2025-06-01,MG,Tentativa de homicídio,156.0,0.0,26.0,130.0,0.0,0.0,156.0,vitimas
2025,2025-06-01,MG,Tráfico de drogas,0.0,2754.0,0.0,0.0,0.0,0.0,2754.0,ocorrencias
2025,2025-06-01,MS,Apreensão de Cocaína,0.0,0.0,0.0,0.0,0.0,1532287.0,1532287.0,kg
2025,2025-06-01,MS,Apreensão de Maconha,0.0,0.0,0.0,0.0,0.0,55931268.0,55931268.0,kg
2025,2025-06-01,MS,Arma de Fogo Apreendida,0.0,129.0,0.0,0.0,0.0,0.0,129.0,ocorrencias
2025,2025-06-01,MS,Atendimento pré-hospitalar,0.0,2317.0,0.0,0.0,0.0,0.0,2317.0,ocorrencias
2025,2025-06-01,MS,Busca e salvamento,0.0,4954.0,0.0,0.0,0.0,0.0,4954.0,ocorrencias
2025,2025-06-01,MS,Combate a incêndios,0.0,443.0,0.0,0.0,0.0,0.0,443.0,ocorrencias
2025,2025-06-01,MS,Emissão de Alvarás de licença,0.0,2630.0,0.0,0.0,0.0,0.0,2630.0,ocorrencias
2025,2025-06-01,MS,Estupro,140.0,0.0,124.0,15.0,1.0,0.0,140.0,vitimas
2025,2025-06-01,MS,Estupro de vulnerável,117.0,0.0,105.0,11.0,1.0,0.0,117.0,vitimas
2025,2025-06-01,MS,Feminicídio,3.0,0.0,3.0,0.0,0.0,0.0,3.0,vitimas
2025,2025-06-01,MS,Furto de veículo,0.0,137.0,0.0,0.0,0.0,0.0,137.0,ocorrencias
2025,2025-06-01,MS,Homicídio doloso,21.0,0.0,0.0,21.0,0.0,0.0,21.0,vitimas
2025,2025-06-01,MS,Lesão corporal seguida de morte,0.0,0.0,0.0,0.0,0.0,0.0,0.0,vitimas
2025,2025-06-01,MS,Mandado de prisão cumprido,0.0,404.0,0.0,0.0,0.0,0.0,404.0,ocorrencias
2025,2025-06-01,MS,Morte de Agente do Estado,0.0,0.0,0.0,0.0,0.0,0.0,0.0,vitimas
2025,2025-06-01,MS,Morte no trânsito ou em decorrência dele (exceto homicídio doloso),17.0,0.0,6.0,11.0,0.0,0.0,17.0,vitimas
2025,2025-06-01,MS,Morte por intervenção de Agente do Estado,9.0,0.0,0.0,8.0,1.0,0.0,9.0,vitimas
2025,2025-06-01,MS,Mortes a esclarecer (sem indício de crime),44.0,0.0,7.0,37.0,0.0,0.0,44.0,vitimas
2025,2025-06-01,MS,Mortes no trânsito,14.0,0.0,3.0,11.0,0.0,0.0,14.0,vitimas
2025,2025-06-01,MS,Pessoa Desaparecida,28.0,0.0,7.0,21.0,0.0,0.0,28.0,vitimas
2025,2025-06-01,MS,Pessoa Localizada,85.0,0.0,26.0,59.0,0.0,0.0,85.0,vitimas
2025,2025-06-01,MS,Realização de vistorias,0.0,1820.0,0.0,0.0,0.0,0.0,1820.0,ocorrencias
2025,2025-06-01,MS,Roubo a instituição financeira,0.0,0.0,0.0,0.0,0.0,0.0,0.0,ocorrencias
2025,2025-06-01,MS,Roubo de carga,0.0,0.0,0.0,0.0,0.0,0.0,0.0,ocorrencias
2025,2025-06-01,MS,Roubo de veículo,0.0,25.0,0.0,0.0,0.0,0.0,25.0,ocorrencias
2025,2025-06-01,MS,Roubo seguido de morte (latrocínio),0.0,0.0,0.0,0.0,0.0,0.0,0.0,vitimas
2025,2025-06-01,MS,Suicídio,19.0,0.0,4.0,15.0,0.0,0.0,19.0,vitimas
2025,2025-06-01,MS,Suicídio de Agente do Estado,0.0,0.0,0.0,0.0,0.0,0.0,0.0,vitimas
2025,2025-06-01,MS,Tentativa de feminicídio,7.0,0.0,7.0,0.0,0.0,0.0,7.0,vitimas
2025,2025-06-01,MS,Tentativa de homicídio,54.0,0.0,4.0,48.0,2.0,0.0,54.0,vitimas
2025,2025-06-01,MS,Tráfico de drogas,0.0,384.0,0.0,0.0,0.0,0.0,384.0,ocorrencias
2025,2025-06-01,MT,Apreensão de Cocaína,0.0,0.0,0.0,0.0,0.0,2070681.0,2070681.0,kg
2025,2025-06-01,MT,Apreensão de Maconha,0.0,0.0,0.0,0.0,0.0,27247.0,27247.0,kg
2025,2025-06-01,MT,Arma de Fogo Apreendida,0.0,187.0,0.0,0.0,0.0,0.0,187.0,ocorrencias
2025,2025-06-01,MT,Atendimento pré-hospitalar,0.0,3488.0,0.0,0.0,0.0,0.0,3488.0,ocorrencias
2025,2025-06-01,MT,Busca e salvamento,0.0,633.0,0.0,0.0,0.0,0.0,633.0,ocorrencias
2025,2025-06-01,MT,Combate a incêndios,0.0,498.0,0.0,0.0,0.0,0.0,498.0,ocorrencias
2025,2025-06-01,MT,Emissão de Alvarás de licença,0.0,6018.0,0.0,0.0,0.0,0.0,6018.0,ocorrencias
2025,2025-06-01,MT,Estupro,58.0,0.0,50.0,8.0,0.0,0.0,58.0,vitimas
2025,2025-06-01,MT,Estupro de vulnerável,151.0,0.0,126.0,25.0,0.0,0.0,151.0,vitimas
2025,2025-06-01,MT,Feminicídio,10.0,0.0,10.0,0.0,0.0,0.0,10.0,vitimas
2025,2025-06-01,MT,Furto de veículo,0.0,156.0,0.0,0.0,0.0,0.0,156.0,ocorrencias
2025,2025-06-01,MT,Homicídio doloso,64.0,0.0,4.0,60.0,0.0,0.0,64.0,vitimas
2025,2025-06-01,MT,Lesão corporal seguida de morte,0.0,0.0,0.0,0.0,0.0,0.0,0.0,vitimas
2025,2025-06-01,MT,Mandado de prisão cumprido,0.0,769.0,0.0,0.0,0.0,0.0,769.0,ocorrencias
2025,2025-06-01,MT,Morte de Agente do Estado,0.0,0.0,0.0,0.0,0.0,0.0,0.0,vitimas
2025,2025-06-01,MT,Morte no trânsito ou em decorrência dele (exceto homicídio doloso),98.0,0.0,24.0,74.0,0.0,0.0,98.0,vitimas
2025,2025-06-01,MT,Morte por intervenção de Agente do Estado,10.0,0.0,0.0,10.0,0.0,0.0,10.0,vitimas
2025,2025-06-01,MT,Mortes a esclarecer (sem indício de crime),39.0,0.0,5.0,33.0,1.0,0.0,39.0,vitimas
2025,2025-06-01,MT,Mortes no trânsito,23.0,0.0,4.0,19.0,0.0,0.0,23.0,vitimas
2025,2025-06-01,MT,Pessoa Desaparecida,159.0,0.0,53.0,106.0,0.0,0.0,159.0,vitimas
2025,2025-06-01,MT,Pessoa Localizada,96.0,0.0,36.0,60.0,0.0,0.0,96.0,vitimas
2025,2025-06-01,MT,Realização de vistorias,0.0,2002.0,0.0,0.0,0.0,0.0,2002.0,ocorrencias
2025,2025-06-01,MT,Roubo a instituição financeira,0.0,0.0,0.0,0.0,0.0,0.0,0.0,ocorrencias
2025,2025-06-01,MT,Roubo de carga,0.0,6.0,0.0,0.0,0.0,0.0,6.0,ocorrencias
2025,2025-06-01,MT,Roubo de veículo,0.0,34.0,0.0,0.0,0.0,0.0,34.0,ocorrencias
2025,2025-06-01,MT,Roubo seguido de morte (latrocínio),2.0,0.0,0.0,2.0,0.0,0.0,2.0,vitimas
2025,2025-06-01,MT,Suicídio,24.0,0.0,5.0,19.0,0.0,0.0,24.0,vitimas
2025,2025-06-01,MT,Suicídio de Agente do Estado,0.0,0.0,0.0,0.0,0.0,0.0,0.0,vitimas
2025,2025-06-01,MT,Tentativa de feminicídio,19.0,0.0,19.0,0.0,0.0,0.0,19.0,vitimas
2025,2025-06-01,MT,Tentativa de homicídio,109.0,0.0,11.0,98.0,0.0,0.0,109.0,vitimas
2025,2025-06-01,MT,Tráfico de drogas,0.0,392.0,0.0,0.0,0.0,0.0,392.0,ocorrencias
2025,2025-06-01,PA,Apreensão de Cocaína,0.0,0.0,0.0,0.0,0.0,760085.0,760085.0,kg
2025,2025-06-01,PA,Apreensão de Maconha,0.0,0.0,0.0,0.0,0.0,741433.0,741433.0,kg
2025,2025-06-01,PA,Arma de Fogo Apreendida,0.0,271.0,0.0,0.0,0.0,0.0,271.0,ocorrencias
2025,2025-06-01,PA,Atendimento pré-hospitalar,0.0,1598.0,0.0,0.0,0.0,0.0,1598.0,ocorrencias
2025,2025-06-01,PA,Busca e salvamento,0.0,65.0,0.0,0.0,0.0,0.0,65.0,ocorrencias
2025,2025-06-01,PA,Combate a incêndios,0.0,395.0,0.0,0.0,0.0,0.0,395.0,ocorrencias
2025,2025-06-01,PA,Emissão de Alvarás de licença,0.0,5901.0,0.0,0.0,0.0,0.0,5901.0,ocorrencias
2025,2025-06-01,PA,Estupro,65.0,0.0,61.0,4.0,0.0,0.0,65.0,vitimas
2025,2025-06-01,PA,Estupro de vulnerável,455.0,0.0,405.0,44.0,6.0,0.0,455.0,vitimas
2025,2025-06-01,PA,Feminicídio,9.0,0.0,9.0,0.0,0.0,0.0,9.0,vitimas
2025,2025-06-01,PA,Furto de veículo,0.0,237.0,0.0,0.0,0.0,0.0,237.0,ocorrencias
2025,2025-06-01,PA,Homicídio doloso,141.0,0.0,7.0,134.0,0.0,0.0,141.0,vitimas
2025,2025-06-01,PA,Lesão corporal seguida de morte,1.0,0.0,0.0,1.0,0.0,0.0,1.0,vitimas
2025,2025-06-01,PA,Mandado de prisão cumprido,0.0,592.0,0.0,0.0,0.0,0.0,592.0,ocorrencias
2025,2025-06-01,PA,Morte de Agente do Estado,2.0,0.0,0.0,2.0,0.0,0.0,2.0,vitimas
2025,2025-06-01,PA,Morte no trânsito ou em decorrência dele (exceto homicídio doloso),92.0,0.0,15.0,77.0,0.0,0.0,92.0,vitimas
2025,2025-06-01,PA,Morte por intervenção de Agente do Estado,57.0,0.0,1.0,56.0,0.0,0.0,57.0,vitimas
2025,2025-06-01,PA,Mortes a esclarecer (sem indício de crime),51.0,0.0,17.0,32.0,2.0,0.0,51.0,vitimas
2025,2025-06-01,PA,Mortes no trânsito,18.0,0.0,3.0,15.0,0.0,0.0,18.0,vitimas
2025,2025-06-01,PA,Pessoa Desaparecida,76.0,0.0,27.0,49.0,0.0,0.0,76.0,vitimas
2025,2025-06-01,PA,Pessoa Localizada,90.0,0.0,38.0,51.0,1.0,0.0,90.0,vitimas
2025,2025-06-01,PA,Realização de vistorias,0.0,6158.0,0.0,0.0,0.0,0.0,6158.0,ocorrencias
2025,2025-06-01,PA,Roubo a instituição financeira,0.0,0.0,0.0,0.0,0.0,0.0,0.0,ocorrencias
2025,2025-06-01,PA,Roubo de carga,0.0,10.0,0.0,0.0,0.0,0.0,10.0,ocorrencias
2025,2025-06-01,PA,Roubo de veículo,0.0,86.0,0.0,0.0,0.0,0.0,86.0,ocorrencias
2025,2025-06-01,PA,Roubo seguido de morte (latrocínio),6.0,0.0,0.0,6.0,0.0,0.0,6.0,vitimas
2025,2025-06-01,PA,Suicídio,47.0,0.0,11.0,36.0,0.0,0.0,47.0,vitimas
2025,2025-06-01,PA,Suicídio de Agente do Estado,1.0,0.0,0.0,1.0,0.0,0.0,1.0,vitimas
2025,2025-06-01,PA,Tentativa de feminicídio,26.0,0.0,26.0,0.0,0.0,0.0,26.0,vitimas
2025,2025-06-01,PA,Tentativa de homicídio,103.0,0.0,20.0,81.0,2.0,0.0,103.0,vitimas
2025,2025-06-01,PA,Tráfico de drogas,0.0,446.0,0.0,0.0,0.0,0.0,446.0,ocorrencias
2025,2025-06-01,PB,Apreensão de Cocaína,0.0,0.0,0.0,0.0,0.0,15808.0,15808.0,kg
2025,2025-06-01,PB,Apreensão de Maconha,0.0,0.0,0.0,0.0,0.0,78471.0,78471.0,kg
2025,2025-06-01,PB,Arma de Fogo Apreendida,0.0,280.0,0.0,0.0,0.0,0.0,280.0,ocorrencias
2025,2025-06-01,PB,Atendimento pré-hospitalar,0.0,2155.0,0.0,0.0,0.0,0.0,2155.0,ocorrencias
2025,2025-06-01,PB,Busca e salvamento,0.0,511.0,0.0,0.0,0.0,0.0,511.0,ocorrencias
2025,2025-06-01,PB,Combate a incêndios,0.0,437.0,0.0,0.0,0.0,0.0,437.0,ocorrencias
2025,2025-06-01,PB,Emissão de Alvarás de licença,0.0,1697.0,0.0,0.0,0.0,0.0,1697.0,ocorrencias
2025,2025-06-01,PB,Estupro,16.0,0.0,15.0,1.0,0.0,0.0,16.0,vitimas
2025,2025-06-01,PB,Estupro de vulnerável,92.0,0.0,80.0,12.0,0.0,0.0,92.0,vitimas
2025,2025-06-01,PB,Feminicídio,3.0,0.0,3.0,0.0,0.0,0.0,3.0,vitimas
2025,2025-06-01,PB,Furto de veículo,0.0,184.0,0.0,0.0,0.0,0.0,184.0,ocorrencias
2025,2025-06-01,PB,Homicídio doloso,68.0,0.0,3.0,65.0,0.0,0.0,68.0,vitimas
2025,2025-06-01,PB,Lesão corporal seguida de morte,0.0,0.0,0.0,0.0,0.0,0.0,0.0,vitimas
2025,2025-06-01,PB,Mandado de prisão cumprido,0.0,395.0,0.0,0.0,0.0,0.0,395.0,ocorrencias
2025,2025-06-01,PB,Morte de Agente do Estado,0.0,0.0,0.0,0.0,0.0,0.0,0.0,vitimas
2025,2025-06-01,PB,Morte no trânsito ou em decorrência dele (exceto homicídio doloso),73.0,0.0,9.0,64.0,0.0,0.0,73.0,vitimas
2025,2025-06-01,PB,Morte por intervenção de Agente do Estado,3.0,0.0,0.0,3.0,0.0,0.0,3.0,vitimas
2025,2025-06-01,PB,Mortes a esclarecer (sem indício de crime),6.0,0.0,1.0,5.0,0.0,0.0,6.0,vitimas
2025,2025-06-01,PB,Mortes no trânsito,12.0,0.0,3.0,9.0,0.0,0.0,12.0,vitimas
2025,2025-06-01,PB,Pessoa Desaparecida,62.0,0.0,16.0,46.0,0.0,0.0,62.0,vitimas
2025,2025-06-01,PB,Pessoa Localizada,59.0,0.0,16.0,43.0,0.0,0.0,59.0,vitimas
2025,2025-06-01,PB,Realização de vistorias,0.0,1623.0,0.0,0.0,0.0,0.0,1623.0,ocorrencias
2025,2025-06-01,PB,Roubo a instituição financeira,0.0,0.0,0.0,0.0,0.0,0.0,0.0,ocorrencias
2025,2025-06-01,PB,Roubo de carga,0.0,0.0,0.0,0.0,0.0,0.0,0.0,ocorrencias
2025,2025-06-01,PB,Roubo de veículo,0.0,370.0,0.0,0.0,0.0,0.0,370.0,ocorrencias
2025,2025-06-01,PB,Roubo seguido de morte (latrocínio),2.0,0.0,0.0,2.0,0.0,0.0,2.0,vitimas
2025,2025-06-01,PB,Suicídio,29.0,0.0,5.0,24.0,0.0,0.0,29.0,vitimas
2025,2025-06-01,PB,Suicídio de Agente do Estado,1.0,0.0,0.0,1.0,0.0,0.0,1.0,vitimas
2025,2025-06-01,PB,Tentativa de feminicídio,4.0,0.0,4.0,0.0,0.0,0.0,4.0,vitimas
2025,2025-06-01,PB,Tentativa de homicídio,68.0,0.0,7.0,61.0,0.0,0.0,68.0,vitimas
2025,2025-06-01,PB,Tráfico de drogas,0.0,213.0,0.0,0.0,0.0,0.0,213.0,ocorrencias
2025,2025-06-01,PE,Apreensão de Cocaína,0.0,0.0,0.0,0.0,0.0,3111.0,3111.0,kg
2025,2025-06-01,PE,Apreensão de Maconha,0.0,0.0,0.0,0.0,0.0,18286.0,18286.0,kg
2025,2025-06-01,PE,Arma de Fogo Apreendida,0.0,446.0,0.0,0.0,0.0,0.0,446.0,ocorrencias
2025,2025-06-01,PE,Atendimento pré-hospitalar,0.0,1575.0,0.0,0.0,0.0,0.0,1575.0,ocorrencias
2025,2025-06-01,PE,Busca e salvamento,0.0,342.0,0.0,0.0,0.0,0.0,342.0,ocorrencias
2025,2025-06-01,PE,Combate a incêndios,0.0,260.0,0.0,0.0,0.0,0.0,260.0,ocorrencias
2025,2025-06-01,PE,Emissão de Alvarás de licença,0.0,8510.0,0.0,0.0,0.0,0.0,8510.0,ocorrencias
2025,2025-06-01,PE,Estupro,68.0,0.0,64.0,3.0,1.0,0.0,68.0,vitimas
2025,2025-06-01,PE,Estupro de vulnerável,156.0,0.0,129.0,24.0,3.0,0.0,156.0,vitimas
2025,2025-06-01,PE,Feminicídio,7.0,0.0,7.0,0.0,0.0,0.0,7.0,vitimas
2025,2025-06-01,PE,Furto de veículo,0.0,622.0,0.0,0.0,0.0,0.0,622.0,ocorrencias
2025,2025-06-01,PE,Homicídio doloso,231.0,0.0,11.0,220.0,0.0,0.0,231.0,vitimas
2025,2025-06-01,PE,Lesão corporal seguida de morte,4.0,0.0,0.0,4.0,0.0,0.0,4.0,vitimas
2025,2025-06-01,PE,Mandado de prisão cumprido,0.0,758.0,0.0,0.0,0.0,0.0,758.0,ocorrencias
2025,2025-06-01,PE,Morte de Agente do Estado,0.0,0.0,0.0,0.0,0.0,0.0,0.0,vitimas
2025,2025-06-01,PE,Morte no trânsito ou em decorrência dele (exceto homicídio doloso),143.0,0.0,23.0,120.0,0.0,0.0,143.0,vitimas
2025,2025-06-01,PE,Morte por intervenção de Agente do Estado,9.0,0.0,0.0,9.0,0.0,0.0,9.0,vitimas
2025,2025-06-01,PE,Mortes a esclarecer (sem indício de crime),18.0,0.0,3.0,11.0,4.0,0.0,18.0,vitimas
2025,2025-06-01,PE,Mortes no trânsito,24.0,0.0,2.0,22.0,0.0,0.0,24.0,vitimas
2025,2025-06-01,PE,Pessoa Desaparecida,227.0,0.0,86.0,132.0,9.0,0.0,227.0,vitimas
2025,2025-06-01,PE,Pessoa Localizada,78.0,0.0,36.0,38.0,4.0,0.0,78.0,vitimas
2025,2025-06-01,PE,Realização de vistorias,0.0,5877.0,0.0,0.0,0.0,0.0,5877.0,ocorrencias
2025,2025-06-01,PE,Roubo a instituição financeira,0.0,0.0,0.0,0.0,0.0,0.0,0.0,ocorrencias
2025,2025-06-01,PE,Roubo de carga,0.0,25.0,0.0,0.0,0.0,0.0,25.0,ocorrencias
2025,2025-06-01,PE,Roubo de veículo,0.0,934.0,0.0,0.0,0.0,0.0,934.0,ocorrencias
2025,2025-06-01,PE,Roubo seguido de morte (latrocínio),4.0,0.0,0.0,4.0,0.0,0.0,4.0,vitimas
2025,2025-06-01,PE,Suicídio,50.0,0.0,17.0,33.0,0.0,0.0,50.0,vitimas
2025,2025-06-01,PE,Suicídio de Agente do Estado,0.0,0.0,0.0,0.0,0.0,0.0,0.0,vitimas
2025,2025-06-01,PE,Tentativa de feminicídio,16.0,0.0,16.0,0.0,0.0,0.0,16.0,vitimas
2025,2025-06-01,PE,Tentativa de homicídio,117.0,0.0,14.0,103.0,0.0,0.0,117.0,vitimas
2025,2025-06-01,PE,Tráfico de drogas,0.0,860.0,0.0,0.0,0.0,0.0,860.0,ocorrencias
2025,2025-06-01,PI,Apreensão de Cocaína,0.0,0.0,0.0,0.0,0.0,28096.0,28096.0,kg
2025,2025-06-01,PI,Apreensão de Maconha,0.0,0.0,0.0,0.0,0.0,58249.0,58249.0,kg
2025,2025-06-01,PI,Arma de Fogo Apreendida,0.0,166.0,0.0,0.0,0.0,0.0,166.0,ocorrencias
2025,2025-06-01,PI,Atendimento pré-hospitalar,0.0,103.0,0.0,0.0,0.0,0.0,103.0,ocorrencias
2025,2025-06-01,PI,Busca e salvamento,0.0,184.0,0.0,0.0,0.0,0.0,184.0,ocorrencias
2025,2025-06-01,PI,Combate a incêndios,0.0,395.0,0.0,0.0,0.0,0.0,395.0,ocorrencias
2025,2025-06-01,PI,Emissão de Alvarás de licença,0.0,497.0,0.0,0.0,0.0,0.0,497.0,ocorrencias
2025,2025-06-01,PI,Estupro,26.0,0.0,25.0,1.0,0.0,0.0,26.0,vitimas
2025,2025-06-01,PI,Estupro de vulnerável,109.0,0.0,89.0,17.0,3.0,0.0,109.0,vitimas
2025,2025-06-01,PI,Feminicídio,1.0,0.0,1.0,0.0,0.0,0.0,1.0,vitimas
2025,2025-06-01,PI,Furto de veículo,0.0,207.0,0.0,0.0,0.0,0.0,207.0,ocorrencias
2025,2025-06-01,PI,Homicídio doloso,38.0,0.0,0.0,38.0,0.0,0.0,38.0,vitimas
2025,2025-06-01,PI,Lesão corporal seguida de morte,0.0,0.0,0.0,0.0,0.0,0.0,0.0,vitimas
2025,2025-06-01,PI,Mandado de prisão cumprido,0.0,374.0,0.0,0.0,0.0,0.0,374.0,ocorrencias
2025,2025-06-01,PI,Morte de Agente do Estado,0.0,0.0,0.0,0.0,0.0,0.0,0.0,vitimas
2025,2025-06-01,PI,Morte no trânsito ou em decorrência dele (exceto homicídio doloso),27.0,0.0,5.0,22.0,0.0,0.0,27.0,vitimas
2025,2025-06-01,PI,Morte por intervenção de Agente do Estado,3.0,0.0,0.0,3.0,0.0,0.0,3.0,vitimas
2025,2025-06-01,PI,Mortes a esclarecer (sem indício de crime),0.0,0.0,0.0,0.0,0.0,0.0,0.0,vitimas
2025,2025-06-01,PI,Mortes no trânsito,19.0,0.0,3.0,16.0,0.0,0.0,19.0,vitimas
2025,2025-06-01,PI,Pessoa Desaparecida,50.0,0.0,17.0,32.0,1.0,0.0,50.0,vitimas
2025,2025-06-01,PI,Pessoa Localizada,29.0,0.0,11.0,18.0,0.0,0.0,29.0,vitimas
2025,2025-06-01,PI,Realização de vistorias,0.0,584.0,0.0,0.0,0.0,0.0,584.0,ocorrencias
2025,2025-06-01,PI,Roubo a instituição financeira,0.0,0.0,0.0,0.0,0.0,0.0,0.0,ocorrencias
2025,2025-06-01,PI,Roubo de carga,0.0,0.0,0.0,0.0,0.0,0.0,0.0,ocorrencias
2025,2025-06-01,PI,Roubo de veículo,0.0,233.0,0.0,0.0,0.0,0.0,233.0,ocorrencias
2025,2025-06-01,PI,Roubo seguido de morte (latrocínio),1.0,0.0,0.0,1.0,0.0,0.0,1.0,vitimas
2025,2025-06-01,PI,Suicídio,31.0,0.0,3.0,28.0,0.0,0.0,31.0,vitimas
2025,2025-06-01,PI,Suicídio de Agente do Estado,1.0,0.0,0.0,1.0,0.0,0.0,1.0,vitimas
2025,2025-06-01,PI,Tentativa de feminicídio,4.0,0.0,4.0,0.0,0.0,0.0,4.0,vitimas
2025,2025-06-01,PI,Tentativa de homicídio,59.0,0.0,10.0,49.0,0.0,0.0,59.0,vitimas
2025,2025-06-01,PI,Tráfico de drogas,0.0,183.0,0.0,0.0,0.0,0.0,183.0,ocorrencias
2025,2025-06-01,PR,Apreensão de Cocaína,0.0,0.0,0.0,0.0,0.0,1341547.0,1341547.0,kg
2025,2025-06-01,PR,Apreensão de Maconha,0.0,0.0,0.0,0.0,0.0,131845241.0,131845241.0,kg
2025,2025-06-01,PR,Arma de Fogo Apreendida,0.0,465.0,0.0,0.0,0.0,0.0,465.0,ocorrencias
2025,2025-06-01,PR,Atendimento pré-hospitalar,0.0,3004.0,0.0,0.0,0.0,0.0,3004.0,ocorrencias
2025,2025-06-01,PR,Busca e salvamento,0.0,769.0,0.0,0.0,0.0,0.0,769.0,ocorrencias
2025,2025-06-01,PR,Combate a incêndios,0.0,695.0,0.0,0.0,0.0,0.0,695.0,ocorrencias
2025,2025-06-01,PR,Emissão de Alvarás de licença,0.0,23155.0,0.0,0.0,0.0,0.0,23155.0,ocorrencias
2025,2025-06-01,PR,Estupro,124.0,0.0,107.0,16.0,1.0,0.0,124.0,vitimas
2025,2025-06-01,PR,Estupro de vulnerável,429.0,0.0,350.0,74.0,5.0,0.0,429.0,vitimas
2025,2025-06-01,PR,Feminicídio,7.0,0.0,7.0,0.0,0.0,0.0,7.0,vitimas
2025,2025-06-01,PR,Furto de veículo,0.0,693.0,0.0,0.0,0.0,0.0,693.0,ocorrencias
2025,2025-06-01,PR,Homicídio doloso,83.0,0.0,7.0,74.0,2.0,0.0,83.0,vitimas
2025,2025-06-01,PR,Lesão corporal seguida de morte,9.0,0.0,0.0,9.0,0.0,0.0,9.0,vitimas
2025,2025-06-01,PR,Mandado de prisão cumprido,0.0,3458.0,0.0,0.0,0.0,0.0,3458.0,ocorrencias
2025,2025-06-01,PR,Morte de Agente do Estado,0.0,0.0,0.0,0.0,0.0,0.0,0.0,vitimas
2025,2025-06-01,PR,Morte no trânsito ou em decorrência dele (exceto homicídio doloso),67.0,0.0,9.0,57.0,1.0,0.0,67.0,vitimas
2025,2025-06-01,PR,Morte por intervenção de Agente do Estado,35.0,0.0,1.0,34.0,0.0,0.0,35.0,vitimas
2025,2025-06-01,PR,Mortes a esclarecer (sem indício de crime),1.0,0.0,1.0,0.0,0.0,0.0,1.0,vitimas
2025,2025-06-01,PR,Mortes no trânsito,40.0,0.0,6.0,34.0,0.0,0.0,40.0,vitimas
2025,2025-06-01,PR,Pessoa Desaparecida,515.0,0.0,205.0,310.0,0.0,0.0,515.0,vitimas
2025,2025-06-01,PR,Pessoa Localizada,361.0,0.0,136.0,225.0,0.0,0.0,361.0,vitimas
2025,2025-06-01,PR,Realização de vistorias,0.0,5480.0,0.0,0.0,0.0,0.0,5480.0,ocorrencias
2025,2025-06-01,PR,Roubo a instituição financeira,0.0,0.0,0.0,0.0,0.0,0.0,0.0,ocorrencias
2025,2025-06-01,PR,Roubo de carga,0.0,12.0,0.0,0.0,0.0,0.0,12.0,ocorrencias
2025,2025-06-01,PR,Roubo de veículo,0.0,127.0,0.0,0.0,0.0,0.0,127.0,ocorrencias
2025,2025-06-01,PR,Roubo seguido de morte (latrocínio),6.0,0.0,1.0,5.0,0.0,0.0,6.0,vitimas
2025,2025-06-01,PR,Suicídio,62.0,0.0,12.0,50.0,0.0,0.0,62.0,vitimas
2025,2025-06-01,PR,Suicídio de Agente do Estado,1.0,0.0,0.0,1.0,0.0,0.0,1.0,vitimas
2025,2025-06-01,PR,Tentativa de feminicídio,12.0,0.0,12.0,0.0,0.0,0.0,12.0,vitimas
2025,2025-06-01,PR,Tentativa de homicídio,50.0,0.0,13.0,37.0,0.0,0.0,50.0,vitimas
2025,2025-06-01,PR,Tráfico de drogas,0.0,1223.0,0.0,0.0,0.0,0.0,1223.0,ocorrencias
2025,2025-06-01,RJ,Apreensão de Cocaína,0.0,0.0,0.0,0.0,0.0,12168.0,12168.0,kg
2025,2025-06-01,RJ,Apreensão de Maconha,0.0,0.0,0.0,0.0,0.0,1727137.0,1727137.0,kg
2025,2025-06-01,RJ,Arma de Fogo Apreendida,0.0,441.0,0.0,0.0,0.0,0.0,441.0,ocorrencias
2025,2025-06-01,RJ,Atendimento pré-hospitalar,0.0,11783.0,0.0,0.0,0.0,0.0,11783.0,ocorrencias
2025,2025-06-01,RJ,Busca e salvamento,0.0,9913.0,0.0,0.0,0.0,0.0,9913.0,ocorrencias
2025,2025-06-01,RJ,Combate a incêndios,0.0,3099.0,0.0,0.0,0.0,0.0,3099.0,ocorrencias
2025,2025-06-01,RJ,Emissão de Alvarás de licença,0.0,3961.0,0.0,0.0,0.0,0.0,3961.0,ocorrencias
2025,2025-06-01,RJ,Estupro,147.0,0.0,133.0,13.0,1.0,0.0,147.0,vitimas
2025,2025-06-01,RJ,Estupro de vulnerável,360.0,0.0,301.0,53.0,6.0,0.0,360.0,vitimas
2025,2025-06-01,RJ,Feminicídio,7.0,0.0,7.0,0.0,0.0,0.0,7.0,vitimas
2025,2025-06-01,RJ,Furto de veículo,0.0,1344.0,0.0,0.0,0.0,0.0,1344.0,ocorrencias
2025,2025-06-01,RJ,Homicídio doloso,243.0,0.0,24.0,209.0,10.0,0.0,243.0,vitimas
2025,2025-06-01,RJ,Lesão corporal seguida de morte,5.0,0.0,0.0,5.0,0.0,0.0,5.0,vitimas
2025,2025-06-01,RJ,Mandado de prisão cumprido,0.0,907.0,0.0,0.0,0.0,0.0,907.0,ocorrencias
2025,2025-06-01,RJ,Morte de Agente do Estado,5.0,0.0,0.0,5.0,0.0,0.0,5.0,vitimas
2025,2025-06-01,RJ,Morte no trânsito ou em decorrência dele (exceto homicídio doloso),197.0,0.0,36.0,157.0,4.0,0.0,197.0,vitimas
2025,2025-06-01,RJ,Morte por intervenção de Agente do Estado,45.0,0.0,0.0,45.0,0.0,0.0,45.0,vitimas
2025,2025-06-01,RJ,Mortes a esclarecer (sem indício de crime),241.0,0.0,83.0,157.0,1.0,0.0,241.0,vitimas
2025,2025-06-01,RJ,Mortes no trânsito,28.0,0.0,3.0,25.0,0.0,0.0,28.0,vitimas
2025,2025-06-01,RJ,Pessoa Desaparecida,492.0,0.0,142.0,347.0,3.0,0.0,492.0,vitimas
2025,2025-06-01,RJ,Pessoa Localizada,209.0,0.0,3.0,9.0,197.0,0.0,209.0,vitimas
2025,2025-06-01,RJ,Realização de vistorias,0.0,385.0,0.0,0.0,0.0,0.0,385.0,ocorrencias
2025,2025-06-01,RJ,Roubo a instituição financeira,0.0,0.0,0.0,0.0,0.0,0.0,0.0,ocorrencias
2025,2025-06-01,RJ,Roubo de carga,0.0,315.0,0.0,0.0,0.0,0.0,315.0,ocorrencias
2025,2025-06-01,RJ,Roubo de veículo,0.0,1896.0,0.0,0.0,0.0,0.0,1896.0,ocorrencias
2025,2025-06-01,RJ,Roubo seguido de morte (latrocínio),1.0,0.0,0.0,1.0,0.0,0.0,1.0,vitimas
2025,2025-06-01,RJ,Suicídio,85.0,0.0,23.0,62.0,0.0,0.0,85.0,vitimas
2025,2025-06-01,RJ,Suicídio de Agente do Estado,2.0,0.0,0.0,2.0,0.0,0.0,2.0,vitimas
2025,2025-06-01,RJ,Tentativa de feminicídio,26.0,0.0,26.0,0.0,0.0,0.0,26.0,vitimas
2025,2025-06-01,RJ,Tentativa de homicídio,267.0,0.0,27.0,225.0,15.0,0.0,267.0,vitimas
2025,2025-06-01,RJ,Tráfico de drogas,0.0,1537.0,0.0,0.0,0.0,0.0,1537.0,ocorrencias
2025,2025-06-01,RN,Apreensão de Cocaína,0.0,0.0,0.0,0.0,0.0,32767.0,32767.0,kg
2025,2025-06-01,RN,Apreensão de Maconha,0.0,0.0,0.0,0.0,0.0,77578.0,77578.0,kg
2025,2025-06-01,RN,Arma de Fogo Apreendida,0.0,139.0,0.0,0.0,0.0,0.0,139.0,ocorrencias
2025,2025-06-01,RN,Atendimento pré-hospitalar,0.0,257.0,0.0,0.0,0.0,0.0,257.0,ocorrencias
2025,2025-06-01,RN,Busca e salvamento,0.0,607.0,0.0,0.0,0.0,0.0,607.0,ocorrencias
2025,2025-06-01,RN,Combate a incêndios,0.0,239.0,0.0,0.0,0.0,0.0,239.0,ocorrencias
2025,2025-06-01,RN,Emissão de Alvarás de licença,0.0,616.0,0.0,0.0,0.0,0.0,616.0,ocorrencias
2025,2025-06-01,RN,Estupro,24.0,0.0,24.0,0.0,0.0,0.0,24.0,vitimas
2025,2025-06-01,RN,Estupro de vulnerável,88.0,0.0,69.0,14.0,5.0,0.0,88.0,vitimas
2025,2025-06-01,RN,Feminicídio,0.0,0.0,0.0,0.0,0.0,0.0,0.0,vitimas
2025,2025-06-01,RN,Furto de veículo,0.0,165.0,0.0,0.0,0.0,0.0,165.0,ocorrencias
2025,2025-06-01,RN,Homicídio doloso,65.0,0.0,3.0,62.0,0.0,0.0,65.0,vitimas
2025,2025-06-01,RN,Lesão corporal seguida de morte,1.0,0.0,0.0,1.0,0.0,0.0,1.0,vitimas
2025,2025-06-01,RN,Mandado de prisão cumprido,0.0,297.0,0.0,0.0,0.0,0.0,297.0,ocorrencias
2025,2025-06-01,RN,Morte de Agente do Estado,0.0,0.0,0.0,0.0,0.0,0.0,0.0,vitimas
2025,2025-06-01,RN,Morte no trânsito ou em decorrência dele (exceto homicídio doloso),51.0,0.0,11.0,40.0,0.0,0.0,51.0,vitimas
2025,2025-06-01,RN,Morte por intervenção de Agente do Estado,9.0,0.0,0.0,9.0,0.0,0.0,9.0,vitimas
2025,2025-06-01,RN,Mortes a esclarecer (sem indício de crime),53.0,0.0,20.0,31.0,2.0,0.0,53.0,vitimas
2025,2025-06-01,RN,Mortes no trânsito,12.0,0.0,3.0,9.0,0.0,0.0,12.0,vitimas
2025,2025-06-01,RN,Pessoa Desaparecida,50.0,0.0,12.0,37.0,1.0,0.0,50.0,vitimas
2025,2025-06-01,RN,Pessoa Localizada,31.0,0.0,8.0,23.0,0.0,0.0,31.0,vitimas
2025,2025-06-01,RN,Realização de vistorias,0.0,657.0,0.0,0.0,0.0,0.0,657.0,ocorrencias
2025,2025-06-01,RN,Roubo a instituição financeira,0.0,1.0,0.0,0.0,0.0,0.0,1.0,ocorrencias
2025,2025-06-01,RN,Roubo de carga,0.0,1.0,0.0,0.0,0.0,0.0,1.0,ocorrencias
2025,2025-06-01,RN,Roubo de veículo,0.0,113.0,0.0,0.0,0.0,0.0,113.0,ocorrencias
2025,2025-06-01,RN,Roubo seguido de morte (latrocínio),1.0,0.0,0.0,1.0,0.0,0.0,1.0,vitimas
2025,2025-06-01,RN,Suicídio,27.0,0.0,6.0,21.0,0.0,0.0,27.0,vitimas
2025,2025-06-01,RN,Suicídio de Agente do Estado,0.0,0.0,0.0,0.0,0.0,0.0,0.0,vitimas
2025,2025-06-01,RN,Tentativa de feminicídio,4.0,0.0,4.0,0.0,0.0,0.0,4.0,vitimas
2025,2025-06-01,RN,Tentativa de homicídio,44.0,0.0,6.0,35.0,3.0,0.0,44.0,vitimas
2025,2025-06-01,RN,Tráfico de drogas,0.0,208.0,0.0,0.0,0.0,0.0,208.0,ocorrencias
2025,2025-06-01,RO,Apreensão de Cocaína,0.0,0.0,0.0,0.0,0.0,9675.0,9675.0,kg
2025,2025-06-01,RO,Apreensão de Maconha,0.0,0.0,0.0,0.0,0.0,55001.0,55001.0,kg
2025,2025-06-01,RO,Arma de Fogo Apreendida,0.0,317.0,0.0,0.0,0.0,0.0,317.0,ocorrencias
2025,2025-06-01,RO,Atendimento pré-hospitalar,0.0,1400.0,0.0,0.0,0.0,0.0,1400.0,ocorrencias
2025,2025-06-01,RO,Busca e salvamento,0.0,250.0,0.0,0.0,0.0,0.0,250.0,ocorrencias
2025,2025-06-01,RO,Combate a incêndios,0.0,330.0,0.0,0.0,0.0,0.0,330.0,ocorrencias
2025,2025-06-01,RO,Emissão de Alvarás de licença,0.0,2187.0,0.0,0.0,0.0,0.0,2187.0,ocorrencias
2025,2025-06-01,RO,Estupro,29.0,0.0,25.0,3.0,1.0,0.0,29.0,vitimas
2025,2025-06-01,RO,Estupro de vulnerável,107.0,0.0,87.0,11.0,9.0,0.0,107.0,vitimas
2025,2025-06-01,RO,Feminicídio,6.0,0.0,6.0,0.0,0.0,0.0,6.0,vitimas
2025,2025-06-01,RO,Furto de veículo,0.0,141.0,0.0,0.0,0.0,0.0,141.0,ocorrencias
2025,2025-06-01,RO,Homicídio doloso,40.0,0.0,1.0,39.0,0.0,0.0,40.0,vitimas
2025,2025-06-01,RO,Lesão corporal seguida de morte,0.0,0.0,0.0,0.0,0.0,0.0,0.0,vitimas
2025,2025-06-01,RO,Mandado de prisão cumprido,0.0,347.0,0.0,0.0,0.0,0.0,347.0,ocorrencias
2025,2025-06-01,RO,Morte de Agente do Estado,0.0,0.0,0.0,0.0,0.0,0.0,0.0,vitimas
2025,2025-06-01,RO,Morte no trânsito ou em decorrência dele (exceto homicídio doloso),34.0,0.0,4.0,30.0,0.0,0.0,34.0,vitimas
2025,2025-06-01,RO,Morte por intervenção de Agente do Estado,5.0,0.0,0.0,5.0,0.0,0.0,5.0,vitimas
2025,2025-06-01,RO,Mortes a esclarecer (sem indício de crime),32.0,0.0,6.0,26.0,0.0,0.0,32.0,vitimas
2025,2025-06-01,RO,Mortes no trânsito,9.0,0.0,1.0,8.0,0.0,0.0,9.0,vitimas
2025,2025-06-01,RO,Pessoa Desaparecida,95.0,0.0,32.0,63.0,0.0,0.0,95.0,vitimas
2025,2025-06-01,RO,Pessoa Localizada,2.0,0.0,1.0,1.0,0.0,0.0,2.0,vitimas
2025,2025-06-01,RO,Realização de vistorias,0.0,1485.0,0.0,0.0,0.0,0.0,1485.0,ocorrencias
2025,2025-06-01,RO,Roubo a instituição financeira,0.0,0.0,0.0,0.0,0.0,0.0,0.0,ocorrencias
2025,2025-06-01,RO,Roubo de carga,0.0,0.0,0.0,0.0,0.0,0.0,0.0,ocorrencias
2025,2025-06-01,RO,Roubo de veículo,0.0,40.0,0.0,0.0,0.0,0.0,40.0,ocorrencias
2025,2025-06-01,RO,Roubo seguido de morte (latrocínio),2.0,0.0,0.0,2.0,0.0,0.0,2.0,vitimas
2025,2025-06-01,RO,Suicídio,17.0,0.0,3.0,14.0,0.0,0.0,17.0,vitimas
2025,2025-06-01,RO,Suicídio de Agente do Estado,0.0,0.0,0.0,0.0,0.0,0.0,0.0,vitimas
2025,2025-06-01,RO,Tentativa de feminicídio,2.0,0.0,2.0,0.0,0.0,0.0,2.0,vitimas
2025,2025-06-01,RO,Tentativa de homicídio,55.0,0.0,13.0,42.0,0.0,0.0,55.0,vitimas
2025,2025-06-01,RO,Tráfico de drogas,0.0,135.0,0.0,0.0,0.0,0.0,135.0,ocorrencias
2025,2025-06-01,RR,Apreensão de Cocaína,0.0,0.0,0.0,0.0,0.0,5591.0,5591.0,kg
2025,2025-06-01,RR,Apreensão de Maconha,0.0,0.0,0.0,0.0,0.0,236426.0,236426.0,kg
2025,2025-06-01,RR,Arma de Fogo Apreendida,0.0,48.0,0.0,0.0,0.0,0.0,48.0,ocorrencias
2025,2025-06-01,RR,Atendimento pré-hospitalar,0.0,125.0,0.0,0.0,0.0,0.0,125.0,ocorrencias
2025,2025-06-01,RR,Busca e salvamento,0.0,152.0,0.0,0.0,0.0,0.0,152.0,ocorrencias
2025,2025-06-01,RR,Combate a incêndios,0.0,2.0,0.0,0.0,0.0,0.0,2.0,ocorrencias
2025,2025-06-01,RR,Emissão de Alvarás de licença,0.0,172.0,0.0,0.0,0.0,0.0,172.0,ocorrencias
2025,2025-06-01,RR,Estupro,15.0,0.0,12.0,2.0,1.0,0.0,15.0,vitimas
2025,2025-06-01,RR,Estupro de vulnerável,44.0,0.0,34.0,7.0,3.0,0.0,44.0,vitimas
2025,2025-06-01,RR,Feminicídio,0.0,0.0,0.0,0.0,0.0,0.0,0.0,vitimas
2025,2025-06-01,RR,Furto de veículo,0.0,59.0,0.0,0.0,0.0,0.0,59.0,ocorrencias
2025,2025-06-01,RR,Homicídio doloso,2.0,0.0,0.0,2.0,0.0,0.0,2.0,vitimas
2025,2025-06-01,RR,Lesão corporal seguida de morte,0.0,0.0,0.0,0.0,0.0,0.0,0.0,vitimas
2025,2025-06-01,RR,Mandado de prisão cumprido,0.0,100.0,0.0,0.0,0.0,0.0,100.0,ocorrencias
2025,2025-06-01,RR,Morte de Agente do Estado,0.0,0.0,0.0,0.0,0.0,0.0,0.0,vitimas
2025,2025-06-01,RR,Morte no trânsito ou em decorrência dele (exceto homicídio doloso),6.0,0.0,1.0,5.0,0.0,0.0,6.0,vitimas
2025,2025-06-01,RR,Morte por intervenção de Agente do Estado,2.0,0.0,0.0,2.0,0.0,0.0,2.0,vitimas
2025,2025-06-01,RR,Mortes a esclarecer (sem indício de crime),6.0,0.0,0.0,6.0,0.0,0.0,6.0,vitimas
2025,2025-06-01,RR,Mortes no trânsito,2.0,0.0,0.0,2.0,0.0,0.0,2.0,vitimas
2025,2025-06-01,RR,Pessoa Desaparecida,60.0,0.0,29.0,31.0,0.0,0.0,60.0,vitimas
2025,2025-06-01,RR,Pessoa Localizada,38.0,0.0,19.0,19.0,0.0,0.0,38.0,vitimas
2025,2025-06-01,RR,Realização de vistorias,0.0,56.0,0.0,0.0,0.0,0.0,56.0,ocorrencias
2025,2025-06-01,RR,Roubo a instituição financeira,0.0,0.0,0.0,0.0,0.0,0.0,0.0,ocorrencias
2025,2025-06-01,RR,Roubo de carga,0.0,1.0,0.0,0.0,0.0,0.0,1.0,ocorrencias
2025,2025-06-01,RR,Roubo de veículo,0.0,13.0,0.0,0.0,0.0,0.0,13.0,ocorrencias
2025,2025-06-01,RR,Roubo seguido de morte (latrocínio),1.0,0.0,0.0,1.0,0.0,0.0,1.0,vitimas
2025,2025-06-01,RR,Suicídio,8.0,0.0,1.0,7.0,0.0,0.0,8.0,vitimas
2025,2025-06-01,RR,Suicídio de Agente do Estado,0.0,0.0,0.0,0.0,0.0,0.0,0.0,vitimas
2025,2025-06-01,RR,Tentativa de feminicídio,3.0,0.0,3.0,0.0,0.0,0.0,3.0,vitimas
2025,2025-06-01,RR,Tentativa de homicídio,27.0,0.0,2.0,23.0,2.0,0.0,27.0,vitimas
2025,2025-06-01,RR,Tráfico de drogas,0.0,49.0,0.0,0.0,0.0,0.0,49.0,ocorrencias
2025,2025-06-01,RS,Apreensão de Cocaína,0.0,0.0,0.0,0.0,0.0,29770.0,29770.0,kg
2025,2025-06-01,RS,Apreensão de Maconha,0.0,0.0,0.0,0.0,0.0,18180239.0,18180239.0,kg
2025,2025-06-01,RS,Arma de Fogo Apreendida,0.0,726.0,0.0,0.0,0.0,0.0,726.0,ocorrencias
2025,2025-06-01,RS,Atendimento pré-hospitalar,0.0,3074.0,0.0,0.0,0.0,0.0,3074.0,ocorrencias
2025,2025-06-01,RS,Busca e salvamento,0.0,1049.0,0.0,0.0,0.0,0.0,1049.0,ocorrencias
2025,2025-06-01,RS,Combate a incêndios,0.0,1223.0,0.0,0.0,0.0,0.0,1223.0,ocorrencias
2025,2025-06-01,RS,Emissão de Alvarás de licença,0.0,3296.0,0.0,0.0,0.0,0.0,3296.0,ocorrencias
2025,2025-06-01,RS,Estupro,88.0,0.0,82.0,6.0,0.0,0.0,88.0,vitimas
2025,2025-06-01,RS,Estupro de vulnerável,293.0,0.0,248.0,45.0,0.0,0.0,293.0,vitimas
2025,2025-06-01,RS,Feminicídio,6.0,0.0,6.0,0.0,0.0,0.0,6.0,vitimas
2025,2025-06-01,RS,Furto de veículo,0.0,496.0,0.0,0.0,0.0,0.0,496.0,ocorrencias
2025,2025-06-01,RS,Homicídio doloso,91.0,0.0,13.0,78.0,0.0,0.0,91.0,vitimas
2025,2025-06-01,RS,Lesão corporal seguida de morte,2.0,0.0,0.0,2.0,0.0,0.0,2.0,vitimas
2025,2025-06-01,RS,Mandado de prisão cumprido,0.0,826.0,0.0,0.0,0.0,0.0,826.0,ocorrencias
2025,2025-06-01,RS,Morte de Agente do Estado,1.0,0.0,0.0,1.0,0.0,0.0,1.0,vitimas
2025,2025-06-01,RS,Morte no trânsito ou em decorrência dele (exceto homicídio doloso),93.0,0.0,24.0,69.0,0.0,0.0,93.0,vitimas
2025,2025-06-01,RS,Morte por intervenção de Agente do Estado,8.0,0.0,0.0,8.0,0.0,0.0,8.0,vitimas
2025,2025-06-01,RS,Mortes a esclarecer (sem indício de crime),111.0,0.0,33.0,78.0,0.0,0.0,111.0,vitimas
2025,2025-06-01,RS,Mortes no trânsito,27.0,0.0,7.0,20.0,0.0,0.0,27.0,vitimas
2025,2025-06-01,RS,Pessoa Desaparecida,546.0,0.0,221.0,325.0,0.0,0.0,546.0,vitimas
2025,2025-06-01,RS,Pessoa Localizada,580.0,0.0,245.0,335.0,0.0,0.0,580.0,vitimas
2025,2025-06-01,RS,Realização de vistorias,0.0,2205.0,0.0,0.0,0.0,0.0,2205.0,ocorrencias
2025,2025-06-01,RS,Roubo a instituição financeira,0.0,0.0,0.0,0.0,0.0,0.0,0.0,ocorrencias
2025,2025-06-01,RS,Roubo de carga,0.0,2.0,0.0,0.0,0.0,0.0,2.0,ocorrencias
2025,2025-06-01,RS,Roubo de veículo,0.0,133.0,0.0,0.0,0.0,0.0,133.0,ocorrencias
2025,2025-06-01,RS,Roubo seguido de morte (latrocínio),4.0,0.0,0.0,4.0,0.0,0.0,4.0,vitimas
2025,2025-06-01,RS,Suicídio,91.0,0.0,18.0,73.0,0.0,0.0,91.0,vitimas
2025,2025-06-01,RS,Suicídio de Agente do Estado,1.0,0.0,1.0,0.0,0.0,0.0,1.0,vitimas
2025,2025-06-01,RS,Tentativa de feminicídio,18.0,0.0,18.0,0.0,0.0,0.0,18.0,vitimas
2025,2025-06-01,RS,Tentativa de homicídio,134.0,0.0,21.0,113.0,0.0,0.0,134.0,vitimas
2025,2025-06-01,RS,Tráfico de drogas,0.0,1408.0,0.0,0.0,0.0,0.0,1408.0,ocorrencias
2025,2025-06-01,SC,Apreensão de Cocaína,0.0,0.0,0.0,0.0,0.0,545632.0,545632.0,kg
2025,2025-06-01,SC,Apreensão de Maconha,0.0,0.0,0.0,0.0,0.0,1682575.0,1682575.0,kg
2025,2025-06-01,SC,Arma de Fogo Apreendida,0.0,192.0,0.0,0.0,0.0,0.0,192.0,ocorrencias
2025,2025-06-01,SC,Atendimento pré-hospitalar,0.0,13165.0,0.0,0.0,0.0,0.0,13165.0,ocorrencias
2025,2025-06-01,SC,Busca e salvamento,0.0,942.0,0.0,0.0,0.0,0.0,942.0,ocorrencias
2025,2025-06-01,SC,Combate a incêndios,0.0,455.0,0.0,0.0,0.0,0.0,455.0,ocorrencias
2025,2025-06-01,SC,Emissão de Alvarás de licença,0.0,35568.0,0.0,0.0,0.0,0.0,35568.0,ocorrencias
2025,2025-06-01,SC,Estupro,82.0,0.0,71.0,11.0,0.0,0.0,82.0,vitimas
2025,2025-06-01,SC,Estupro de vulnerável,218.0,0.0,178.0,40.0,0.0,0.0,218.0,vitimas
2025,2025-06-01,SC,Feminicídio,3.0,0.0,3.0,0.0,0.0,0.0,3.0,vitimas
2025,2025-06-01,SC,Furto de veículo,0.0,451.0,0.0,0.0,0.0,0.0,451.0,ocorrencias
2025,2025-06-01,SC,Homicídio doloso,28.0,0.0,3.0,25.0,0.0,0.0,28.0,vitimas
2025,2025-06-01,SC,Lesão corporal seguida de morte,1.0,0.0,0.0,1.0,0.0,0.0,1.0,vitimas
2025,2025-06-01,SC,Mandado de prisão cumprido,0.0,1345.0,0.0,0.0,0.0,0.0,1345.0,ocorrencias
2025,2025-06-01,SC,Morte de Agente do Estado,0.0,0.0,0.0,0.0,0.0,0.0,0.0,vitimas
2025,2025-06-01,SC,Morte no trânsito ou em decorrência dele (exceto homicídio doloso),42.0,0.0,12.0,30.0,0.0,0.0,42.0,vitimas
2025,2025-06-01,SC,Morte por intervenção de Agente do Estado,7.0,0.0,0.0,7.0,0.0,0.0,7.0,vitimas
2025,2025-06-01,SC,Mortes a esclarecer (sem indício de crime),0.0,0.0,0.0,0.0,0.0,0.0,0.0,vitimas
2025,2025-06-01,SC,Mortes no trânsito,37.0,0.0,3.0,34.0,0.0,0.0,37.0,vitimas
2025,2025-06-01,SC,Pessoa Desaparecida,339.0,0.0,128.0,211.0,0.0,0.0,339.0,vitimas
2025,2025-06-01,SC,Pessoa Localizada,373.0,0.0,147.0,225.0,1.0,0.0,373.0,vitimas
2025,2025-06-01,SC,Realização de vistorias,0.0,8620.0,0.0,0.0,0.0,0.0,8620.0,ocorrencias
2025,2025-06-01,SC,Roubo a instituição financeira,0.0,0.0,0.0,0.0,0.0,0.0,0.0,ocorrencias
2025,2025-06-01,SC,Roubo de carga,0.0,0.0,0.0,0.0,0.0,0.0,0.0,ocorrencias
2025,2025-06-01,SC,Roubo de veículo,0.0,45.0,0.0,0.0,0.0,0.0,45.0,ocorrencias
2025,2025-06-01,SC,Roubo seguido de morte (latrocínio),0.0,0.0,0.0,0.0,0.0,0.0,0.0,vitimas
2025,2025-06-01,SC,Suicídio,72.0,0.0,19.0,53.0,0.0,0.0,72.0,vitimas
2025,2025-06-01,SC,Suicídio de Agente do Estado,0.0,0.0,0.0,0.0,0.0,0.0,0.0,vitimas
2025,2025-06-01,SC,Tentativa de feminicídio,12.0,0.0,12.0,0.0,0.0,0.0,12.0,vitimas
2025,2025-06-01,SC,Tentativa de homicídio,111.0,0.0,13.0,98.0,0.0,0.0,111.0,vitimas
2025,2025-06-01,SC,Tráfico de drogas,0.0,602.0,0.0,0.0,0.0,0.0,602.0,ocorrencias
2025,2025-06-01,SE,Apreensão de Cocaína,0.0,0.0,0.0,0.0,0.0,747.0,747.0,kg
2025,2025-06-01,SE,Apreensão de Maconha,0.0,0.0,0.0,0.0,0.0,334.0,334.0,kg
2025,2025-06-01,SE,Arma de Fogo Apreendida,0.0,69.0,0.0,0.0,0.0,0.0,69.0,ocorrencias
2025,2025-06-01,SE,Atendimento pré-hospitalar,0.0,40.0,0.0,0.0,0.0,0.0,40.0,ocorrencias
2025,2025-06-01,SE,Busca e salvamento,0.0,368.0,0.0,0.0,0.0,0.0,368.0,ocorrencias
2025,2025-06-01,SE,Combate a incêndios,0.0,69.0,0.0,0.0,0.0,0.0,69.0,ocorrencias
2025,2025-06-01,SE,Emissão de Alvarás de licença,0.0,977.0,0.0,0.0,0.0,0.0,977.0,ocorrencias
2025,2025-06-01,SE,Estupro,26.0,0.0,26.0,0.0,0.0,0.0,26.0,vitimas
2025,2025-06-01,SE,Estupro de vulnerável,57.0,0.0,52.0,3.0,2.0,0.0,57.0,vitimas
2025,2025-06-01,SE,Feminicídio,2.0,0.0,2.0,0.0,0.0,0.0,2.0,vitimas
2025,2025-06-01,SE,Furto de veículo,0.0,77.0,0.0,0.0,0.0,0.0,77.0,ocorrencias
2025,2025-06-01,SE,Homicídio doloso,24.0,0.0,1.0,23.0,0.0,0.0,24.0,vitimas
2025,2025-06-01,SE,Lesão corporal seguida de morte,0.0,0.0,0.0,0.0,0.0,0.0,0.0,vitimas
2025,2025-06-01,SE,Mandado de prisão cumprido,0.0,150.0,0.0,0.0,0.0,0.0,150.0,ocorrencias
2025,2025-06-01,SE,Morte de Agente do Estado,0.0,0.0,0.0,0.0,0.0,0.0,0.0,vitimas
2025,2025-06-01,SE,Morte no trânsito ou em decorrência dele (exceto homicídio doloso),16.0,0.0,6.0,9.0,1.0,0.0,16.0,vitimas
2025,2025-06-01,SE,Morte por intervenção de Agente do Estado,13.0,0.0,0.0,13.0,0.0,0.0,13.0,vitimas
2025,2025-06-01,SE,Mortes a esclarecer (sem indício de crime),34.0,0.0,8.0,24.0,2.0,0.0,34.0,vitimas
2025,2025-06-01,SE,Mortes no trânsito,9.0,0.0,3.0,6.0,0.0,0.0,9.0,vitimas
2025,2025-06-01,SE,Pessoa Desaparecida,68.0,0.0,28.0,40.0,0.0,0.0,68.0,vitimas
2025,2025-06-01,SE,Pessoa Localizada,60.0,0.0,27.0,33.0,0.0,0.0,60.0,vitimas
2025,2025-06-01,SE,Realização de vistorias,0.0,361.0,0.0,0.0,0.0,0.0,361.0,ocorrencias
2025,2025-06-01,SE,Roubo a instituição financeira,0.0,0.0,0.0,0.0,0.0,0.0,0.0,ocorrencias
2025,2025-06-01,SE,Roubo de carga,0.0,0.0,0.0,0.0,0.0,0.0,0.0,ocorrencias
2025,2025-06-01,SE,Roubo de veículo,0.0,23.0,0.0,0.0,0.0,0.0,23.0,ocorrencias
2025,2025-06-01,SE,Roubo seguido de morte (latrocínio),0.0,0.0,0.0,0.0,0.0,0.0,0.0,vitimas
2025,2025-06-01,SE,Suicídio,13.0,0.0,2.0,11.0,0.0,0.0,13.0,vitimas
2025,2025-06-01,SE,Suicídio de Agente do Estado,0.0,0.0,0.0,0.0,0.0,0.0,0.0,vitimas
2025,2025-06-01,SE,Tentativa de feminicídio,2.0,0.0,2.0,0.0,0.0,0.0,2.0,vitimas
2025,2025-06-01,SE,Tentativa de homicídio,43.0,0.0,6.0,34.0,3.0,0.0,43.0,vitimas
2025,2025-06-01,SE,Tráfico de drogas,0.0,106.0,0.0,0.0,0.0,0.0,106.0,ocorrencias
2025,2025-06-01,SP,Apreensão de Cocaína,0.0,0.0,0.0,0.0,0.0,6049165.0,6049165.0,kg
2025,2025-06-01,SP,Apreensão de Maconha,0.0,0.0,0.0,0.0,0.0,21788760.0,21788760.0,kg
2025,2025-06-01,SP,Arma de Fogo Apreendida,0.0,1084.0,0.0,0.0,0.0,0.0,1084.0,ocorrencias
2025,2025-06-01,SP,Atendimento pré-hospitalar,0.0,19328.0,0.0,0.0,0.0,0.0,19328.0,ocorrencias
2025,2025-06-01,SP,Busca e salvamento,0.0,4075.0,0.0,0.0,0.0,0.0,4075.0,ocorrencias
2025,2025-06-01,SP,Combate a incêndios,0.0,3258.0,0.0,0.0,0.0,0.0,3258.0,ocorrencias
2025,2025-06-01,SP,Emissão de Alvarás de licença,0.0,20311.0,0.0,0.0,0.0,0.0,20311.0,ocorrencias
2025,2025-06-01,SP,Estupro,258.0,0.0,241.0,17.0,0.0,0.0,258.0,vitimas
2025,2025-06-01,SP,Estupro de vulnerável,863.0,0.0,719.0,143.0,1.0,0.0,863.0,vitimas
2025,2025-06-01,SP,Feminicídio,21.0,0.0,21.0,0.0,0.0,0.0,21.0,vitimas
2025,2025-06-01,SP,Furto de veículo,0.0,6626.0,0.0,0.0,0.0,0.0,6626.0,ocorrencias
2025,2025-06-01,SP,Homicídio doloso,210.0,0.0,10.0,183.0,17.0,0.0,210.0,vitimas
2025,2025-06-01,SP,Lesão corporal seguida de morte,14.0,0.0,1.0,13.0,0.0,0.0,14.0,vitimas
2025,2025-06-01,SP,Mandado de prisão cumprido,0.0,7089.0,0.0,0.0,0.0,0.0,7089.0,ocorrencias
2025,2025-06-01,SP,Morte de Agente do Estado,1.0,0.0,0.0,1.0,0.0,0.0,1.0,vitimas
2025,2025-06-01,SP,Morte no trânsito ou em decorrência dele (exceto homicídio doloso),342.0,0.0,65.0,277.0,0.0,0.0,342.0,vitimas
2025,2025-06-01,SP,Morte por intervenção de Agente do Estado,66.0,0.0,1.0,64.0,1.0,0.0,66.0,vitimas
2025,2025-06-01,SP,Mortes a esclarecer (sem indício de crime),224.0,0.0,43.0,171.0,10.0,0.0,224.0,vitimas
2025,2025-06-01,SP,Mortes no trânsito,24.0,0.0,3.0,21.0,0.0,0.0,24.0,vitimas
2025,2025-06-01,SP,Pessoa Desaparecida,1636.0,0.0,546.0,1088.0,2.0,0.0,1636.0,vitimas
2025,2025-06-01,SP,Pessoa Localizada,1194.0,0.0,396.0,793.0,5.0,0.0,1194.0,vitimas
2025,2025-06-01,SP,Realização de vistorias,0.0,9681.0,0.0,0.0,0.0,0.0,9681.0,ocorrencias
2025,2025-06-01,SP,Roubo a instituição financeira,0.0,0.0,0.0,0.0,0.0,0.0,0.0,ocorrencias
2025,2025-06-01,SP,Roubo de carga,0.0,243.0,0.0,0.0,0.0,0.0,243.0,ocorrencias
2025,2025-06-01,SP,Roubo de veículo,0.0,1985.0,0.0,0.0,0.0,0.0,1985.0,ocorrencias
2025,2025-06-01,SP,Roubo seguido de morte (latrocínio),11.0,0.0,1.0,10.0,0.0,0.0,11.0,vitimas
2025,2025-06-01,SP,Suicídio,227.0,0.0,44.0,183.0,0.0,0.0,227.0,vitimas
2025,2025-06-01,SP,Suicídio de Agente do Estado,2.0,0.0,0.0,2.0,0.0,0.0,2.0,vitimas
2025,2025-06-01,SP,Tentativa de feminicídio,49.0,0.0,49.0,0.0,0.0,0.0,49.0,vitimas
2025,2025-06-01,SP,Tentativa de homicídio,318.0,0.0,51.0,264.0,3.0,0.0,318.0,vitimas
2025,2025-06-01,SP,Tráfico de drogas,0.0,3754.0,0.0,0.0,0.0,0.0,3754.0,ocorrencias
2025,2025-06-01,TO,Apreensão de Cocaína,0.0,0.0,0.0,0.0,0.0,6959.0,6959.0,kg
2025,2025-06-01,TO,Apreensão de Maconha,0.0,0.0,0.0,0.0,0.0,4207.0,4207.0,kg
2025,2025-06-01,TO,Arma de Fogo Apreendida,0.0,66.0,0.0,0.0,0.0,0.0,66.0,ocorrencias
2025,2025-06-01,TO,Atendimento pré-hospitalar,0.0,844.0,0.0,0.0,0.0,0.0,844.0,ocorrencias
2025,2025-06-01,TO,Busca e salvamento,0.0,219.0,0.0,0.0,0.0,0.0,219.0,ocorrencias
2025,2025-06-01,TO,Combate a incêndios,0.0,316.0,0.0,0.0,0.0,0.0,316.0,ocorrencias
2025,2025-06-01,TO,Emissão de Alvarás de licença,0.0,1297.0,0.0,0.0,0.0,0.0,1297.0,ocorrencias
2025,2025-06-01,TO,Estupro,11.0,0.0,9.0,2.0,0.0,0.0,11.0,vitimas
2025,2025-06-01,TO,Estupro de vulnerável,68.0,0.0,56.0,8.0,4.0,0.0,68.0,vitimas
2025,2025-06-01,TO,Feminicídio,1.0,0.0,1.0,0.0,0.0,0.0,1.0,vitimas
2025,2025-06-01,TO,Furto de veículo,0.0,121.0,0.0,0.0,0.0,0.0,121.0,ocorrencias
2025,2025-06-01,TO,Homicídio doloso,21.0,0.0,1.0,20.0,0.0,0.0,21.0,vitimas
2025,2025-06-01,TO,Lesão corporal seguida de morte,0.0,0.0,0.0,0.0,0.0,0.0,0.0,vitimas
2025,2025-06-01,TO,Mandado de prisão cumprido,0.0,192.0,0.0,0.0,0.0,0.0,192.0,ocorrencias
2025,2025-06-01,TO,Morte de Agente do Estado,0.0,0.0,0.0,0.0,0.0,0.0,0.0,vitimas
2025,2025-06-01,TO,Morte no trânsito ou em decorrência dele (exceto homicídio doloso),58.0,0.0,8.0,50.0,0.0,0.0,58.0,vitimas
2025,2025-06-01,TO,Morte por intervenção de Agente do Estado,2.0,0.0,0.0,2.0,0.0,0.0,2.0,vitimas
2025,2025-06-01,TO,Mortes a esclarecer (sem indício de crime),39.0,0.0,8.0,31.0,0.0,0.0,39.0,vitimas
2025,2025-06-01,TO,Mortes no trânsito,9.0,0.0,1.0,8.0,0.0,0.0,9.0,vitimas
2025,2025-06-01,TO,Pessoa Desaparecida,51.0,0.0,20.0,31.0,0.0,0.0,51.0,vitimas
2025,2025-06-01,TO,Pessoa Localizada,20.0,0.0,8.0,12.0,0.0,0.0,20.0,vitimas
2025,2025-06-01,TO,Realização de vistorias,0.0,1460.0,0.0,0.0,0.0,0.0,1460.0,ocorrencias
2025,2025-06-01,TO,Roubo a instituição financeira,0.0,1.0,0.0,0.0,0.0,0.0,1.0,ocorrencias
2025,2025-06-01,TO,Roubo de carga,0.0,0.0,0.0,0.0,0.0,0.0,0.0,ocorrencias
2025,2025-06-01,TO,Roubo de veículo,0.0,24.0,0.0,0.0,0.0,0.0,24.0,ocorrencias
2025,2025-06-01,TO,Roubo seguido de morte (latrocínio),2.0,0.0,0.0,1.0,1.0,0.0,2.0,vitimas
2025,2025-06-01,TO,Suicídio,12.0,0.0,3.0,9.0,0.0,0.0,12.0,vitimas
2025,2025-06-01,TO,Suicídio de Agente do Estado,0.0,0.0,0.0,0.0,0.0,0.0,0.0,vitimas
2025,2025-06-01,TO,Tentativa de feminicídio,3.0,0.0,3.0,0.0,0.0,0.0,3.0,vitimas
2025,2025-06-01,TO,Tentativa de homicídio,29.0,0.0,4.0,23.0,2.0,0.0,29.0,vitimas
2025,2025-06-01,TO,Tráfico de drogas,0.0,77.0,0.0,0.0,0.0,0.0,77.0,ocorrencias
2025,2025-07-01,AC,Apreensão de Cocaína,0.0,0.0,0.0,0.0,0.0,69583.0,69583.0,kg
2025,2025-07-01,AC,Apreensão de Maconha,0.0,0.0,0.0,0.0,0.0,163845.0,163845.0,kg
2025,2025-07-01,AC,Arma de Fogo Apreendida,0.0,51.0,0.0,0.0,0.0,0.0,51.0,ocorrencias
2025,2025-07-01,AC,Atendimento pré-hospitalar,0.0,122.0,0.0,0.0,0.0,0.0,122.0,ocorrencias
2025,2025-07-01,AC,Busca e salvamento,0.0,244.0,0.0,0.0,0.0,0.0,244.0,ocorrencias
2025,2025-07-01,AC,Combate a incêndios,0.0,922.0,0.0,0.0,0.0,0.0,922.0,ocorrencias
2025,2025-07-01,AC,Emissão de Alvarás de licença,0.0,576.0,0.0,0.0,0.0,0.0,576.0,ocorrencias
2025,2025-07-01,AC,Estupro,5.0,0.0,5.0,0.0,0.0,0.0,5.0,vitimas
2025,2025-07-01,AC,Estupro de vulnerável,45.0,0.0,44.0,1.0,0.0,0.0,45.0,vitimas
2025,2025-07-01,AC,Feminicídio,1.0,0.0,1.0,0.0,0.0,0.0,1.0,vitimas
2025,2025-07-01,AC,Furto de veículo,0.0,73.0,0.0,0.0,0.0,0.0,73.0,ocorrencias
2025,2025-07-01,AC,Homicídio doloso,12.0,0.0,1.0,11.0,0.0,0.0,12.0,vitimas
2025,2025-07-01,AC,Lesão corporal seguida de morte,0.0,0.0,0.0,0.0,0.0,0.0,0.0,vitimas
2025,2025-07-01,AC,Mandado de prisão cumprido,0.0,168.0,0.0,0.0,0.0,0.0,168.0,ocorrencias
2025,2025-07-01,AC,Morte de Agente do Estado,0.0,0.0,0.0,0.0,0.0,0.0,0.0,vitimas
2025,2025-07-01,AC,Morte no trânsito ou em decorrência dele (exceto homicídio doloso),12.0,0.0,3.0,9.0,0.0,0.0,12.0,vitimas
2025,2025-07-01,AC,Morte por intervenção de Agente do Estado,0.0,0.0,0.0,0.0,0.0,0.0,0.0,vitimas
2025,2025-07-01,AC,Mortes a esclarecer (sem indício de crime),12.0,0.0,1.0,9.0,2.0,0.0,12.0,vitimas
2025,2025-07-01,AC,Mortes no trânsito,1.0,0.0,0.0,1.0,0.0,0.0,1.0,vitimas
2025,2025-07-01,AC,Pessoa Desaparecida,39.0,0.0,18.0,18.0,3.0,0.0,39.0,vitimas
2025,2025-07-01,AC,Pessoa Localizada,34.0,0.0,15.0,17.0,2.0,0.0,34.0,vitimas
2025,2025-07-01,AC,Realização de vistorias,0.0,758.0,0.0,0.0,0.0,0.0,758.0,ocorrencias
2025,2025-07-01,AC,Roubo a instituição financeira,0.0,0.0,0.0,0.0,0.0,0.0,0.0,ocorrencias
2025,2025-07-01,AC,Roubo de carga,0.0,0.0,0.0,0.0,0.0,0.0,0.0,ocorrencias
2025,2025-07-01,AC,Roubo de veículo,0.0,31.0,0.0,0.0,0.0,0.0,31.0,ocorrencias
2025,2025-07-01,AC,Roubo seguido de morte (latrocínio),1.0,0.0,1.0,0.0,0.0,0.0,1.0,vitimas
2025,2025-07-01,AC,Suicídio,8.0,0.0,1.0,7.0,0.0,0.0,8.0,vitimas
2025,2025-07-01,AC,Suicídio de Agente do Estado,0.0,0.0,0.0,0.0,0.0,0.0,0.0,vitimas
2025,2025-07-01,AC,Tentativa de feminicídio,3.0,0.0,3.0,0.0,0.0,0.0,3.0,vitimas
2025,2025-07-01,AC,Tentativa de homicídio,16.0,0.0,3.0,13.0,0.0,0.0,16.0,vitimas
2025,2025-07-01,AC,Tráfico de drogas,0.0,99.0,0.0,0.0,0.0,0.0,99.0,ocorrencias
2025,2025-07-01,AL,Apreensão de Cocaína,0.0,0.0,0.0,0.0,0.0,1886.0,1886.0,kg
2025,2025-07-01,AL,Apreensão de Maconha,0.0,0.0,0.0,0.0,0.0,15544.0,15544.0,kg
2025,2025-07-01,AL,Arma de Fogo Apreendida,0.0,141.0,0.0,0.0,0.0,0.0,141.0,ocorrencias
2025,2025-07-01,AL,Atendimento pré-hospitalar,0.0,568.0,0.0,0.0,0.0,0.0,568.0,ocorrencias
2025,2025-07-01,AL,Busca e salvamento,0.0,368.0,0.0,0.0,0.0,0.0,368.0,ocorrencias
2025,2025-07-01,AL,Combate a incêndios,0.0,64.0,0.0,0.0,0.0,0.0,64.0,ocorrencias
2025,2025-07-01,AL,Emissão de Alvarás de licença,0.0,671.0,0.0,0.0,0.0,0.0,671.0,ocorrencias
2025,2025-07-01,AL,Estupro,16.0,0.0,15.0,1.0,0.0,0.0,16.0,vitimas
2025,2025-07-01,AL,Estupro de vulnerável,64.0,0.0,50.0,13.0,1.0,0.0,64.0,vitimas
2025,2025-07-01,AL,Feminicídio,2.0,0.0,2.0,0.0,0.0,0.0,2.0,vitimas
2025,2025-07-01,AL,Furto de veículo,0.0,116.0,0.0,0.0,0.0,0.0,116.0,ocorrencias
2025,2025-07-01,AL,Homicídio doloso,71.0,0.0,3.0,68.0,0.0,0.0,71.0,vitimas
2025,2025-07-01,AL,Lesão corporal seguida de morte,0.0,0.0,0.0,0.0,0.0,0.0,0.0,vitimas
2025,2025-07-01,AL,Mandado de prisão cumprido,0.0,329.0,0.0,0.0,0.0,0.0,329.0,ocorrencias
2025,2025-07-01,AL,Morte de Agente do Estado,0.0,0.0,0.0,0.0,0.0,0.0,0.0,vitimas
2025,2025-07-01,AL,Morte no trânsito ou em decorrência dele (exceto homicídio doloso),28.0,0.0,6.0,19.0,3.0,0.0,28.0,vitimas
2025,2025-07-01,AL,Morte por intervenção de Agente do Estado,14.0,0.0,0.0,13.0,1.0,0.0,14.0,vitimas
2025,2025-07-01,AL,Mortes a esclarecer (sem indício de crime),68.0,0.0,16.0,47.0,5.0,0.0,68.0,vitimas
2025,2025-07-01,AL,Mortes no trânsito,11.0,0.0,0.0,11.0,0.0,0.0,11.0,vitimas
2025,2025-07-01,AL,Pessoa Desaparecida,56.0,0.0,19.0,37.0,0.0,0.0,56.0,vitimas
2025,2025-07-01,AL,Pessoa Localizada,41.0,0.0,12.0,29.0,0.0,0.0,41.0,vitimas
2025,2025-07-01,AL,Realização de vistorias,0.0,1338.0,0.0,0.0,0.0,0.0,1338.0,ocorrencias
2025,2025-07-01,AL,Roubo a instituição financeira,0.0,0.0,0.0,0.0,0.0,0.0,0.0,ocorrencias
2025,2025-07-01,AL,Roubo de carga,0.0,1.0,0.0,0.0,0.0,0.0,1.0,ocorrencias
2025,2025-07-01,AL,Roubo de veículo,0.0,109.0,0.0,0.0,0.0,0.0,109.0,ocorrencias
2025,2025-07-01,AL,Roubo seguido de morte (latrocínio),2.0,0.0,1.0,1.0,0.0,0.0,2.0,vitimas
2025,2025-07-01,AL,Suicídio,13.0,0.0,1.0,12.0,0.0,0.0,13.0,vitimas
2025,2025-07-01,AL,Suicídio de Agente do Estado,0.0,0.0,0.0,0.0,0.0,0.0,0.0,vitimas
2025,2025-07-01,AL,Tentativa de feminicídio,6.0,0.0,6.0,0.0,0.0,0.0,6.0,vitimas
2025,2025-07-01,AL,Tentativa de homicídio,57.0,0.0,11.0,43.0,3.0,0.0,57.0,vitimas
2025,2025-07-01,AL,Tráfico de drogas,0.0,132.0,0.0,0.0,0.0,0.0,132.0,ocorrencias
2025,2025-07-01,AM,Apreensão de Cocaína,0.0,0.0,0.0,0.0,0.0,1038.0,1038.0,kg
2025,2025-07-01,AM,Apreensão de Maconha,0.0,0.0,0.0,0.0,0.0,2132500.0,2132500.0,kg
2025,2025-07-01,AM,Arma de Fogo Apreendida,0.0,140.0,0.0,0.0,0.0,0.0,140.0,ocorrencias
2025,2025-07-01,AM,Atendimento pré-hospitalar,0.0,149.0,0.0,0.0,0.0,0.0,149.0,ocorrencias
2025,2025-07-01,AM,Busca e salvamento,0.0,6.0,0.0,0.0,0.0,0.0,6.0,ocorrencias
2025,2025-07-01,AM,Combate a incêndios,0.0,179.0,0.0,0.0,0.0,0.0,179.0,ocorrencias
2025,2025-07-01,AM,Emissão de Alvarás de licença,0.0,640.0,0.0,0.0,0.0,0.0,640.0,ocorrencias
2025,2025-07-01,AM,Estupro,36.0,0.0,31.0,5.0,0.0,0.0,36.0,vitimas
2025,2025-07-01,AM,Estupro de vulnerável,120.0,0.0,100.0,15.0,5.0,0.0,120.0,vitimas
2025,2025-07-01,AM,Feminicídio,3.0,0.0,3.0,0.0,0.0,0.0,3.0,vitimas
2025,2025-07-01,AM,Furto de veículo,0.0,150.0,0.0,0.0,0.0,0.0,150.0,ocorrencias
2025,2025-07-01,AM,Homicídio doloso,63.0,0.0,3.0,59.0,1.0,0.0,63.0,vitimas
2025,2025-07-01,AM,Lesão corporal seguida de morte,1.0,0.0,0.0,1.0,0.0,0.0,1.0,vitimas
2025,2025-07-01,AM,Mandado de prisão cumprido,0.0,425.0,0.0,0.0,0.0,0.0,425.0,ocorrencias
2025,2025-07-01,AM,Morte de Agente do Estado,0.0,0.0,0.0,0.0,0.0,0.0,0.0,vitimas
2025,2025-07-01,AM,Morte no trânsito ou em decorrência dele (exceto homicídio doloso),16.0,0.0,1.0,15.0,0.0,0.0,16.0,vitimas
2025,2025-07-01,AM,Morte por intervenção de Agente do Estado,2.0,0.0,0.0,2.0,0.0,0.0,2.0,vitimas
2025,2025-07-01,AM,Mortes a esclarecer (sem indício de crime),1.0,0.0,0.0,1.0,0.0,0.0,1.0,vitimas
2025,2025-07-01,AM,Mortes no trânsito,4.0,0.0,2.0,2.0,0.0,0.0,4.0,vitimas
2025,2025-07-01,AM,Pessoa Desaparecida,76.0,0.0,35.0,41.0,0.0,0.0,76.0,vitimas
2025,2025-07-01,AM,Pessoa Localizada,43.0,0.0,20.0,23.0,0.0,0.0,43.0,vitimas
2025,2025-07-01,AM,Realização de vistorias,0.0,603.0,0.0,0.0,0.0,0.0,603.0,ocorrencias
2025,2025-07-01,AM,Roubo a instituição financeira,0.0,0.0,0.0,0.0,0.0,0.0,0.0,ocorrencias
2025,2025-07-01,AM,Roubo de carga,0.0,1.0,0.0,0.0,0.0,0.0,1.0,ocorrencias
2025,2025-07-01,AM,Roubo de veículo,0.0,52.0,0.0,0.0,0.0,0.0,52.0,ocorrencias
2025,2025-07-01,AM,Roubo seguido de morte (latrocínio),0.0,0.0,0.0,0.0,0.0,0.0,0.0,vitimas
2025,2025-07-01,AM,Suicídio,29.0,0.0,5.0,24.0,0.0,0.0,29.0,vitimas
2025,2025-07-01,AM,Suicídio de Agente do Estado,0.0,0.0,0.0,0.0,0.0,0.0,0.0,vitimas
2025,2025-07-01,AM,Tentativa de feminicídio,11.0,0.0,11.0,0.0,0.0,0.0,11.0,vitimas
2025,2025-07-01,AM,Tentativa de homicídio,45.0,0.0,6.0,39.0,0.0,0.0,45.0,vitimas
2025,2025-07-01,AM,Tráfico de drogas,0.0,302.0,0.0,0.0,0.0,0.0,302.0,ocorrencias
2025,2025-07-01,AP,Apreensão de Cocaína,0.0,0.0,0.0,0.0,0.0,469.0,469.0,kg
2025,2025-07-01,AP,Apreensão de Maconha,0.0,0.0,0.0,0.0,0.0,2083.0,2083.0,kg
2025,2025-07-01,AP,Arma de Fogo Apreendida,0.0,62.0,0.0,0.0,0.0,0.0,62.0,ocorrencias
2025,2025-07-01,AP,Atendimento pré-hospitalar,0.0,616.0,0.0,0.0,0.0,0.0,616.0,ocorrencias
2025,2025-07-01,AP,Busca e salvamento,0.0,244.0,0.0,0.0,0.0,0.0,244.0,ocorrencias
2025,2025-07-01,AP,Combate a incêndios,0.0,68.0,0.0,0.0,0.0,0.0,68.0,ocorrencias
2025,2025-07-01,AP,Emissão de Alvarás de licença,0.0,362.0,0.0,0.0,0.0,0.0,362.0,ocorrencias
2025,2025-07-01,AP,Estupro,20.0,0.0,18.0,2.0,0.0,0.0,20.0,vitimas
2025,2025-07-01,AP,Estupro de vulnerável,46.0,0.0,38.0,5.0,3.0,0.0,46.0,vitimas
2025,2025-07-01,AP,Feminicídio,0.0,0.0,0.0,0.0,0.0,0.0,0.0,vitimas
2025,2025-07-01,AP,Furto de veículo,0.0,33.0,0.0,0.0,0.0,0.0,33.0,ocorrencias
2025,2025-07-01,AP,Homicídio doloso,16.0,0.0,1.0,15.0,0.0,0.0,16.0,vitimas
2025,2025-07-01,AP,Lesão corporal seguida de morte,0.0,0.0,0.0,0.0,0.0,0.0,0.0,vitimas
2025,2025-07-01,AP,Mandado de prisão cumprido,0.0,170.0,0.0,0.0,0.0,0.0,170.0,ocorrencias
2025,2025-07-01,AP,Morte de Agente do Estado,1.0,0.0,0.0,1.0,0.0,0.0,1.0,vitimas
2025,2025-07-01,AP,Morte no trânsito ou em decorrência dele (exceto homicídio doloso),10.0,0.0,1.0,9.0,0.0,0.0,10.0,vitimas
2025,2025-07-01,AP,Morte por intervenção de Agente do Estado,20.0,0.0,0.0,20.0,0.0,0.0,20.0,vitimas
2025,2025-07-01,AP,Mortes a esclarecer (sem indício de crime),0.0,0.0,0.0,0.0,0.0,0.0,0.0,vitimas
2025,2025-07-01,AP,Mortes no trânsito,1.0,0.0,0.0,1.0,0.0,0.0,1.0,vitimas
2025,2025-07-01,AP,Pessoa Desaparecida,36.0,0.0,20.0,16.0,0.0,0.0,36.0,vitimas
2025,2025-07-01,AP,Pessoa Localizada,32.0,0.0,18.0,14.0,0.0,0.0,32.0,vitimas
2025,2025-07-01,AP,Realização de vistorias,0.0,792.0,0.0,0.0,0.0,0.0,792.0,ocorrencias
2025,2025-07-01,AP,Roubo a instituição financeira,0.0,0.0,0.0,0.0,0.0,0.0,0.0,ocorrencias
2025,2025-07-01,AP,Roubo de carga,0.0,0.0,0.0,0.0,0.0,0.0,0.0,ocorrencias
2025,2025-07-01,AP,Roubo de veículo,0.0,7.0,0.0,0.0,0.0,0.0,7.0,ocorrencias
2025,2025-07-01,AP,Roubo seguido de morte (latrocínio),0.0,0.0,0.0,0.0,0.0,0.0,0.0,vitimas
2025,2025-07-01,AP,Suicídio,5.0,0.0,2.0,3.0,0.0,0.0,5.0,vitimas
2025,2025-07-01,AP,Suicídio de Agente do Estado,0.0,0.0,0.0,0.0,0.0,0.0,0.0,vitimas
2025,2025-07-01,AP,Tentativa de feminicídio,2.0,0.0,2.0,0.0,0.0,0.0,2.0,vitimas
2025,2025-07-01,AP,Tentativa de homicídio,16.0,0.0,5.0,11.0,0.0,0.0,16.0,vitimas
2025,2025-07-01,AP,Tráfico de drogas,0.0,93.0,0.0,0.0,0.0,0.0,93.0,ocorrencias
2025,2025-07-01,BA,Apreensão de Cocaína,0.0,0.0,0.0,0.0,0.0,91571.0,91571.0,kg
2025,2025-07-01,BA,Apreensão de Maconha,0.0,0.0,0.0,0.0,0.0,9088.0,9088.0,kg
2025,2025-07-01,BA,Arma de Fogo Apreendida,0.0,595.0,0.0,0.0,0.0,0.0,595.0,ocorrencias
2025,2025-07-01,BA,Atendimento pré-hospitalar,0.0,463.0,0.0,0.0,0.0,0.0,463.0,ocorrencias
2025,2025-07-01,BA,Busca e salvamento,0.0,658.0,0.0,0.0,0.0,0.0,658.0,ocorrencias
2025,2025-07-01,BA,Combate a incêndios,0.0,675.0,0.0,0.0,0.0,0.0,675.0,ocorrencias
2025,2025-07-01,BA,Emissão de Alvarás de licença,0.0,3817.0,0.0,0.0,0.0,0.0,3817.0,ocorrencias
2025,2025-07-01,BA,Estupro,84.0,0.0,80.0,2.0,2.0,0.0,84.0,vitimas
2025,2025-07-01,BA,Estupro de vulnerável,290.0,0.0,236.0,49.0,5.0,0.0,290.0,vitimas
2025,2025-07-01,BA,Feminicídio,5.0,0.0,5.0,0.0,0.0,0.0,5.0,vitimas
2025,2025-07-01,BA,Furto de veículo,0.0,667.0,0.0,0.0,0.0,0.0,667.0,ocorrencias
2025,2025-07-01,BA,Homicídio doloso,304.0,0.0,17.0,287.0,0.0,0.0,304.0,vitimas
2025,2025-07-01,BA,Lesão corporal seguida de morte,4.0,0.0,0.0,4.0,0.0,0.0,4.0,vitimas
2025,2025-07-01,BA,Mandado de prisão cumprido,0.0,1071.0,0.0,0.0,0.0,0.0,1071.0,ocorrencias
2025,2025-07-01,BA,Morte de Agente do Estado,0.0,0.0,0.0,0.0,0.0,0.0,0.0,vitimas
2025,2025-07-01,BA,Morte no trânsito ou em decorrência dele (exceto homicídio doloso),66.0,0.0,18.0,44.0,4.0,0.0,66.0,vitimas
2025,2025-07-01,BA,Morte por intervenção de Agente do Estado,144.0,0.0,2.0,142.0,0.0,0.0,144.0,vitimas
2025,2025-07-01,BA,Mortes a esclarecer (sem indício de crime),71.0,0.0,17.0,48.0,6.0,0.0,71.0,vitimas
2025,2025-07-01,BA,Mortes no trânsito,52.0,0.0,17.0,35.0,0.0,0.0,52.0,vitimas
2025,2025-07-01,BA,Pessoa Desaparecida,306.0,0.0,107.0,191.0,8.0,0.0,306.0,vitimas
2025,2025-07-01,BA,Pessoa Localizada,63.0,0.0,17.0,46.0,0.0,0.0,63.0,vitimas
2025,2025-07-01,BA,Realização de vistorias,0.0,1309.0,0.0,0.0,0.0,0.0,1309.0,ocorrencias
2025,2025-07-01,BA,Roubo a instituição financeira,0.0,0.0,0.0,0.0,0.0,0.0,0.0,ocorrencias
2025,2025-07-01,BA,Roubo de carga,0.0,19.0,0.0,0.0,0.0,0.0,19.0,ocorrencias
2025,2025-07-01,BA,Roubo de veículo,0.0,869.0,0.0,0.0,0.0,0.0,869.0,ocorrencias
2025,2025-07-01,BA,Roubo seguido de morte (latrocínio),2.0,0.0,0.0,2.0,0.0,0.0,2.0,vitimas
2025,2025-07-01,BA,Suicídio,77.0,0.0,14.0,62.0,1.0,0.0,77.0,vitimas
2025,2025-07-01,BA,Suicídio de Agente do Estado,0.0,0.0,0.0,0.0,0.0,0.0,0.0,vitimas
2025,2025-07-01,BA,Tentativa de feminicídio,18.0,0.0,18.0,0.0,0.0,0.0,18.0,vitimas
2025,2025-07-01,BA,Tentativa de homicídio,260.0,0.0,36.0,202.0,22.0,0.0,260.0,vitimas
2025,2025-07-01,BA,Tráfico de drogas,0.0,754.0,0.0,0.0,0.0,0.0,754.0,ocorrencias
2025,2025-07-01,CE,Apreensão de Cocaína,0.0,0.0,0.0,0.0,0.0,27770.0,27770.0,kg
2025,2025-07-01,CE,Apreensão de Maconha,0.0,0.0,0.0,0.0,0.0,74427.0,74427.0,kg
2025,2025-07-01,CE,Arma de Fogo Apreendida,0.0,619.0,0.0,0.0,0.0,0.0,619.0,ocorrencias
2025,2025-07-01,CE,Atendimento pré-hospitalar,0.0,46.0,0.0,0.0,0.0,0.0,46.0,ocorrencias
2025,2025-07-01,CE,Busca e salvamento,0.0,2284.0,0.0,0.0,0.0,0.0,2284.0,ocorrencias
2025,2025-07-01,CE,Combate a incêndios,0.0,746.0,0.0,0.0,0.0,0.0,746.0,ocorrencias
2025,2025-07-01,CE,Emissão de Alvarás de licença,0.0,3816.0,0.0,0.0,0.0,0.0,3816.0,ocorrencias
2025,2025-07-01,CE,Estupro,24.0,0.0,21.0,3.0,0.0,0.0,24.0,vitimas
2025,2025-07-01,CE,Estupro de vulnerável,115.0,0.0,92.0,23.0,0.0,0.0,115.0,vitimas
2025,2025-07-01,CE,Feminicídio,5.0,0.0,5.0,0.0,0.0,0.0,5.0,vitimas
2025,2025-07-01,CE,Furto de veículo,0.0,436.0,0.0,0.0,0.0,0.0,436.0,ocorrencias
2025,2025-07-01,CE,Homicídio doloso,253.0,0.0,26.0,227.0,0.0,0.0,253.0,vitimas
2025,2025-07-01,CE,Lesão corporal seguida de morte,1.0,0.0,0.0,1.0,0.0,0.0,1.0,vitimas
2025,2025-07-01,CE,Mandado de prisão cumprido,0.0,855.0,0.0,0.0,0.0,0.0,855.0,ocorrencias
2025,2025-07-01,CE,Morte de Agente do Estado,0.0,0.0,0.0,0.0,0.0,0.0,0.0,vitimas
2025,2025-07-01,CE,Morte no trânsito ou em decorrência dele (exceto homicídio doloso),159.0,0.0,18.0,141.0,0.0,0.0,159.0,vitimas
2025,2025-07-01,CE,Morte por intervenção de Agente do Estado,19.0,0.0,0.0,19.0,0.0,0.0,19.0,vitimas
2025,2025-07-01,CE,Mortes a esclarecer (sem indício de crime),37.0,0.0,29.0,7.0,1.0,0.0,37.0,vitimas
2025,2025-07-01,CE,Mortes no trânsito,14.0,0.0,1.0,13.0,0.0,0.0,14.0,vitimas
2025,2025-07-01,CE,Pessoa Desaparecida,219.0,0.0,69.0,150.0,0.0,0.0,219.0,vitimas
2025,2025-07-01,CE,Pessoa Localizada,136.0,0.0,41.0,95.0,0.0,0.0,136.0,vitimas
2025,2025-07-01,CE,Realização de vistorias,0.0,4953.0,0.0,0.0,0.0,0.0,4953.0,ocorrencias
2025,2025-07-01,CE,Roubo a instituição financeira,0.0,0.0,0.0,0.0,0.0,0.0,0.0,ocorrencias
2025,2025-07-01,CE,Roubo de carga,0.0,5.0,0.0,0.0,0.0,0.0,5.0,ocorrencias
2025,2025-07-01,CE,Roubo de veículo,0.0,446.0,0.0,0.0,0.0,0.0,446.0,ocorrencias
2025,2025-07-01,CE,Roubo seguido de morte (latrocínio),1.0,0.0,0.0,1.0,0.0,0.0,1.0,vitimas
2025,2025-07-01,CE,Suicídio,62.0,0.0,16.0,46.0,0.0,0.0,62.0,vitimas
2025,2025-07-01,CE,Suicídio de Agente do Estado,1.0,0.0,0.0,1.0,0.0,0.0,1.0,vitimas
2025,2025-07-01,CE,Tentativa de feminicídio,9.0,0.0,0.0,9.0,0.0,0.0,9.0,vitimas
2025,2025-07-01,CE,Tentativa de homicídio,132.0,0.0,109.0,23.0,0.0,0.0,132.0,vitimas
2025,2025-07-01,CE,Tráfico de drogas,0.0,638.0,0.0,0.0,0.0,0.0,638.0,ocorrencias
2025,2025-07-01,DF,Apreensão de Cocaína,0.0,0.0,0.0,0.0,0.0,33.0,33.0,kg
2025,2025-07-01,DF,Apreensão de Maconha,0.0,0.0,0.0,0.0,0.0,2534.0,2534.0,kg
2025,2025-07-01,DF,Arma de Fogo Apreendida,0.0,130.0,0.0,0.0,0.0,0.0,130.0,ocorrencias
2025,2025-07-01,DF,Atendimento pré-hospitalar,0.0,5987.0,0.0,0.0,0.0,0.0,5987.0,ocorrencias
2025,2025-07-01,DF,Busca e salvamento,0.0,3096.0,0.0,0.0,0.0,0.0,3096.0,ocorrencias
2025,2025-07-01,DF,Combate a incêndios,0.0,3597.0,0.0,0.0,0.0,0.0,3597.0,ocorrencias
2025,2025-07-01,DF,Emissão de Alvarás de licença,0.0,11654.0,0.0,0.0,0.0,0.0,11654.0,ocorrencias
2025,2025-07-01,DF,Estupro,25.0,0.0,25.0,0.0,0.0,0.0,25.0,vitimas
2025,2025-07-01,DF,Estupro de vulnerável,48.0,0.0,45.0,3.0,0.0,0.0,48.0,vitimas
2025,2025-07-01,DF,Feminicídio,3.0,0.0,3.0,0.0,0.0,0.0,3.0,vitimas
2025,2025-07-01,DF,Furto de veículo,0.0,230.0,0.0,0.0,0.0,0.0,230.0,ocorrencias
2025,2025-07-01,DF,Homicídio doloso,12.0,0.0,1.0,11.0,0.0,0.0,12.0,vitimas
2025,2025-07-01,DF,Lesão corporal seguida de morte,0.0,0.0,0.0,0.0,0.0,0.0,0.0,vitimas
2025,2025-07-01,DF,Mandado de prisão cumprido,0.0,785.0,0.0,0.0,0.0,0.0,785.0,ocorrencias
2025,2025-07-01,DF,Morte de Agente do Estado,0.0,0.0,0.0,0.0,0.0,0.0,0.0,vitimas
2025,2025-07-01,DF,Morte no trânsito ou em decorrência dele (exceto homicídio doloso),14.0,0.0,3.0,11.0,0.0,0.0,14.0,vitimas
2025,2025-07-01,DF,Morte por intervenção de Agente do Estado,0.0,0.0,0.0,0.0,0.0,0.0,0.0,vitimas
2025,2025-07-01,DF,Mortes a esclarecer (sem indício de crime),0.0,0.0,0.0,0.0,0.0,0.0,0.0,vitimas
2025,2025-07-01,DF,Mortes no trânsito,5.0,0.0,1.0,4.0,0.0,0.0,5.0,vitimas
2025,2025-07-01,DF,Pessoa Desaparecida,160.0,0.0,54.0,106.0,0.0,0.0,160.0,vitimas
2025,2025-07-01,DF,Pessoa Localizada,160.0,0.0,54.0,106.0,0.0,0.0,160.0,vitimas
2025,2025-07-01,DF,Realização de vistorias,0.0,945.0,0.0,0.0,0.0,0.0,945.0,ocorrencias
2025,2025-07-01,DF,Roubo a instituição financeira,0.0,0.0,0.0,0.0,0.0,0.0,0.0,ocorrencias
2025,2025-07-01,DF,Roubo de carga,0.0,0.0,0.0,0.0,0.0,0.0,0.0,ocorrencias
2025,2025-07-01,DF,Roubo de veículo,0.0,56.0,0.0,0.0,0.0,0.0,56.0,ocorrencias
2025,2025-07-01,DF,Roubo seguido de morte (latrocínio),0.0,0.0,0.0,0.0,0.0,0.0,0.0,vitimas
2025,2025-07-01,DF,Suicídio,24.0,0.0,6.0,18.0,0.0,0.0,24.0,vitimas
2025,2025-07-01,DF,Suicídio de Agente do Estado,0.0,0.0,0.0,0.0,0.0,0.0,0.0,vitimas
2025,2025-07-01,DF,Tentativa de feminicídio,6.0,0.0,6.0,0.0,0.0,0.0,6.0,vitimas
2025,2025-07-01,DF,Tentativa de homicídio,35.0,0.0,2.0,33.0,0.0,0.0,35.0,vitimas
2025,2025-07-01,DF,Tráfico de drogas,0.0,296.0,0.0,0.0,0.0,0.0,296.0,ocorrencias
2025,2025-07-01,ES,Apreensão de Cocaína,0.0,0.0,0.0,0.0,0.0,8416.0,8416.0,kg
2025,2025-07-01,ES,Apreensão de Maconha,0.0,0.0,0.0,0.0,0.0,53546.0,53546.0,kg
2025,2025-07-01,ES,Arma de Fogo Apreendida,0.0,310.0,0.0,0.0,0.0,0.0,310.0,ocorrencias
2025,2025-07-01,ES,Atendimento pré-hospitalar,0.0,775.0,0.0,0.0,0.0,0.0,775.0,ocorrencias
2025,2025-07-01,ES,Busca e salvamento,0.0,309.0,0.0,0.0,0.0,0.0,309.0,ocorrencias
2025,2025-07-01,ES,Combate a incêndios,0.0,467.0,0.0,0.0,0.0,0.0,467.0,ocorrencias
2025,2025-07-01,ES,Emissão de Alvarás de licença,0.0,4251.0,0.0,0.0,0.0,0.0,4251.0,ocorrencias
2025,2025-07-01,ES,Estupro,27.0,0.0,25.0,0.0,2.0,0.0,27.0,vitimas
2025,2025-07-01,ES,Estupro de vulnerável,71.0,0.0,62.0,4.0,5.0,0.0,71.0,vitimas
2025,2025-07-01,ES,Feminicídio,2.0,0.0,2.0,0.0,0.0,0.0,2.0,vitimas
2025,2025-07-01,ES,Furto de veículo,0.0,301.0,0.0,0.0,0.0,0.0,301.0,ocorrencias
2025,2025-07-01,ES,Homicídio doloso,64.0,0.0,2.0,62.0,0.0,0.0,64.0,vitimas
2025,2025-07-01,ES,Lesão corporal seguida de morte,0.0,0.0,0.0,0.0,0.0,0.0,0.0,vitimas
2025,2025-07-01,ES,Mandado de prisão cumprido,0.0,632.0,0.0,0.0,0.0,0.0,632.0,ocorrencias
2025,2025-07-01,ES,Morte de Agente do Estado,0.0,0.0,0.0,0.0,0.0,0.0,0.0,vitimas
2025,2025-07-01,ES,Morte no trânsito ou em decorrência dele (exceto homicídio doloso),90.0,0.0,11.0,79.0,0.0,0.0,90.0,vitimas
2025,2025-07-01,ES,Morte por intervenção de Agente do Estado,6.0,0.0,0.0,6.0,0.0,0.0,6.0,vitimas
2025,2025-07-01,ES,Mortes a esclarecer (sem indício de crime),19.0,0.0,4.0,14.0,1.0,0.0,19.0,vitimas
2025,2025-07-01,ES,Mortes no trânsito,15.0,0.0,1.0,14.0,0.0,0.0,15.0,vitimas
2025,2025-07-01,ES,Pessoa Desaparecida,208.0,0.0,81.0,118.0,9.0,0.0,208.0,vitimas
2025,2025-07-01,ES,Pessoa Localizada,37.0,0.0,13.0,24.0,0.0,0.0,37.0,vitimas
2025,2025-07-01,ES,Realização de vistorias,0.0,4280.0,0.0,0.0,0.0,0.0,4280.0,ocorrencias
2025,2025-07-01,ES,Roubo a instituição financeira,0.0,0.0,0.0,0.0,0.0,0.0,0.0,ocorrencias
2025,2025-07-01,ES,Roubo de carga,0.0,1.0,0.0,0.0,0.0,0.0,1.0,ocorrencias
2025,2025-07-01,ES,Roubo de veículo,0.0,122.0,0.0,0.0,0.0,0.0,122.0,ocorrencias
2025,2025-07-01,ES,Roubo seguido de morte (latrocínio),2.0,0.0,0.0,1.0,1.0,0.0,2.0,vitimas
2025,2025-07-01,ES,Suicídio,32.0,0.0,9.0,23.0,0.0,0.0,32.0,vitimas
2025,2025-07-01,ES,Suicídio de Agente do Estado,0.0,0.0,0.0,0.0,0.0,0.0,0.0,vitimas
2025,2025-07-01,ES,Tentativa de feminicídio,3.0,0.0,3.0,0.0,0.0,0.0,3.0,vitimas
2025,2025-07-01,ES,Tentativa de homicídio,107.0,0.0,22.0,71.0,14.0,0.0,107.0,vitimas
2025,2025-07-01,ES,Tráfico de drogas,0.0,451.0,0.0,0.0,0.0,0.0,451.0,ocorrencias
2025,2025-07-01,GO,Apreensão de Cocaína,0.0,0.0,0.0,0.0,0.0,1764237.0,1764237.0,kg
2025,2025-07-01,GO,Apreensão de Maconha,0.0,0.0,0.0,0.0,0.0,6938017.0,6938017.0,kg
2025,2025-07-01,GO,Arma de Fogo Apreendida,0.0,248.0,0.0,0.0,0.0,0.0,248.0,ocorrencias
2025,2025-07-01,GO,Atendimento pré-hospitalar,0.0,8447.0,0.0,0.0,0.0,0.0,8447.0,ocorrencias
2025,2025-07-01,GO,Busca e salvamento,0.0,1801.0,0.0,0.0,0.0,0.0,1801.0,ocorrencias
2025,2025-07-01,GO,Combate a incêndios,0.0,2408.0,0.0,0.0,0.0,0.0,2408.0,ocorrencias
2025,2025-07-01,GO,Emissão de Alvarás de licença,0.0,11604.0,0.0,0.0,0.0,0.0,11604.0,ocorrencias
2025,2025-07-01,GO,Estupro,56.0,0.0,54.0,1.0,1.0,0.0,56.0,vitimas
2025,2025-07-01,GO,Estupro de vulnerável,236.0,0.0,196.0,31.0,9.0,0.0,236.0,vitimas
2025,2025-07-01,GO,Feminicídio,8.0,0.0,8.0,0.0,0.0,0.0,8.0,vitimas
2025,2025-07-01,GO,Furto de veículo,0.0,269.0,0.0,0.0,0.0,0.0,269.0,ocorrencias
2025,2025-07-01,GO,Homicídio doloso,62.0,0.0,4.0,54.0,4.0,0.0,62.0,vitimas
2025,2025-07-01,GO,Lesão corporal seguida de morte,1.0,0.0,0.0,1.0,0.0,0.0,1.0,vitimas
2025,2025-07-01,GO,Mandado de prisão cumprido,0.0,797.0,0.0,0.0,0.0,0.0,797.0,ocorrencias
2025,2025-07-01,GO,Morte de Agente do Estado,0.0,0.0,0.0,0.0,0.0,0.0,0.0,vitimas
2025,2025-07-01,GO,Morte no trânsito ou em decorrência dele (exceto homicídio doloso),78.0,0.0,19.0,57.0,2.0,0.0,78.0,vitimas
2025,2025-07-01,GO,Morte por intervenção de Agente do Estado,20.0,0.0,0.0,11.0,9.0,0.0,20.0,vitimas
2025,2025-07-01,GO,Mortes a esclarecer (sem indício de crime),45.0,0.0,4.0,34.0,7.0,0.0,45.0,vitimas
2025,2025-07-01,GO,Mortes no trânsito,31.0,0.0,5.0,26.0,0.0,0.0,31.0,vitimas
2025,2025-07-01,GO,Pessoa Desaparecida,335.0,0.0,118.0,204.0,13.0,0.0,335.0,vitimas
2025,2025-07-01,GO,Pessoa Localizada,208.0,0.0,74.0,133.0,1.0,0.0,208.0,vitimas
2025,2025-07-01,GO,Realização de vistorias,0.0,4858.0,0.0,0.0,0.0,0.0,4858.0,ocorrencias
2025,2025-07-01,GO,Roubo a instituição financeira,0.0,0.0,0.0,0.0,0.0,0.0,0.0,ocorrencias
2025,2025-07-01,GO,Roubo de carga,0.0,0.0,0.0,0.0,0.0,0.0,0.0,ocorrencias
2025,2025-07-01,GO,Roubo de veículo,0.0,34.0,0.0,0.0,0.0,0.0,34.0,ocorrencias
2025,2025-07-01,GO,Roubo seguido de morte (latrocínio),2.0,0.0,0.0,1.0,1.0,0.0,2.0,vitimas
2025,2025-07-01,GO,Suicídio,63.0,0.0,12.0,49.0,2.0,0.0,63.0,vitimas
2025,2025-07-01,GO,Suicídio de Agente do Estado,0.0,0.0,0.0,0.0,0.0,0.0,0.0,vitimas
2025,2025-07-01,GO,Tentativa de feminicídio,8.0,0.0,8.0,0.0,0.0,0.0,8.0,vitimas
2025,2025-07-01,GO,Tentativa de homicídio,90.0,0.0,13.0,76.0,1.0,0.0,90.0,vitimas
2025,2025-07-01,GO,Tráfico de drogas,0.0,456.0,0.0,0.0,0.0,0.0,456.0,ocorrencias
2025,2025-07-01,MA,Apreensão de Cocaína,0.0,0.0,0.0,0.0,0.0,22951.0,22951.0,kg
2025,2025-07-01,MA,Apreensão de Maconha,0.0,0.0,0.0,0.0,0.0,381.0,381.0,kg
2025,2025-07-01,MA,Arma de Fogo Apreendida,0.0,289.0,0.0,0.0,0.0,0.0,289.0,ocorrencias
2025,2025-07-01,MA,Atendimento pré-hospitalar,0.0,2658.0,0.0,0.0,0.0,0.0,2658.0,ocorrencias
2025,2025-07-01,MA,Busca e salvamento,0.0,1411.0,0.0,0.0,0.0,0.0,1411.0,ocorrencias
2025,2025-07-01,MA,Combate a incêndios,0.0,582.0,0.0,0.0,0.0,0.0,582.0,ocorrencias
2025,2025-07-01,MA,Emissão de Alvarás de licença,0.0,1429.0,0.0,0.0,0.0,0.0,1429.0,ocorrencias
2025,2025-07-01,MA,Estupro,43.0,0.0,37.0,6.0,0.0,0.0,43.0,vitimas
2025,2025-07-01,MA,Estupro de vulnerável,147.0,0.0,132.0,15.0,0.0,0.0,147.0,vitimas
2025,2025-07-01,MA,Feminicídio,3.0,0.0,3.0,0.0,0.0,0.0,3.0,vitimas
2025,2025-07-01,MA,Furto de veículo,0.0,282.0,0.0,0.0,0.0,0.0,282.0,ocorrencias
2025,2025-07-01,MA,Homicídio doloso,163.0,0.0,7.0,156.0,0.0,0.0,163.0,vitimas
2025,2025-07-01,MA,Lesão corporal seguida de morte,0.0,0.0,0.0,0.0,0.0,0.0,0.0,vitimas
2025,2025-07-01,MA,Mandado de prisão cumprido,0.0,397.0,0.0,0.0,0.0,0.0,397.0,ocorrencias
2025,2025-07-01,MA,Morte de Agente do Estado,3.0,0.0,0.0,3.0,0.0,0.0,3.0,vitimas
2025,2025-07-01,MA,Morte no trânsito ou em decorrência dele (exceto homicídio doloso),114.0,0.0,19.0,95.0,0.0,0.0,114.0,vitimas
2025,2025-07-01,MA,Morte por intervenção de Agente do Estado,10.0,0.0,0.0,10.0,0.0,0.0,10.0,vitimas
2025,2025-07-01,MA,Mortes a esclarecer (sem indício de crime),12.0,0.0,2.0,10.0,0.0,0.0,12.0,vitimas
2025,2025-07-01,MA,Mortes no trânsito,27.0,0.0,8.0,19.0,0.0,0.0,27.0,vitimas
2025,2025-07-01,MA,Pessoa Desaparecida,85.0,0.0,27.0,56.0,2.0,0.0,85.0,vitimas
2025,2025-07-01,MA,Pessoa Localizada,15.0,0.0,3.0,11.0,1.0,0.0,15.0,vitimas
2025,2025-07-01,MA,Realização de vistorias,0.0,467.0,0.0,0.0,0.0,0.0,467.0,ocorrencias
2025,2025-07-01,MA,Roubo a instituição financeira,0.0,2.0,0.0,0.0,0.0,0.0,2.0,ocorrencias
2025,2025-07-01,MA,Roubo de carga,0.0,13.0,0.0,0.0,0.0,0.0,13.0,ocorrencias
2025,2025-07-01,MA,Roubo de veículo,0.0,282.0,0.0,0.0,0.0,0.0,282.0,ocorrencias
2025,2025-07-01,MA,Roubo seguido de morte (latrocínio),6.0,0.0,0.0,6.0,0.0,0.0,6.0,vitimas
2025,2025-07-01,MA,Suicídio,27.0,0.0,4.0,23.0,0.0,0.0,27.0,vitimas
2025,2025-07-01,MA,Suicídio de Agente do Estado,0.0,0.0,0.0,0.0,0.0,0.0,0.0,vitimas
2025,2025-07-01,MA,Tentativa de feminicídio,12.0,0.0,12.0,0.0,0.0,0.0,12.0,vitimas
2025,2025-07-01,MA,Tentativa de homicídio,131.0,0.0,23.0,108.0,0.0,0.0,131.0,vitimas
2025,2025-07-01,MA,Tráfico de drogas,0.0,181.0,0.0,0.0,0.0,0.0,181.0,ocorrencias
2025,2025-07-01,MG,Apreensão de Cocaína,0.0,0.0,0.0,0.0,0.0,2728.0,2728.0,kg
2025,2025-07-01,MG,Apreensão de Maconha,0.0,0.0,0.0,0.0,0.0,623003.0,623003.0,kg
2025,2025-07-01,MG,Arma de Fogo Apreendida,0.0,1193.0,0.0,0.0,0.0,0.0,1193.0,ocorrencias
2025,2025-07-01,MG,Atendimento pré-hospitalar,0.0,7731.0,0.0,0.0,0.0,0.0,7731.0,ocorrencias
2025,2025-07-01,MG,Busca e salvamento,0.0,3820.0,0.0,0.0,0.0,0.0,3820.0,ocorrencias
2025,2025-07-01,MG,Combate a incêndios,0.0,4648.0,0.0,0.0,0.0,0.0,4648.0,ocorrencias
2025,2025-07-01,MG,Emissão de Alvarás de licença,0.0,927.0,0.0,0.0,0.0,0.0,927.0,ocorrencias
2025,2025-07-01,MG,Estupro,115.0,0.0,106.0,8.0,1.0,0.0,115.0,vitimas
2025,2025-07-01,MG,Estupro de vulnerável,344.0,0.0,289.0,51.0,4.0,0.0,344.0,vitimas
2025,2025-07-01,MG,Feminicídio,16.0,0.0,16.0,0.0,0.0,0.0,16.0,vitimas
2025,2025-07-01,MG,Furto de veículo,0.0,1888.0,0.0,0.0,0.0,0.0,1888.0,ocorrencias
2025,2025-07-01,MG,Homicídio doloso,166.0,0.0,13.0,153.0,0.0,0.0,166.0,vitimas
2025,2025-07-01,MG,Lesão corporal seguida de morte,2.0,0.0,0.0,2.0,0.0,0.0,2.0,vitimas
2025,2025-07-01,MG,Mandado de prisão cumprido,0.0,1488.0,0.0,0.0,0.0,0.0,1488.0,ocorrencias
2025,2025-07-01,MG,Morte de Agente do Estado,0.0,0.0,0.0,0.0,0.0,0.0,0.0,vitimas
2025,2025-07-01,MG,Morte no trânsito ou em decorrência dele (exceto homicídio doloso),212.0,0.0,46.0,164.0,2.0,0.0,212.0,vitimas
2025,2025-07-01,MG,Morte por intervenção de Agente do Estado,25.0,0.0,0.0,25.0,0.0,0.0,25.0,vitimas
2025,2025-07-01,MG,Mortes a esclarecer (sem indício de crime),0.0,0.0,0.0,0.0,0.0,0.0,0.0,vitimas
2025,2025-07-01,MG,Mortes no trânsito,57.0,0.0,6.0,51.0,0.0,0.0,57.0,vitimas
2025,2025-07-01,MG,Pessoa Desaparecida,781.0,0.0,276.0,505.0,0.0,0.0,781.0,vitimas
2025,2025-07-01,MG,Pessoa Localizada,603.0,0.0,240.0,362.0,1.0,0.0,603.0,vitimas
2025,2025-07-01,MG,Realização de vistorias,0.0,1894.0,0.0,0.0,0.0,0.0,1894.0,ocorrencias
2025,2025-07-01,MG,Roubo a instituição financeira,0.0,0.0,0.0,0.0,0.0,0.0,0.0,ocorrencias
2025,2025-07-01,MG,Roubo de carga,0.0,9.0,0.0,0.0,0.0,0.0,9.0,ocorrencias
2025,2025-07-01,MG,Roubo de veículo,0.0,286.0,0.0,0.0,0.0,0.0,286.0,ocorrencias
2025,2025-07-01,MG,Roubo seguido de morte (latrocínio),2.0,0.0,0.0,2.0,0.0,0.0,2.0,vitimas
2025,2025-07-01,MG,Suicídio,161.0,0.0,36.0,125.0,0.0,0.0,161.0,vitimas
2025,2025-07-01,MG,Suicídio de Agente do Estado,1.0,0.0,0.0,1.0,0.0,0.0,1.0,vitimas
2025,2025-07-01,MG,Tentativa de feminicídio,13.0,0.0,13.0,0.0,0.0,0.0,13.0,vitimas
2025,2025-07-01,MG,Tentativa de homicídio,193.0,0.0,24.0,169.0,0.0,0.0,193.0,vitimas
2025,2025-07-01,MG,Tráfico de drogas,0.0,2911.0,0.0,0.0,0.0,0.0,2911.0,ocorrencias
2025,2025-07-01,MS,Apreensão de Cocaína,0.0,0.0,0.0,0.0,0.0,1471888.0,1471888.0,kg
2025,2025-07-01,MS,Apreensão de Maconha,0.0,0.0,0.0,0.0,0.0,76726552.0,76726552.0,kg
2025,2025-07-01,MS,Arma de Fogo Apreendida,0.0,143.0,0.0,0.0,0.0,0.0,143.0,ocorrencias
2025,2025-07-01,MS,Atendimento pré-hospitalar,0.0,2103.0,0.0,0.0,0.0,0.0,2103.0,ocorrencias
2025,2025-07-01,MS,Busca e salvamento,0.0,4780.0,0.0,0.0,0.0,0.0,4780.0,ocorrencias
2025,2025-07-01,MS,Combate a incêndios,0.0,969.0,0.0,0.0,0.0,0.0,969.0,ocorrencias
2025,2025-07-01,MS,Emissão de Alvarás de licença,0.0,2990.0,0.0,0.0,0.0,0.0,2990.0,ocorrencias
2025,2025-07-01,MS,Estupro,141.0,0.0,116.0,23.0,2.0,0.0,141.0,vitimas
2025,2025-07-01,MS,Estupro de vulnerável,120.0,0.0,98.0,20.0,2.0,0.0,120.0,vitimas
2025,2025-07-01,MS,Feminicídio,1.0,0.0,1.0,0.0,0.0,0.0,1.0,vitimas
2025,2025-07-01,MS,Furto de veículo,0.0,134.0,0.0,0.0,0.0,0.0,134.0,ocorrencias
2025,2025-07-01,MS,Homicídio doloso,14.0,0.0,2.0,12.0,0.0,0.0,14.0,vitimas
2025,2025-07-01,MS,Lesão corporal seguida de morte,1.0,0.0,1.0,0.0,0.0,0.0,1.0,vitimas
2025,2025-07-01,MS,Mandado de prisão cumprido,0.0,533.0,0.0,0.0,0.0,0.0,533.0,ocorrencias
2025,2025-07-01,MS,Morte de Agente do Estado,0.0,0.0,0.0,0.0,0.0,0.0,0.0,vitimas
2025,2025-07-01,MS,Morte no trânsito ou em decorrência dele (exceto homicídio doloso),24.0,0.0,2.0,20.0,2.0,0.0,24.0,vitimas
2025,2025-07-01,MS,Morte por intervenção de Agente do Estado,4.0,0.0,0.0,4.0,0.0,0.0,4.0,vitimas
2025,2025-07-01,MS,Mortes a esclarecer (sem indício de crime),24.0,0.0,4.0,20.0,0.0,0.0,24.0,vitimas
2025,2025-07-01,MS,Mortes no trânsito,9.0,0.0,1.0,8.0,0.0,0.0,9.0,vitimas
2025,2025-07-01,MS,Pessoa Desaparecida,37.0,0.0,11.0,25.0,1.0,0.0,37.0,vitimas
2025,2025-07-01,MS,Pessoa Localizada,103.0,0.0,51.0,52.0,0.0,0.0,103.0,vitimas
2025,2025-07-01,MS,Realização de vistorias,0.0,2834.0,0.0,0.0,0.0,0.0,2834.0,ocorrencias
2025,2025-07-01,MS,Roubo a instituição financeira,0.0,0.0,0.0,0.0,0.0,0.0,0.0,ocorrencias
2025,2025-07-01,MS,Roubo de carga,0.0,0.0,0.0,0.0,0.0,0.0,0.0,ocorrencias
2025,2025-07-01,MS,Roubo de veículo,0.0,21.0,0.0,0.0,0.0,0.0,21.0,ocorrencias
2025,2025-07-01,MS,Roubo seguido de morte (latrocínio),1.0,0.0,0.0,1.0,0.0,0.0,1.0,vitimas
2025,2025-07-01,MS,Suicídio,19.0,0.0,4.0,15.0,0.0,0.0,19.0,vitimas
2025,2025-07-01,MS,Suicídio de Agente do Estado,0.0,0.0,0.0,0.0,0.0,0.0,0.0,vitimas
2025,2025-07-01,MS,Tentativa de feminicídio,2.0,0.0,2.0,0.0,0.0,0.0,2.0,vitimas
2025,2025-07-01,MS,Tentativa de homicídio,36.0,0.0,5.0,30.0,1.0,0.0,36.0,vitimas
2025,2025-07-01,MS,Tráfico de drogas,0.0,435.0,0.0,0.0,0.0,0.0,435.0,ocorrencias
2025,2025-07-01,MT,Apreensão de Cocaína,0.0,0.0,0.0,0.0,0.0,65319.0,65319.0,kg
2025,2025-07-01,MT,Apreensão de Maconha,0.0,0.0,0.0,0.0,0.0,62254.0,62254.0,kg
2025,2025-07-01,MT,Arma de Fogo Apreendida,0.0,191.0,0.0,0.0,0.0,0.0,191.0,ocorrencias
2025,2025-07-01,MT,Atendimento pré-hospitalar,0.0,3652.0,0.0,0.0,0.0,0.0,3652.0,ocorrencias
2025,2025-07-01,MT,Busca e salvamento,0.0,575.0,0.0,0.0,0.0,0.0,575.0,ocorrencias
2025,2025-07-01,MT,Combate a incêndios,0.0,724.0,0.0,0.0,0.0,0.0,724.0,ocorrencias
2025,2025-07-01,MT,Emissão de Alvarás de licença,0.0,4897.0,0.0,0.0,0.0,0.0,4897.0,ocorrencias
2025,2025-07-01,MT,Estupro,38.0,0.0,37.0,1.0,0.0,0.0,38.0,vitimas
2025,2025-07-01,MT,Estupro de vulnerável,131.0,0.0,113.0,18.0,0.0,0.0,131.0,vitimas
2025,2025-07-01,MT,Feminicídio,5.0,0.0,5.0,0.0,0.0,0.0,5.0,vitimas
2025,2025-07-01,MT,Furto de veículo,0.0,150.0,0.0,0.0,0.0,0.0,150.0,ocorrencias
2025,2025-07-01,MT,Homicídio doloso,57.0,0.0,3.0,54.0,0.0,0.0,57.0,vitimas
2025,2025-07-01,MT,Lesão corporal seguida de morte,1.0,0.0,0.0,1.0,0.0,0.0,1.0,vitimas
2025,2025-07-01,MT,Mandado de prisão cumprido,0.0,796.0,0.0,0.0,0.0,0.0,796.0,ocorrencias
2025,2025-07-01,MT,Morte de Agente do Estado,0.0,0.0,0.0,0.0,0.0,0.0,0.0,vitimas
2025,2025-07-01,MT,Morte no trânsito ou em decorrência dele (exceto homicídio doloso),101.0,0.0,26.0,75.0,0.0,0.0,101.0,vitimas
2025,2025-07-01,MT,Morte por intervenção de Agente do Estado,6.0,0.0,0.0,6.0,0.0,0.0,6.0,vitimas
2025,2025-07-01,MT,Mortes a esclarecer (sem indício de crime),50.0,0.0,8.0,42.0,0.0,0.0,50.0,vitimas
2025,2025-07-01,MT,Mortes no trânsito,22.0,0.0,7.0,15.0,0.0,0.0,22.0,vitimas
2025,2025-07-01,MT,Pessoa Desaparecida,182.0,0.0,69.0,113.0,0.0,0.0,182.0,vitimas
2025,2025-07-01,MT,Pessoa Localizada,93.0,0.0,36.0,57.0,0.0,0.0,93.0,vitimas
2025,2025-07-01,MT,Realização de vistorias,0.0,1922.0,0.0,0.0,0.0,0.0,1922.0,ocorrencias
2025,2025-07-01,MT,Roubo a instituição financeira,0.0,1.0,0.0,0.0,0.0,0.0,1.0,ocorrencias
2025,2025-07-01,MT,Roubo de carga,0.0,4.0,0.0,0.0,0.0,0.0,4.0,ocorrencias
2025,2025-07-01,MT,Roubo de veículo,0.0,53.0,0.0,0.0,0.0,0.0,53.0,ocorrencias
2025,2025-07-01,MT,Roubo seguido de morte (latrocínio),1.0,0.0,0.0,1.0,0.0,0.0,1.0,vitimas
2025,2025-07-01,MT,Suicídio,25.0,0.0,5.0,20.0,0.0,0.0,25.0,vitimas
2025,2025-07-01,MT,Suicídio de Agente do Estado,0.0,0.0,0.0,0.0,0.0,0.0,0.0,vitimas
2025,2025-07-01,MT,Tentativa de feminicídio,17.0,0.0,17.0,0.0,0.0,0.0,17.0,vitimas
2025,2025-07-01,MT,Tentativa de homicídio,100.0,0.0,12.0,88.0,0.0,0.0,100.0,vitimas
2025,2025-07-01,MT,Tráfico de drogas,0.0,404.0,0.0,0.0,0.0,0.0,404.0,ocorrencias
2025,2025-07-01,PA,Apreensão de Cocaína,0.0,0.0,0.0,0.0,0.0,18894.0,18894.0,kg
2025,2025-07-01,PA,Apreensão de Maconha,0.0,0.0,0.0,0.0,0.0,426504.0,426504.0,kg
2025,2025-07-01,PA,Arma de Fogo Apreendida,0.0,250.0,0.0,0.0,0.0,0.0,250.0,ocorrencias
2025,2025-07-01,PA,Atendimento pré-hospitalar,0.0,112.0,0.0,0.0,0.0,0.0,112.0,ocorrencias
2025,2025-07-01,PA,Busca e salvamento,0.0,3.0,0.0,0.0,0.0,0.0,3.0,ocorrencias
2025,2025-07-01,PA,Combate a incêndios,0.0,33.0,0.0,0.0,0.0,0.0,33.0,ocorrencias
2025,2025-07-01,PA,Emissão de Alvarás de licença,0.0,0.0,0.0,0.0,0.0,0.0,0.0,ocorrencias
2025,2025-07-01,PA,Estupro,78.0,0.0,73.0,3.0,2.0,0.0,78.0,vitimas
2025,2025-07-01,PA,Estupro de vulnerável,405.0,0.0,341.0,51.0,13.0,0.0,405.0,vitimas
2025,2025-07-01,PA,Feminicídio,3.0,0.0,3.0,0.0,0.0,0.0,3.0,vitimas
2025,2025-07-01,PA,Furto de veículo,0.0,253.0,0.0,0.0,0.0,0.0,253.0,ocorrencias
2025,2025-07-01,PA,Homicídio doloso,125.0,0.0,6.0,119.0,0.0,0.0,125.0,vitimas
2025,2025-07-01,PA,Lesão corporal seguida de morte,4.0,0.0,1.0,3.0,0.0,0.0,4.0,vitimas
2025,2025-07-01,PA,Mandado de prisão cumprido,0.0,639.0,0.0,0.0,0.0,0.0,639.0,ocorrencias
2025,2025-07-01,PA,Morte de Agente do Estado,1.0,0.0,0.0,1.0,0.0,0.0,1.0,vitimas
2025,2025-07-01,PA,Morte no trânsito ou em decorrência dele (exceto homicídio doloso),115.0,0.0,26.0,88.0,1.0,0.0,115.0,vitimas
2025,2025-07-01,PA,Morte por intervenção de Agente do Estado,41.0,0.0,1.0,40.0,0.0,0.0,41.0,vitimas
2025,2025-07-01,PA,Mortes a esclarecer (sem indício de crime),51.0,0.0,8.0,39.0,4.0,0.0,51.0,vitimas
2025,2025-07-01,PA,Mortes no trânsito,29.0,0.0,6.0,22.0,1.0,0.0,29.0,vitimas
2025,2025-07-01,PA,Pessoa Desaparecida,99.0,0.0,27.0,71.0,1.0,0.0,99.0,vitimas
2025,2025-07-01,PA,Pessoa Localizada,62.0,0.0,23.0,39.0,0.0,0.0,62.0,vitimas
2025,2025-07-01,PA,Realização de vistorias,0.0,0.0,0.0,0.0,0.0,0.0,0.0,ocorrencias
2025,2025-07-01,PA,Roubo a instituição financeira,0.0,1.0,0.0,0.0,0.0,0.0,1.0,ocorrencias
2025,2025-07-01,PA,Roubo de carga,0.0,7.0,0.0,0.0,0.0,0.0,7.0,ocorrencias
2025,2025-07-01,PA,Roubo de veículo,0.0,108.0,0.0,0.0,0.0,0.0,108.0,ocorrencias
2025,2025-07-01,PA,Roubo seguido de morte (latrocínio),5.0,0.0,0.0,5.0,0.0,0.0,5.0,vitimas
2025,2025-07-01,PA,Suicídio,48.0,0.0,12.0,36.0,0.0,0.0,48.0,vitimas
2025,2025-07-01,PA,Suicídio de Agente do Estado,0.0,0.0,0.0,0.0,0.0,0.0,0.0,vitimas
2025,2025-07-01,PA,Tentativa de feminicídio,14.0,0.0,14.0,0.0,0.0,0.0,14.0,vitimas
2025,2025-07-01,PA,Tentativa de homicídio,86.0,0.0,11.0,75.0,0.0,0.0,86.0,vitimas
2025,2025-07-01,PA,Tráfico de drogas,0.0,405.0,0.0,0.0,0.0,0.0,405.0,ocorrencias
2025,2025-07-01,PB,Apreensão de Cocaína,0.0,0.0,0.0,0.0,0.0,18133.0,18133.0,kg
2025,2025-07-01,PB,Apreensão de Maconha,0.0,0.0,0.0,0.0,0.0,211097.0,211097.0,kg
2025,2025-07-01,PB,Arma de Fogo Apreendida,0.0,323.0,0.0,0.0,0.0,0.0,323.0,ocorrencias
2025,2025-07-01,PB,Atendimento pré-hospitalar,0.0,1092.0,0.0,0.0,0.0,0.0,1092.0,ocorrencias
2025,2025-07-01,PB,Busca e salvamento,0.0,550.0,0.0,0.0,0.0,0.0,550.0,ocorrencias
2025,2025-07-01,PB,Combate a incêndios,0.0,413.0,0.0,0.0,0.0,0.0,413.0,ocorrencias
2025,2025-07-01,PB,Emissão de Alvarás de licença,0.0,2126.0,0.0,0.0,0.0,0.0,2126.0,ocorrencias
2025,2025-07-01,PB,Estupro,32.0,0.0,31.0,1.0,0.0,0.0,32.0,vitimas
2025,2025-07-01,PB,Estupro de vulnerável,75.0,0.0,62.0,13.0,0.0,0.0,75.0,vitimas
2025,2025-07-01,PB,Feminicídio,1.0,0.0,1.0,0.0,0.0,0.0,1.0,vitimas
2025,2025-07-01,PB,Furto de veículo,0.0,173.0,0.0,0.0,0.0,0.0,173.0,ocorrencias
2025,2025-07-01,PB,Homicídio doloso,76.0,0.0,6.0,70.0,0.0,0.0,76.0,vitimas
2025,2025-07-01,PB,Lesão corporal seguida de morte,0.0,0.0,0.0,0.0,0.0,0.0,0.0,vitimas
2025,2025-07-01,PB,Mandado de prisão cumprido,0.0,462.0,0.0,0.0,0.0,0.0,462.0,ocorrencias
2025,2025-07-01,PB,Morte de Agente do Estado,0.0,0.0,0.0,0.0,0.0,0.0,0.0,vitimas
2025,2025-07-01,PB,Morte no trânsito ou em decorrência dele (exceto homicídio doloso),84.0,0.0,13.0,71.0,0.0,0.0,84.0,vitimas
2025,2025-07-01,PB,Morte por intervenção de Agente do Estado,3.0,0.0,0.0,3.0,0.0,0.0,3.0,vitimas
2025,2025-07-01,PB,Mortes a esclarecer (sem indício de crime),3.0,0.0,2.0,1.0,0.0,0.0,3.0,vitimas
2025,2025-07-01,PB,Mortes no trânsito,11.0,0.0,3.0,8.0,0.0,0.0,11.0,vitimas
2025,2025-07-01,PB,Pessoa Desaparecida,85.0,0.0,25.0,60.0,0.0,0.0,85.0,vitimas
2025,2025-07-01,PB,Pessoa Localizada,77.0,0.0,22.0,55.0,0.0,0.0,77.0,vitimas
2025,2025-07-01,PB,Realização de vistorias,0.0,1559.0,0.0,0.0,0.0,0.0,1559.0,ocorrencias
2025,2025-07-01,PB,Roubo a instituição financeira,0.0,0.0,0.0,0.0,0.0,0.0,0.0,ocorrencias
2025,2025-07-01,PB,Roubo de carga,0.0,3.0,0.0,0.0,0.0,0.0,3.0,ocorrencias
2025,2025-07-01,PB,Roubo de veículo,0.0,353.0,0.0,0.0,0.0,0.0,353.0,ocorrencias
2025,2025-07-01,PB,Roubo seguido de morte (latrocínio),0.0,0.0,0.0,0.0,0.0,0.0,0.0,vitimas
2025,2025-07-01,PB,Suicídio,17.0,0.0,5.0,12.0,0.0,0.0,17.0,vitimas
2025,2025-07-01,PB,Suicídio de Agente do Estado,0.0,0.0,0.0,0.0,0.0,0.0,0.0,vitimas
2025,2025-07-01,PB,Tentativa de feminicídio,3.0,0.0,3.0,0.0,0.0,0.0,3.0,vitimas
2025,2025-07-01,PB,Tentativa de homicídio,71.0,0.0,7.0,64.0,0.0,0.0,71.0,vitimas
2025,2025-07-01,PB,Tráfico de drogas,0.0,249.0,0.0,0.0,0.0,0.0,249.0,ocorrencias
2025,2025-07-01,PE,Apreensão de Cocaína,0.0,0.0,0.0,0.0,0.0,7730.0,7730.0,kg
2025,2025-07-01,PE,Apreensão de Maconha,0.0,0.0,0.0,0.0,0.0,3960472.0,3960472.0,kg
2025,2025-07-01,PE,Arma de Fogo Apreendida,0.0,569.0,0.0,0.0,0.0,0.0,569.0,ocorrencias
2025,2025-07-01,PE,Atendimento pré-hospitalar,0.0,1597.0,0.0,0.0,0.0,0.0,1597.0,ocorrencias
2025,2025-07-01,PE,Busca e salvamento,0.0,358.0,0.0,0.0,0.0,0.0,358.0,ocorrencias
2025,2025-07-01,PE,Combate a incêndios,0.0,278.0,0.0,0.0,0.0,0.0,278.0,ocorrencias
2025,2025-07-01,PE,Emissão de Alvarás de licença,0.0,9531.0,0.0,0.0,0.0,0.0,9531.0,ocorrencias
2025,2025-07-01,PE,Estupro,49.0,0.0,43.0,5.0,1.0,0.0,49.0,vitimas
2025,2025-07-01,PE,Estupro de vulnerável,131.0,0.0,120.0,11.0,0.0,0.0,131.0,vitimas
2025,2025-07-01,PE,Feminicídio,6.0,0.0,6.0,0.0,0.0,0.0,6.0,vitimas
2025,2025-07-01,PE,Furto de veículo,0.0,611.0,0.0,0.0,0.0,0.0,611.0,ocorrencias
2025,2025-07-01,PE,Homicídio doloso,218.0,0.0,11.0,207.0,0.0,0.0,218.0,vitimas
2025,2025-07-01,PE,Lesão corporal seguida de morte,3.0,0.0,0.0,3.0,0.0,0.0,3.0,vitimas
2025,2025-07-01,PE,Mandado de prisão cumprido,0.0,731.0,0.0,0.0,0.0,0.0,731.0,ocorrencias
2025,2025-07-01,PE,Morte de Agente do Estado,0.0,0.0,0.0,0.0,0.0,0.0,0.0,vitimas
2025,2025-07-01,PE,Morte no trânsito ou em decorrência dele (exceto homicídio doloso),131.0,0.0,23.0,107.0,1.0,0.0,131.0,vitimas
2025,2025-07-01,PE,Morte por intervenção de Agente do Estado,10.0,0.0,0.0,10.0,0.0,0.0,10.0,vitimas
2025,2025-07-01,PE,Mortes a esclarecer (sem indício de crime),20.0,0.0,3.0,13.0,4.0,0.0,20.0,vitimas
2025,2025-07-01,PE,Mortes no trânsito,30.0,0.0,3.0,27.0,0.0,0.0,30.0,vitimas
2025,2025-07-01,PE,Pessoa Desaparecida,215.0,0.0,64.0,141.0,10.0,0.0,215.0,vitimas
2025,2025-07-01,PE,Pessoa Localizada,73.0,0.0,24.0,44.0,5.0,0.0,73.0,vitimas
2025,2025-07-01,PE,Realização de vistorias,0.0,4717.0,0.0,0.0,0.0,0.0,4717.0,ocorrencias
2025,2025-07-01,PE,Roubo a instituição financeira,0.0,0.0,0.0,0.0,0.0,0.0,0.0,ocorrencias
2025,2025-07-01,PE,Roubo de carga,0.0,22.0,0.0,0.0,0.0,0.0,22.0,ocorrencias
2025,2025-07-01,PE,Roubo de veículo,0.0,1129.0,0.0,0.0,0.0,0.0,1129.0,ocorrencias
2025,2025-07-01,PE,Roubo seguido de morte (latrocínio),3.0,0.0,0.0,3.0,0.0,0.0,3.0,vitimas
2025,2025-07-01,PE,Suicídio,53.0,0.0,10.0,43.0,0.0,0.0,53.0,vitimas
2025,2025-07-01,PE,Suicídio de Agente do Estado,0.0,0.0,0.0,0.0,0.0,0.0,0.0,vitimas
2025,2025-07-01,PE,Tentativa de feminicídio,10.0,0.0,10.0,0.0,0.0,0.0,10.0,vitimas
2025,2025-07-01,PE,Tentativa de homicídio,141.0,0.0,15.0,125.0,1.0,0.0,141.0,vitimas
2025,2025-07-01,PE,Tráfico de drogas,0.0,854.0,0.0,0.0,0.0,0.0,854.0,ocorrencias
2025,2025-07-01,PI,Apreensão de Cocaína,0.0,0.0,0.0,0.0,0.0,292557.0,292557.0,kg
2025,2025-07-01,PI,Apreensão de Maconha,0.0,0.0,0.0,0.0,0.0,41376.0,41376.0,kg
2025,2025-07-01,PI,Arma de Fogo Apreendida,0.0,157.0,0.0,0.0,0.0,0.0,157.0,ocorrencias
2025,2025-07-01,PI,Atendimento pré-hospitalar,0.0,107.0,0.0,0.0,0.0,0.0,107.0,ocorrencias
2025,2025-07-01,PI,Busca e salvamento,0.0,174.0,0.0,0.0,0.0,0.0,174.0,ocorrencias
2025,2025-07-01,PI,Combate a incêndios,0.0,788.0,0.0,0.0,0.0,0.0,788.0,ocorrencias
2025,2025-07-01,PI,Emissão de Alvarás de licença,0.0,578.0,0.0,0.0,0.0,0.0,578.0,ocorrencias
2025,2025-07-01,PI,Estupro,23.0,0.0,21.0,1.0,1.0,0.0,23.0,vitimas
2025,2025-07-01,PI,Estupro de vulnerável,106.0,0.0,86.0,17.0,3.0,0.0,106.0,vitimas
2025,2025-07-01,PI,Feminicídio,3.0,0.0,3.0,0.0,0.0,0.0,3.0,vitimas
2025,2025-07-01,PI,Furto de veículo,0.0,195.0,0.0,0.0,0.0,0.0,195.0,ocorrencias
2025,2025-07-01,PI,Homicídio doloso,40.0,0.0,5.0,35.0,0.0,0.0,40.0,vitimas
2025,2025-07-01,PI,Lesão corporal seguida de morte,1.0,0.0,0.0,1.0,0.0,0.0,1.0,vitimas
2025,2025-07-01,PI,Mandado de prisão cumprido,0.0,494.0,0.0,0.0,0.0,0.0,494.0,ocorrencias
2025,2025-07-01,PI,Morte de Agente do Estado,0.0,0.0,0.0,0.0,0.0,0.0,0.0,vitimas
2025,2025-07-01,PI,Morte no trânsito ou em decorrência dele (exceto homicídio doloso),27.0,0.0,0.0,27.0,0.0,0.0,27.0,vitimas
2025,2025-07-01,PI,Morte por intervenção de Agente do Estado,0.0,0.0,0.0,0.0,0.0,0.0,0.0,vitimas
2025,2025-07-01,PI,Mortes a esclarecer (sem indício de crime),0.0,0.0,0.0,0.0,0.0,0.0,0.0,vitimas
2025,2025-07-01,PI,Mortes no trânsito,18.0,0.0,2.0,16.0,0.0,0.0,18.0,vitimas
2025,2025-07-01,PI,Pessoa Desaparecida,66.0,0.0,17.0,45.0,4.0,0.0,66.0,vitimas
2025,2025-07-01,PI,Pessoa Localizada,29.0,0.0,7.0,19.0,3.0,0.0,29.0,vitimas
2025,2025-07-01,PI,Realização de vistorias,0.0,693.0,0.0,0.0,0.0,0.0,693.0,ocorrencias
2025,2025-07-01,PI,Roubo a instituição financeira,0.0,0.0,0.0,0.0,0.0,0.0,0.0,ocorrencias
2025,2025-07-01,PI,Roubo de carga,0.0,3.0,0.0,0.0,0.0,0.0,3.0,ocorrencias
2025,2025-07-01,PI,Roubo de veículo,0.0,238.0,0.0,0.0,0.0,0.0,238.0,ocorrencias
2025,2025-07-01,PI,Roubo seguido de morte (latrocínio),0.0,0.0,0.0,0.0,0.0,0.0,0.0,vitimas
2025,2025-07-01,PI,Suicídio,29.0,0.0,4.0,25.0,0.0,0.0,29.0,vitimas
2025,2025-07-01,PI,Suicídio de Agente do Estado,0.0,0.0,0.0,0.0,0.0,0.0,0.0,vitimas
2025,2025-07-01,PI,Tentativa de feminicídio,5.0,0.0,5.0,0.0,0.0,0.0,5.0,vitimas
2025,2025-07-01,PI,Tentativa de homicídio,49.0,0.0,5.0,44.0,0.0,0.0,49.0,vitimas
2025,2025-07-01,PI,Tráfico de drogas,0.0,212.0,0.0,0.0,0.0,0.0,212.0,ocorrencias
2025,2025-07-01,PR,Apreensão de Cocaína,0.0,0.0,0.0,0.0,0.0,932183.0,932183.0,kg
2025,2025-07-01,PR,Apreensão de Maconha,0.0,0.0,0.0,0.0,0.0,54523875.0,54523875.0,kg
2025,2025-07-01,PR,Arma de Fogo Apreendida,0.0,476.0,0.0,0.0,0.0,0.0,476.0,ocorrencias
2025,2025-07-01,PR,Atendimento pré-hospitalar,0.0,3054.0,0.0,0.0,0.0,0.0,3054.0,ocorrencias
2025,2025-07-01,PR,Busca e salvamento,0.0,795.0,0.0,0.0,0.0,0.0,795.0,ocorrencias
2025,2025-07-01,PR,Combate a incêndios,0.0,2438.0,0.0,0.0,0.0,0.0,2438.0,ocorrencias
2025,2025-07-01,PR,Emissão de Alvarás de licença,0.0,25308.0,0.0,0.0,0.0,0.0,25308.0,ocorrencias
2025,2025-07-01,PR,Estupro,129.0,0.0,120.0,9.0,0.0,0.0,129.0,vitimas
2025,2025-07-01,PR,Estupro de vulnerável,381.0,0.0,322.0,59.0,0.0,0.0,381.0,vitimas
2025,2025-07-01,PR,Feminicídio,2.0,0.0,2.0,0.0,0.0,0.0,2.0,vitimas
2025,2025-07-01,PR,Furto de veículo,0.0,725.0,0.0,0.0,0.0,0.0,725.0,ocorrencias
2025,2025-07-01,PR,Homicídio doloso,85.0,0.0,5.0,79.0,1.0,0.0,85.0,vitimas
2025,2025-07-01,PR,Lesão corporal seguida de morte,1.0,0.0,0.0,1.0,0.0,0.0,1.0,vitimas
2025,2025-07-01,PR,Mandado de prisão cumprido,0.0,3166.0,0.0,0.0,0.0,0.0,3166.0,ocorrencias
2025,2025-07-01,PR,Morte de Agente do Estado,0.0,0.0,0.0,0.0,0.0,0.0,0.0,vitimas
2025,2025-07-01,PR,Morte no trânsito ou em decorrência dele (exceto homicídio doloso),69.0,0.0,12.0,57.0,0.0,0.0,69.0,vitimas
2025,2025-07-01,PR,Morte por intervenção de Agente do Estado,28.0,0.0,0.0,28.0,0.0,0.0,28.0,vitimas
2025,2025-07-01,PR,Mortes a esclarecer (sem indício de crime),3.0,0.0,0.0,3.0,0.0,0.0,3.0,vitimas
2025,2025-07-01,PR,Mortes no trânsito,47.0,0.0,9.0,38.0,0.0,0.0,47.0,vitimas
2025,2025-07-01,PR,Pessoa Desaparecida,505.0,0.0,192.0,313.0,0.0,0.0,505.0,vitimas
2025,2025-07-01,PR,Pessoa Localizada,388.0,0.0,172.0,216.0,0.0,0.0,388.0,vitimas
2025,2025-07-01,PR,Realização de vistorias,0.0,4927.0,0.0,0.0,0.0,0.0,4927.0,ocorrencias
2025,2025-07-01,PR,Roubo a instituição financeira,0.0,0.0,0.0,0.0,0.0,0.0,0.0,ocorrencias
2025,2025-07-01,PR,Roubo de carga,0.0,10.0,0.0,0.0,0.0,0.0,10.0,ocorrencias
2025,2025-07-01,PR,Roubo de veículo,0.0,130.0,0.0,0.0,0.0,0.0,130.0,ocorrencias
2025,2025-07-01,PR,Roubo seguido de morte (latrocínio),2.0,0.0,1.0,1.0,0.0,0.0,2.0,vitimas
2025,2025-07-01,PR,Suicídio,62.0,0.0,12.0,50.0,0.0,0.0,62.0,vitimas
2025,2025-07-01,PR,Suicídio de Agente do Estado,1.0,0.0,0.0,1.0,0.0,0.0,1.0,vitimas
2025,2025-07-01,PR,Tentativa de feminicídio,7.0,0.0,7.0,0.0,0.0,0.0,7.0,vitimas
2025,2025-07-01,PR,Tentativa de homicídio,57.0,0.0,12.0,43.0,2.0,0.0,57.0,vitimas
2025,2025-07-01,PR,Tráfico de drogas,0.0,1246.0,0.0,0.0,0.0,0.0,1246.0,ocorrencias
2025,2025-07-01,RJ,Apreensão de Cocaína,0.0,0.0,0.0,0.0,0.0,36422.0,36422.0,kg
2025,2025-07-01,RJ,Apreensão de Maconha,0.0,0.0,0.0,0.0,0.0,8841.0,8841.0,kg
2025,2025-07-01,RJ,Arma de Fogo Apreendida,0.0,505.0,0.0,0.0,0.0,0.0,505.0,ocorrencias
2025,2025-07-01,RJ,Atendimento pré-hospitalar,0.0,11585.0,0.0,0.0,0.0,0.0,11585.0,ocorrencias
2025,2025-07-01,RJ,Busca e salvamento,0.0,10001.0,0.0,0.0,0.0,0.0,10001.0,ocorrencias
2025,2025-07-01,RJ,Combate a incêndios,0.0,3544.0,0.0,0.0,0.0,0.0,3544.0,ocorrencias
2025,2025-07-01,RJ,Emissão de Alvarás de licença,0.0,4674.0,0.0,0.0,0.0,0.0,4674.0,ocorrencias
2025,2025-07-01,RJ,Estupro,124.0,0.0,111.0,13.0,0.0,0.0,124.0,vitimas
2025,2025-07-01,RJ,Estupro de vulnerável,339.0,0.0,274.0,56.0,9.0,0.0,339.0,vitimas
2025,2025-07-01,RJ,Feminicídio,4.0,0.0,4.0,0.0,0.0,0.0,4.0,vitimas
2025,2025-07-01,RJ,Furto de veículo,0.0,1505.0,0.0,0.0,0.0,0.0,1505.0,ocorrencias
2025,2025-07-01,RJ,Homicídio doloso,217.0,0.0,13.0,188.0,16.0,0.0,217.0,vitimas
2025,2025-07-01,RJ,Lesão corporal seguida de morte,5.0,0.0,2.0,3.0,0.0,0.0,5.0,vitimas
2025,2025-07-01,RJ,Mandado de prisão cumprido,0.0,1006.0,0.0,0.0,0.0,0.0,1006.0,ocorrencias
2025,2025-07-01,RJ,Morte de Agente do Estado,9.0,0.0,1.0,8.0,0.0,0.0,9.0,vitimas
2025,2025-07-01,RJ,Morte no trânsito ou em decorrência dele (exceto homicídio doloso),210.0,0.0,52.0,154.0,4.0,0.0,210.0,vitimas
2025,2025-07-01,RJ,Morte por intervenção de Agente do Estado,47.0,0.0,0.0,47.0,0.0,0.0,47.0,vitimas
2025,2025-07-01,RJ,Mortes a esclarecer (sem indício de crime),261.0,0.0,69.0,187.0,5.0,0.0,261.0,vitimas
2025,2025-07-01,RJ,Mortes no trânsito,29.0,0.0,5.0,24.0,0.0,0.0,29.0,vitimas
2025,2025-07-01,RJ,Pessoa Desaparecida,486.0,0.0,169.0,315.0,2.0,0.0,486.0,vitimas
2025,2025-07-01,RJ,Pessoa Localizada,207.0,0.0,1.0,9.0,197.0,0.0,207.0,vitimas
2025,2025-07-01,RJ,Realização de vistorias,0.0,355.0,0.0,0.0,0.0,0.0,355.0,ocorrencias
2025,2025-07-01,RJ,Roubo a instituição financeira,0.0,0.0,0.0,0.0,0.0,0.0,0.0,ocorrencias
2025,2025-07-01,RJ,Roubo de carga,0.0,278.0,0.0,0.0,0.0,0.0,278.0,ocorrencias
2025,2025-07-01,RJ,Roubo de veículo,0.0,1796.0,0.0,0.0,0.0,0.0,1796.0,ocorrencias
2025,2025-07-01,RJ,Roubo seguido de morte (latrocínio),9.0,0.0,0.0,9.0,0.0,0.0,9.0,vitimas
2025,2025-07-01,RJ,Suicídio,66.0,0.0,18.0,47.0,1.0,0.0,66.0,vitimas
2025,2025-07-01,RJ,Suicídio de Agente do Estado,0.0,0.0,0.0,0.0,0.0,0.0,0.0,vitimas
2025,2025-07-01,RJ,Tentativa de feminicídio,17.0,0.0,17.0,0.0,0.0,0.0,17.0,vitimas
2025,2025-07-01,RJ,Tentativa de homicídio,251.0,0.0,33.0,202.0,16.0,0.0,251.0,vitimas
2025,2025-07-01,RJ,Tráfico de drogas,0.0,1699.0,0.0,0.0,0.0,0.0,1699.0,ocorrencias
2025,2025-07-01,RN,Apreensão de Cocaína,0.0,0.0,0.0,0.0,0.0,76695.0,76695.0,kg
2025,2025-07-01,RN,Apreensão de Maconha,0.0,0.0,0.0,0.0,0.0,59818.0,59818.0,kg
2025,2025-07-01,RN,Arma de Fogo Apreendida,0.0,203.0,0.0,0.0,0.0,0.0,203.0,ocorrencias
2025,2025-07-01,RN,Atendimento pré-hospitalar,0.0,552.0,0.0,0.0,0.0,0.0,552.0,ocorrencias
2025,2025-07-01,RN,Busca e salvamento,0.0,684.0,0.0,0.0,0.0,0.0,684.0,ocorrencias
2025,2025-07-01,RN,Combate a incêndios,0.0,274.0,0.0,0.0,0.0,0.0,274.0,ocorrencias
2025,2025-07-01,RN,Emissão de Alvarás de licença,0.0,611.0,0.0,0.0,0.0,0.0,611.0,ocorrencias
2025,2025-07-01,RN,Estupro,36.0,0.0,35.0,1.0,0.0,0.0,36.0,vitimas
2025,2025-07-01,RN,Estupro de vulnerável,106.0,0.0,89.0,15.0,2.0,0.0,106.0,vitimas
2025,2025-07-01,RN,Feminicídio,0.0,0.0,0.0,0.0,0.0,0.0,0.0,vitimas
2025,2025-07-01,RN,Furto de veículo,0.0,169.0,0.0,0.0,0.0,0.0,169.0,ocorrencias
2025,2025-07-01,RN,Homicídio doloso,91.0,0.0,7.0,83.0,1.0,0.0,91.0,vitimas
2025,2025-07-01,RN,Lesão corporal seguida de morte,2.0,0.0,0.0,2.0,0.0,0.0,2.0,vitimas
2025,2025-07-01,RN,Mandado de prisão cumprido,0.0,318.0,0.0,0.0,0.0,0.0,318.0,ocorrencias
2025,2025-07-01,RN,Morte de Agente do Estado,0.0,0.0,0.0,0.0,0.0,0.0,0.0,vitimas
2025,2025-07-01,RN,Morte no trânsito ou em decorrência dele (exceto homicídio doloso),43.0,0.0,5.0,38.0,0.0,0.0,43.0,vitimas
2025,2025-07-01,RN,Morte por intervenção de Agente do Estado,10.0,0.0,1.0,9.0,0.0,0.0,10.0,vitimas
2025,2025-07-01,RN,Mortes a esclarecer (sem indício de crime),47.0,0.0,15.0,31.0,1.0,0.0,47.0,vitimas
2025,2025-07-01,RN,Mortes no trânsito,6.0,0.0,3.0,3.0,0.0,0.0,6.0,vitimas
2025,2025-07-01,RN,Pessoa Desaparecida,57.0,0.0,20.0,37.0,0.0,0.0,57.0,vitimas
2025,2025-07-01,RN,Pessoa Localizada,28.0,0.0,13.0,15.0,0.0,0.0,28.0,vitimas
2025,2025-07-01,RN,Realização de vistorias,0.0,636.0,0.0,0.0,0.0,0.0,636.0,ocorrencias
2025,2025-07-01,RN,Roubo a instituição financeira,0.0,0.0,0.0,0.0,0.0,0.0,0.0,ocorrencias
2025,2025-07-01,RN,Roubo de carga,0.0,0.0,0.0,0.0,0.0,0.0,0.0,ocorrencias
2025,2025-07-01,RN,Roubo de veículo,0.0,117.0,0.0,0.0,0.0,0.0,117.0,ocorrencias
2025,2025-07-01,RN,Roubo seguido de morte (latrocínio),0.0,0.0,0.0,0.0,0.0,0.0,0.0,vitimas
2025,2025-07-01,RN,Suicídio,22.0,0.0,5.0,17.0,0.0,0.0,22.0,vitimas
2025,2025-07-01,RN,Suicídio de Agente do Estado,0.0,0.0,0.0,0.0,0.0,0.0,0.0,vitimas
2025,2025-07-01,RN,Tentativa de feminicídio,3.0,0.0,3.0,0.0,0.0,0.0,3.0,vitimas
2025,2025-07-01,RN,Tentativa de homicídio,72.0,0.0,8.0,59.0,5.0,0.0,72.0,vitimas
2025,2025-07-01,RN,Tráfico de drogas,0.0,231.0,0.0,0.0,0.0,0.0,231.0,ocorrencias
2025,2025-07-01,RO,Apreensão de Cocaína,0.0,0.0,0.0,0.0,0.0,106369.0,106369.0,kg
2025,2025-07-01,RO,Apreensão de Maconha,0.0,0.0,0.0,0.0,0.0,1472322.0,1472322.0,kg
2025,2025-07-01,RO,Arma de Fogo Apreendida,0.0,219.0,0.0,0.0,0.0,0.0,219.0,ocorrencias
2025,2025-07-01,RO,Atendimento pré-hospitalar,0.0,1390.0,0.0,0.0,0.0,0.0,1390.0,ocorrencias
2025,2025-07-01,RO,Busca e salvamento,0.0,241.0,0.0,0.0,0.0,0.0,241.0,ocorrencias
2025,2025-07-01,RO,Combate a incêndios,0.0,978.0,0.0,0.0,0.0,0.0,978.0,ocorrencias
2025,2025-07-01,RO,Emissão de Alvarás de licença,0.0,2452.0,0.0,0.0,0.0,0.0,2452.0,ocorrencias
2025,2025-07-01,RO,Estupro,35.0,0.0,34.0,1.0,0.0,0.0,35.0,vitimas
2025,2025-07-01,RO,Estupro de vulnerável,96.0,0.0,79.0,9.0,8.0,0.0,96.0,vitimas
2025,2025-07-01,RO,Feminicídio,1.0,0.0,1.0,0.0,0.0,0.0,1.0,vitimas
2025,2025-07-01,RO,Furto de veículo,0.0,146.0,0.0,0.0,0.0,0.0,146.0,ocorrencias
2025,2025-07-01,RO,Homicídio doloso,46.0,0.0,1.0,44.0,1.0,0.0,46.0,vitimas
2025,2025-07-01,RO,Lesão corporal seguida de morte,0.0,0.0,0.0,0.0,0.0,0.0,0.0,vitimas
2025,2025-07-01,RO,Mandado de prisão cumprido,0.0,372.0,0.0,0.0,0.0,0.0,372.0,ocorrencias
2025,2025-07-01,RO,Morte de Agente do Estado,0.0,0.0,0.0,0.0,0.0,0.0,0.0,vitimas
2025,2025-07-01,RO,Morte no trânsito ou em decorrência dele (exceto homicídio doloso),30.0,0.0,3.0,25.0,2.0,0.0,30.0,vitimas
2025,2025-07-01,RO,Morte por intervenção de Agente do Estado,11.0,0.0,0.0,11.0,0.0,0.0,11.0,vitimas
2025,2025-07-01,RO,Mortes a esclarecer (sem indício de crime),53.0,0.0,16.0,37.0,0.0,0.0,53.0,vitimas
2025,2025-07-01,RO,Mortes no trânsito,9.0,0.0,1.0,8.0,0.0,0.0,9.0,vitimas
2025,2025-07-01,RO,Pessoa Desaparecida,100.0,0.0,45.0,55.0,0.0,0.0,100.0,vitimas
2025,2025-07-01,RO,Pessoa Localizada,7.0,0.0,5.0,2.0,0.0,0.0,7.0,vitimas
2025,2025-07-01,RO,Realização de vistorias,0.0,1506.0,0.0,0.0,0.0,0.0,1506.0,ocorrencias
2025,2025-07-01,RO,Roubo a instituição financeira,0.0,0.0,0.0,0.0,0.0,0.0,0.0,ocorrencias
2025,2025-07-01,RO,Roubo de carga,0.0,0.0,0.0,0.0,0.0,0.0,0.0,ocorrencias
2025,2025-07-01,RO,Roubo de veículo,0.0,35.0,0.0,0.0,0.0,0.0,35.0,ocorrencias
2025,2025-07-01,RO,Roubo seguido de morte (latrocínio),0.0,0.0,0.0,0.0,0.0,0.0,0.0,vitimas
2025,2025-07-01,RO,Suicídio,15.0,0.0,3.0,12.0,0.0,0.0,15.0,vitimas
2025,2025-07-01,RO,Suicídio de Agente do Estado,0.0,0.0,0.0,0.0,0.0,0.0,0.0,vitimas
2025,2025-07-01,RO,Tentativa de feminicídio,2.0,0.0,2.0,0.0,0.0,0.0,2.0,vitimas
2025,2025-07-01,RO,Tentativa de homicídio,59.0,0.0,5.0,54.0,0.0,0.0,59.0,vitimas
2025,2025-07-01,RO,Tráfico de drogas,0.0,152.0,0.0,0.0,0.0,0.0,152.0,ocorrencias
2025,2025-07-01,RR,Apreensão de Cocaína,0.0,0.0,0.0,0.0,0.0,14554.0,14554.0,kg
2025,2025-07-01,RR,Apreensão de Maconha,0.0,0.0,0.0,0.0,0.0,7294.0,7294.0,kg
2025,2025-07-01,RR,Arma de Fogo Apreendida,0.0,25.0,0.0,0.0,0.0,0.0,25.0,ocorrencias
2025,2025-07-01,RR,Atendimento pré-hospitalar,0.0,180.0,0.0,0.0,0.0,0.0,180.0,ocorrencias
2025,2025-07-01,RR,Busca e salvamento,0.0,160.0,0.0,0.0,0.0,0.0,160.0,ocorrencias
2025,2025-07-01,RR,Combate a incêndios,0.0,31.0,0.0,0.0,0.0,0.0,31.0,ocorrencias
2025,2025-07-01,RR,Emissão de Alvarás de licença,0.0,162.0,0.0,0.0,0.0,0.0,162.0,ocorrencias
2025,2025-07-01,RR,Estupro,13.0,0.0,12.0,1.0,0.0,0.0,13.0,vitimas
2025,2025-07-01,RR,Estupro de vulnerável,39.0,0.0,29.0,7.0,3.0,0.0,39.0,vitimas
2025,2025-07-01,RR,Feminicídio,0.0,0.0,0.0,0.0,0.0,0.0,0.0,vitimas
2025,2025-07-01,RR,Furto de veículo,0.0,56.0,0.0,0.0,0.0,0.0,56.0,ocorrencias
2025,2025-07-01,RR,Homicídio doloso,6.0,0.0,0.0,6.0,0.0,0.0,6.0,vitimas
2025,2025-07-01,RR,Lesão corporal seguida de morte,2.0,0.0,1.0,1.0,0.0,0.0,2.0,vitimas
2025,2025-07-01,RR,Mandado de prisão cumprido,0.0,122.0,0.0,0.0,0.0,0.0,122.0,ocorrencias
2025,2025-07-01,RR,Morte de Agente do Estado,0.0,0.0,0.0,0.0,0.0,0.0,0.0,vitimas
2025,2025-07-01,RR,Morte no trânsito ou em decorrência dele (exceto homicídio doloso),4.0,0.0,0.0,4.0,0.0,0.0,4.0,vitimas
2025,2025-07-01,RR,Morte por intervenção de Agente do Estado,0.0,0.0,0.0,0.0,0.0,0.0,0.0,vitimas
2025,2025-07-01,RR,Mortes a esclarecer (sem indício de crime),9.0,0.0,2.0,7.0,0.0,0.0,9.0,vitimas
2025,2025-07-01,RR,Mortes no trânsito,3.0,0.0,1.0,2.0,0.0,0.0,3.0,vitimas
2025,2025-07-01,RR,Pessoa Desaparecida,47.0,0.0,19.0,27.0,1.0,0.0,47.0,vitimas
2025,2025-07-01,RR,Pessoa Localizada,16.0,0.0,5.0,9.0,2.0,0.0,16.0,vitimas
2025,2025-07-01,RR,Realização de vistorias,0.0,43.0,0.0,0.0,0.0,0.0,43.0,ocorrencias
2025,2025-07-01,RR,Roubo a instituição financeira,0.0,0.0,0.0,0.0,0.0,0.0,0.0,ocorrencias
2025,2025-07-01,RR,Roubo de carga,0.0,0.0,0.0,0.0,0.0,0.0,0.0,ocorrencias
2025,2025-07-01,RR,Roubo de veículo,0.0,5.0,0.0,0.0,0.0,0.0,5.0,ocorrencias
2025,2025-07-01,RR,Roubo seguido de morte (latrocínio),0.0,0.0,0.0,0.0,0.0,0.0,0.0,vitimas
2025,2025-07-01,RR,Suicídio,5.0,0.0,1.0,4.0,0.0,0.0,5.0,vitimas
2025,2025-07-01,RR,Suicídio de Agente do Estado,0.0,0.0,0.0,0.0,0.0,0.0,0.0,vitimas
2025,2025-07-01,RR,Tentativa de feminicídio,3.0,0.0,3.0,0.0,0.0,0.0,3.0,vitimas
2025,2025-07-01,RR,Tentativa de homicídio,21.0,0.0,2.0,18.0,1.0,0.0,21.0,vitimas
2025,2025-07-01,RR,Tráfico de drogas,0.0,46.0,0.0,0.0,0.0,0.0,46.0,ocorrencias
2025,2025-07-01,RS,Apreensão de Cocaína,0.0,0.0,0.0,0.0,0.0,219513.0,219513.0,kg
2025,2025-07-01,RS,Apreensão de Maconha,0.0,0.0,0.0,0.0,0.0,3396806.0,3396806.0,kg
2025,2025-07-01,RS,Arma de Fogo Apreendida,0.0,852.0,0.0,0.0,0.0,0.0,852.0,ocorrencias
2025,2025-07-01,RS,Atendimento pré-hospitalar,0.0,2853.0,0.0,0.0,0.0,0.0,2853.0,ocorrencias
2025,2025-07-01,RS,Busca e salvamento,0.0,1112.0,0.0,0.0,0.0,0.0,1112.0,ocorrencias
2025,2025-07-01,RS,Combate a incêndios,0.0,1685.0,0.0,0.0,0.0,0.0,1685.0,ocorrencias
2025,2025-07-01,RS,Emissão de Alvarás de licença,0.0,4316.0,0.0,0.0,0.0,0.0,4316.0,ocorrencias
2025,2025-07-01,RS,Estupro,72.0,0.0,68.0,4.0,0.0,0.0,72.0,vitimas
2025,2025-07-01,RS,Estupro de vulnerável,297.0,0.0,258.0,39.0,0.0,0.0,297.0,vitimas
2025,2025-07-01,RS,Feminicídio,10.0,0.0,10.0,0.0,0.0,0.0,10.0,vitimas
2025,2025-07-01,RS,Furto de veículo,0.0,577.0,0.0,0.0,0.0,0.0,577.0,ocorrencias
2025,2025-07-01,RS,Homicídio doloso,94.0,0.0,5.0,89.0,0.0,0.0,94.0,vitimas
2025,2025-07-01,RS,Lesão corporal seguida de morte,1.0,0.0,0.0,1.0,0.0,0.0,1.0,vitimas
2025,2025-07-01,RS,Mandado de prisão cumprido,0.0,1066.0,0.0,0.0,0.0,0.0,1066.0,ocorrencias
2025,2025-07-01,RS,Morte de Agente do Estado,1.0,0.0,0.0,1.0,0.0,0.0,1.0,vitimas
2025,2025-07-01,RS,Morte no trânsito ou em decorrência dele (exceto homicídio doloso),110.0,0.0,25.0,85.0,0.0,0.0,110.0,vitimas
2025,2025-07-01,RS,Morte por intervenção de Agente do Estado,6.0,0.0,0.0,6.0,0.0,0.0,6.0,vitimas
2025,2025-07-01,RS,Mortes a esclarecer (sem indício de crime),74.0,0.0,16.0,58.0,0.0,0.0,74.0,vitimas
2025,2025-07-01,RS,Mortes no trânsito,30.0,0.0,6.0,24.0,0.0,0.0,30.0,vitimas
2025,2025-07-01,RS,Pessoa Desaparecida,615.0,0.0,233.0,382.0,0.0,0.0,615.0,vitimas
2025,2025-07-01,RS,Pessoa Localizada,671.0,0.0,263.0,408.0,0.0,0.0,671.0,vitimas
2025,2025-07-01,RS,Realização de vistorias,0.0,2719.0,0.0,0.0,0.0,0.0,2719.0,ocorrencias
2025,2025-07-01,RS,Roubo a instituição financeira,0.0,0.0,0.0,0.0,0.0,0.0,0.0,ocorrencias
2025,2025-07-01,RS,Roubo de carga,0.0,2.0,0.0,0.0,0.0,0.0,2.0,ocorrencias
2025,2025-07-01,RS,Roubo de veículo,0.0,155.0,0.0,0.0,0.0,0.0,155.0,ocorrencias
2025,2025-07-01,RS,Roubo seguido de morte (latrocínio),5.0,0.0,0.0,5.0,0.0,0.0,5.0,vitimas
2025,2025-07-01,RS,Suicídio,118.0,0.0,27.0,91.0,0.0,0.0,118.0,vitimas
2025,2025-07-01,RS,Suicídio de Agente do Estado,0.0,0.0,0.0,0.0,0.0,0.0,0.0,vitimas
2025,2025-07-01,RS,Tentativa de feminicídio,24.0,0.0,24.0,0.0,0.0,0.0,24.0,vitimas
2025,2025-07-01,RS,Tentativa de homicídio,135.0,0.0,17.0,118.0,0.0,0.0,135.0,vitimas
2025,2025-07-01,RS,Tráfico de drogas,0.0,1576.0,0.0,0.0,0.0,0.0,1576.0,ocorrencias
2025,2025-07-01,SC,Apreensão de Cocaína,0.0,0.0,0.0,0.0,0.0,35850.0,35850.0,kg
2025,2025-07-01,SC,Apreensão de Maconha,0.0,0.0,0.0,0.0,0.0,685814.0,685814.0,kg
2025,2025-07-01,SC,Arma de Fogo Apreendida,0.0,165.0,0.0,0.0,0.0,0.0,165.0,ocorrencias
2025,2025-07-01,SC,Atendimento pré-hospitalar,0.0,13596.0,0.0,0.0,0.0,0.0,13596.0,ocorrencias
2025,2025-07-01,SC,Busca e salvamento,0.0,907.0,0.0,0.0,0.0,0.0,907.0,ocorrencias
2025,2025-07-01,SC,Combate a incêndios,0.0,986.0,0.0,0.0,0.0,0.0,986.0,ocorrencias
2025,2025-07-01,SC,Emissão de Alvarás de licença,0.0,40156.0,0.0,0.0,0.0,0.0,40156.0,ocorrencias
2025,2025-07-01,SC,Estupro,83.0,0.0,75.0,7.0,1.0,0.0,83.0,vitimas
2025,2025-07-01,SC,Estupro de vulnerável,205.0,0.0,160.0,45.0,0.0,0.0,205.0,vitimas
2025,2025-07-01,SC,Feminicídio,5.0,0.0,5.0,0.0,0.0,0.0,5.0,vitimas
2025,2025-07-01,SC,Furto de veículo,0.0,473.0,0.0,0.0,0.0,0.0,473.0,ocorrencias
2025,2025-07-01,SC,Homicídio doloso,22.0,0.0,0.0,21.0,1.0,0.0,22.0,vitimas
2025,2025-07-01,SC,Lesão corporal seguida de morte,4.0,0.0,0.0,4.0,0.0,0.0,4.0,vitimas
2025,2025-07-01,SC,Mandado de prisão cumprido,0.0,1597.0,0.0,0.0,0.0,0.0,1597.0,ocorrencias
2025,2025-07-01,SC,Morte de Agente do Estado,0.0,0.0,0.0,0.0,0.0,0.0,0.0,vitimas
2025,2025-07-01,SC,Morte no trânsito ou em decorrência dele (exceto homicídio doloso),48.0,0.0,13.0,35.0,0.0,0.0,48.0,vitimas
2025,2025-07-01,SC,Morte por intervenção de Agente do Estado,3.0,0.0,0.0,3.0,0.0,0.0,3.0,vitimas
2025,2025-07-01,SC,Mortes a esclarecer (sem indício de crime),0.0,0.0,0.0,0.0,0.0,0.0,0.0,vitimas
2025,2025-07-01,SC,Mortes no trânsito,43.0,0.0,12.0,31.0,0.0,0.0,43.0,vitimas
2025,2025-07-01,SC,Pessoa Desaparecida,317.0,0.0,129.0,187.0,1.0,0.0,317.0,vitimas
2025,2025-07-01,SC,Pessoa Localizada,397.0,0.0,152.0,243.0,2.0,0.0,397.0,vitimas
2025,2025-07-01,SC,Realização de vistorias,0.0,10243.0,0.0,0.0,0.0,0.0,10243.0,ocorrencias
2025,2025-07-01,SC,Roubo a instituição financeira,0.0,0.0,0.0,0.0,0.0,0.0,0.0,ocorrencias
2025,2025-07-01,SC,Roubo de carga,0.0,0.0,0.0,0.0,0.0,0.0,0.0,ocorrencias
2025,2025-07-01,SC,Roubo de veículo,0.0,66.0,0.0,0.0,0.0,0.0,66.0,ocorrencias
2025,2025-07-01,SC,Roubo seguido de morte (latrocínio),3.0,0.0,1.0,2.0,0.0,0.0,3.0,vitimas
2025,2025-07-01,SC,Suicídio,61.0,0.0,14.0,47.0,0.0,0.0,61.0,vitimas
2025,2025-07-01,SC,Suicídio de Agente do Estado,0.0,0.0,0.0,0.0,0.0,0.0,0.0,vitimas
2025,2025-07-01,SC,Tentativa de feminicídio,17.0,0.0,17.0,0.0,0.0,0.0,17.0,vitimas
2025,2025-07-01,SC,Tentativa de homicídio,101.0,0.0,14.0,87.0,0.0,0.0,101.0,vitimas
2025,2025-07-01,SC,Tráfico de drogas,0.0,605.0,0.0,0.0,0.0,0.0,605.0,ocorrencias
2025,2025-07-01,SE,Apreensão de Cocaína,0.0,0.0,0.0,0.0,0.0,6306.0,6306.0,kg
2025,2025-07-01,SE,Apreensão de Maconha,0.0,0.0,0.0,0.0,0.0,42963.0,42963.0,kg
2025,2025-07-01,SE,Arma de Fogo Apreendida,0.0,63.0,0.0,0.0,0.0,0.0,63.0,ocorrencias
2025,2025-07-01,SE,Atendimento pré-hospitalar,0.0,41.0,0.0,0.0,0.0,0.0,41.0,ocorrencias
2025,2025-07-01,SE,Busca e salvamento,0.0,409.0,0.0,0.0,0.0,0.0,409.0,ocorrencias
2025,2025-07-01,SE,Combate a incêndios,0.0,64.0,0.0,0.0,0.0,0.0,64.0,ocorrencias
2025,2025-07-01,SE,Emissão de Alvarás de licença,0.0,1040.0,0.0,0.0,0.0,0.0,1040.0,ocorrencias
2025,2025-07-01,SE,Estupro,21.0,0.0,20.0,0.0,1.0,0.0,21.0,vitimas
2025,2025-07-01,SE,Estupro de vulnerável,68.0,0.0,58.0,8.0,2.0,0.0,68.0,vitimas
2025,2025-07-01,SE,Feminicídio,0.0,0.0,0.0,0.0,0.0,0.0,0.0,vitimas
2025,2025-07-01,SE,Furto de veículo,0.0,65.0,0.0,0.0,0.0,0.0,65.0,ocorrencias
2025,2025-07-01,SE,Homicídio doloso,13.0,0.0,0.0,13.0,0.0,0.0,13.0,vitimas
2025,2025-07-01,SE,Lesão corporal seguida de morte,0.0,0.0,0.0,0.0,0.0,0.0,0.0,vitimas
2025,2025-07-01,SE,Mandado de prisão cumprido,0.0,162.0,0.0,0.0,0.0,0.0,162.0,ocorrencias
2025,2025-07-01,SE,Morte de Agente do Estado,0.0,0.0,0.0,0.0,0.0,0.0,0.0,vitimas
2025,2025-07-01,SE,Morte no trânsito ou em decorrência dele (exceto homicídio doloso),22.0,0.0,4.0,17.0,1.0,0.0,22.0,vitimas
2025,2025-07-01,SE,Morte por intervenção de Agente do Estado,14.0,0.0,0.0,14.0,0.0,0.0,14.0,vitimas
2025,2025-07-01,SE,Mortes a esclarecer (sem indício de crime),29.0,0.0,7.0,20.0,2.0,0.0,29.0,vitimas
2025,2025-07-01,SE,Mortes no trânsito,4.0,0.0,0.0,4.0,0.0,0.0,4.0,vitimas
2025,2025-07-01,SE,Pessoa Desaparecida,62.0,0.0,26.0,36.0,0.0,0.0,62.0,vitimas
2025,2025-07-01,SE,Pessoa Localizada,57.0,0.0,25.0,32.0,0.0,0.0,57.0,vitimas
2025,2025-07-01,SE,Realização de vistorias,0.0,349.0,0.0,0.0,0.0,0.0,349.0,ocorrencias
2025,2025-07-01,SE,Roubo a instituição financeira,0.0,0.0,0.0,0.0,0.0,0.0,0.0,ocorrencias
2025,2025-07-01,SE,Roubo de carga,0.0,0.0,0.0,0.0,0.0,0.0,0.0,ocorrencias
2025,2025-07-01,SE,Roubo de veículo,0.0,38.0,0.0,0.0,0.0,0.0,38.0,ocorrencias
2025,2025-07-01,SE,Roubo seguido de morte (latrocínio),1.0,0.0,0.0,1.0,0.0,0.0,1.0,vitimas
2025,2025-07-01,SE,Suicídio,15.0,0.0,5.0,10.0,0.0,0.0,15.0,vitimas
2025,2025-07-01,SE,Suicídio de Agente do Estado,0.0,0.0,0.0,0.0,0.0,0.0,0.0,vitimas
2025,2025-07-01,SE,Tentativa de feminicídio,4.0,0.0,4.0,0.0,0.0,0.0,4.0,vitimas
2025,2025-07-01,SE,Tentativa de homicídio,51.0,0.0,4.0,43.0,4.0,0.0,51.0,vitimas
2025,2025-07-01,SE,Tráfico de drogas,0.0,152.0,0.0,0.0,0.0,0.0,152.0,ocorrencias
2025,2025-07-01,SP,Apreensão de Cocaína,0.0,0.0,0.0,0.0,0.0,3246586.0,3246586.0,kg
2025,2025-07-01,SP,Apreensão de Maconha,0.0,0.0,0.0,0.0,0.0,20893592.0,20893592.0,kg
2025,2025-07-01,SP,Arma de Fogo Apreendida,0.0,1027.0,0.0,0.0,0.0,0.0,1027.0,ocorrencias
2025,2025-07-01,SP,Atendimento pré-hospitalar,0.0,18219.0,0.0,0.0,0.0,0.0,18219.0,ocorrencias
2025,2025-07-01,SP,Busca e salvamento,0.0,4049.0,0.0,0.0,0.0,0.0,4049.0,ocorrencias
2025,2025-07-01,SP,Combate a incêndios,0.0,6466.0,0.0,0.0,0.0,0.0,6466.0,ocorrencias
2025,2025-07-01,SP,Emissão de Alvarás de licença,0.0,22537.0,0.0,0.0,0.0,0.0,22537.0,ocorrencias
2025,2025-07-01,SP,Estupro,250.0,0.0,230.0,19.0,1.0,0.0,250.0,vitimas
2025,2025-07-01,SP,Estupro de vulnerável,976.0,0.0,844.0,130.0,2.0,0.0,976.0,vitimas
2025,2025-07-01,SP,Feminicídio,24.0,0.0,24.0,0.0,0.0,0.0,24.0,vitimas
2025,2025-07-01,SP,Furto de veículo,0.0,7348.0,0.0,0.0,0.0,0.0,7348.0,ocorrencias
2025,2025-07-01,SP,Homicídio doloso,176.0,0.0,18.0,154.0,4.0,0.0,176.0,vitimas
2025,2025-07-01,SP,Lesão corporal seguida de morte,9.0,0.0,1.0,8.0,0.0,0.0,9.0,vitimas
2025,2025-07-01,SP,Mandado de prisão cumprido,0.0,7413.0,0.0,0.0,0.0,0.0,7413.0,ocorrencias
2025,2025-07-01,SP,Morte de Agente do Estado,3.0,0.0,0.0,3.0,0.0,0.0,3.0,vitimas
2025,2025-07-01,SP,Morte no trânsito ou em decorrência dele (exceto homicídio doloso),355.0,0.0,78.0,275.0,2.0,0.0,355.0,vitimas
2025,2025-07-01,SP,Morte por intervenção de Agente do Estado,60.0,0.0,0.0,60.0,0.0,0.0,60.0,vitimas
2025,2025-07-01,SP,Mortes a esclarecer (sem indício de crime),193.0,0.0,33.0,150.0,10.0,0.0,193.0,vitimas
2025,2025-07-01,SP,Mortes no trânsito,16.0,0.0,5.0,11.0,0.0,0.0,16.0,vitimas
2025,2025-07-01,SP,Pessoa Desaparecida,1699.0,0.0,577.0,1121.0,1.0,0.0,1699.0,vitimas
2025,2025-07-01,SP,Pessoa Localizada,1310.0,0.0,504.0,805.0,1.0,0.0,1310.0,vitimas
2025,2025-07-01,SP,Realização de vistorias,0.0,10149.0,0.0,0.0,0.0,0.0,10149.0,ocorrencias
2025,2025-07-01,SP,Roubo a instituição financeira,0.0,1.0,0.0,0.0,0.0,0.0,1.0,ocorrencias
2025,2025-07-01,SP,Roubo de carga,0.0,250.0,0.0,0.0,0.0,0.0,250.0,ocorrencias
2025,2025-07-01,SP,Roubo de veículo,0.0,2020.0,0.0,0.0,0.0,0.0,2020.0,ocorrencias
2025,2025-07-01,SP,Roubo seguido de morte (latrocínio),16.0,0.0,2.0,14.0,0.0,0.0,16.0,vitimas
2025,2025-07-01,SP,Suicídio,244.0,0.0,42.0,202.0,0.0,0.0,244.0,vitimas
2025,2025-07-01,SP,Suicídio de Agente do Estado,3.0,0.0,0.0,3.0,0.0,0.0,3.0,vitimas
2025,2025-07-01,SP,Tentativa de feminicídio,49.0,0.0,48.0,1.0,0.0,0.0,49.0,vitimas
2025,2025-07-01,SP,Tentativa de homicídio,314.0,0.0,43.0,270.0,1.0,0.0,314.0,vitimas
2025,2025-07-01,SP,Tráfico de drogas,0.0,4133.0,0.0,0.0,0.0,0.0,4133.0,ocorrencias
2025,2025-07-01,TO,Apreensão de Cocaína,0.0,0.0,0.0,0.0,0.0,1016.0,1016.0,kg
2025,2025-07-01,TO,Apreensão de Maconha,0.0,0.0,0.0,0.0,0.0,2181.0,2181.0,kg
2025,2025-07-01,TO,Arma de Fogo Apreendida,0.0,71.0,0.0,0.0,0.0,0.0,71.0,ocorrencias
2025,2025-07-01,TO,Atendimento pré-hospitalar,0.0,902.0,0.0,0.0,0.0,0.0,902.0,ocorrencias
2025,2025-07-01,TO,Busca e salvamento,0.0,296.0,0.0,0.0,0.0,0.0,296.0,ocorrencias
2025,2025-07-01,TO,Combate a incêndios,0.0,588.0,0.0,0.0,0.0,0.0,588.0,ocorrencias
2025,2025-07-01,TO,Emissão de Alvarás de licença,0.0,1043.0,0.0,0.0,0.0,0.0,1043.0,ocorrencias
2025,2025-07-01,TO,Estupro,15.0,0.0,15.0,0.0,0.0,0.0,15.0,vitimas
2025,2025-07-01,TO,Estupro de vulnerável,48.0,0.0,43.0,3.0,2.0,0.0,48.0,vitimas
2025,2025-07-01,TO,Feminicídio,2.0,0.0,1.0,0.0,1.0,0.0,2.0,vitimas
2025,2025-07-01,TO,Furto de veículo,0.0,126.0,0.0,0.0,0.0,0.0,126.0,ocorrencias
2025,2025-07-01,TO,Homicídio doloso,23.0,0.0,0.0,23.0,0.0,0.0,23.0,vitimas
2025,2025-07-01,TO,Lesão corporal seguida de morte,0.0,0.0,0.0,0.0,0.0,0.0,0.0,vitimas
2025,2025-07-01,TO,Mandado de prisão cumprido,0.0,188.0,0.0,0.0,0.0,0.0,188.0,ocorrencias
2025,2025-07-01,TO,Morte de Agente do Estado,1.0,0.0,0.0,1.0,0.0,0.0,1.0,vitimas
2025,2025-07-01,TO,Morte no trânsito ou em decorrência dele (exceto homicídio doloso),61.0,0.0,9.0,52.0,0.0,0.0,61.0,vitimas
2025,2025-07-01,TO,Morte por intervenção de Agente do Estado,0.0,0.0,0.0,0.0,0.0,0.0,0.0,vitimas
2025,2025-07-01,TO,Mortes a esclarecer (sem indício de crime),28.0,0.0,5.0,23.0,0.0,0.0,28.0,vitimas
2025,2025-07-01,TO,Mortes no trânsito,12.0,0.0,3.0,9.0,0.0,0.0,12.0,vitimas
2025,2025-07-01,TO,Pessoa Desaparecida,58.0,0.0,17.0,41.0,0.0,0.0,58.0,vitimas
2025,2025-07-01,TO,Pessoa Localizada,20.0,0.0,7.0,13.0,0.0,0.0,20.0,vitimas
2025,2025-07-01,TO,Realização de vistorias,0.0,1595.0,0.0,0.0,0.0,0.0,1595.0,ocorrencias
2025,2025-07-01,TO,Roubo a instituição financeira,0.0,0.0,0.0,0.0,0.0,0.0,0.0,ocorrencias
2025,2025-07-01,TO,Roubo de carga,0.0,1.0,0.0,0.0,0.0,0.0,1.0,ocorrencias
2025,2025-07-01,TO,Roubo de veículo,0.0,27.0,0.0,0.0,0.0,0.0,27.0,ocorrencias
2025,2025-07-01,TO,Roubo seguido de morte (latrocínio),1.0,0.0,0.0,1.0,0.0,0.0,1.0,vitimas
2025,2025-07-01,TO,Suicídio,12.0,0.0,2.0,10.0,0.0,0.0,12.0,vitimas
2025,2025-07-01,TO,Suicídio de Agente do Estado,0.0,0.0,0.0,0.0,0.0,0.0,0.0,vitimas
2025,2025-07-01,TO,Tentativa de feminicídio,7.0,0.0,7.0,0.0,0.0,0.0,7.0,vitimas
2025,2025-07-01,TO,Tentativa de homicídio,33.0,0.0,4.0,29.0,0.0,0.0,33.0,vitimas
2025,2025-07-01,TO,Tráfico de drogas,0.0,62.0,0.0,0.0,0.0,0.0,62.0,ocorrencias
2025,2025-08-01,AC,Apreensão de Cocaína,0.0,0.0,0.0,0.0,0.0,4936.0,4936.0,kg
2025,2025-08-01,AC,Apreensão de Maconha,0.0,0.0,0.0,0.0,0.0,25780.0,25780.0,kg
2025,2025-08-01,AC,Arma de Fogo Apreendida,0.0,42.0,0.0,0.0,0.0,0.0,42.0,ocorrencias
2025,2025-08-01,AC,Atendimento pré-hospitalar,0.0,177.0,0.0,0.0,0.0,0.0,177.0,ocorrencias
2025,2025-08-01,AC,Busca e salvamento,0.0,271.0,0.0,0.0,0.0,0.0,271.0,ocorrencias
2025,2025-08-01,AC,Combate a incêndios,0.0,982.0,0.0,0.0,0.0,0.0,982.0,ocorrencias
2025,2025-08-01,AC,Emissão de Alvarás de licença,0.0,449.0,0.0,0.0,0.0,0.0,449.0,ocorrencias
2025,2025-08-01,AC,Estupro,16.0,0.0,16.0,0.0,0.0,0.0,16.0,vitimas
2025,2025-08-01,AC,Estupro de vulnerável,36.0,0.0,33.0,3.0,0.0,0.0,36.0,vitimas
2025,2025-08-01,AC,Feminicídio,2.0,0.0,2.0,0.0,0.0,0.0,2.0,vitimas
2025,2025-08-01,AC,Furto de veículo,0.0,66.0,0.0,0.0,0.0,0.0,66.0,ocorrencias
2025,2025-08-01,AC,Homicídio doloso,17.0,0.0,0.0,17.0,0.0,0.0,17.0,vitimas
2025,2025-08-01,AC,Lesão corporal seguida de morte,0.0,0.0,0.0,0.0,0.0,0.0,0.0,vitimas
2025,2025-08-01,AC,Mandado de prisão cumprido,0.0,164.0,0.0,0.0,0.0,0.0,164.0,ocorrencias
2025,2025-08-01,AC,Morte de Agente do Estado,0.0,0.0,0.0,0.0,0.0,0.0,0.0,vitimas
2025,2025-08-01,AC,Morte no trânsito ou em decorrência dele (exceto homicídio doloso),13.0,0.0,2.0,11.0,0.0,0.0,13.0,vitimas
2025,2025-08-01,AC,Morte por intervenção de Agente do Estado,1.0,0.0,0.0,1.0,0.0,0.0,1.0,vitimas
2025,2025-08-01,AC,Mortes a esclarecer (sem indício de crime),7.0,0.0,2.0,5.0,0.0,0.0,7.0,vitimas
2025,2025-08-01,AC,Mortes no trânsito,4.0,0.0,0.0,4.0,0.0,0.0,4.0,vitimas
2025,2025-08-01,AC,Pessoa Desaparecida,35.0,0.0,11.0,21.0,3.0,0.0,35.0,vitimas
2025,2025-08-01,AC,Pessoa Localizada,31.0,0.0,11.0,18.0,2.0,0.0,31.0,vitimas
2025,2025-08-01,AC,Realização de vistorias,0.0,589.0,0.0,0.0,0.0,0.0,589.0,ocorrencias
2025,2025-08-01,AC,Roubo a instituição financeira,0.0,1.0,0.0,0.0,0.0,0.0,1.0,ocorrencias
2025,2025-08-01,AC,Roubo de carga,0.0,0.0,0.0,0.0,0.0,0.0,0.0,ocorrencias
2025,2025-08-01,AC,Roubo de veículo,0.0,55.0,0.0,0.0,0.0,0.0,55.0,ocorrencias
2025,2025-08-01,AC,Roubo seguido de morte (latrocínio),0.0,0.0,0.0,0.0,0.0,0.0,0.0,vitimas
2025,2025-08-01,AC,Suicídio,8.0,0.0,4.0,4.0,0.0,0.0,8.0,vitimas
2025,2025-08-01,AC,Suicídio de Agente do Estado,1.0,0.0,0.0,1.0,0.0,0.0,1.0,vitimas
2025,2025-08-01,AC,Tentativa de feminicídio,3.0,0.0,3.0,0.0,0.0,0.0,3.0,vitimas
2025,2025-08-01,AC,Tentativa de homicídio,25.0,0.0,2.0,23.0,0.0,0.0,25.0,vitimas
2025,2025-08-01,AC,Tráfico de drogas,0.0,65.0,0.0,0.0,0.0,0.0,65.0,ocorrencias
2025,2025-08-01,AL,Apreensão de Cocaína,0.0,0.0,0.0,0.0,0.0,266.0,266.0,kg
2025,2025-08-01,AL,Apreensão de Maconha,0.0,0.0,0.0,0.0,0.0,13633.0,13633.0,kg
2025,2025-08-01,AL,Arma de Fogo Apreendida,0.0,144.0,0.0,0.0,0.0,0.0,144.0,ocorrencias
2025,2025-08-01,AL,Atendimento pré-hospitalar,0.0,507.0,0.0,0.0,0.0,0.0,507.0,ocorrencias
2025,2025-08-01,AL,Busca e salvamento,0.0,389.0,0.0,0.0,0.0,0.0,389.0,ocorrencias
2025,2025-08-01,AL,Combate a incêndios,0.0,97.0,0.0,0.0,0.0,0.0,97.0,ocorrencias
2025,2025-08-01,AL,Emissão de Alvarás de licença,0.0,748.0,0.0,0.0,0.0,0.0,748.0,ocorrencias
2025,2025-08-01,AL,Estupro,24.0,0.0,22.0,2.0,0.0,0.0,24.0,vitimas
2025,2025-08-01,AL,Estupro de vulnerável,57.0,0.0,50.0,5.0,2.0,0.0,57.0,vitimas
2025,2025-08-01,AL,Feminicídio,3.0,0.0,3.0,0.0,0.0,0.0,3.0,vitimas
2025,2025-08-01,AL,Furto de veículo,0.0,132.0,0.0,0.0,0.0,0.0,132.0,ocorrencias
2025,2025-08-01,AL,Homicídio doloso,70.0,0.0,6.0,64.0,0.0,0.0,70.0,vitimas
2025,2025-08-01,AL,Lesão corporal seguida de morte,1.0,0.0,0.0,1.0,0.0,0.0,1.0,vitimas
2025,2025-08-01,AL,Mandado de prisão cumprido,0.0,404.0,0.0,0.0,0.0,0.0,404.0,ocorrencias
2025,2025-08-01,AL,Morte de Agente do Estado,0.0,0.0,0.0,0.0,0.0,0.0,0.0,vitimas
2025,2025-08-01,AL,Morte no trânsito ou em decorrência dele (exceto homicídio doloso),26.0,0.0,6.0,17.0,3.0,0.0,26.0,vitimas
2025,2025-08-01,AL,Morte por intervenção de Agente do Estado,9.0,0.0,0.0,8.0,1.0,0.0,9.0,vitimas
2025,2025-08-01,AL,Mortes a esclarecer (sem indício de crime),53.0,0.0,19.0,29.0,5.0,0.0,53.0,vitimas
2025,2025-08-01,AL,Mortes no trânsito,12.0,0.0,5.0,7.0,0.0,0.0,12.0,vitimas
2025,2025-08-01,AL,Pessoa Desaparecida,72.0,0.0,21.0,50.0,1.0,0.0,72.0,vitimas
2025,2025-08-01,AL,Pessoa Localizada,48.0,0.0,15.0,33.0,0.0,0.0,48.0,vitimas
2025,2025-08-01,AL,Realização de vistorias,0.0,1294.0,0.0,0.0,0.0,0.0,1294.0,ocorrencias
2025,2025-08-01,AL,Roubo a instituição financeira,0.0,0.0,0.0,0.0,0.0,0.0,0.0,ocorrencias
2025,2025-08-01,AL,Roubo de carga,0.0,0.0,0.0,0.0,0.0,0.0,0.0,ocorrencias
2025,2025-08-01,AL,Roubo de veículo,0.0,93.0,0.0,0.0,0.0,0.0,93.0,ocorrencias
2025,2025-08-01,AL,Roubo seguido de morte (latrocínio),0.0,0.0,0.0,0.0,0.0,0.0,0.0,vitimas
2025,2025-08-01,AL,Suicídio,12.0,0.0,5.0,7.0,0.0,0.0,12.0,vitimas
2025,2025-08-01,AL,Suicídio de Agente do Estado,0.0,0.0,0.0,0.0,0.0,0.0,0.0,vitimas
2025,2025-08-01,AL,Tentativa de feminicídio,7.0,0.0,7.0,0.0,0.0,0.0,7.0,vitimas
2025,2025-08-01,AL,Tentativa de homicídio,77.0,0.0,15.0,59.0,3.0,0.0,77.0,vitimas
2025,2025-08-01,AL,Tráfico de drogas,0.0,141.0,0.0,0.0,0.0,0.0,141.0,ocorrencias
2025,2025-08-01,AM,Apreensão de Cocaína,0.0,0.0,0.0,0.0,0.0,1048626.0,1048626.0,kg
2025,2025-08-01,AM,Apreensão de Maconha,0.0,0.0,0.0,0.0,0.0,2566880.0,2566880.0,kg
2025,2025-08-01,AM,Arma de Fogo Apreendida,0.0,154.0,0.0,0.0,0.0,0.0,154.0,ocorrencias
2025,2025-08-01,AM,Atendimento pré-hospitalar,0.0,88.0,0.0,0.0,0.0,0.0,88.0,ocorrencias
2025,2025-08-01,AM,Busca e salvamento,0.0,244.0,0.0,0.0,0.0,0.0,244.0,ocorrencias
2025,2025-08-01,AM,Combate a incêndios,0.0,310.0,0.0,0.0,0.0,0.0,310.0,ocorrencias
2025,2025-08-01,AM,Emissão de Alvarás de licença,0.0,471.0,0.0,0.0,0.0,0.0,471.0,ocorrencias
2025,2025-08-01,AM,Estupro,45.0,0.0,43.0,2.0,0.0,0.0,45.0,vitimas
2025,2025-08-01,AM,Estupro de vulnerável,144.0,0.0,132.0,9.0,3.0,0.0,144.0,vitimas
2025,2025-08-01,AM,Feminicídio,3.0,0.0,3.0,0.0,0.0,0.0,3.0,vitimas
2025,2025-08-01,AM,Furto de veículo,0.0,132.0,0.0,0.0,0.0,0.0,132.0,ocorrencias
2025,2025-08-01,AM,Homicídio doloso,68.0,0.0,2.0,66.0,0.0,0.0,68.0,vitimas
2025,2025-08-01,AM,Lesão corporal seguida de morte,1.0,0.0,0.0,1.0,0.0,0.0,1.0,vitimas
2025,2025-08-01,AM,Mandado de prisão cumprido,0.0,487.0,0.0,0.0,0.0,0.0,487.0,ocorrencias
2025,2025-08-01,AM,Morte de Agente do Estado,0.0,0.0,0.0,0.0,0.0,0.0,0.0,vitimas
2025,2025-08-01,AM,Morte no trânsito ou em decorrência dele (exceto homicídio doloso),15.0,0.0,0.0,15.0,0.0,0.0,15.0,vitimas
2025,2025-08-01,AM,Morte por intervenção de Agente do Estado,1.0,0.0,0.0,1.0,0.0,0.0,1.0,vitimas
2025,2025-08-01,AM,Mortes a esclarecer (sem indício de crime),0.0,0.0,0.0,0.0,0.0,0.0,0.0,vitimas
2025,2025-08-01,AM,Mortes no trânsito,3.0,0.0,1.0,2.0,0.0,0.0,3.0,vitimas
2025,2025-08-01,AM,Pessoa Desaparecida,83.0,0.0,26.0,57.0,0.0,0.0,83.0,vitimas
2025,2025-08-01,AM,Pessoa Localizada,56.0,0.0,22.0,34.0,0.0,0.0,56.0,vitimas
2025,2025-08-01,AM,Realização de vistorias,0.0,528.0,0.0,0.0,0.0,0.0,528.0,ocorrencias
2025,2025-08-01,AM,Roubo a instituição financeira,0.0,0.0,0.0,0.0,0.0,0.0,0.0,ocorrencias
2025,2025-08-01,AM,Roubo de carga,0.0,5.0,0.0,0.0,0.0,0.0,5.0,ocorrencias
2025,2025-08-01,AM,Roubo de veículo,0.0,40.0,0.0,0.0,0.0,0.0,40.0,ocorrencias
2025,2025-08-01,AM,Roubo seguido de morte (latrocínio),4.0,0.0,0.0,4.0,0.0,0.0,4.0,vitimas
2025,2025-08-01,AM,Suicídio,20.0,0.0,4.0,16.0,0.0,0.0,20.0,vitimas
2025,2025-08-01,AM,Suicídio de Agente do Estado,1.0,0.0,0.0,1.0,0.0,0.0,1.0,vitimas
2025,2025-08-01,AM,Tentativa de feminicídio,12.0,0.0,12.0,0.0,0.0,0.0,12.0,vitimas
2025,2025-08-01,AM,Tentativa de homicídio,78.0,0.0,10.0,64.0,4.0,0.0,78.0,vitimas
2025,2025-08-01,AM,Tráfico de drogas,0.0,279.0,0.0,0.0,0.0,0.0,279.0,ocorrencias
2025,2025-08-01,AP,Apreensão de Cocaína,0.0,0.0,0.0,0.0,0.0,13260.0,13260.0,kg
2025,2025-08-01,AP,Apreensão de Maconha,0.0,0.0,0.0,0.0,0.0,1409.0,1409.0,kg
2025,2025-08-01,AP,Arma de Fogo Apreendida,0.0,38.0,0.0,0.0,0.0,0.0,38.0,ocorrencias
2025,2025-08-01,AP,Atendimento pré-hospitalar,0.0,753.0,0.0,0.0,0.0,0.0,753.0,ocorrencias
2025,2025-08-01,AP,Busca e salvamento,0.0,251.0,0.0,0.0,0.0,0.0,251.0,ocorrencias
2025,2025-08-01,AP,Combate a incêndios,0.0,158.0,0.0,0.0,0.0,0.0,158.0,ocorrencias
2025,2025-08-01,AP,Emissão de Alvarás de licença,0.0,311.0,0.0,0.0,0.0,0.0,311.0,ocorrencias
2025,2025-08-01,AP,Estupro,17.0,0.0,16.0,1.0,0.0,0.0,17.0,vitimas
2025,2025-08-01,AP,Estupro de vulnerável,46.0,0.0,40.0,2.0,4.0,0.0,46.0,vitimas
2025,2025-08-01,AP,Feminicídio,0.0,0.0,0.0,0.0,0.0,0.0,0.0,vitimas
2025,2025-08-01,AP,Furto de veículo,0.0,23.0,0.0,0.0,0.0,0.0,23.0,ocorrencias
2025,2025-08-01,AP,Homicídio doloso,15.0,0.0,1.0,14.0,0.0,0.0,15.0,vitimas
2025,2025-08-01,AP,Lesão corporal seguida de morte,0.0,0.0,0.0,0.0,0.0,0.0,0.0,vitimas
2025,2025-08-01,AP,Mandado de prisão cumprido,0.0,149.0,0.0,0.0,0.0,0.0,149.0,ocorrencias
2025,2025-08-01,AP,Morte de Agente do Estado,1.0,0.0,0.0,1.0,0.0,0.0,1.0,vitimas
2025,2025-08-01,AP,Morte no trânsito ou em decorrência dele (exceto homicídio doloso),6.0,0.0,1.0,5.0,0.0,0.0,6.0,vitimas
2025,2025-08-01,AP,Morte por intervenção de Agente do Estado,5.0,0.0,0.0,5.0,0.0,0.0,5.0,vitimas
2025,2025-08-01,AP,Mortes a esclarecer (sem indício de crime),0.0,0.0,0.0,0.0,0.0,0.0,0.0,vitimas
2025,2025-08-01,AP,Mortes no trânsito,1.0,0.0,0.0,1.0,0.0,0.0,1.0,vitimas
2025,2025-08-01,AP,Pessoa Desaparecida,32.0,0.0,16.0,16.0,0.0,0.0,32.0,vitimas
2025,2025-08-01,AP,Pessoa Localizada,28.0,0.0,14.0,14.0,0.0,0.0,28.0,vitimas
2025,2025-08-01,AP,Realização de vistorias,0.0,695.0,0.0,0.0,0.0,0.0,695.0,ocorrencias
2025,2025-08-01,AP,Roubo a instituição financeira,0.0,0.0,0.0,0.0,0.0,0.0,0.0,ocorrencias
2025,2025-08-01,AP,Roubo de carga,0.0,0.0,0.0,0.0,0.0,0.0,0.0,ocorrencias
2025,2025-08-01,AP,Roubo de veículo,0.0,6.0,0.0,0.0,0.0,0.0,6.0,ocorrencias
2025,2025-08-01,AP,Roubo seguido de morte (latrocínio),0.0,0.0,0.0,0.0,0.0,0.0,0.0,vitimas
2025,2025-08-01,AP,Suicídio,8.0,0.0,2.0,6.0,0.0,0.0,8.0,vitimas
2025,2025-08-01,AP,Suicídio de Agente do Estado,0.0,0.0,0.0,0.0,0.0,0.0,0.0,vitimas
2025,2025-08-01,AP,Tentativa de feminicídio,10.0,0.0,10.0,0.0,0.0,0.0,10.0,vitimas
2025,2025-08-01,AP,Tentativa de homicídio,14.0,0.0,1.0,12.0,1.0,0.0,14.0,vitimas
2025,2025-08-01,AP,Tráfico de drogas,0.0,70.0,0.0,0.0,0.0,0.0,70.0,ocorrencias
2025,2025-08-01,BA,Apreensão de Cocaína,0.0,0.0,0.0,0.0,0.0,36253.0,36253.0,kg
2025,2025-08-01,BA,Apreensão de Maconha,0.0,0.0,0.0,0.0,0.0,187430.0,187430.0,kg
2025,2025-08-01,BA,Arma de Fogo Apreendida,0.0,651.0,0.0,0.0,0.0,0.0,651.0,ocorrencias
2025,2025-08-01,BA,Atendimento pré-hospitalar,0.0,441.0,0.0,0.0,0.0,0.0,441.0,ocorrencias
2025,2025-08-01,BA,Busca e salvamento,0.0,859.0,0.0,0.0,0.0,0.0,859.0,ocorrencias
2025,2025-08-01,BA,Combate a incêndios,0.0,849.0,0.0,0.0,0.0,0.0,849.0,ocorrencias
2025,2025-08-01,BA,Emissão de Alvarás de licença,0.0,3571.0,0.0,0.0,0.0,0.0,3571.0,ocorrencias
2025,2025-08-01,BA,Estupro,105.0,0.0,101.0,4.0,0.0,0.0,105.0,vitimas
2025,2025-08-01,BA,Estupro de vulnerável,374.0,0.0,336.0,27.0,11.0,0.0,374.0,vitimas
2025,2025-08-01,BA,Feminicídio,9.0,0.0,9.0,0.0,0.0,0.0,9.0,vitimas
2025,2025-08-01,BA,Furto de veículo,0.0,651.0,0.0,0.0,0.0,0.0,651.0,ocorrencias
2025,2025-08-01,BA,Homicídio doloso,308.0,0.0,23.0,285.0,0.0,0.0,308.0,vitimas
2025,2025-08-01,BA,Lesão corporal seguida de morte,3.0,0.0,0.0,3.0,0.0,0.0,3.0,vitimas
2025,2025-08-01,BA,Mandado de prisão cumprido,0.0,1155.0,0.0,0.0,0.0,0.0,1155.0,ocorrencias
2025,2025-08-01,BA,Morte de Agente do Estado,0.0,0.0,0.0,0.0,0.0,0.0,0.0,vitimas
2025,2025-08-01,BA,Morte no trânsito ou em decorrência dele (exceto homicídio doloso),67.0,0.0,11.0,52.0,4.0,0.0,67.0,vitimas
2025,2025-08-01,BA,Morte por intervenção de Agente do Estado,137.0,0.0,2.0,135.0,0.0,0.0,137.0,vitimas
2025,2025-08-01,BA,Mortes a esclarecer (sem indício de crime),89.0,0.0,17.0,61.0,11.0,0.0,89.0,vitimas
2025,2025-08-01,BA,Mortes no trânsito,42.0,0.0,5.0,37.0,0.0,0.0,42.0,vitimas
2025,2025-08-01,BA,Pessoa Desaparecida,332.0,0.0,117.0,206.0,9.0,0.0,332.0,vitimas
2025,2025-08-01,BA,Pessoa Localizada,83.0,0.0,37.0,44.0,2.0,0.0,83.0,vitimas
2025,2025-08-01,BA,Realização de vistorias,0.0,1207.0,0.0,0.0,0.0,0.0,1207.0,ocorrencias
2025,2025-08-01,BA,Roubo a instituição financeira,0.0,0.0,0.0,0.0,0.0,0.0,0.0,ocorrencias
2025,2025-08-01,BA,Roubo de carga,0.0,12.0,0.0,0.0,0.0,0.0,12.0,ocorrencias
2025,2025-08-01,BA,Roubo de veículo,0.0,783.0,0.0,0.0,0.0,0.0,783.0,ocorrencias
2025,2025-08-01,BA,Roubo seguido de morte (latrocínio),4.0,0.0,0.0,4.0,0.0,0.0,4.0,vitimas
2025,2025-08-01,BA,Suicídio,66.0,0.0,19.0,47.0,0.0,0.0,66.0,vitimas
2025,2025-08-01,BA,Suicídio de Agente do Estado,0.0,0.0,0.0,0.0,0.0,0.0,0.0,vitimas
2025,2025-08-01,BA,Tentativa de feminicídio,16.0,0.0,16.0,0.0,0.0,0.0,16.0,vitimas
2025,2025-08-01,BA,Tentativa de homicídio,298.0,0.0,39.0,233.0,26.0,0.0,298.0,vitimas
2025,2025-08-01,BA,Tráfico de drogas,0.0,712.0,0.0,0.0,0.0,0.0,712.0,ocorrencias
2025,2025-08-01,CE,Apreensão de Cocaína,0.0,0.0,0.0,0.0,0.0,49779.0,49779.0,kg
2025,2025-08-01,CE,Apreensão de Maconha,0.0,0.0,0.0,0.0,0.0,7688.0,7688.0,kg
2025,2025-08-01,CE,Arma de Fogo Apreendida,0.0,561.0,0.0,0.0,0.0,0.0,561.0,ocorrencias
2025,2025-08-01,CE,Atendimento pré-hospitalar,0.0,54.0,0.0,0.0,0.0,0.0,54.0,ocorrencias
2025,2025-08-01,CE,Busca e salvamento,0.0,2209.0,0.0,0.0,0.0,0.0,2209.0,ocorrencias
2025,2025-08-01,CE,Combate a incêndios,0.0,1285.0,0.0,0.0,0.0,0.0,1285.0,ocorrencias
2025,2025-08-01,CE,Emissão de Alvarás de licença,0.0,3253.0,0.0,0.0,0.0,0.0,3253.0,ocorrencias
2025,2025-08-01,CE,Estupro,33.0,0.0,33.0,0.0,0.0,0.0,33.0,vitimas
2025,2025-08-01,CE,Estupro de vulnerável,148.0,0.0,121.0,25.0,2.0,0.0,148.0,vitimas
2025,2025-08-01,CE,Feminicídio,5.0,0.0,5.0,0.0,0.0,0.0,5.0,vitimas
2025,2025-08-01,CE,Furto de veículo,0.0,406.0,0.0,0.0,0.0,0.0,406.0,ocorrencias
2025,2025-08-01,CE,Homicídio doloso,268.0,0.0,23.0,245.0,0.0,0.0,268.0,vitimas
2025,2025-08-01,CE,Lesão corporal seguida de morte,6.0,0.0,1.0,5.0,0.0,0.0,6.0,vitimas
2025,2025-08-01,CE,Mandado de prisão cumprido,0.0,852.0,0.0,0.0,0.0,0.0,852.0,ocorrencias
2025,2025-08-01,CE,Morte de Agente do Estado,0.0,0.0,0.0,0.0,0.0,0.0,0.0,vitimas
2025,2025-08-01,CE,Morte no trânsito ou em decorrência dele (exceto homicídio doloso),184.0,0.0,29.0,155.0,0.0,0.0,184.0,vitimas
2025,2025-08-01,CE,Morte por intervenção de Agente do Estado,14.0,0.0,0.0,14.0,0.0,0.0,14.0,vitimas
2025,2025-08-01,CE,Mortes a esclarecer (sem indício de crime),35.0,0.0,11.0,24.0,0.0,0.0,35.0,vitimas
2025,2025-08-01,CE,Mortes no trânsito,17.0,0.0,3.0,14.0,0.0,0.0,17.0,vitimas
2025,2025-08-01,CE,Pessoa Desaparecida,225.0,0.0,62.0,163.0,0.0,0.0,225.0,vitimas
2025,2025-08-01,CE,Pessoa Localizada,139.0,0.0,43.0,96.0,0.0,0.0,139.0,vitimas
2025,2025-08-01,CE,Realização de vistorias,0.0,4563.0,0.0,0.0,0.0,0.0,4563.0,ocorrencias
2025,2025-08-01,CE,Roubo a instituição financeira,0.0,0.0,0.0,0.0,0.0,0.0,0.0,ocorrencias
2025,2025-08-01,CE,Roubo de carga,0.0,2.0,0.0,0.0,0.0,0.0,2.0,ocorrencias
2025,2025-08-01,CE,Roubo de veículo,0.0,463.0,0.0,0.0,0.0,0.0,463.0,ocorrencias
2025,2025-08-01,CE,Roubo seguido de morte (latrocínio),2.0,0.0,1.0,1.0,0.0,0.0,2.0,vitimas
2025,2025-08-01,CE,Suicídio,53.0,0.0,8.0,45.0,0.0,0.0,53.0,vitimas
2025,2025-08-01,CE,Suicídio de Agente do Estado,0.0,0.0,0.0,0.0,0.0,0.0,0.0,vitimas
2025,2025-08-01,CE,Tentativa de feminicídio,8.0,0.0,7.0,1.0,0.0,0.0,8.0,vitimas
2025,2025-08-01,CE,Tentativa de homicídio,109.0,0.0,22.0,87.0,0.0,0.0,109.0,vitimas
2025,2025-08-01,CE,Tráfico de drogas,0.0,656.0,0.0,0.0,0.0,0.0,656.0,ocorrencias
2025,2025-08-01,DF,Apreensão de Cocaína,0.0,0.0,0.0,0.0,0.0,9278.0,9278.0,kg
2025,2025-08-01,DF,Apreensão de Maconha,0.0,0.0,0.0,0.0,0.0,496481.0,496481.0,kg
2025,2025-08-01,DF,Arma de Fogo Apreendida,0.0,144.0,0.0,0.0,0.0,0.0,144.0,ocorrencias
2025,2025-08-01,DF,Atendimento pré-hospitalar,0.0,9704.0,0.0,0.0,0.0,0.0,9704.0,ocorrencias
2025,2025-08-01,DF,Busca e salvamento,0.0,3096.0,0.0,0.0,0.0,0.0,3096.0,ocorrencias
2025,2025-08-01,DF,Combate a incêndios,0.0,8088.0,0.0,0.0,0.0,0.0,8088.0,ocorrencias
2025,2025-08-01,DF,Emissão de Alvarás de licença,0.0,11654.0,0.0,0.0,0.0,0.0,11654.0,ocorrencias
2025,2025-08-01,DF,Estupro,27.0,0.0,26.0,1.0,0.0,0.0,27.0,vitimas
2025,2025-08-01,DF,Estupro de vulnerável,59.0,0.0,52.0,7.0,0.0,0.0,59.0,vitimas
2025,2025-08-01,DF,Feminicídio,3.0,0.0,3.0,0.0,0.0,0.0,3.0,vitimas
2025,2025-08-01,DF,Furto de veículo,0.0,198.0,0.0,0.0,0.0,0.0,198.0,ocorrencias
2025,2025-08-01,DF,Homicídio doloso,15.0,0.0,1.0,14.0,0.0,0.0,15.0,vitimas
2025,2025-08-01,DF,Lesão corporal seguida de morte,1.0,0.0,0.0,1.0,0.0,0.0,1.0,vitimas
2025,2025-08-01,DF,Mandado de prisão cumprido,0.0,749.0,0.0,0.0,0.0,0.0,749.0,ocorrencias
2025,2025-08-01,DF,Morte de Agente do Estado,0.0,0.0,0.0,0.0,0.0,0.0,0.0,vitimas
2025,2025-08-01,DF,Morte no trânsito ou em decorrência dele (exceto homicídio doloso),26.0,0.0,6.0,20.0,0.0,0.0,26.0,vitimas
2025,2025-08-01,DF,Morte por intervenção de Agente do Estado,3.0,0.0,0.0,3.0,0.0,0.0,3.0,vitimas
2025,2025-08-01,DF,Mortes a esclarecer (sem indício de crime),0.0,0.0,0.0,0.0,0.0,0.0,0.0,vitimas
2025,2025-08-01,DF,Mortes no trânsito,2.0,0.0,0.0,2.0,0.0,0.0,2.0,vitimas
2025,2025-08-01,DF,Pessoa Desaparecida,201.0,0.0,80.0,120.0,1.0,0.0,201.0,vitimas
2025,2025-08-01,DF,Pessoa Localizada,190.0,0.0,77.0,112.0,1.0,0.0,190.0,vitimas
2025,2025-08-01,DF,Realização de vistorias,0.0,945.0,0.0,0.0,0.0,0.0,945.0,ocorrencias
2025,2025-08-01,DF,Roubo a instituição financeira,0.0,0.0,0.0,0.0,0.0,0.0,0.0,ocorrencias
2025,2025-08-01,DF,Roubo de carga,0.0,0.0,0.0,0.0,0.0,0.0,0.0,ocorrencias
2025,2025-08-01,DF,Roubo de veículo,0.0,74.0,0.0,0.0,0.0,0.0,74.0,ocorrencias
2025,2025-08-01,DF,Roubo seguido de morte (latrocínio),3.0,0.0,0.0,3.0,0.0,0.0,3.0,vitimas
2025,2025-08-01,DF,Suicídio,26.0,0.0,4.0,22.0,0.0,0.0,26.0,vitimas
2025,2025-08-01,DF,Suicídio de Agente do Estado,0.0,0.0,0.0,0.0,0.0,0.0,0.0,vitimas
2025,2025-08-01,DF,Tentativa de feminicídio,12.0,0.0,12.0,0.0,0.0,0.0,12.0,vitimas
2025,2025-08-01,DF,Tentativa de homicídio,38.0,0.0,7.0,31.0,0.0,0.0,38.0,vitimas
2025,2025-08-01,DF,Tráfico de drogas,0.0,284.0,0.0,0.0,0.0,0.0,284.0,ocorrencias
2025,2025-08-01,ES,Apreensão de Cocaína,0.0,0.0,0.0,0.0,0.0,4989.0,4989.0,kg
2025,2025-08-01,ES,Apreensão de Maconha,0.0,0.0,0.0,0.0,0.0,20017.0,20017.0,kg
2025,2025-08-01,ES,Arma de Fogo Apreendida,0.0,330.0,0.0,0.0,0.0,0.0,330.0,ocorrencias
2025,2025-08-01,ES,Atendimento pré-hospitalar,0.0,776.0,0.0,0.0,0.0,0.0,776.0,ocorrencias
2025,2025-08-01,ES,Busca e salvamento,0.0,289.0,0.0,0.0,0.0,0.0,289.0,ocorrencias
2025,2025-08-01,ES,Combate a incêndios,0.0,673.0,0.0,0.0,0.0,0.0,673.0,ocorrencias
2025,2025-08-01,ES,Emissão de Alvarás de licença,0.0,4200.0,0.0,0.0,0.0,0.0,4200.0,ocorrencias
2025,2025-08-01,ES,Estupro,27.0,0.0,22.0,3.0,2.0,0.0,27.0,vitimas
2025,2025-08-01,ES,Estupro de vulnerável,111.0,0.0,95.0,10.0,6.0,0.0,111.0,vitimas
2025,2025-08-01,ES,Feminicídio,4.0,0.0,4.0,0.0,0.0,0.0,4.0,vitimas
2025,2025-08-01,ES,Furto de veículo,0.0,314.0,0.0,0.0,0.0,0.0,314.0,ocorrencias
2025,2025-08-01,ES,Homicídio doloso,63.0,0.0,5.0,58.0,0.0,0.0,63.0,vitimas
2025,2025-08-01,ES,Lesão corporal seguida de morte,2.0,0.0,0.0,2.0,0.0,0.0,2.0,vitimas
2025,2025-08-01,ES,Mandado de prisão cumprido,0.0,658.0,0.0,0.0,0.0,0.0,658.0,ocorrencias
2025,2025-08-01,ES,Morte de Agente do Estado,1.0,0.0,0.0,1.0,0.0,0.0,1.0,vitimas
2025,2025-08-01,ES,Morte no trânsito ou em decorrência dele (exceto homicídio doloso),87.0,0.0,8.0,79.0,0.0,0.0,87.0,vitimas
2025,2025-08-01,ES,Morte por intervenção de Agente do Estado,3.0,0.0,0.0,3.0,0.0,0.0,3.0,vitimas
2025,2025-08-01,ES,Mortes a esclarecer (sem indício de crime),13.0,0.0,5.0,8.0,0.0,0.0,13.0,vitimas
2025,2025-08-01,ES,Mortes no trânsito,12.0,0.0,1.0,11.0,0.0,0.0,12.0,vitimas
2025,2025-08-01,ES,Pessoa Desaparecida,231.0,0.0,92.0,124.0,15.0,0.0,231.0,vitimas
2025,2025-08-01,ES,Pessoa Localizada,36.0,0.0,13.0,21.0,2.0,0.0,36.0,vitimas
2025,2025-08-01,ES,Realização de vistorias,0.0,4030.0,0.0,0.0,0.0,0.0,4030.0,ocorrencias
2025,2025-08-01,ES,Roubo a instituição financeira,0.0,0.0,0.0,0.0,0.0,0.0,0.0,ocorrencias
2025,2025-08-01,ES,Roubo de carga,0.0,1.0,0.0,0.0,0.0,0.0,1.0,ocorrencias
2025,2025-08-01,ES,Roubo de veículo,0.0,90.0,0.0,0.0,0.0,0.0,90.0,ocorrencias
2025,2025-08-01,ES,Roubo seguido de morte (latrocínio),2.0,0.0,0.0,2.0,0.0,0.0,2.0,vitimas
2025,2025-08-01,ES,Suicídio,27.0,0.0,6.0,21.0,0.0,0.0,27.0,vitimas
2025,2025-08-01,ES,Suicídio de Agente do Estado,0.0,0.0,0.0,0.0,0.0,0.0,0.0,vitimas
2025,2025-08-01,ES,Tentativa de feminicídio,6.0,0.0,6.0,0.0,0.0,0.0,6.0,vitimas
2025,2025-08-01,ES,Tentativa de homicídio,118.0,0.0,26.0,90.0,2.0,0.0,118.0,vitimas
2025,2025-08-01,ES,Tráfico de drogas,0.0,476.0,0.0,0.0,0.0,0.0,476.0,ocorrencias
2025,2025-08-01,GO,Apreensão de Cocaína,0.0,0.0,0.0,0.0,0.0,231833.0,231833.0,kg
2025,2025-08-01,GO,Apreensão de Maconha,0.0,0.0,0.0,0.0,0.0,9243304.0,9243304.0,kg
2025,2025-08-01,GO,Arma de Fogo Apreendida,0.0,316.0,0.0,0.0,0.0,0.0,316.0,ocorrencias
2025,2025-08-01,GO,Atendimento pré-hospitalar,0.0,8484.0,0.0,0.0,0.0,0.0,8484.0,ocorrencias
2025,2025-08-01,GO,Busca e salvamento,0.0,2066.0,0.0,0.0,0.0,0.0,2066.0,ocorrencias
2025,2025-08-01,GO,Combate a incêndios,0.0,3793.0,0.0,0.0,0.0,0.0,3793.0,ocorrencias
2025,2025-08-01,GO,Emissão de Alvarás de licença,0.0,10952.0,0.0,0.0,0.0,0.0,10952.0,ocorrencias
2025,2025-08-01,GO,Estupro,70.0,0.0,63.0,7.0,0.0,0.0,70.0,vitimas
2025,2025-08-01,GO,Estupro de vulnerável,301.0,0.0,255.0,41.0,5.0,0.0,301.0,vitimas
2025,2025-08-01,GO,Feminicídio,4.0,0.0,3.0,0.0,1.0,0.0,4.0,vitimas
2025,2025-08-01,GO,Furto de veículo,0.0,232.0,0.0,0.0,0.0,0.0,232.0,ocorrencias
2025,2025-08-01,GO,Homicídio doloso,59.0,0.0,4.0,47.0,8.0,0.0,59.0,vitimas
2025,2025-08-01,GO,Lesão corporal seguida de morte,3.0,0.0,1.0,2.0,0.0,0.0,3.0,vitimas
2025,2025-08-01,GO,Mandado de prisão cumprido,0.0,936.0,0.0,0.0,0.0,0.0,936.0,ocorrencias
2025,2025-08-01,GO,Morte de Agente do Estado,0.0,0.0,0.0,0.0,0.0,0.0,0.0,vitimas
2025,2025-08-01,GO,Morte no trânsito ou em decorrência dele (exceto homicídio doloso),75.0,0.0,18.0,54.0,3.0,0.0,75.0,vitimas
2025,2025-08-01,GO,Morte por intervenção de Agente do Estado,40.0,0.0,0.0,26.0,14.0,0.0,40.0,vitimas
2025,2025-08-01,GO,Mortes a esclarecer (sem indício de crime),33.0,0.0,4.0,24.0,5.0,0.0,33.0,vitimas
2025,2025-08-01,GO,Mortes no trânsito,22.0,0.0,6.0,16.0,0.0,0.0,22.0,vitimas
2025,2025-08-01,GO,Pessoa Desaparecida,306.0,0.0,112.0,187.0,7.0,0.0,306.0,vitimas
2025,2025-08-01,GO,Pessoa Localizada,180.0,0.0,63.0,117.0,0.0,0.0,180.0,vitimas
2025,2025-08-01,GO,Realização de vistorias,0.0,4999.0,0.0,0.0,0.0,0.0,4999.0,ocorrencias
2025,2025-08-01,GO,Roubo a instituição financeira,0.0,0.0,0.0,0.0,0.0,0.0,0.0,ocorrencias
2025,2025-08-01,GO,Roubo de carga,0.0,0.0,0.0,0.0,0.0,0.0,0.0,ocorrencias
2025,2025-08-01,GO,Roubo de veículo,0.0,35.0,0.0,0.0,0.0,0.0,35.0,ocorrencias
2025,2025-08-01,GO,Roubo seguido de morte (latrocínio),4.0,0.0,1.0,3.0,0.0,0.0,4.0,vitimas
2025,2025-08-01,GO,Suicídio,71.0,0.0,17.0,53.0,1.0,0.0,71.0,vitimas
2025,2025-08-01,GO,Suicídio de Agente do Estado,0.0,0.0,0.0,0.0,0.0,0.0,0.0,vitimas
2025,2025-08-01,GO,Tentativa de feminicídio,15.0,0.0,13.0,1.0,1.0,0.0,15.0,vitimas
2025,2025-08-01,GO,Tentativa de homicídio,130.0,0.0,13.0,113.0,4.0,0.0,130.0,vitimas
2025,2025-08-01,GO,Tráfico de drogas,0.0,553.0,0.0,0.0,0.0,0.0,553.0,ocorrencias
2025,2025-08-01,MA,Apreensão de Cocaína,0.0,0.0,0.0,0.0,0.0,75779.0,75779.0,kg
2025,2025-08-01,MA,Apreensão de Maconha,0.0,0.0,0.0,0.0,0.0,52731.0,52731.0,kg
2025,2025-08-01,MA,Arma de Fogo Apreendida,0.0,381.0,0.0,0.0,0.0,0.0,381.0,ocorrencias
2025,2025-08-01,MA,Atendimento pré-hospitalar,0.0,1501.0,0.0,0.0,0.0,0.0,1501.0,ocorrencias
2025,2025-08-01,MA,Busca e salvamento,0.0,827.0,0.0,0.0,0.0,0.0,827.0,ocorrencias
2025,2025-08-01,MA,Combate a incêndios,0.0,691.0,0.0,0.0,0.0,0.0,691.0,ocorrencias
2025,2025-08-01,MA,Emissão de Alvarás de licença,0.0,1404.0,0.0,0.0,0.0,0.0,1404.0,ocorrencias
2025,2025-08-01,MA,Estupro,33.0,0.0,32.0,1.0,0.0,0.0,33.0,vitimas
2025,2025-08-01,MA,Estupro de vulnerável,128.0,0.0,116.0,12.0,0.0,0.0,128.0,vitimas
2025,2025-08-01,MA,Feminicídio,3.0,0.0,3.0,0.0,0.0,0.0,3.0,vitimas
2025,2025-08-01,MA,Furto de veículo,0.0,286.0,0.0,0.0,0.0,0.0,286.0,ocorrencias
2025,2025-08-01,MA,Homicídio doloso,173.0,0.0,8.0,163.0,2.0,0.0,173.0,vitimas
2025,2025-08-01,MA,Lesão corporal seguida de morte,0.0,0.0,0.0,0.0,0.0,0.0,0.0,vitimas
2025,2025-08-01,MA,Mandado de prisão cumprido,0.0,406.0,0.0,0.0,0.0,0.0,406.0,ocorrencias
2025,2025-08-01,MA,Morte de Agente do Estado,1.0,0.0,0.0,1.0,0.0,0.0,1.0,vitimas
2025,2025-08-01,MA,Morte no trânsito ou em decorrência dele (exceto homicídio doloso),92.0,0.0,17.0,75.0,0.0,0.0,92.0,vitimas
2025,2025-08-01,MA,Morte por intervenção de Agente do Estado,15.0,0.0,0.0,15.0,0.0,0.0,15.0,vitimas
2025,2025-08-01,MA,Mortes a esclarecer (sem indício de crime),11.0,0.0,2.0,9.0,0.0,0.0,11.0,vitimas
2025,2025-08-01,MA,Mortes no trânsito,27.0,0.0,4.0,23.0,0.0,0.0,27.0,vitimas
2025,2025-08-01,MA,Pessoa Desaparecida,110.0,0.0,39.0,69.0,2.0,0.0,110.0,vitimas
2025,2025-08-01,MA,Pessoa Localizada,26.0,0.0,8.0,16.0,2.0,0.0,26.0,vitimas
2025,2025-08-01,MA,Realização de vistorias,0.0,449.0,0.0,0.0,0.0,0.0,449.0,ocorrencias
2025,2025-08-01,MA,Roubo a instituição financeira,0.0,1.0,0.0,0.0,0.0,0.0,1.0,ocorrencias
2025,2025-08-01,MA,Roubo de carga,0.0,7.0,0.0,0.0,0.0,0.0,7.0,ocorrencias
2025,2025-08-01,MA,Roubo de veículo,0.0,253.0,0.0,0.0,0.0,0.0,253.0,ocorrencias
2025,2025-08-01,MA,Roubo seguido de morte (latrocínio),3.0,0.0,0.0,3.0,0.0,0.0,3.0,vitimas
2025,2025-08-01,MA,Suicídio,30.0,0.0,5.0,25.0,0.0,0.0,30.0,vitimas
2025,2025-08-01,MA,Suicídio de Agente do Estado,1.0,0.0,0.0,1.0,0.0,0.0,1.0,vitimas
2025,2025-08-01,MA,Tentativa de feminicídio,13.0,0.0,13.0,0.0,0.0,0.0,13.0,vitimas
2025,2025-08-01,MA,Tentativa de homicídio,176.0,0.0,21.0,155.0,0.0,0.0,176.0,vitimas
2025,2025-08-01,MA,Tráfico de drogas,0.0,232.0,0.0,0.0,0.0,0.0,232.0,ocorrencias
2025,2025-08-01,MG,Apreensão de Cocaína,0.0,0.0,0.0,0.0,0.0,62317.0,62317.0,kg
2025,2025-08-01,MG,Apreensão de Maconha,0.0,0.0,0.0,0.0,0.0,52487.0,52487.0,kg
2025,2025-08-01,MG,Arma de Fogo Apreendida,0.0,1290.0,0.0,0.0,0.0,0.0,1290.0,ocorrencias
2025,2025-08-01,MG,Atendimento pré-hospitalar,0.0,7555.0,0.0,0.0,0.0,0.0,7555.0,ocorrencias
2025,2025-08-01,MG,Busca e salvamento,0.0,3921.0,0.0,0.0,0.0,0.0,3921.0,ocorrencias
2025,2025-08-01,MG,Combate a incêndios,0.0,6459.0,0.0,0.0,0.0,0.0,6459.0,ocorrencias
2025,2025-08-01,MG,Emissão de Alvarás de licença,0.0,801.0,0.0,0.0,0.0,0.0,801.0,ocorrencias
2025,2025-08-01,MG,Estupro,108.0,0.0,101.0,6.0,1.0,0.0,108.0,vitimas
2025,2025-08-01,MG,Estupro de vulnerável,383.0,0.0,322.0,56.0,5.0,0.0,383.0,vitimas
2025,2025-08-01,MG,Feminicídio,18.0,0.0,17.0,1.0,0.0,0.0,18.0,vitimas
2025,2025-08-01,MG,Furto de veículo,0.0,2001.0,0.0,0.0,0.0,0.0,2001.0,ocorrencias
2025,2025-08-01,MG,Homicídio doloso,198.0,0.0,14.0,183.0,1.0,0.0,198.0,vitimas
2025,2025-08-01,MG,Lesão corporal seguida de morte,1.0,0.0,0.0,1.0,0.0,0.0,1.0,vitimas
2025,2025-08-01,MG,Mandado de prisão cumprido,0.0,1556.0,0.0,0.0,0.0,0.0,1556.0,ocorrencias
2025,2025-08-01,MG,Morte de Agente do Estado,1.0,0.0,0.0,1.0,0.0,0.0,1.0,vitimas
2025,2025-08-01,MG,Morte no trânsito ou em decorrência dele (exceto homicídio doloso),230.0,0.0,45.0,182.0,3.0,0.0,230.0,vitimas
2025,2025-08-01,MG,Morte por intervenção de Agente do Estado,21.0,0.0,0.0,21.0,0.0,0.0,21.0,vitimas
2025,2025-08-01,MG,Mortes a esclarecer (sem indício de crime),0.0,0.0,0.0,0.0,0.0,0.0,0.0,vitimas
2025,2025-08-01,MG,Mortes no trânsito,60.0,0.0,13.0,46.0,1.0,0.0,60.0,vitimas
2025,2025-08-01,MG,Pessoa Desaparecida,863.0,0.0,301.0,562.0,0.0,0.0,863.0,vitimas
2025,2025-08-01,MG,Pessoa Localizada,600.0,0.0,235.0,364.0,1.0,0.0,600.0,vitimas
2025,2025-08-01,MG,Realização de vistorias,0.0,1714.0,0.0,0.0,0.0,0.0,1714.0,ocorrencias
2025,2025-08-01,MG,Roubo a instituição financeira,0.0,0.0,0.0,0.0,0.0,0.0,0.0,ocorrencias
2025,2025-08-01,MG,Roubo de carga,0.0,16.0,0.0,0.0,0.0,0.0,16.0,ocorrencias
2025,2025-08-01,MG,Roubo de veículo,0.0,254.0,0.0,0.0,0.0,0.0,254.0,ocorrencias
2025,2025-08-01,MG,Roubo seguido de morte (latrocínio),2.0,0.0,0.0,2.0,0.0,0.0,2.0,vitimas
2025,2025-08-01,MG,Suicídio,155.0,0.0,29.0,126.0,0.0,0.0,155.0,vitimas
2025,2025-08-01,MG,Suicídio de Agente do Estado,2.0,0.0,0.0,0.0,2.0,0.0,2.0,vitimas
2025,2025-08-01,MG,Tentativa de feminicídio,22.0,0.0,22.0,0.0,0.0,0.0,22.0,vitimas
2025,2025-08-01,MG,Tentativa de homicídio,216.0,0.0,19.0,196.0,1.0,0.0,216.0,vitimas
2025,2025-08-01,MG,Tráfico de drogas,0.0,2804.0,0.0,0.0,0.0,0.0,2804.0,ocorrencias
2025,2025-08-01,MS,Apreensão de Cocaína,0.0,0.0,0.0,0.0,0.0,874248.0,874248.0,kg
2025,2025-08-01,MS,Apreensão de Maconha,0.0,0.0,0.0,0.0,0.0,36799791.0,36799791.0,kg
2025,2025-08-01,MS,Arma de Fogo Apreendida,0.0,94.0,0.0,0.0,0.0,0.0,94.0,ocorrencias
2025,2025-08-01,MS,Atendimento pré-hospitalar,0.0,891.0,0.0,0.0,0.0,0.0,891.0,ocorrencias
2025,2025-08-01,MS,Busca e salvamento,0.0,2175.0,0.0,0.0,0.0,0.0,2175.0,ocorrencias
2025,2025-08-01,MS,Combate a incêndios,0.0,417.0,0.0,0.0,0.0,0.0,417.0,ocorrencias
2025,2025-08-01,MS,Emissão de Alvarás de licença,0.0,2899.0,0.0,0.0,0.0,0.0,2899.0,ocorrencias
2025,2025-08-01,MS,Estupro,58.0,0.0,50.0,6.0,2.0,0.0,58.0,vitimas
2025,2025-08-01,MS,Estupro de vulnerável,46.0,0.0,38.0,6.0,2.0,0.0,46.0,vitimas
2025,2025-08-01,MS,Feminicídio,3.0,0.0,3.0,0.0,0.0,0.0,3.0,vitimas
2025,2025-08-01,MS,Furto de veículo,0.0,79.0,0.0,0.0,0.0,0.0,79.0,ocorrencias
2025,2025-08-01,MS,Homicídio doloso,17.0,0.0,3.0,14.0,0.0,0.0,17.0,vitimas
2025,2025-08-01,MS,Lesão corporal seguida de morte,0.0,0.0,0.0,0.0,0.0,0.0,0.0,vitimas
2025,2025-08-01,MS,Mandado de prisão cumprido,0.0,232.0,0.0,0.0,0.0,0.0,232.0,ocorrencias
2025,2025-08-01,MS,Morte de Agente do Estado,0.0,0.0,0.0,0.0,0.0,0.0,0.0,vitimas
2025,2025-08-01,MS,Morte no trânsito ou em decorrência dele (exceto homicídio doloso),14.0,0.0,2.0,12.0,0.0,0.0,14.0,vitimas
2025,2025-08-01,MS,Morte por intervenção de Agente do Estado,5.0,0.0,0.0,5.0,0.0,0.0,5.0,vitimas
2025,2025-08-01,MS,Mortes a esclarecer (sem indício de crime),11.0,0.0,3.0,8.0,0.0,0.0,11.0,vitimas
2025,2025-08-01,MS,Mortes no trânsito,15.0,0.0,1.0,14.0,0.0,0.0,15.0,vitimas
2025,2025-08-01,MS,Pessoa Desaparecida,21.0,0.0,5.0,16.0,0.0,0.0,21.0,vitimas
2025,2025-08-01,MS,Pessoa Localizada,46.0,0.0,13.0,33.0,0.0,0.0,46.0,vitimas
2025,2025-08-01,MS,Realização de vistorias,0.0,2665.0,0.0,0.0,0.0,0.0,2665.0,ocorrencias
2025,2025-08-01,MS,Roubo a instituição financeira,0.0,0.0,0.0,0.0,0.0,0.0,0.0,ocorrencias
2025,2025-08-01,MS,Roubo de carga,0.0,0.0,0.0,0.0,0.0,0.0,0.0,ocorrencias
2025,2025-08-01,MS,Roubo de veículo,0.0,12.0,0.0,0.0,0.0,0.0,12.0,ocorrencias
2025,2025-08-01,MS,Roubo seguido de morte (latrocínio),0.0,0.0,0.0,0.0,0.0,0.0,0.0,vitimas
2025,2025-08-01,MS,Suicídio,17.0,0.0,7.0,10.0,0.0,0.0,17.0,vitimas
2025,2025-08-01,MS,Suicídio de Agente do Estado,0.0,0.0,0.0,0.0,0.0,0.0,0.0,vitimas
2025,2025-08-01,MS,Tentativa de feminicídio,6.0,0.0,5.0,0.0,1.0,0.0,6.0,vitimas
2025,2025-08-01,MS,Tentativa de homicídio,24.0,0.0,2.0,22.0,0.0,0.0,24.0,vitimas
2025,2025-08-01,MS,Tráfico de drogas,0.0,214.0,0.0,0.0,0.0,0.0,214.0,ocorrencias
2025,2025-08-01,MT,Apreensão de Cocaína,0.0,0.0,0.0,0.0,0.0,3518.0,3518.0,kg
2025,2025-08-01,MT,Apreensão de Maconha,0.0,0.0,0.0,0.0,0.0,166704.0,166704.0,kg
2025,2025-08-01,MT,Arma de Fogo Apreendida,0.0,184.0,0.0,0.0,0.0,0.0,184.0,ocorrencias
2025,2025-08-01,MT,Atendimento pré-hospitalar,0.0,4191.0,0.0,0.0,0.0,0.0,4191.0,ocorrencias
2025,2025-08-01,MT,Busca e salvamento,0.0,674.0,0.0,0.0,0.0,0.0,674.0,ocorrencias
2025,2025-08-01,MT,Combate a incêndios,0.0,1092.0,0.0,0.0,0.0,0.0,1092.0,ocorrencias
2025,2025-08-01,MT,Emissão de Alvarás de licença,0.0,4439.0,0.0,0.0,0.0,0.0,4439.0,ocorrencias
2025,2025-08-01,MT,Estupro,52.0,0.0,48.0,4.0,0.0,0.0,52.0,vitimas
2025,2025-08-01,MT,Estupro de vulnerável,162.0,0.0,142.0,20.0,0.0,0.0,162.0,vitimas
2025,2025-08-01,MT,Feminicídio,4.0,0.0,4.0,0.0,0.0,0.0,4.0,vitimas
2025,2025-08-01,MT,Furto de veículo,0.0,145.0,0.0,0.0,0.0,0.0,145.0,ocorrencias
2025,2025-08-01,MT,Homicídio doloso,56.0,0.0,5.0,50.0,1.0,0.0,56.0,vitimas
2025,2025-08-01,MT,Lesão corporal seguida de morte,1.0,0.0,1.0,0.0,0.0,0.0,1.0,vitimas
2025,2025-08-01,MT,Mandado de prisão cumprido,0.0,848.0,0.0,0.0,0.0,0.0,848.0,ocorrencias
2025,2025-08-01,MT,Morte de Agente do Estado,0.0,0.0,0.0,0.0,0.0,0.0,0.0,vitimas
2025,2025-08-01,MT,Morte no trânsito ou em decorrência dele (exceto homicídio doloso),118.0,0.0,24.0,94.0,0.0,0.0,118.0,vitimas
2025,2025-08-01,MT,Morte por intervenção de Agente do Estado,9.0,0.0,0.0,9.0,0.0,0.0,9.0,vitimas
2025,2025-08-01,MT,Mortes a esclarecer (sem indício de crime),28.0,0.0,10.0,18.0,0.0,0.0,28.0,vitimas
2025,2025-08-01,MT,Mortes no trânsito,42.0,0.0,11.0,31.0,0.0,0.0,42.0,vitimas
2025,2025-08-01,MT,Pessoa Desaparecida,174.0,0.0,62.0,112.0,0.0,0.0,174.0,vitimas
2025,2025-08-01,MT,Pessoa Localizada,105.0,0.0,45.0,60.0,0.0,0.0,105.0,vitimas
2025,2025-08-01,MT,Realização de vistorias,0.0,2059.0,0.0,0.0,0.0,0.0,2059.0,ocorrencias
2025,2025-08-01,MT,Roubo a instituição financeira,0.0,0.0,0.0,0.0,0.0,0.0,0.0,ocorrencias
2025,2025-08-01,MT,Roubo de carga,0.0,5.0,0.0,0.0,0.0,0.0,5.0,ocorrencias
2025,2025-08-01,MT,Roubo de veículo,0.0,35.0,0.0,0.0,0.0,0.0,35.0,ocorrencias
2025,2025-08-01,MT,Roubo seguido de morte (latrocínio),2.0,0.0,1.0,1.0,0.0,0.0,2.0,vitimas
2025,2025-08-01,MT,Suicídio,21.0,0.0,4.0,17.0,0.0,0.0,21.0,vitimas
2025,2025-08-01,MT,Suicídio de Agente do Estado,1.0,0.0,0.0,1.0,0.0,0.0,1.0,vitimas
2025,2025-08-01,MT,Tentativa de feminicídio,17.0,0.0,17.0,0.0,0.0,0.0,17.0,vitimas
2025,2025-08-01,MT,Tentativa de homicídio,115.0,0.0,17.0,98.0,0.0,0.0,115.0,vitimas
2025,2025-08-01,MT,Tráfico de drogas,0.0,430.0,0.0,0.0,0.0,0.0,430.0,ocorrencias
2025,2025-08-01,PA,Apreensão de Cocaína,0.0,0.0,0.0,0.0,0.0,630674.0,630674.0,kg
2025,2025-08-01,PA,Apreensão de Maconha,0.0,0.0,0.0,0.0,0.0,24153585.0,24153585.0,kg
2025,2025-08-01,PA,Arma de Fogo Apreendida,0.0,220.0,0.0,0.0,0.0,0.0,220.0,ocorrencias
2025,2025-08-01,PA,Atendimento pré-hospitalar,0.0,1587.0,0.0,0.0,0.0,0.0,1587.0,ocorrencias
2025,2025-08-01,PA,Busca e salvamento,0.0,54.0,0.0,0.0,0.0,0.0,54.0,ocorrencias
2025,2025-08-01,PA,Combate a incêndios,0.0,695.0,0.0,0.0,0.0,0.0,695.0,ocorrencias
2025,2025-08-01,PA,Emissão de Alvarás de licença,0.0,7424.0,0.0,0.0,0.0,0.0,7424.0,ocorrencias
2025,2025-08-01,PA,Estupro,59.0,0.0,57.0,2.0,0.0,0.0,59.0,vitimas
2025,2025-08-01,PA,Estupro de vulnerável,453.0,0.0,399.0,47.0,7.0,0.0,453.0,vitimas
2025,2025-08-01,PA,Feminicídio,6.0,0.0,6.0,0.0,0.0,0.0,6.0,vitimas
2025,2025-08-01,PA,Furto de veículo,0.0,240.0,0.0,0.0,0.0,0.0,240.0,ocorrencias
2025,2025-08-01,PA,Homicídio doloso,161.0,0.0,8.0,153.0,0.0,0.0,161.0,vitimas
2025,2025-08-01,PA,Lesão corporal seguida de morte,2.0,0.0,0.0,2.0,0.0,0.0,2.0,vitimas
2025,2025-08-01,PA,Mandado de prisão cumprido,0.0,589.0,0.0,0.0,0.0,0.0,589.0,ocorrencias
2025,2025-08-01,PA,Morte de Agente do Estado,0.0,0.0,0.0,0.0,0.0,0.0,0.0,vitimas
2025,2025-08-01,PA,Morte no trânsito ou em decorrência dele (exceto homicídio doloso),108.0,0.0,27.0,81.0,0.0,0.0,108.0,vitimas
2025,2025-08-01,PA,Morte por intervenção de Agente do Estado,42.0,0.0,0.0,42.0,0.0,0.0,42.0,vitimas
2025,2025-08-01,PA,Mortes a esclarecer (sem indício de crime),29.0,0.0,5.0,22.0,2.0,0.0,29.0,vitimas
2025,2025-08-01,PA,Mortes no trânsito,20.0,0.0,5.0,15.0,0.0,0.0,20.0,vitimas
2025,2025-08-01,PA,Pessoa Desaparecida,111.0,0.0,53.0,58.0,0.0,0.0,111.0,vitimas
2025,2025-08-01,PA,Pessoa Localizada,67.0,0.0,33.0,34.0,0.0,0.0,67.0,vitimas
2025,2025-08-01,PA,Realização de vistorias,0.0,5064.0,0.0,0.0,0.0,0.0,5064.0,ocorrencias
2025,2025-08-01,PA,Roubo a instituição financeira,0.0,0.0,0.0,0.0,0.0,0.0,0.0,ocorrencias
2025,2025-08-01,PA,Roubo de carga,0.0,13.0,0.0,0.0,0.0,0.0,13.0,ocorrencias
2025,2025-08-01,PA,Roubo de veículo,0.0,83.0,0.0,0.0,0.0,0.0,83.0,ocorrencias
2025,2025-08-01,PA,Roubo seguido de morte (latrocínio),4.0,0.0,0.0,4.0,0.0,0.0,4.0,vitimas
2025,2025-08-01,PA,Suicídio,60.0,0.0,12.0,48.0,0.0,0.0,60.0,vitimas
2025,2025-08-01,PA,Suicídio de Agente do Estado,0.0,0.0,0.0,0.0,0.0,0.0,0.0,vitimas
2025,2025-08-01,PA,Tentativa de feminicídio,26.0,0.0,26.0,0.0,0.0,0.0,26.0,vitimas
2025,2025-08-01,PA,Tentativa de homicídio,125.0,0.0,20.0,103.0,2.0,0.0,125.0,vitimas
2025,2025-08-01,PA,Tráfico de drogas,0.0,423.0,0.0,0.0,0.0,0.0,423.0,ocorrencias
2025,2025-08-01,PB,Apreensão de Cocaína,0.0,0.0,0.0,0.0,0.0,373.0,373.0,kg
2025,2025-08-01,PB,Apreensão de Maconha,0.0,0.0,0.0,0.0,0.0,9736.0,9736.0,kg
2025,2025-08-01,PB,Arma de Fogo Apreendida,0.0,308.0,0.0,0.0,0.0,0.0,308.0,ocorrencias
2025,2025-08-01,PB,Atendimento pré-hospitalar,0.0,691.0,0.0,0.0,0.0,0.0,691.0,ocorrencias
2025,2025-08-01,PB,Busca e salvamento,0.0,491.0,0.0,0.0,0.0,0.0,491.0,ocorrencias
2025,2025-08-01,PB,Combate a incêndios,0.0,501.0,0.0,0.0,0.0,0.0,501.0,ocorrencias
2025,2025-08-01,PB,Emissão de Alvarás de licença,0.0,1834.0,0.0,0.0,0.0,0.0,1834.0,ocorrencias
2025,2025-08-01,PB,Estupro,25.0,0.0,24.0,1.0,0.0,0.0,25.0,vitimas
2025,2025-08-01,PB,Estupro de vulnerável,85.0,0.0,78.0,7.0,0.0,0.0,85.0,vitimas
2025,2025-08-01,PB,Feminicídio,1.0,0.0,1.0,0.0,0.0,0.0,1.0,vitimas
2025,2025-08-01,PB,Furto de veículo,0.0,131.0,0.0,0.0,0.0,0.0,131.0,ocorrencias
2025,2025-08-01,PB,Homicídio doloso,64.0,0.0,4.0,60.0,0.0,0.0,64.0,vitimas
2025,2025-08-01,PB,Lesão corporal seguida de morte,0.0,0.0,0.0,0.0,0.0,0.0,0.0,vitimas
2025,2025-08-01,PB,Mandado de prisão cumprido,0.0,468.0,0.0,0.0,0.0,0.0,468.0,ocorrencias
2025,2025-08-01,PB,Morte de Agente do Estado,0.0,0.0,0.0,0.0,0.0,0.0,0.0,vitimas
2025,2025-08-01,PB,Morte no trânsito ou em decorrência dele (exceto homicídio doloso),78.0,0.0,15.0,63.0,0.0,0.0,78.0,vitimas
2025,2025-08-01,PB,Morte por intervenção de Agente do Estado,8.0,0.0,0.0,8.0,0.0,0.0,8.0,vitimas
2025,2025-08-01,PB,Mortes a esclarecer (sem indício de crime),7.0,0.0,1.0,6.0,0.0,0.0,7.0,vitimas
2025,2025-08-01,PB,Mortes no trânsito,17.0,0.0,3.0,14.0,0.0,0.0,17.0,vitimas
2025,2025-08-01,PB,Pessoa Desaparecida,83.0,0.0,24.0,59.0,0.0,0.0,83.0,vitimas
2025,2025-08-01,PB,Pessoa Localizada,72.0,0.0,21.0,51.0,0.0,0.0,72.0,vitimas
2025,2025-08-01,PB,Realização de vistorias,0.0,1106.0,0.0,0.0,0.0,0.0,1106.0,ocorrencias
2025,2025-08-01,PB,Roubo a instituição financeira,0.0,0.0,0.0,0.0,0.0,0.0,0.0,ocorrencias
2025,2025-08-01,PB,Roubo de carga,0.0,1.0,0.0,0.0,0.0,0.0,1.0,ocorrencias
2025,2025-08-01,PB,Roubo de veículo,0.0,346.0,0.0,0.0,0.0,0.0,346.0,ocorrencias
2025,2025-08-01,PB,Roubo seguido de morte (latrocínio),3.0,0.0,1.0,2.0,0.0,0.0,3.0,vitimas
2025,2025-08-01,PB,Suicídio,29.0,0.0,7.0,22.0,0.0,0.0,29.0,vitimas
2025,2025-08-01,PB,Suicídio de Agente do Estado,1.0,0.0,0.0,1.0,0.0,0.0,1.0,vitimas
2025,2025-08-01,PB,Tentativa de feminicídio,3.0,0.0,3.0,0.0,0.0,0.0,3.0,vitimas
2025,2025-08-01,PB,Tentativa de homicídio,55.0,0.0,6.0,49.0,0.0,0.0,55.0,vitimas
2025,2025-08-01,PB,Tráfico de drogas,0.0,242.0,0.0,0.0,0.0,0.0,242.0,ocorrencias
2025,2025-08-01,PE,Apreensão de Cocaína,0.0,0.0,0.0,0.0,0.0,20562.0,20562.0,kg
2025,2025-08-01,PE,Apreensão de Maconha,0.0,0.0,0.0,0.0,0.0,100697741.0,100697741.0,kg
2025,2025-08-01,PE,Arma de Fogo Apreendida,0.0,581.0,0.0,0.0,0.0,0.0,581.0,ocorrencias
2025,2025-08-01,PE,Atendimento pré-hospitalar,0.0,1745.0,0.0,0.0,0.0,0.0,1745.0,ocorrencias
2025,2025-08-01,PE,Busca e salvamento,0.0,305.0,0.0,0.0,0.0,0.0,305.0,ocorrencias
2025,2025-08-01,PE,Combate a incêndios,0.0,374.0,0.0,0.0,0.0,0.0,374.0,ocorrencias
2025,2025-08-01,PE,Emissão de Alvarás de licença,0.0,8719.0,0.0,0.0,0.0,0.0,8719.0,ocorrencias
2025,2025-08-01,PE,Estupro,56.0,0.0,49.0,7.0,0.0,0.0,56.0,vitimas
2025,2025-08-01,PE,Estupro de vulnerável,125.0,0.0,108.0,15.0,2.0,0.0,125.0,vitimas
2025,2025-08-01,PE,Feminicídio,6.0,0.0,6.0,0.0,0.0,0.0,6.0,vitimas
2025,2025-08-01,PE,Furto de veículo,0.0,501.0,0.0,0.0,0.0,0.0,501.0,ocorrencias
2025,2025-08-01,PE,Homicídio doloso,241.0,0.0,12.0,226.0,3.0,0.0,241.0,vitimas
2025,2025-08-01,PE,Lesão corporal seguida de morte,2.0,0.0,0.0,2.0,0.0,0.0,2.0,vitimas
2025,2025-08-01,PE,Mandado de prisão cumprido,0.0,821.0,0.0,0.0,0.0,0.0,821.0,ocorrencias
2025,2025-08-01,PE,Morte de Agente do Estado,3.0,0.0,0.0,3.0,0.0,0.0,3.0,vitimas
2025,2025-08-01,PE,Morte no trânsito ou em decorrência dele (exceto homicídio doloso),150.0,0.0,29.0,120.0,1.0,0.0,150.0,vitimas
2025,2025-08-01,PE,Morte por intervenção de Agente do Estado,3.0,0.0,0.0,3.0,0.0,0.0,3.0,vitimas
2025,2025-08-01,PE,Mortes a esclarecer (sem indício de crime),21.0,0.0,4.0,16.0,1.0,0.0,21.0,vitimas
2025,2025-08-01,PE,Mortes no trânsito,28.0,0.0,2.0,26.0,0.0,0.0,28.0,vitimas
2025,2025-08-01,PE,Pessoa Desaparecida,214.0,0.0,65.0,134.0,15.0,0.0,214.0,vitimas
2025,2025-08-01,PE,Pessoa Localizada,88.0,0.0,30.0,53.0,5.0,0.0,88.0,vitimas
2025,2025-08-01,PE,Realização de vistorias,0.0,4225.0,0.0,0.0,0.0,0.0,4225.0,ocorrencias
2025,2025-08-01,PE,Roubo a instituição financeira,0.0,0.0,0.0,0.0,0.0,0.0,0.0,ocorrencias
2025,2025-08-01,PE,Roubo de carga,0.0,15.0,0.0,0.0,0.0,0.0,15.0,ocorrencias
2025,2025-08-01,PE,Roubo de veículo,0.0,960.0,0.0,0.0,0.0,0.0,960.0,ocorrencias
2025,2025-08-01,PE,Roubo seguido de morte (latrocínio),6.0,0.0,0.0,6.0,0.0,0.0,6.0,vitimas
2025,2025-08-01,PE,Suicídio,61.0,0.0,19.0,42.0,0.0,0.0,61.0,vitimas
2025,2025-08-01,PE,Suicídio de Agente do Estado,0.0,0.0,0.0,0.0,0.0,0.0,0.0,vitimas
2025,2025-08-01,PE,Tentativa de feminicídio,13.0,0.0,13.0,0.0,0.0,0.0,13.0,vitimas
2025,2025-08-01,PE,Tentativa de homicídio,143.0,0.0,12.0,131.0,0.0,0.0,143.0,vitimas
2025,2025-08-01,PE,Tráfico de drogas,0.0,862.0,0.0,0.0,0.0,0.0,862.0,ocorrencias
2025,2025-08-01,PI,Apreensão de Cocaína,0.0,0.0,0.0,0.0,0.0,594.0,594.0,kg
2025,2025-08-01,PI,Apreensão de Maconha,0.0,0.0,0.0,0.0,0.0,4868.0,4868.0,kg
2025,2025-08-01,PI,Arma de Fogo Apreendida,0.0,157.0,0.0,0.0,0.0,0.0,157.0,ocorrencias
2025,2025-08-01,PI,Atendimento pré-hospitalar,0.0,94.0,0.0,0.0,0.0,0.0,94.0,ocorrencias
2025,2025-08-01,PI,Busca e salvamento,0.0,146.0,0.0,0.0,0.0,0.0,146.0,ocorrencias
2025,2025-08-01,PI,Combate a incêndios,0.0,844.0,0.0,0.0,0.0,0.0,844.0,ocorrencias
2025,2025-08-01,PI,Emissão de Alvarás de licença,0.0,610.0,0.0,0.0,0.0,0.0,610.0,ocorrencias
2025,2025-08-01,PI,Estupro,36.0,0.0,33.0,3.0,0.0,0.0,36.0,vitimas
2025,2025-08-01,PI,Estupro de vulnerável,115.0,0.0,97.0,13.0,5.0,0.0,115.0,vitimas
2025,2025-08-01,PI,Feminicídio,1.0,0.0,1.0,0.0,0.0,0.0,1.0,vitimas
2025,2025-08-01,PI,Furto de veículo,0.0,199.0,0.0,0.0,0.0,0.0,199.0,ocorrencias
2025,2025-08-01,PI,Homicídio doloso,48.0,0.0,4.0,44.0,0.0,0.0,48.0,vitimas
2025,2025-08-01,PI,Lesão corporal seguida de morte,1.0,0.0,0.0,1.0,0.0,0.0,1.0,vitimas
2025,2025-08-01,PI,Mandado de prisão cumprido,0.0,375.0,0.0,0.0,0.0,0.0,375.0,ocorrencias
2025,2025-08-01,PI,Morte de Agente do Estado,0.0,0.0,0.0,0.0,0.0,0.0,0.0,vitimas
2025,2025-08-01,PI,Morte no trânsito ou em decorrência dele (exceto homicídio doloso),26.0,0.0,7.0,19.0,0.0,0.0,26.0,vitimas
2025,2025-08-01,PI,Morte por intervenção de Agente do Estado,2.0,0.0,0.0,2.0,0.0,0.0,2.0,vitimas
2025,2025-08-01,PI,Mortes a esclarecer (sem indício de crime),0.0,0.0,0.0,0.0,0.0,0.0,0.0,vitimas
2025,2025-08-01,PI,Mortes no trânsito,13.0,0.0,5.0,8.0,0.0,0.0,13.0,vitimas
2025,2025-08-01,PI,Pessoa Desaparecida,67.0,0.0,26.0,39.0,2.0,0.0,67.0,vitimas
2025,2025-08-01,PI,Pessoa Localizada,36.0,0.0,11.0,25.0,0.0,0.0,36.0,vitimas
2025,2025-08-01,PI,Realização de vistorias,0.0,724.0,0.0,0.0,0.0,0.0,724.0,ocorrencias
2025,2025-08-01,PI,Roubo a instituição financeira,0.0,0.0,0.0,0.0,0.0,0.0,0.0,ocorrencias
2025,2025-08-01,PI,Roubo de carga,0.0,1.0,0.0,0.0,0.0,0.0,1.0,ocorrencias
2025,2025-08-01,PI,Roubo de veículo,0.0,258.0,0.0,0.0,0.0,0.0,258.0,ocorrencias
2025,2025-08-01,PI,Roubo seguido de morte (latrocínio),2.0,0.0,0.0,2.0,0.0,0.0,2.0,vitimas
2025,2025-08-01,PI,Suicídio,30.0,0.0,6.0,24.0,0.0,0.0,30.0,vitimas
2025,2025-08-01,PI,Suicídio de Agente do Estado,0.0,0.0,0.0,0.0,0.0,0.0,0.0,vitimas
2025,2025-08-01,PI,Tentativa de feminicídio,6.0,0.0,6.0,0.0,0.0,0.0,6.0,vitimas
2025,2025-08-01,PI,Tentativa de homicídio,49.0,0.0,6.0,43.0,0.0,0.0,49.0,vitimas
2025,2025-08-01,PI,Tráfico de drogas,0.0,198.0,0.0,0.0,0.0,0.0,198.0,ocorrencias
2025,2025-08-01,PR,Apreensão de Cocaína,0.0,0.0,0.0,0.0,0.0,947202.0,947202.0,kg
2025,2025-08-01,PR,Apreensão de Maconha,0.0,0.0,0.0,0.0,0.0,58529097.0,58529097.0,kg
2025,2025-08-01,PR,Arma de Fogo Apreendida,0.0,496.0,0.0,0.0,0.0,0.0,496.0,ocorrencias
2025,2025-08-01,PR,Atendimento pré-hospitalar,0.0,2916.0,0.0,0.0,0.0,0.0,2916.0,ocorrencias
2025,2025-08-01,PR,Busca e salvamento,0.0,793.0,0.0,0.0,0.0,0.0,793.0,ocorrencias
2025,2025-08-01,PR,Combate a incêndios,0.0,2468.0,0.0,0.0,0.0,0.0,2468.0,ocorrencias
2025,2025-08-01,PR,Emissão de Alvarás de licença,0.0,17153.0,0.0,0.0,0.0,0.0,17153.0,ocorrencias
2025,2025-08-01,PR,Estupro,128.0,0.0,117.0,11.0,0.0,0.0,128.0,vitimas
2025,2025-08-01,PR,Estupro de vulnerável,484.0,0.0,395.0,87.0,2.0,0.0,484.0,vitimas
2025,2025-08-01,PR,Feminicídio,7.0,0.0,7.0,0.0,0.0,0.0,7.0,vitimas
2025,2025-08-01,PR,Furto de veículo,0.0,688.0,0.0,0.0,0.0,0.0,688.0,ocorrencias
2025,2025-08-01,PR,Homicídio doloso,97.0,0.0,8.0,87.0,2.0,0.0,97.0,vitimas
2025,2025-08-01,PR,Lesão corporal seguida de morte,3.0,0.0,0.0,3.0,0.0,0.0,3.0,vitimas
2025,2025-08-01,PR,Mandado de prisão cumprido,0.0,3201.0,0.0,0.0,0.0,0.0,3201.0,ocorrencias
2025,2025-08-01,PR,Morte de Agente do Estado,0.0,0.0,0.0,0.0,0.0,0.0,0.0,vitimas
2025,2025-08-01,PR,Morte no trânsito ou em decorrência dele (exceto homicídio doloso),70.0,0.0,12.0,57.0,1.0,0.0,70.0,vitimas
2025,2025-08-01,PR,Morte por intervenção de Agente do Estado,46.0,0.0,1.0,45.0,0.0,0.0,46.0,vitimas
2025,2025-08-01,PR,Mortes a esclarecer (sem indício de crime),2.0,0.0,2.0,0.0,0.0,0.0,2.0,vitimas
2025,2025-08-01,PR,Mortes no trânsito,55.0,0.0,10.0,45.0,0.0,0.0,55.0,vitimas
2025,2025-08-01,PR,Pessoa Desaparecida,505.0,0.0,190.0,315.0,0.0,0.0,505.0,vitimas
2025,2025-08-01,PR,Pessoa Localizada,396.0,0.0,164.0,232.0,0.0,0.0,396.0,vitimas
2025,2025-08-01,PR,Realização de vistorias,0.0,5442.0,0.0,0.0,0.0,0.0,5442.0,ocorrencias
2025,2025-08-01,PR,Roubo a instituição financeira,0.0,0.0,0.0,0.0,0.0,0.0,0.0,ocorrencias
2025,2025-08-01,PR,Roubo de carga,0.0,10.0,0.0,0.0,0.0,0.0,10.0,ocorrencias
2025,2025-08-01,PR,Roubo de veículo,0.0,134.0,0.0,0.0,0.0,0.0,134.0,ocorrencias
2025,2025-08-01,PR,Roubo seguido de morte (latrocínio),1.0,0.0,0.0,1.0,0.0,0.0,1.0,vitimas
2025,2025-08-01,PR,Suicídio,68.0,0.0,12.0,55.0,1.0,0.0,68.0,vitimas
2025,2025-08-01,PR,Suicídio de Agente do Estado,1.0,0.0,0.0,1.0,0.0,0.0,1.0,vitimas
2025,2025-08-01,PR,Tentativa de feminicídio,13.0,0.0,13.0,0.0,0.0,0.0,13.0,vitimas
2025,2025-08-01,PR,Tentativa de homicídio,46.0,0.0,4.0,40.0,2.0,0.0,46.0,vitimas
2025,2025-08-01,PR,Tráfico de drogas,0.0,1203.0,0.0,0.0,0.0,0.0,1203.0,ocorrencias
2025,2025-08-01,RJ,Apreensão de Cocaína,0.0,0.0,0.0,0.0,0.0,567622.0,567622.0,kg
2025,2025-08-01,RJ,Apreensão de Maconha,0.0,0.0,0.0,0.0,0.0,113601.0,113601.0,kg
2025,2025-08-01,RJ,Arma de Fogo Apreendida,0.0,486.0,0.0,0.0,0.0,0.0,486.0,ocorrencias
2025,2025-08-01,RJ,Atendimento pré-hospitalar,0.0,12708.0,0.0,0.0,0.0,0.0,12708.0,ocorrencias
2025,2025-08-01,RJ,Busca e salvamento,0.0,10552.0,0.0,0.0,0.0,0.0,10552.0,ocorrencias
2025,2025-08-01,RJ,Combate a incêndios,0.0,4285.0,0.0,0.0,0.0,0.0,4285.0,ocorrencias
2025,2025-08-01,RJ,Emissão de Alvarás de licença,0.0,4202.0,0.0,0.0,0.0,0.0,4202.0,ocorrencias
2025,2025-08-01,RJ,Estupro,127.0,0.0,120.0,7.0,0.0,0.0,127.0,vitimas
2025,2025-08-01,RJ,Estupro de vulnerável,382.0,0.0,330.0,42.0,10.0,0.0,382.0,vitimas
2025,2025-08-01,RJ,Feminicídio,6.0,0.0,5.0,1.0,0.0,0.0,6.0,vitimas
2025,2025-08-01,RJ,Furto de veículo,0.0,1554.0,0.0,0.0,0.0,0.0,1554.0,ocorrencias
2025,2025-08-01,RJ,Homicídio doloso,276.0,0.0,19.0,236.0,21.0,0.0,276.0,vitimas
2025,2025-08-01,RJ,Lesão corporal seguida de morte,2.0,0.0,0.0,2.0,0.0,0.0,2.0,vitimas
2025,2025-08-01,RJ,Mandado de prisão cumprido,0.0,1083.0,0.0,0.0,0.0,0.0,1083.0,ocorrencias
2025,2025-08-01,RJ,Morte de Agente do Estado,5.0,0.0,0.0,5.0,0.0,0.0,5.0,vitimas
2025,2025-08-01,RJ,Morte no trânsito ou em decorrência dele (exceto homicídio doloso),223.0,0.0,43.0,173.0,7.0,0.0,223.0,vitimas
2025,2025-08-01,RJ,Morte por intervenção de Agente do Estado,44.0,0.0,0.0,44.0,0.0,0.0,44.0,vitimas
2025,2025-08-01,RJ,Mortes a esclarecer (sem indício de crime),252.0,0.0,67.0,181.0,4.0,0.0,252.0,vitimas
2025,2025-08-01,RJ,Mortes no trânsito,30.0,0.0,5.0,25.0,0.0,0.0,30.0,vitimas
2025,2025-08-01,RJ,Pessoa Desaparecida,518.0,0.0,181.0,336.0,1.0,0.0,518.0,vitimas
2025,2025-08-01,RJ,Pessoa Localizada,208.0,0.0,2.0,10.0,196.0,0.0,208.0,vitimas
2025,2025-08-01,RJ,Realização de vistorias,0.0,395.0,0.0,0.0,0.0,0.0,395.0,ocorrencias
2025,2025-08-01,RJ,Roubo a instituição financeira,0.0,5.0,0.0,0.0,0.0,0.0,5.0,ocorrencias
2025,2025-08-01,RJ,Roubo de carga,0.0,264.0,0.0,0.0,0.0,0.0,264.0,ocorrencias
2025,2025-08-01,RJ,Roubo de veículo,0.0,1808.0,0.0,0.0,0.0,0.0,1808.0,ocorrencias
2025,2025-08-01,RJ,Roubo seguido de morte (latrocínio),3.0,0.0,0.0,3.0,0.0,0.0,3.0,vitimas
2025,2025-08-01,RJ,Suicídio,81.0,0.0,21.0,59.0,1.0,0.0,81.0,vitimas
2025,2025-08-01,RJ,Suicídio de Agente do Estado,0.0,0.0,0.0,0.0,0.0,0.0,0.0,vitimas
2025,2025-08-01,RJ,Tentativa de feminicídio,25.0,0.0,25.0,0.0,0.0,0.0,25.0,vitimas
2025,2025-08-01,RJ,Tentativa de homicídio,251.0,0.0,29.0,213.0,9.0,0.0,251.0,vitimas
2025,2025-08-01,RJ,Tráfico de drogas,0.0,1813.0,0.0,0.0,0.0,0.0,1813.0,ocorrencias
2025,2025-08-01,RN,Apreensão de Cocaína,0.0,0.0,0.0,0.0,0.0,29987.0,29987.0,kg
2025,2025-08-01,RN,Apreensão de Maconha,0.0,0.0,0.0,0.0,0.0,115562.0,115562.0,kg
2025,2025-08-01,RN,Arma de Fogo Apreendida,0.0,213.0,0.0,0.0,0.0,0.0,213.0,ocorrencias
2025,2025-08-01,RN,Atendimento pré-hospitalar,0.0,260.0,0.0,0.0,0.0,0.0,260.0,ocorrencias
2025,2025-08-01,RN,Busca e salvamento,0.0,528.0,0.0,0.0,0.0,0.0,528.0,ocorrencias
2025,2025-08-01,RN,Combate a incêndios,0.0,326.0,0.0,0.0,0.0,0.0,326.0,ocorrencias
2025,2025-08-01,RN,Emissão de Alvarás de licença,0.0,533.0,0.0,0.0,0.0,0.0,533.0,ocorrencias
2025,2025-08-01,RN,Estupro,30.0,0.0,26.0,4.0,0.0,0.0,30.0,vitimas
2025,2025-08-01,RN,Estupro de vulnerável,92.0,0.0,84.0,4.0,4.0,0.0,92.0,vitimas
2025,2025-08-01,RN,Feminicídio,3.0,0.0,3.0,0.0,0.0,0.0,3.0,vitimas
2025,2025-08-01,RN,Furto de veículo,0.0,167.0,0.0,0.0,0.0,0.0,167.0,ocorrencias
2025,2025-08-01,RN,Homicídio doloso,71.0,0.0,4.0,67.0,0.0,0.0,71.0,vitimas
2025,2025-08-01,RN,Lesão corporal seguida de morte,0.0,0.0,0.0,0.0,0.0,0.0,0.0,vitimas
2025,2025-08-01,RN,Mandado de prisão cumprido,0.0,399.0,0.0,0.0,0.0,0.0,399.0,ocorrencias
2025,2025-08-01,RN,Morte de Agente do Estado,1.0,0.0,0.0,1.0,0.0,0.0,1.0,vitimas
2025,2025-08-01,RN,Morte no trânsito ou em decorrência dele (exceto homicídio doloso),47.0,0.0,4.0,43.0,0.0,0.0,47.0,vitimas
2025,2025-08-01,RN,Morte por intervenção de Agente do Estado,11.0,0.0,0.0,11.0,0.0,0.0,11.0,vitimas
2025,2025-08-01,RN,Mortes a esclarecer (sem indício de crime),62.0,0.0,19.0,43.0,0.0,0.0,62.0,vitimas
2025,2025-08-01,RN,Mortes no trânsito,12.0,0.0,2.0,10.0,0.0,0.0,12.0,vitimas
2025,2025-08-01,RN,Pessoa Desaparecida,69.0,0.0,25.0,44.0,0.0,0.0,69.0,vitimas
2025,2025-08-01,RN,Pessoa Localizada,47.0,0.0,14.0,33.0,0.0,0.0,47.0,vitimas
2025,2025-08-01,RN,Realização de vistorias,0.0,566.0,0.0,0.0,0.0,0.0,566.0,ocorrencias
2025,2025-08-01,RN,Roubo a instituição financeira,0.0,0.0,0.0,0.0,0.0,0.0,0.0,ocorrencias
2025,2025-08-01,RN,Roubo de carga,0.0,2.0,0.0,0.0,0.0,0.0,2.0,ocorrencias
2025,2025-08-01,RN,Roubo de veículo,0.0,106.0,0.0,0.0,0.0,0.0,106.0,ocorrencias
2025,2025-08-01,RN,Roubo seguido de morte (latrocínio),3.0,0.0,0.0,3.0,0.0,0.0,3.0,vitimas
2025,2025-08-01,RN,Suicídio,27.0,0.0,11.0,16.0,0.0,0.0,27.0,vitimas
2025,2025-08-01,RN,Suicídio de Agente do Estado,0.0,0.0,0.0,0.0,0.0,0.0,0.0,vitimas
2025,2025-08-01,RN,Tentativa de feminicídio,8.0,0.0,8.0,0.0,0.0,0.0,8.0,vitimas
2025,2025-08-01,RN,Tentativa de homicídio,49.0,0.0,6.0,41.0,2.0,0.0,49.0,vitimas
2025,2025-08-01,RN,Tráfico de drogas,0.0,240.0,0.0,0.0,0.0,0.0,240.0,ocorrencias
2025,2025-08-01,RO,Apreensão de Cocaína,0.0,0.0,0.0,0.0,0.0,351369.0,351369.0,kg
2025,2025-08-01,RO,Apreensão de Maconha,0.0,0.0,0.0,0.0,0.0,15998.0,15998.0,kg
2025,2025-08-01,RO,Arma de Fogo Apreendida,0.0,165.0,0.0,0.0,0.0,0.0,165.0,ocorrencias
2025,2025-08-01,RO,Atendimento pré-hospitalar,0.0,1427.0,0.0,0.0,0.0,0.0,1427.0,ocorrencias
2025,2025-08-01,RO,Busca e salvamento,0.0,237.0,0.0,0.0,0.0,0.0,237.0,ocorrencias
2025,2025-08-01,RO,Combate a incêndios,0.0,1071.0,0.0,0.0,0.0,0.0,1071.0,ocorrencias
2025,2025-08-01,RO,Emissão de Alvarás de licença,0.0,2225.0,0.0,0.0,0.0,0.0,2225.0,ocorrencias
2025,2025-08-01,RO,Estupro,18.0,0.0,13.0,4.0,1.0,0.0,18.0,vitimas
2025,2025-08-01,RO,Estupro de vulnerável,83.0,0.0,71.0,9.0,3.0,0.0,83.0,vitimas
2025,2025-08-01,RO,Feminicídio,3.0,0.0,3.0,0.0,0.0,0.0,3.0,vitimas
2025,2025-08-01,RO,Furto de veículo,0.0,125.0,0.0,0.0,0.0,0.0,125.0,ocorrencias
2025,2025-08-01,RO,Homicídio doloso,43.0,0.0,6.0,34.0,3.0,0.0,43.0,vitimas
2025,2025-08-01,RO,Lesão corporal seguida de morte,0.0,0.0,0.0,0.0,0.0,0.0,0.0,vitimas
2025,2025-08-01,RO,Mandado de prisão cumprido,0.0,496.0,0.0,0.0,0.0,0.0,496.0,ocorrencias
2025,2025-08-01,RO,Morte de Agente do Estado,0.0,0.0,0.0,0.0,0.0,0.0,0.0,vitimas
2025,2025-08-01,RO,Morte no trânsito ou em decorrência dele (exceto homicídio doloso),44.0,0.0,5.0,39.0,0.0,0.0,44.0,vitimas
2025,2025-08-01,RO,Morte por intervenção de Agente do Estado,1.0,0.0,0.0,1.0,0.0,0.0,1.0,vitimas
2025,2025-08-01,RO,Mortes a esclarecer (sem indício de crime),50.0,0.0,20.0,30.0,0.0,0.0,50.0,vitimas
2025,2025-08-01,RO,Mortes no trânsito,12.0,0.0,5.0,7.0,0.0,0.0,12.0,vitimas
2025,2025-08-01,RO,Pessoa Desaparecida,97.0,0.0,35.0,62.0,0.0,0.0,97.0,vitimas
2025,2025-08-01,RO,Pessoa Localizada,3.0,0.0,2.0,1.0,0.0,0.0,3.0,vitimas
2025,2025-08-01,RO,Realização de vistorias,0.0,1496.0,0.0,0.0,0.0,0.0,1496.0,ocorrencias
2025,2025-08-01,RO,Roubo a instituição financeira,0.0,0.0,0.0,0.0,0.0,0.0,0.0,ocorrencias
2025,2025-08-01,RO,Roubo de carga,0.0,0.0,0.0,0.0,0.0,0.0,0.0,ocorrencias
2025,2025-08-01,RO,Roubo de veículo,0.0,19.0,0.0,0.0,0.0,0.0,19.0,ocorrencias
2025,2025-08-01,RO,Roubo seguido de morte (latrocínio),0.0,0.0,0.0,0.0,0.0,0.0,0.0,vitimas
2025,2025-08-01,RO,Suicídio,14.0,0.0,2.0,12.0,0.0,0.0,14.0,vitimas
2025,2025-08-01,RO,Suicídio de Agente do Estado,0.0,0.0,0.0,0.0,0.0,0.0,0.0,vitimas
2025,2025-08-01,RO,Tentativa de feminicídio,6.0,0.0,6.0,0.0,0.0,0.0,6.0,vitimas
2025,2025-08-01,RO,Tentativa de homicídio,63.0,0.0,10.0,53.0,0.0,0.0,63.0,vitimas
2025,2025-08-01,RO,Tráfico de drogas,0.0,195.0,0.0,0.0,0.0,0.0,195.0,ocorrencias
2025,2025-08-01,RR,Apreensão de Cocaína,0.0,0.0,0.0,0.0,0.0,9635.0,9635.0,kg
2025,2025-08-01,RR,Apreensão de Maconha,0.0,0.0,0.0,0.0,0.0,9999.0,9999.0,kg
2025,2025-08-01,RR,Arma de Fogo Apreendida,0.0,33.0,0.0,0.0,0.0,0.0,33.0,ocorrencias
2025,2025-08-01,RR,Atendimento pré-hospitalar,0.0,195.0,0.0,0.0,0.0,0.0,195.0,ocorrencias
2025,2025-08-01,RR,Busca e salvamento,0.0,185.0,0.0,0.0,0.0,0.0,185.0,ocorrencias
2025,2025-08-01,RR,Combate a incêndios,0.0,20.0,0.0,0.0,0.0,0.0,20.0,ocorrencias
2025,2025-08-01,RR,Emissão de Alvarás de licença,0.0,113.0,0.0,0.0,0.0,0.0,113.0,ocorrencias
2025,2025-08-01,RR,Estupro,14.0,0.0,13.0,1.0,0.0,0.0,14.0,vitimas
2025,2025-08-01,RR,Estupro de vulnerável,55.0,0.0,43.0,6.0,6.0,0.0,55.0,vitimas
2025,2025-08-01,RR,Feminicídio,0.0,0.0,0.0,0.0,0.0,0.0,0.0,vitimas
2025,2025-08-01,RR,Furto de veículo,0.0,56.0,0.0,0.0,0.0,0.0,56.0,ocorrencias
2025,2025-08-01,RR,Homicídio doloso,15.0,0.0,1.0,14.0,0.0,0.0,15.0,vitimas
2025,2025-08-01,RR,Lesão corporal seguida de morte,0.0,0.0,0.0,0.0,0.0,0.0,0.0,vitimas
2025,2025-08-01,RR,Mandado de prisão cumprido,0.0,130.0,0.0,0.0,0.0,0.0,130.0,ocorrencias
2025,2025-08-01,RR,Morte de Agente do Estado,0.0,0.0,0.0,0.0,0.0,0.0,0.0,vitimas
2025,2025-08-01,RR,Morte no trânsito ou em decorrência dele (exceto homicídio doloso),4.0,0.0,2.0,2.0,0.0,0.0,4.0,vitimas
2025,2025-08-01,RR,Morte por intervenção de Agente do Estado,1.0,0.0,0.0,1.0,0.0,0.0,1.0,vitimas
2025,2025-08-01,RR,Mortes a esclarecer (sem indício de crime),11.0,0.0,3.0,8.0,0.0,0.0,11.0,vitimas
2025,2025-08-01,RR,Mortes no trânsito,6.0,0.0,4.0,2.0,0.0,0.0,6.0,vitimas
2025,2025-08-01,RR,Pessoa Desaparecida,55.0,0.0,27.0,28.0,0.0,0.0,55.0,vitimas
2025,2025-08-01,RR,Pessoa Localizada,16.0,0.0,8.0,8.0,0.0,0.0,16.0,vitimas
2025,2025-08-01,RR,Realização de vistorias,0.0,143.0,0.0,0.0,0.0,0.0,143.0,ocorrencias
2025,2025-08-01,RR,Roubo a instituição financeira,0.0,0.0,0.0,0.0,0.0,0.0,0.0,ocorrencias
2025,2025-08-01,RR,Roubo de carga,0.0,0.0,0.0,0.0,0.0,0.0,0.0,ocorrencias
2025,2025-08-01,RR,Roubo de veículo,0.0,9.0,0.0,0.0,0.0,0.0,9.0,ocorrencias
2025,2025-08-01,RR,Roubo seguido de morte (latrocínio),0.0,0.0,0.0,0.0,0.0,0.0,0.0,vitimas
2025,2025-08-01,RR,Suicídio,7.0,0.0,0.0,7.0,0.0,0.0,7.0,vitimas
2025,2025-08-01,RR,Suicídio de Agente do Estado,0.0,0.0,0.0,0.0,0.0,0.0,0.0,vitimas
2025,2025-08-01,RR,Tentativa de feminicídio,6.0,0.0,6.0,0.0,0.0,0.0,6.0,vitimas
2025,2025-08-01,RR,Tentativa de homicídio,18.0,0.0,2.0,16.0,0.0,0.0,18.0,vitimas
2025,2025-08-01,RR,Tráfico de drogas,0.0,36.0,0.0,0.0,0.0,0.0,36.0,ocorrencias
2025,2025-08-01,RS,Apreensão de Cocaína,0.0,0.0,0.0,0.0,0.0,20011.0,20011.0,kg
2025,2025-08-01,RS,Apreensão de Maconha,0.0,0.0,0.0,0.0,0.0,5112083.0,5112083.0,kg
2025,2025-08-01,RS,Arma de Fogo Apreendida,0.0,736.0,0.0,0.0,0.0,0.0,736.0,ocorrencias
2025,2025-08-01,RS,Atendimento pré-hospitalar,0.0,2487.0,0.0,0.0,0.0,0.0,2487.0,ocorrencias
2025,2025-08-01,RS,Busca e salvamento,0.0,1036.0,0.0,0.0,0.0,0.0,1036.0,ocorrencias
2025,2025-08-01,RS,Combate a incêndios,0.0,1900.0,0.0,0.0,0.0,0.0,1900.0,ocorrencias
2025,2025-08-01,RS,Emissão de Alvarás de licença,0.0,4340.0,0.0,0.0,0.0,0.0,4340.0,ocorrencias
2025,2025-08-01,RS,Estupro,94.0,0.0,91.0,3.0,0.0,0.0,94.0,vitimas
2025,2025-08-01,RS,Estupro de vulnerável,415.0,0.0,342.0,73.0,0.0,0.0,415.0,vitimas
2025,2025-08-01,RS,Feminicídio,10.0,0.0,10.0,0.0,0.0,0.0,10.0,vitimas
2025,2025-08-01,RS,Furto de veículo,0.0,564.0,0.0,0.0,0.0,0.0,564.0,ocorrencias
2025,2025-08-01,RS,Homicídio doloso,77.0,0.0,4.0,73.0,0.0,0.0,77.0,vitimas
2025,2025-08-01,RS,Lesão corporal seguida de morte,3.0,0.0,0.0,3.0,0.0,0.0,3.0,vitimas
2025,2025-08-01,RS,Mandado de prisão cumprido,0.0,1046.0,0.0,0.0,0.0,0.0,1046.0,ocorrencias
2025,2025-08-01,RS,Morte de Agente do Estado,0.0,0.0,0.0,0.0,0.0,0.0,0.0,vitimas
2025,2025-08-01,RS,Morte no trânsito ou em decorrência dele (exceto homicídio doloso),100.0,0.0,14.0,86.0,0.0,0.0,100.0,vitimas
2025,2025-08-01,RS,Morte por intervenção de Agente do Estado,2.0,0.0,0.0,2.0,0.0,0.0,2.0,vitimas
2025,2025-08-01,RS,Mortes a esclarecer (sem indício de crime),74.0,0.0,16.0,58.0,0.0,0.0,74.0,vitimas
2025,2025-08-01,RS,Mortes no trânsito,35.0,0.0,5.0,30.0,0.0,0.0,35.0,vitimas
2025,2025-08-01,RS,Pessoa Desaparecida,685.0,0.0,257.0,428.0,0.0,0.0,685.0,vitimas
2025,2025-08-01,RS,Pessoa Localizada,695.0,0.0,253.0,442.0,0.0,0.0,695.0,vitimas
2025,2025-08-01,RS,Realização de vistorias,0.0,2999.0,0.0,0.0,0.0,0.0,2999.0,ocorrencias
2025,2025-08-01,RS,Roubo a instituição financeira,0.0,0.0,0.0,0.0,0.0,0.0,0.0,ocorrencias
2025,2025-08-01,RS,Roubo de carga,0.0,0.0,0.0,0.0,0.0,0.0,0.0,ocorrencias
2025,2025-08-01,RS,Roubo de veículo,0.0,125.0,0.0,0.0,0.0,0.0,125.0,ocorrencias
2025,2025-08-01,RS,Roubo seguido de morte (latrocínio),2.0,0.0,2.0,0.0,0.0,0.0,2.0,vitimas
2025,2025-08-01,RS,Suicídio,112.0,0.0,22.0,90.0,0.0,0.0,112.0,vitimas
2025,2025-08-01,RS,Suicídio de Agente do Estado,2.0,0.0,0.0,2.0,0.0,0.0,2.0,vitimas
2025,2025-08-01,RS,Tentativa de feminicídio,30.0,0.0,30.0,0.0,0.0,0.0,30.0,vitimas
2025,2025-08-01,RS,Tentativa de homicídio,192.0,0.0,33.0,159.0,0.0,0.0,192.0,vitimas
2025,2025-08-01,RS,Tráfico de drogas,0.0,1680.0,0.0,0.0,0.0,0.0,1680.0,ocorrencias
2025,2025-08-01,SC,Apreensão de Cocaína,0.0,0.0,0.0,0.0,0.0,41310.0,41310.0,kg
2025,2025-08-01,SC,Apreensão de Maconha,0.0,0.0,0.0,0.0,0.0,130438.0,130438.0,kg
2025,2025-08-01,SC,Arma de Fogo Apreendida,0.0,204.0,0.0,0.0,0.0,0.0,204.0,ocorrencias
2025,2025-08-01,SC,Atendimento pré-hospitalar,0.0,13566.0,0.0,0.0,0.0,0.0,13566.0,ocorrencias
2025,2025-08-01,SC,Busca e salvamento,0.0,918.0,0.0,0.0,0.0,0.0,918.0,ocorrencias
2025,2025-08-01,SC,Combate a incêndios,0.0,930.0,0.0,0.0,0.0,0.0,930.0,ocorrencias
2025,2025-08-01,SC,Emissão de Alvarás de licença,0.0,39454.0,0.0,0.0,0.0,0.0,39454.0,ocorrencias
2025,2025-08-01,SC,Estupro,127.0,0.0,120.0,7.0,0.0,0.0,127.0,vitimas
2025,2025-08-01,SC,Estupro de vulnerável,212.0,0.0,189.0,23.0,0.0,0.0,212.0,vitimas
2025,2025-08-01,SC,Feminicídio,4.0,0.0,4.0,0.0,0.0,0.0,4.0,vitimas
2025,2025-08-01,SC,Furto de veículo,0.0,480.0,0.0,0.0,0.0,0.0,480.0,ocorrencias
2025,2025-08-01,SC,Homicídio doloso,32.0,0.0,2.0,30.0,0.0,0.0,32.0,vitimas
2025,2025-08-01,SC,Lesão corporal seguida de morte,2.0,0.0,0.0,2.0,0.0,0.0,2.0,vitimas
2025,2025-08-01,SC,Mandado de prisão cumprido,0.0,1443.0,0.0,0.0,0.0,0.0,1443.0,ocorrencias
2025,2025-08-01,SC,Morte de Agente do Estado,0.0,0.0,0.0,0.0,0.0,0.0,0.0,vitimas
2025,2025-08-01,SC,Morte no trânsito ou em decorrência dele (exceto homicídio doloso),42.0,0.0,12.0,30.0,0.0,0.0,42.0,vitimas
2025,2025-08-01,SC,Morte por intervenção de Agente do Estado,12.0,0.0,0.0,12.0,0.0,0.0,12.0,vitimas
2025,2025-08-01,SC,Mortes a esclarecer (sem indício de crime),0.0,0.0,0.0,0.0,0.0,0.0,0.0,vitimas
2025,2025-08-01,SC,Mortes no trânsito,41.0,0.0,6.0,35.0,0.0,0.0,41.0,vitimas
2025,2025-08-01,SC,Pessoa Desaparecida,355.0,0.0,125.0,229.0,1.0,0.0,355.0,vitimas
2025,2025-08-01,SC,Pessoa Localizada,440.0,0.0,173.0,267.0,0.0,0.0,440.0,vitimas
2025,2025-08-01,SC,Realização de vistorias,0.0,9540.0,0.0,0.0,0.0,0.0,9540.0,ocorrencias
2025,2025-08-01,SC,Roubo a instituição financeira,0.0,0.0,0.0,0.0,0.0,0.0,0.0,ocorrencias
2025,2025-08-01,SC,Roubo de carga,0.0,0.0,0.0,0.0,0.0,0.0,0.0,ocorrencias
2025,2025-08-01,SC,Roubo de veículo,0.0,48.0,0.0,0.0,0.0,0.0,48.0,ocorrencias
2025,2025-08-01,SC,Roubo seguido de morte (latrocínio),1.0,0.0,0.0,1.0,0.0,0.0,1.0,vitimas
2025,2025-08-01,SC,Suicídio,74.0,0.0,18.0,55.0,1.0,0.0,74.0,vitimas
2025,2025-08-01,SC,Suicídio de Agente do Estado,0.0,0.0,0.0,0.0,0.0,0.0,0.0,vitimas
2025,2025-08-01,SC,Tentativa de feminicídio,16.0,0.0,16.0,0.0,0.0,0.0,16.0,vitimas
2025,2025-08-01,SC,Tentativa de homicídio,110.0,0.0,20.0,90.0,0.0,0.0,110.0,vitimas
2025,2025-08-01,SC,Tráfico de drogas,0.0,653.0,0.0,0.0,0.0,0.0,653.0,ocorrencias
2025,2025-08-01,SE,Apreensão de Cocaína,0.0,0.0,0.0,0.0,0.0,1346.0,1346.0,kg
2025,2025-08-01,SE,Apreensão de Maconha,0.0,0.0,0.0,0.0,0.0,16712.0,16712.0,kg
2025,2025-08-01,SE,Arma de Fogo Apreendida,0.0,47.0,0.0,0.0,0.0,0.0,47.0,ocorrencias
2025,2025-08-01,SE,Atendimento pré-hospitalar,0.0,38.0,0.0,0.0,0.0,0.0,38.0,ocorrencias
2025,2025-08-01,SE,Busca e salvamento,0.0,456.0,0.0,0.0,0.0,0.0,456.0,ocorrencias
2025,2025-08-01,SE,Combate a incêndios,0.0,56.0,0.0,0.0,0.0,0.0,56.0,ocorrencias
2025,2025-08-01,SE,Emissão de Alvarás de licença,0.0,1166.0,0.0,0.0,0.0,0.0,1166.0,ocorrencias
2025,2025-08-01,SE,Estupro,31.0,0.0,29.0,1.0,1.0,0.0,31.0,vitimas
2025,2025-08-01,SE,Estupro de vulnerável,94.0,0.0,67.0,19.0,8.0,0.0,94.0,vitimas
2025,2025-08-01,SE,Feminicídio,0.0,0.0,0.0,0.0,0.0,0.0,0.0,vitimas
2025,2025-08-01,SE,Furto de veículo,0.0,58.0,0.0,0.0,0.0,0.0,58.0,ocorrencias
2025,2025-08-01,SE,Homicídio doloso,24.0,0.0,0.0,24.0,0.0,0.0,24.0,vitimas
2025,2025-08-01,SE,Lesão corporal seguida de morte,1.0,0.0,0.0,1.0,0.0,0.0,1.0,vitimas
2025,2025-08-01,SE,Mandado de prisão cumprido,0.0,184.0,0.0,0.0,0.0,0.0,184.0,ocorrencias
2025,2025-08-01,SE,Morte de Agente do Estado,0.0,0.0,0.0,0.0,0.0,0.0,0.0,vitimas
2025,2025-08-01,SE,Morte no trânsito ou em decorrência dele (exceto homicídio doloso),26.0,0.0,6.0,20.0,0.0,0.0,26.0,vitimas
2025,2025-08-01,SE,Morte por intervenção de Agente do Estado,12.0,0.0,0.0,12.0,0.0,0.0,12.0,vitimas
2025,2025-08-01,SE,Mortes a esclarecer (sem indício de crime),30.0,0.0,5.0,23.0,2.0,0.0,30.0,vitimas
2025,2025-08-01,SE,Mortes no trânsito,0.0,0.0,0.0,0.0,0.0,0.0,0.0,vitimas
2025,2025-08-01,SE,Pessoa Desaparecida,42.0,0.0,13.0,29.0,0.0,0.0,42.0,vitimas
2025,2025-08-01,SE,Pessoa Localizada,38.0,0.0,12.0,26.0,0.0,0.0,38.0,vitimas
2025,2025-08-01,SE,Realização de vistorias,0.0,342.0,0.0,0.0,0.0,0.0,342.0,ocorrencias
2025,2025-08-01,SE,Roubo a instituição financeira,0.0,0.0,0.0,0.0,0.0,0.0,0.0,ocorrencias
2025,2025-08-01,SE,Roubo de carga,0.0,0.0,0.0,0.0,0.0,0.0,0.0,ocorrencias
2025,2025-08-01,SE,Roubo de veículo,0.0,34.0,0.0,0.0,0.0,0.0,34.0,ocorrencias
2025,2025-08-01,SE,Roubo seguido de morte (latrocínio),1.0,0.0,0.0,1.0,0.0,0.0,1.0,vitimas
2025,2025-08-01,SE,Suicídio,12.0,0.0,2.0,10.0,0.0,0.0,12.0,vitimas
2025,2025-08-01,SE,Suicídio de Agente do Estado,0.0,0.0,0.0,0.0,0.0,0.0,0.0,vitimas
2025,2025-08-01,SE,Tentativa de feminicídio,9.0,0.0,9.0,0.0,0.0,0.0,9.0,vitimas
2025,2025-08-01,SE,Tentativa de homicídio,57.0,0.0,6.0,48.0,3.0,0.0,57.0,vitimas
2025,2025-08-01,SE,Tráfico de drogas,0.0,141.0,0.0,0.0,0.0,0.0,141.0,ocorrencias
2025,2025-08-01,SP,Apreensão de Cocaína,0.0,0.0,0.0,0.0,0.0,4175902.0,4175902.0,kg
2025,2025-08-01,SP,Apreensão de Maconha,0.0,0.0,0.0,0.0,0.0,27330384.0,27330384.0,kg
2025,2025-08-01,SP,Arma de Fogo Apreendida,0.0,1360.0,0.0,0.0,0.0,0.0,1360.0,ocorrencias
2025,2025-08-01,SP,Atendimento pré-hospitalar,0.0,19123.0,0.0,0.0,0.0,0.0,19123.0,ocorrencias
2025,2025-08-01,SP,Busca e salvamento,0.0,4183.0,0.0,0.0,0.0,0.0,4183.0,ocorrencias
2025,2025-08-01,SP,Combate a incêndios,0.0,8634.0,0.0,0.0,0.0,0.0,8634.0,ocorrencias
2025,2025-08-01,SP,Emissão de Alvarás de licença,0.0,23283.0,0.0,0.0,0.0,0.0,23283.0,ocorrencias
2025,2025-08-01,SP,Estupro,303.0,0.0,290.0,13.0,0.0,0.0,303.0,vitimas
2025,2025-08-01,SP,Estupro de vulnerável,1075.0,0.0,881.0,192.0,2.0,0.0,1075.0,vitimas
2025,2025-08-01,SP,Feminicídio,15.0,0.0,15.0,0.0,0.0,0.0,15.0,vitimas
2025,2025-08-01,SP,Furto de veículo,0.0,7204.0,0.0,0.0,0.0,0.0,7204.0,ocorrencias
2025,2025-08-01,SP,Homicídio doloso,178.0,0.0,17.0,158.0,3.0,0.0,178.0,vitimas
2025,2025-08-01,SP,Lesão corporal seguida de morte,8.0,0.0,0.0,8.0,0.0,0.0,8.0,vitimas
2025,2025-08-01,SP,Mandado de prisão cumprido,0.0,6877.0,0.0,0.0,0.0,0.0,6877.0,ocorrencias
2025,2025-08-01,SP,Morte de Agente do Estado,3.0,0.0,0.0,3.0,0.0,0.0,3.0,vitimas
2025,2025-08-01,SP,Morte no trânsito ou em decorrência dele (exceto homicídio doloso),365.0,0.0,79.0,286.0,0.0,0.0,365.0,vitimas
2025,2025-08-01,SP,Morte por intervenção de Agente do Estado,69.0,0.0,0.0,69.0,0.0,0.0,69.0,vitimas
2025,2025-08-01,SP,Mortes a esclarecer (sem indício de crime),221.0,0.0,29.0,174.0,18.0,0.0,221.0,vitimas
2025,2025-08-01,SP,Mortes no trânsito,16.0,0.0,3.0,13.0,0.0,0.0,16.0,vitimas
2025,2025-08-01,SP,Pessoa Desaparecida,1699.0,0.0,577.0,1122.0,0.0,0.0,1699.0,vitimas
2025,2025-08-01,SP,Pessoa Localizada,1327.0,0.0,482.0,837.0,8.0,0.0,1327.0,vitimas
2025,2025-08-01,SP,Realização de vistorias,0.0,10328.0,0.0,0.0,0.0,0.0,10328.0,ocorrencias
2025,2025-08-01,SP,Roubo a instituição financeira,0.0,0.0,0.0,0.0,0.0,0.0,0.0,ocorrencias
2025,2025-08-01,SP,Roubo de carga,0.0,257.0,0.0,0.0,0.0,0.0,257.0,ocorrencias
2025,2025-08-01,SP,Roubo de veículo,0.0,1976.0,0.0,0.0,0.0,0.0,1976.0,ocorrencias
2025,2025-08-01,SP,Roubo seguido de morte (latrocínio),8.0,0.0,1.0,7.0,0.0,0.0,8.0,vitimas
2025,2025-08-01,SP,Suicídio,252.0,0.0,49.0,203.0,0.0,0.0,252.0,vitimas
2025,2025-08-01,SP,Suicídio de Agente do Estado,1.0,0.0,0.0,1.0,0.0,0.0,1.0,vitimas
2025,2025-08-01,SP,Tentativa de feminicídio,69.0,0.0,69.0,0.0,0.0,0.0,69.0,vitimas
2025,2025-08-01,SP,Tentativa de homicídio,355.0,0.0,48.0,305.0,2.0,0.0,355.0,vitimas
2025,2025-08-01,SP,Tráfico de drogas,0.0,4313.0,0.0,0.0,0.0,0.0,4313.0,ocorrencias
2025,2025-08-01,TO,Apreensão de Cocaína,0.0,0.0,0.0,0.0,0.0,662.0,662.0,kg
2025,2025-08-01,TO,Apreensão de Maconha,0.0,0.0,0.0,0.0,0.0,1819.0,1819.0,kg
2025,2025-08-01,TO,Arma de Fogo Apreendida,0.0,97.0,0.0,0.0,0.0,0.0,97.0,ocorrencias
2025,2025-08-01,TO,Atendimento pré-hospitalar,0.0,942.0,0.0,0.0,0.0,0.0,942.0,ocorrencias
2025,2025-08-01,TO,Busca e salvamento,0.0,329.0,0.0,0.0,0.0,0.0,329.0,ocorrencias
2025,2025-08-01,TO,Combate a incêndios,0.0,897.0,0.0,0.0,0.0,0.0,897.0,ocorrencias
2025,2025-08-01,TO,Emissão de Alvarás de licença,0.0,1073.0,0.0,0.0,0.0,0.0,1073.0,ocorrencias
2025,2025-08-01,TO,Estupro,16.0,0.0,16.0,0.0,0.0,0.0,16.0,vitimas
2025,2025-08-01,TO,Estupro de vulnerável,56.0,0.0,51.0,3.0,2.0,0.0,56.0,vitimas
2025,2025-08-01,TO,Feminicídio,2.0,0.0,2.0,0.0,0.0,0.0,2.0,vitimas
2025,2025-08-01,TO,Furto de veículo,0.0,113.0,0.0,0.0,0.0,0.0,113.0,ocorrencias
2025,2025-08-01,TO,Homicídio doloso,21.0,0.0,0.0,20.0,1.0,0.0,21.0,vitimas
2025,2025-08-01,TO,Lesão corporal seguida de morte,1.0,0.0,0.0,1.0,0.0,0.0,1.0,vitimas
2025,2025-08-01,TO,Mandado de prisão cumprido,0.0,196.0,0.0,0.0,0.0,0.0,196.0,ocorrencias
2025,2025-08-01,TO,Morte de Agente do Estado,0.0,0.0,0.0,0.0,0.0,0.0,0.0,vitimas
2025,2025-08-01,TO,Morte no trânsito ou em decorrência dele (exceto homicídio doloso),55.0,0.0,9.0,45.0,1.0,0.0,55.0,vitimas
2025,2025-08-01,TO,Morte por intervenção de Agente do Estado,0.0,0.0,0.0,0.0,0.0,0.0,0.0,vitimas
2025,2025-08-01,TO,Mortes a esclarecer (sem indício de crime),35.0,0.0,6.0,29.0,0.0,0.0,35.0,vitimas
2025,2025-08-01,TO,Mortes no trânsito,10.0,0.0,2.0,8.0,0.0,0.0,10.0,vitimas
2025,2025-08-01,TO,Pessoa Desaparecida,61.0,0.0,21.0,39.0,1.0,0.0,61.0,vitimas
2025,2025-08-01,TO,Pessoa Localizada,25.0,0.0,9.0,16.0,0.0,0.0,25.0,vitimas
2025,2025-08-01,TO,Realização de vistorias,0.0,1385.0,0.0,0.0,0.0,0.0,1385.0,ocorrencias
2025,2025-08-01,TO,Roubo a instituição financeira,0.0,1.0,0.0,0.0,0.0,0.0,1.0,ocorrencias
2025,2025-08-01,TO,Roubo de carga,0.0,0.0,0.0,0.0,0.0,0.0,0.0,ocorrencias
2025,2025-08-01,TO,Roubo de veículo,0.0,23.0,0.0,0.0,0.0,0.0,23.0,ocorrencias
2025,2025-08-01,TO,Roubo seguido de morte (latrocínio),0.0,0.0,0.0,0.0,0.0,0.0,0.0,vitimas
2025,2025-08-01,TO,Suicídio,19.0,0.0,8.0,11.0,0.0,0.0,19.0,vitimas
2025,2025-08-01,TO,Suicídio de Agente do Estado,0.0,0.0,0.0,0.0,0.0,0.0,0.0,vitimas
2025,2025-08-01,TO,Tentativa de feminicídio,6.0,0.0,5.0,1.0,0.0,0.0,6.0,vitimas
2025,2025-08-01,TO,Tentativa de homicídio,36.0,0.0,1.0,33.0,2.0,0.0,36.0,vitimas
2025,2025-08-01,TO,Tráfico de drogas,0.0,75.0,0.0,0.0,0.0,0.0,75.0,ocorrencias
2025,2025-09-01,AC,Apreensão de Cocaína,0.0,0.0,0.0,0.0,0.0,34323.0,34323.0,kg
2025,2025-09-01,AC,Apreensão de Maconha,0.0,0.0,0.0,0.0,0.0,47885.0,47885.0,kg
2025,2025-09-01,AC,Arma de Fogo Apreendida,0.0,33.0,0.0,0.0,0.0,0.0,33.0,ocorrencias
2025,2025-09-01,AC,Atendimento pré-hospitalar,0.0,73.0,0.0,0.0,0.0,0.0,73.0,ocorrencias
2025,2025-09-01,AC,Busca e salvamento,0.0,211.0,0.0,0.0,0.0,0.0,211.0,ocorrencias
2025,2025-09-01,AC,Combate a incêndios,0.0,813.0,0.0,0.0,0.0,0.0,813.0,ocorrencias
2025,2025-09-01,AC,Emissão de Alvarás de licença,0.0,487.0,0.0,0.0,0.0,0.0,487.0,ocorrencias
2025,2025-09-01,AC,Estupro,8.0,0.0,8.0,0.0,0.0,0.0,8.0,vitimas
2025,2025-09-01,AC,Estupro de vulnerável,23.0,0.0,23.0,0.0,0.0,0.0,23.0,vitimas
2025,2025-09-01,AC,Feminicídio,2.0,0.0,2.0,0.0,0.0,0.0,2.0,vitimas
2025,2025-09-01,AC,Furto de veículo,0.0,77.0,0.0,0.0,0.0,0.0,77.0,ocorrencias
2025,2025-09-01,AC,Homicídio doloso,17.0,0.0,3.0,14.0,0.0,0.0,17.0,vitimas
2025,2025-09-01,AC,Lesão corporal seguida de morte,0.0,0.0,0.0,0.0,0.0,0.0,0.0,vitimas
2025,2025-09-01,AC,Mandado de prisão cumprido,0.0,192.0,0.0,0.0,0.0,0.0,192.0,ocorrencias
2025,2025-09-01,AC,Morte de Agente do Estado,0.0,0.0,0.0,0.0,0.0,0.0,0.0,vitimas
2025,2025-09-01,AC,Morte no trânsito ou em decorrência dele (exceto homicídio doloso),16.0,0.0,4.0,12.0,0.0,0.0,16.0,vitimas
2025,2025-09-01,AC,Morte por intervenção de Agente do Estado,1.0,0.0,0.0,1.0,0.0,0.0,1.0,vitimas
2025,2025-09-01,AC,Mortes a esclarecer (sem indício de crime),5.0,0.0,2.0,2.0,1.0,0.0,5.0,vitimas
2025,2025-09-01,AC,Mortes no trânsito,3.0,0.0,1.0,2.0,0.0,0.0,3.0,vitimas
2025,2025-09-01,AC,Pessoa Desaparecida,32.0,0.0,10.0,16.0,6.0,0.0,32.0,vitimas
2025,2025-09-01,AC,Pessoa Localizada,15.0,0.0,6.0,8.0,1.0,0.0,15.0,vitimas
2025,2025-09-01,AC,Realização de vistorias,0.0,603.0,0.0,0.0,0.0,0.0,603.0,ocorrencias
2025,2025-09-01,AC,Roubo a instituição financeira,0.0,0.0,0.0,0.0,0.0,0.0,0.0,ocorrencias
2025,2025-09-01,AC,Roubo de carga,0.0,0.0,0.0,0.0,0.0,0.0,0.0,ocorrencias
2025,2025-09-01,AC,Roubo de veículo,0.0,49.0,0.0,0.0,0.0,0.0,49.0,ocorrencias
2025,2025-09-01,AC,Roubo seguido de morte (latrocínio),0.0,0.0,0.0,0.0,0.0,0.0,0.0,vitimas
2025,2025-09-01,AC,Suicídio,7.0,0.0,0.0,7.0,0.0,0.0,7.0,vitimas
2025,2025-09-01,AC,Suicídio de Agente do Estado,1.0,0.0,0.0,1.0,0.0,0.0,1.0,vitimas
2025,2025-09-01,AC,Tentativa de feminicídio,1.0,0.0,1.0,0.0,0.0,0.0,1.0,vitimas
2025,2025-09-01,AC,Tentativa de homicídio,13.0,0.0,0.0,13.0,0.0,0.0,13.0,vitimas
2025,2025-09-01,AC,Tráfico de drogas,0.0,64.0,0.0,0.0,0.0,0.0,64.0,ocorrencias
2025,2025-09-01,AL,Apreensão de Cocaína,0.0,0.0,0.0,0.0,0.0,20482.0,20482.0,kg
2025,2025-09-01,AL,Apreensão de Maconha,0.0,0.0,0.0,0.0,0.0,654828.0,654828.0,kg
2025,2025-09-01,AL,Arma de Fogo Apreendida,0.0,115.0,0.0,0.0,0.0,0.0,115.0,ocorrencias
2025,2025-09-01,AL,Atendimento pré-hospitalar,0.0,502.0,0.0,0.0,0.0,0.0,502.0,ocorrencias
2025,2025-09-01,AL,Busca e salvamento,0.0,355.0,0.0,0.0,0.0,0.0,355.0,ocorrencias
2025,2025-09-01,AL,Combate a incêndios,0.0,85.0,0.0,0.0,0.0,0.0,85.0,ocorrencias
2025,2025-09-01,AL,Emissão de Alvarás de licença,0.0,622.0,0.0,0.0,0.0,0.0,622.0,ocorrencias
2025,2025-09-01,AL,Estupro,15.0,0.0,15.0,0.0,0.0,0.0,15.0,vitimas
2025,2025-09-01,AL,Estupro de vulnerável,60.0,0.0,46.0,12.0,2.0,0.0,60.0,vitimas
2025,2025-09-01,AL,Feminicídio,2.0,0.0,2.0,0.0,0.0,0.0,2.0,vitimas
2025,2025-09-01,AL,Furto de veículo,0.0,107.0,0.0,0.0,0.0,0.0,107.0,ocorrencias
2025,2025-09-01,AL,Homicídio doloso,66.0,0.0,2.0,64.0,0.0,0.0,66.0,vitimas
2025,2025-09-01,AL,Lesão corporal seguida de morte,0.0,0.0,0.0,0.0,0.0,0.0,0.0,vitimas
2025,2025-09-01,AL,Mandado de prisão cumprido,0.0,355.0,0.0,0.0,0.0,0.0,355.0,ocorrencias
2025,2025-09-01,AL,Morte de Agente do Estado,0.0,0.0,0.0,0.0,0.0,0.0,0.0,vitimas
2025,2025-09-01,AL,Morte no trânsito ou em decorrência dele (exceto homicídio doloso),20.0,0.0,3.0,15.0,2.0,0.0,20.0,vitimas
2025,2025-09-01,AL,Morte por intervenção de Agente do Estado,6.0,0.0,0.0,6.0,0.0,0.0,6.0,vitimas
2025,2025-09-01,AL,Mortes a esclarecer (sem indício de crime),72.0,0.0,22.0,44.0,6.0,0.0,72.0,vitimas
2025,2025-09-01,AL,Mortes no trânsito,6.0,0.0,0.0,6.0,0.0,0.0,6.0,vitimas
2025,2025-09-01,AL,Pessoa Desaparecida,55.0,0.0,20.0,35.0,0.0,0.0,55.0,vitimas
2025,2025-09-01,AL,Pessoa Localizada,40.0,0.0,15.0,25.0,0.0,0.0,40.0,vitimas
2025,2025-09-01,AL,Realização de vistorias,0.0,1192.0,0.0,0.0,0.0,0.0,1192.0,ocorrencias
2025,2025-09-01,AL,Roubo a instituição financeira,0.0,0.0,0.0,0.0,0.0,0.0,0.0,ocorrencias
2025,2025-09-01,AL,Roubo de carga,0.0,1.0,0.0,0.0,0.0,0.0,1.0,ocorrencias
2025,2025-09-01,AL,Roubo de veículo,0.0,87.0,0.0,0.0,0.0,0.0,87.0,ocorrencias
2025,2025-09-01,AL,Roubo seguido de morte (latrocínio),0.0,0.0,0.0,0.0,0.0,0.0,0.0,vitimas
2025,2025-09-01,AL,Suicídio,16.0,0.0,1.0,15.0,0.0,0.0,16.0,vitimas
2025,2025-09-01,AL,Suicídio de Agente do Estado,0.0,0.0,0.0,0.0,0.0,0.0,0.0,vitimas
2025,2025-09-01,AL,Tentativa de feminicídio,2.0,0.0,2.0,0.0,0.0,0.0,2.0,vitimas
2025,2025-09-01,AL,Tentativa de homicídio,48.0,0.0,5.0,38.0,5.0,0.0,48.0,vitimas
2025,2025-09-01,AL,Tráfico de drogas,0.0,104.0,0.0,0.0,0.0,0.0,104.0,ocorrencias
2025,2025-09-01,AM,Apreensão de Cocaína,0.0,0.0,0.0,0.0,0.0,499115.0,499115.0,kg
2025,2025-09-01,AM,Apreensão de Maconha,0.0,0.0,0.0,0.0,0.0,6149524.0,6149524.0,kg
2025,2025-09-01,AM,Arma de Fogo Apreendida,0.0,118.0,0.0,0.0,0.0,0.0,118.0,ocorrencias
2025,2025-09-01,AM,Atendimento pré-hospitalar,0.0,71.0,0.0,0.0,0.0,0.0,71.0,ocorrencias
2025,2025-09-01,AM,Busca e salvamento,0.0,7.0,0.0,0.0,0.0,0.0,7.0,ocorrencias
2025,2025-09-01,AM,Combate a incêndios,0.0,186.0,0.0,0.0,0.0,0.0,186.0,ocorrencias
2025,2025-09-01,AM,Emissão de Alvarás de licença,0.0,459.0,0.0,0.0,0.0,0.0,459.0,ocorrencias
2025,2025-09-01,AM,Estupro,42.0,0.0,40.0,2.0,0.0,0.0,42.0,vitimas
2025,2025-09-01,AM,Estupro de vulnerável,151.0,0.0,133.0,14.0,4.0,0.0,151.0,vitimas
2025,2025-09-01,AM,Feminicídio,2.0,0.0,2.0,0.0,0.0,0.0,2.0,vitimas
2025,2025-09-01,AM,Furto de veículo,0.0,170.0,0.0,0.0,0.0,0.0,170.0,ocorrencias
2025,2025-09-01,AM,Homicídio doloso,56.0,0.0,5.0,51.0,0.0,0.0,56.0,vitimas
2025,2025-09-01,AM,Lesão corporal seguida de morte,1.0,0.0,0.0,1.0,0.0,0.0,1.0,vitimas
2025,2025-09-01,AM,Mandado de prisão cumprido,0.0,359.0,0.0,0.0,0.0,0.0,359.0,ocorrencias
2025,2025-09-01,AM,Morte de Agente do Estado,0.0,0.0,0.0,0.0,0.0,0.0,0.0,vitimas
2025,2025-09-01,AM,Morte no trânsito ou em decorrência dele (exceto homicídio doloso),15.0,0.0,5.0,10.0,0.0,0.0,15.0,vitimas
2025,2025-09-01,AM,Morte por intervenção de Agente do Estado,6.0,0.0,0.0,6.0,0.0,0.0,6.0,vitimas
2025,2025-09-01,AM,Mortes a esclarecer (sem indício de crime),0.0,0.0,0.0,0.0,0.0,0.0,0.0,vitimas
2025,2025-09-01,AM,Mortes no trânsito,2.0,0.0,0.0,2.0,0.0,0.0,2.0,vitimas
2025,2025-09-01,AM,Pessoa Desaparecida,93.0,0.0,49.0,44.0,0.0,0.0,93.0,vitimas
2025,2025-09-01,AM,Pessoa Localizada,64.0,0.0,37.0,27.0,0.0,0.0,64.0,vitimas
2025,2025-09-01,AM,Realização de vistorias,0.0,503.0,0.0,0.0,0.0,0.0,503.0,ocorrencias
2025,2025-09-01,AM,Roubo a instituição financeira,0.0,1.0,0.0,0.0,0.0,0.0,1.0,ocorrencias
2025,2025-09-01,AM,Roubo de carga,0.0,2.0,0.0,0.0,0.0,0.0,2.0,ocorrencias
2025,2025-09-01,AM,Roubo de veículo,0.0,40.0,0.0,0.0,0.0,0.0,40.0,ocorrencias
2025,2025-09-01,AM,Roubo seguido de morte (latrocínio),3.0,0.0,0.0,3.0,0.0,0.0,3.0,vitimas
2025,2025-09-01,AM,Suicídio,20.0,0.0,3.0,17.0,0.0,0.0,20.0,vitimas
2025,2025-09-01,AM,Suicídio de Agente do Estado,0.0,0.0,0.0,0.0,0.0,0.0,0.0,vitimas
2025,2025-09-01,AM,Tentativa de feminicídio,7.0,0.0,7.0,0.0,0.0,0.0,7.0,vitimas
2025,2025-09-01,AM,Tentativa de homicídio,62.0,0.0,11.0,51.0,0.0,0.0,62.0,vitimas
2025,2025-09-01,AM,Tráfico de drogas,0.0,268.0,0.0,0.0,0.0,0.0,268.0,ocorrencias
2025,2025-09-01,AP,Apreensão de Cocaína,0.0,0.0,0.0,0.0,0.0,217.0,217.0,kg
2025,2025-09-01,AP,Apreensão de Maconha,0.0,0.0,0.0,0.0,0.0,603.0,603.0,kg
2025,2025-09-01,AP,Arma de Fogo Apreendida,0.0,51.0,0.0,0.0,0.0,0.0,51.0,ocorrencias
2025,2025-09-01,AP,Atendimento pré-hospitalar,0.0,703.0,0.0,0.0,0.0,0.0,703.0,ocorrencias
2025,2025-09-01,AP,Busca e salvamento,0.0,294.0,0.0,0.0,0.0,0.0,294.0,ocorrencias
2025,2025-09-01,AP,Combate a incêndios,0.0,298.0,0.0,0.0,0.0,0.0,298.0,ocorrencias
2025,2025-09-01,AP,Emissão de Alvarás de licença,0.0,202.0,0.0,0.0,0.0,0.0,202.0,ocorrencias
2025,2025-09-01,AP,Estupro,12.0,0.0,12.0,0.0,0.0,0.0,12.0,vitimas
2025,2025-09-01,AP,Estupro de vulnerável,42.0,0.0,40.0,2.0,0.0,0.0,42.0,vitimas
2025,2025-09-01,AP,Feminicídio,0.0,0.0,0.0,0.0,0.0,0.0,0.0,vitimas
2025,2025-09-01,AP,Furto de veículo,0.0,21.0,0.0,0.0,0.0,0.0,21.0,ocorrencias
2025,2025-09-01,AP,Homicídio doloso,11.0,0.0,0.0,11.0,0.0,0.0,11.0,vitimas
2025,2025-09-01,AP,Lesão corporal seguida de morte,0.0,0.0,0.0,0.0,0.0,0.0,0.0,vitimas
2025,2025-09-01,AP,Mandado de prisão cumprido,0.0,129.0,0.0,0.0,0.0,0.0,129.0,ocorrencias
2025,2025-09-01,AP,Morte de Agente do Estado,0.0,0.0,0.0,0.0,0.0,0.0,0.0,vitimas
2025,2025-09-01,AP,Morte no trânsito ou em decorrência dele (exceto homicídio doloso),9.0,0.0,2.0,7.0,0.0,0.0,9.0,vitimas
2025,2025-09-01,AP,Morte por intervenção de Agente do Estado,9.0,0.0,0.0,9.0,0.0,0.0,9.0,vitimas
2025,2025-09-01,AP,Mortes a esclarecer (sem indício de crime),0.0,0.0,0.0,0.0,0.0,0.0,0.0,vitimas
2025,2025-09-01,AP,Mortes no trânsito,3.0,0.0,1.0,2.0,0.0,0.0,3.0,vitimas
2025,2025-09-01,AP,Pessoa Desaparecida,48.0,0.0,23.0,25.0,0.0,0.0,48.0,vitimas
2025,2025-09-01,AP,Pessoa Localizada,48.0,0.0,24.0,24.0,0.0,0.0,48.0,vitimas
2025,2025-09-01,AP,Realização de vistorias,0.0,602.0,0.0,0.0,0.0,0.0,602.0,ocorrencias
2025,2025-09-01,AP,Roubo a instituição financeira,0.0,0.0,0.0,0.0,0.0,0.0,0.0,ocorrencias
2025,2025-09-01,AP,Roubo de carga,0.0,0.0,0.0,0.0,0.0,0.0,0.0,ocorrencias
2025,2025-09-01,AP,Roubo de veículo,0.0,11.0,0.0,0.0,0.0,0.0,11.0,ocorrencias
2025,2025-09-01,AP,Roubo seguido de morte (latrocínio),0.0,0.0,0.0,0.0,0.0,0.0,0.0,vitimas
2025,2025-09-01,AP,Suicídio,9.0,0.0,3.0,6.0,0.0,0.0,9.0,vitimas
2025,2025-09-01,AP,Suicídio de Agente do Estado,0.0,0.0,0.0,0.0,0.0,0.0,0.0,vitimas
2025,2025-09-01,AP,Tentativa de feminicídio,2.0,0.0,2.0,0.0,0.0,0.0,2.0,vitimas
2025,2025-09-01,AP,Tentativa de homicídio,25.0,0.0,5.0,19.0,1.0,0.0,25.0,vitimas
2025,2025-09-01,AP,Tráfico de drogas,0.0,76.0,0.0,0.0,0.0,0.0,76.0,ocorrencias
2025,2025-09-01,BA,Apreensão de Cocaína,0.0,0.0,0.0,0.0,0.0,53909.0,53909.0,kg
2025,2025-09-01,BA,Apreensão de Maconha,0.0,0.0,0.0,0.0,0.0,208063.0,208063.0,kg
2025,2025-09-01,BA,Arma de Fogo Apreendida,0.0,659.0,0.0,0.0,0.0,0.0,659.0,ocorrencias
2025,2025-09-01,BA,Atendimento pré-hospitalar,0.0,597.0,0.0,0.0,0.0,0.0,597.0,ocorrencias
2025,2025-09-01,BA,Busca e salvamento,0.0,762.0,0.0,0.0,0.0,0.0,762.0,ocorrencias
2025,2025-09-01,BA,Combate a incêndios,0.0,745.0,0.0,0.0,0.0,0.0,745.0,ocorrencias
2025,2025-09-01,BA,Emissão de Alvarás de licença,0.0,3771.0,0.0,0.0,0.0,0.0,3771.0,ocorrencias
2025,2025-09-01,BA,Estupro,95.0,0.0,88.0,4.0,3.0,0.0,95.0,vitimas
2025,2025-09-01,BA,Estupro de vulnerável,365.0,0.0,313.0,45.0,7.0,0.0,365.0,vitimas
2025,2025-09-01,BA,Feminicídio,7.0,0.0,7.0,0.0,0.0,0.0,7.0,vitimas
2025,2025-09-01,BA,Furto de veículo,0.0,597.0,0.0,0.0,0.0,0.0,597.0,ocorrencias
2025,2025-09-01,BA,Homicídio doloso,274.0,0.0,20.0,254.0,0.0,0.0,274.0,vitimas
2025,2025-09-01,BA,Lesão corporal seguida de morte,5.0,0.0,2.0,3.0,0.0,0.0,5.0,vitimas
2025,2025-09-01,BA,Mandado de prisão cumprido,0.0,1026.0,0.0,0.0,0.0,0.0,1026.0,ocorrencias
2025,2025-09-01,BA,Morte de Agente do Estado,0.0,0.0,0.0,0.0,0.0,0.0,0.0,vitimas
2025,2025-09-01,BA,Morte no trânsito ou em decorrência dele (exceto homicídio doloso),68.0,0.0,13.0,55.0,0.0,0.0,68.0,vitimas
2025,2025-09-01,BA,Morte por intervenção de Agente do Estado,131.0,0.0,0.0,131.0,0.0,0.0,131.0,vitimas
2025,2025-09-01,BA,Mortes a esclarecer (sem indício de crime),93.0,0.0,26.0,58.0,9.0,0.0,93.0,vitimas
2025,2025-09-01,BA,Mortes no trânsito,48.0,0.0,7.0,40.0,1.0,0.0,48.0,vitimas
2025,2025-09-01,BA,Pessoa Desaparecida,360.0,0.0,114.0,237.0,9.0,0.0,360.0,vitimas
2025,2025-09-01,BA,Pessoa Localizada,114.0,0.0,42.0,67.0,5.0,0.0,114.0,vitimas
2025,2025-09-01,BA,Realização de vistorias,0.0,1245.0,0.0,0.0,0.0,0.0,1245.0,ocorrencias
2025,2025-09-01,BA,Roubo a instituição financeira,0.0,0.0,0.0,0.0,0.0,0.0,0.0,ocorrencias
2025,2025-09-01,BA,Roubo de carga,0.0,20.0,0.0,0.0,0.0,0.0,20.0,ocorrencias
2025,2025-09-01,BA,Roubo de veículo,0.0,717.0,0.0,0.0,0.0,0.0,717.0,ocorrencias
2025,2025-09-01,BA,Roubo seguido de morte (latrocínio),2.0,0.0,0.0,2.0,0.0,0.0,2.0,vitimas
2025,2025-09-01,BA,Suicídio,68.0,0.0,12.0,56.0,0.0,0.0,68.0,vitimas
2025,2025-09-01,BA,Suicídio de Agente do Estado,0.0,0.0,0.0,0.0,0.0,0.0,0.0,vitimas
2025,2025-09-01,BA,Tentativa de feminicídio,20.0,0.0,20.0,0.0,0.0,0.0,20.0,vitimas
2025,2025-09-01,BA,Tentativa de homicídio,294.0,0.0,39.0,230.0,25.0,0.0,294.0,vitimas
2025,2025-09-01,BA,Tráfico de drogas,0.0,701.0,0.0,0.0,0.0,0.0,701.0,ocorrencias
2025,2025-09-01,CE,Apreensão de Cocaína,0.0,0.0,0.0,0.0,0.0,11437.0,11437.0,kg
2025,2025-09-01,CE,Apreensão de Maconha,0.0,0.0,0.0,0.0,0.0,56263.0,56263.0,kg
2025,2025-09-01,CE,Arma de Fogo Apreendida,0.0,614.0,0.0,0.0,0.0,0.0,614.0,ocorrencias
2025,2025-09-01,CE,Atendimento pré-hospitalar,0.0,39.0,0.0,0.0,0.0,0.0,39.0,ocorrencias
2025,2025-09-01,CE,Busca e salvamento,0.0,1648.0,0.0,0.0,0.0,0.0,1648.0,ocorrencias
2025,2025-09-01,CE,Combate a incêndios,0.0,1610.0,0.0,0.0,0.0,0.0,1610.0,ocorrencias
2025,2025-09-01,CE,Emissão de Alvarás de licença,0.0,3443.0,0.0,0.0,0.0,0.0,3443.0,ocorrencias
2025,2025-09-01,CE,Estupro,32.0,0.0,26.0,6.0,0.0,0.0,32.0,vitimas
2025,2025-09-01,CE,Estupro de vulnerável,151.0,0.0,132.0,19.0,0.0,0.0,151.0,vitimas
2025,2025-09-01,CE,Feminicídio,1.0,0.0,1.0,0.0,0.0,0.0,1.0,vitimas
2025,2025-09-01,CE,Furto de veículo,0.0,445.0,0.0,0.0,0.0,0.0,445.0,ocorrencias
2025,2025-09-01,CE,Homicídio doloso,263.0,0.0,20.0,243.0,0.0,0.0,263.0,vitimas
2025,2025-09-01,CE,Lesão corporal seguida de morte,0.0,0.0,0.0,0.0,0.0,0.0,0.0,vitimas
2025,2025-09-01,CE,Mandado de prisão cumprido,0.0,823.0,0.0,0.0,0.0,0.0,823.0,ocorrencias
2025,2025-09-01,CE,Morte de Agente do Estado,0.0,0.0,0.0,0.0,0.0,0.0,0.0,vitimas
2025,2025-09-01,CE,Morte no trânsito ou em decorrência dele (exceto homicídio doloso),147.0,0.0,17.0,130.0,0.0,0.0,147.0,vitimas
2025,2025-09-01,CE,Morte por intervenção de Agente do Estado,9.0,0.0,0.0,9.0,0.0,0.0,9.0,vitimas
2025,2025-09-01,CE,Mortes a esclarecer (sem indício de crime),30.0,0.0,10.0,20.0,0.0,0.0,30.0,vitimas
2025,2025-09-01,CE,Mortes no trânsito,7.0,0.0,0.0,7.0,0.0,0.0,7.0,vitimas
2025,2025-09-01,CE,Pessoa Desaparecida,224.0,0.0,71.0,153.0,0.0,0.0,224.0,vitimas
2025,2025-09-01,CE,Pessoa Localizada,124.0,0.0,43.0,81.0,0.0,0.0,124.0,vitimas
2025,2025-09-01,CE,Realização de vistorias,0.0,4606.0,0.0,0.0,0.0,0.0,4606.0,ocorrencias
2025,2025-09-01,CE,Roubo a instituição financeira,0.0,0.0,0.0,0.0,0.0,0.0,0.0,ocorrencias
2025,2025-09-01,CE,Roubo de carga,0.0,8.0,0.0,0.0,0.0,0.0,8.0,ocorrencias
2025,2025-09-01,CE,Roubo de veículo,0.0,433.0,0.0,0.0,0.0,0.0,433.0,ocorrencias
2025,2025-09-01,CE,Roubo seguido de morte (latrocínio),5.0,0.0,0.0,5.0,0.0,0.0,5.0,vitimas
2025,2025-09-01,CE,Suicídio,77.0,0.0,19.0,58.0,0.0,0.0,77.0,vitimas
2025,2025-09-01,CE,Suicídio de Agente do Estado,0.0,0.0,0.0,0.0,0.0,0.0,0.0,vitimas
2025,2025-09-01,CE,Tentativa de feminicídio,10.0,0.0,9.0,1.0,0.0,0.0,10.0,vitimas
2025,2025-09-01,CE,Tentativa de homicídio,113.0,0.0,15.0,98.0,0.0,0.0,113.0,vitimas
2025,2025-09-01,CE,Tráfico de drogas,0.0,616.0,0.0,0.0,0.0,0.0,616.0,ocorrencias
2025,2025-09-01,DF,Apreensão de Cocaína,0.0,0.0,0.0,0.0,0.0,46913.0,46913.0,kg
2025,2025-09-01,DF,Apreensão de Maconha,0.0,0.0,0.0,0.0,0.0,28443.0,28443.0,kg
2025,2025-09-01,DF,Arma de Fogo Apreendida,0.0,167.0,0.0,0.0,0.0,0.0,167.0,ocorrencias
2025,2025-09-01,DF,Atendimento pré-hospitalar,0.0,9684.0,0.0,0.0,0.0,0.0,9684.0,ocorrencias
2025,2025-09-01,DF,Busca e salvamento,0.0,6508.0,0.0,0.0,0.0,0.0,6508.0,ocorrencias
2025,2025-09-01,DF,Combate a incêndios,0.0,7344.0,0.0,0.0,0.0,0.0,7344.0,ocorrencias
2025,2025-09-01,DF,Emissão de Alvarás de licença,0.0,11654.0,0.0,0.0,0.0,0.0,11654.0,ocorrencias
2025,2025-09-01,DF,Estupro,21.0,0.0,18.0,3.0,0.0,0.0,21.0,vitimas
2025,2025-09-01,DF,Estupro de vulnerável,59.0,0.0,47.0,12.0,0.0,0.0,59.0,vitimas
2025,2025-09-01,DF,Feminicídio,3.0,0.0,3.0,0.0,0.0,0.0,3.0,vitimas
2025,2025-09-01,DF,Furto de veículo,0.0,222.0,0.0,0.0,0.0,0.0,222.0,ocorrencias
2025,2025-09-01,DF,Homicídio doloso,19.0,0.0,0.0,19.0,0.0,0.0,19.0,vitimas
2025,2025-09-01,DF,Lesão corporal seguida de morte,2.0,0.0,0.0,2.0,0.0,0.0,2.0,vitimas
2025,2025-09-01,DF,Mandado de prisão cumprido,0.0,728.0,0.0,0.0,0.0,0.0,728.0,ocorrencias
2025,2025-09-01,DF,Morte de Agente do Estado,0.0,0.0,0.0,0.0,0.0,0.0,0.0,vitimas
2025,2025-09-01,DF,Morte no trânsito ou em decorrência dele (exceto homicídio doloso),23.0,0.0,7.0,16.0,0.0,0.0,23.0,vitimas
2025,2025-09-01,DF,Morte por intervenção de Agente do Estado,0.0,0.0,0.0,0.0,0.0,0.0,0.0,vitimas
2025,2025-09-01,DF,Mortes a esclarecer (sem indício de crime),0.0,0.0,0.0,0.0,0.0,0.0,0.0,vitimas
2025,2025-09-01,DF,Mortes no trânsito,6.0,0.0,1.0,5.0,0.0,0.0,6.0,vitimas
2025,2025-09-01,DF,Pessoa Desaparecida,215.0,0.0,79.0,136.0,0.0,0.0,215.0,vitimas
2025,2025-09-01,DF,Pessoa Localizada,198.0,0.0,71.0,127.0,0.0,0.0,198.0,vitimas
2025,2025-09-01,DF,Realização de vistorias,0.0,945.0,0.0,0.0,0.0,0.0,945.0,ocorrencias
2025,2025-09-01,DF,Roubo a instituição financeira,0.0,0.0,0.0,0.0,0.0,0.0,0.0,ocorrencias
2025,2025-09-01,DF,Roubo de carga,0.0,0.0,0.0,0.0,0.0,0.0,0.0,ocorrencias
2025,2025-09-01,DF,Roubo de veículo,0.0,56.0,0.0,0.0,0.0,0.0,56.0,ocorrencias
2025,2025-09-01,DF,Roubo seguido de morte (latrocínio),0.0,0.0,0.0,0.0,0.0,0.0,0.0,vitimas
2025,2025-09-01,DF,Suicídio,26.0,0.0,9.0,17.0,0.0,0.0,26.0,vitimas
2025,2025-09-01,DF,Suicídio de Agente do Estado,0.0,0.0,0.0,0.0,0.0,0.0,0.0,vitimas
2025,2025-09-01,DF,Tentativa de feminicídio,6.0,0.0,6.0,0.0,0.0,0.0,6.0,vitimas
2025,2025-09-01,DF,Tentativa de homicídio,56.0,0.0,4.0,52.0,0.0,0.0,56.0,vitimas
2025,2025-09-01,DF,Tráfico de drogas,0.0,272.0,0.0,0.0,0.0,0.0,272.0,ocorrencias
2025,2025-09-01,ES,Apreensão de Cocaína,0.0,0.0,0.0,0.0,0.0,14197.0,14197.0,kg
2025,2025-09-01,ES,Apreensão de Maconha,0.0,0.0,0.0,0.0,0.0,2034.0,2034.0,kg
2025,2025-09-01,ES,Arma de Fogo Apreendida,0.0,298.0,0.0,0.0,0.0,0.0,298.0,ocorrencias
2025,2025-09-01,ES,Atendimento pré-hospitalar,0.0,806.0,0.0,0.0,0.0,0.0,806.0,ocorrencias
2025,2025-09-01,ES,Busca e salvamento,0.0,312.0,0.0,0.0,0.0,0.0,312.0,ocorrencias
2025,2025-09-01,ES,Combate a incêndios,0.0,432.0,0.0,0.0,0.0,0.0,432.0,ocorrencias
2025,2025-09-01,ES,Emissão de Alvarás de licença,0.0,3909.0,0.0,0.0,0.0,0.0,3909.0,ocorrencias
2025,2025-09-01,ES,Estupro,42.0,0.0,34.0,6.0,2.0,0.0,42.0,vitimas
2025,2025-09-01,ES,Estupro de vulnerável,85.0,0.0,73.0,8.0,4.0,0.0,85.0,vitimas
2025,2025-09-01,ES,Feminicídio,2.0,0.0,2.0,0.0,0.0,0.0,2.0,vitimas
2025,2025-09-01,ES,Furto de veículo,0.0,283.0,0.0,0.0,0.0,0.0,283.0,ocorrencias
2025,2025-09-01,ES,Homicídio doloso,58.0,0.0,1.0,57.0,0.0,0.0,58.0,vitimas
2025,2025-09-01,ES,Lesão corporal seguida de morte,0.0,0.0,0.0,0.0,0.0,0.0,0.0,vitimas
2025,2025-09-01,ES,Mandado de prisão cumprido,0.0,637.0,0.0,0.0,0.0,0.0,637.0,ocorrencias
2025,2025-09-01,ES,Morte de Agente do Estado,0.0,0.0,0.0,0.0,0.0,0.0,0.0,vitimas
2025,2025-09-01,ES,Morte no trânsito ou em decorrência dele (exceto homicídio doloso),82.0,0.0,14.0,68.0,0.0,0.0,82.0,vitimas
2025,2025-09-01,ES,Morte por intervenção de Agente do Estado,6.0,0.0,0.0,6.0,0.0,0.0,6.0,vitimas
2025,2025-09-01,ES,Mortes a esclarecer (sem indício de crime),14.0,0.0,4.0,10.0,0.0,0.0,14.0,vitimas
2025,2025-09-01,ES,Mortes no trânsito,8.0,0.0,0.0,8.0,0.0,0.0,8.0,vitimas
2025,2025-09-01,ES,Pessoa Desaparecida,202.0,0.0,75.0,117.0,10.0,0.0,202.0,vitimas
2025,2025-09-01,ES,Pessoa Localizada,40.0,0.0,16.0,22.0,2.0,0.0,40.0,vitimas
2025,2025-09-01,ES,Realização de vistorias,0.0,4221.0,0.0,0.0,0.0,0.0,4221.0,ocorrencias
2025,2025-09-01,ES,Roubo a instituição financeira,0.0,0.0,0.0,0.0,0.0,0.0,0.0,ocorrencias
2025,2025-09-01,ES,Roubo de carga,0.0,0.0,0.0,0.0,0.0,0.0,0.0,ocorrencias
2025,2025-09-01,ES,Roubo de veículo,0.0,104.0,0.0,0.0,0.0,0.0,104.0,ocorrencias
2025,2025-09-01,ES,Roubo seguido de morte (latrocínio),4.0,0.0,1.0,3.0,0.0,0.0,4.0,vitimas
2025,2025-09-01,ES,Suicídio,31.0,0.0,7.0,24.0,0.0,0.0,31.0,vitimas
2025,2025-09-01,ES,Suicídio de Agente do Estado,1.0,0.0,0.0,1.0,0.0,0.0,1.0,vitimas
2025,2025-09-01,ES,Tentativa de feminicídio,8.0,0.0,8.0,0.0,0.0,0.0,8.0,vitimas
2025,2025-09-01,ES,Tentativa de homicídio,100.0,0.0,32.0,64.0,4.0,0.0,100.0,vitimas
2025,2025-09-01,ES,Tráfico de drogas,0.0,458.0,0.0,0.0,0.0,0.0,458.0,ocorrencias
2025,2025-09-01,GO,Apreensão de Cocaína,0.0,0.0,0.0,0.0,0.0,517279.0,517279.0,kg
2025,2025-09-01,GO,Apreensão de Maconha,0.0,0.0,0.0,0.0,0.0,6911792.0,6911792.0,kg
2025,2025-09-01,GO,Arma de Fogo Apreendida,0.0,337.0,0.0,0.0,0.0,0.0,337.0,ocorrencias
2025,2025-09-01,GO,Atendimento pré-hospitalar,0.0,8210.0,0.0,0.0,0.0,0.0,8210.0,ocorrencias
2025,2025-09-01,GO,Busca e salvamento,0.0,2171.0,0.0,0.0,0.0,0.0,2171.0,ocorrencias
2025,2025-09-01,GO,Combate a incêndios,0.0,3367.0,0.0,0.0,0.0,0.0,3367.0,ocorrencias
2025,2025-09-01,GO,Emissão de Alvarás de licença,0.0,10815.0,0.0,0.0,0.0,0.0,10815.0,ocorrencias
2025,2025-09-01,GO,Estupro,61.0,0.0,52.0,8.0,1.0,0.0,61.0,vitimas
2025,2025-09-01,GO,Estupro de vulnerável,273.0,0.0,220.0,44.0,9.0,0.0,273.0,vitimas
2025,2025-09-01,GO,Feminicídio,7.0,0.0,7.0,0.0,0.0,0.0,7.0,vitimas
2025,2025-09-01,GO,Furto de veículo,0.0,234.0,0.0,0.0,0.0,0.0,234.0,ocorrencias
2025,2025-09-01,GO,Homicídio doloso,60.0,0.0,5.0,51.0,4.0,0.0,60.0,vitimas
2025,2025-09-01,GO,Lesão corporal seguida de morte,3.0,0.0,1.0,2.0,0.0,0.0,3.0,vitimas
2025,2025-09-01,GO,Mandado de prisão cumprido,0.0,935.0,0.0,0.0,0.0,0.0,935.0,ocorrencias
2025,2025-09-01,GO,Morte de Agente do Estado,0.0,0.0,0.0,0.0,0.0,0.0,0.0,vitimas
2025,2025-09-01,GO,Morte no trânsito ou em decorrência dele (exceto homicídio doloso),72.0,0.0,18.0,47.0,7.0,0.0,72.0,vitimas
2025,2025-09-01,GO,Morte por intervenção de Agente do Estado,32.0,0.0,0.0,28.0,4.0,0.0,32.0,vitimas
2025,2025-09-01,GO,Mortes a esclarecer (sem indício de crime),49.0,0.0,6.0,33.0,10.0,0.0,49.0,vitimas
2025,2025-09-01,GO,Mortes no trânsito,28.0,0.0,9.0,19.0,0.0,0.0,28.0,vitimas
2025,2025-09-01,GO,Pessoa Desaparecida,349.0,0.0,132.0,210.0,7.0,0.0,349.0,vitimas
2025,2025-09-01,GO,Pessoa Localizada,204.0,0.0,73.0,127.0,4.0,0.0,204.0,vitimas
2025,2025-09-01,GO,Realização de vistorias,0.0,4999.0,0.0,0.0,0.0,0.0,4999.0,ocorrencias
2025,2025-09-01,GO,Roubo a instituição financeira,0.0,0.0,0.0,0.0,0.0,0.0,0.0,ocorrencias
2025,2025-09-01,GO,Roubo de carga,0.0,1.0,0.0,0.0,0.0,0.0,1.0,ocorrencias
2025,2025-09-01,GO,Roubo de veículo,0.0,36.0,0.0,0.0,0.0,0.0,36.0,ocorrencias
2025,2025-09-01,GO,Roubo seguido de morte (latrocínio),1.0,0.0,1.0,0.0,0.0,0.0,1.0,vitimas
2025,2025-09-01,GO,Suicídio,79.0,0.0,18.0,60.0,1.0,0.0,79.0,vitimas
2025,2025-09-01,GO,Suicídio de Agente do Estado,1.0,0.0,0.0,1.0,0.0,0.0,1.0,vitimas
2025,2025-09-01,GO,Tentativa de feminicídio,20.0,0.0,18.0,2.0,0.0,0.0,20.0,vitimas
2025,2025-09-01,GO,Tentativa de homicídio,138.0,0.0,24.0,112.0,2.0,0.0,138.0,vitimas
2025,2025-09-01,GO,Tráfico de drogas,0.0,533.0,0.0,0.0,0.0,0.0,533.0,ocorrencias
2025,2025-09-01,MA,Apreensão de Cocaína,0.0,0.0,0.0,0.0,0.0,32634.0,32634.0,kg
2025,2025-09-01,MA,Apreensão de Maconha,0.0,0.0,0.0,0.0,0.0,9571.0,9571.0,kg
2025,2025-09-01,MA,Arma de Fogo Apreendida,0.0,364.0,0.0,0.0,0.0,0.0,364.0,ocorrencias
2025,2025-09-01,MA,Atendimento pré-hospitalar,0.0,1549.0,0.0,0.0,0.0,0.0,1549.0,ocorrencias
2025,2025-09-01,MA,Busca e salvamento,0.0,961.0,0.0,0.0,0.0,0.0,961.0,ocorrencias
2025,2025-09-01,MA,Combate a incêndios,0.0,1170.0,0.0,0.0,0.0,0.0,1170.0,ocorrencias
2025,2025-09-01,MA,Emissão de Alvarás de licença,0.0,1269.0,0.0,0.0,0.0,0.0,1269.0,ocorrencias
2025,2025-09-01,MA,Estupro,54.0,0.0,51.0,3.0,0.0,0.0,54.0,vitimas
2025,2025-09-01,MA,Estupro de vulnerável,192.0,0.0,168.0,24.0,0.0,0.0,192.0,vitimas
2025,2025-09-01,MA,Feminicídio,7.0,0.0,6.0,1.0,0.0,0.0,7.0,vitimas
2025,2025-09-01,MA,Furto de veículo,0.0,277.0,0.0,0.0,0.0,0.0,277.0,ocorrencias
2025,2025-09-01,MA,Homicídio doloso,154.0,0.0,8.0,146.0,0.0,0.0,154.0,vitimas
2025,2025-09-01,MA,Lesão corporal seguida de morte,2.0,0.0,0.0,2.0,0.0,0.0,2.0,vitimas
2025,2025-09-01,MA,Mandado de prisão cumprido,0.0,501.0,0.0,0.0,0.0,0.0,501.0,ocorrencias
2025,2025-09-01,MA,Morte de Agente do Estado,0.0,0.0,0.0,0.0,0.0,0.0,0.0,vitimas
2025,2025-09-01,MA,Morte no trânsito ou em decorrência dele (exceto homicídio doloso),89.0,0.0,14.0,75.0,0.0,0.0,89.0,vitimas
2025,2025-09-01,MA,Morte por intervenção de Agente do Estado,12.0,0.0,0.0,12.0,0.0,0.0,12.0,vitimas
2025,2025-09-01,MA,Mortes a esclarecer (sem indício de crime),9.0,0.0,2.0,7.0,0.0,0.0,9.0,vitimas
2025,2025-09-01,MA,Mortes no trânsito,24.0,0.0,3.0,21.0,0.0,0.0,24.0,vitimas
2025,2025-09-01,MA,Pessoa Desaparecida,125.0,0.0,44.0,77.0,4.0,0.0,125.0,vitimas
2025,2025-09-01,MA,Pessoa Localizada,22.0,0.0,6.0,16.0,0.0,0.0,22.0,vitimas
2025,2025-09-01,MA,Realização de vistorias,0.0,373.0,0.0,0.0,0.0,0.0,373.0,ocorrencias
2025,2025-09-01,MA,Roubo a instituição financeira,0.0,0.0,0.0,0.0,0.0,0.0,0.0,ocorrencias
2025,2025-09-01,MA,Roubo de carga,0.0,14.0,0.0,0.0,0.0,0.0,14.0,ocorrencias
2025,2025-09-01,MA,Roubo de veículo,0.0,272.0,0.0,0.0,0.0,0.0,272.0,ocorrencias
2025,2025-09-01,MA,Roubo seguido de morte (latrocínio),5.0,0.0,0.0,5.0,0.0,0.0,5.0,vitimas
2025,2025-09-01,MA,Suicídio,32.0,0.0,6.0,26.0,0.0,0.0,32.0,vitimas
2025,2025-09-01,MA,Suicídio de Agente do Estado,0.0,0.0,0.0,0.0,0.0,0.0,0.0,vitimas
2025,2025-09-01,MA,Tentativa de feminicídio,11.0,0.0,11.0,0.0,0.0,0.0,11.0,vitimas
2025,2025-09-01,MA,Tentativa de homicídio,149.0,0.0,18.0,131.0,0.0,0.0,149.0,vitimas
2025,2025-09-01,MA,Tráfico de drogas,0.0,252.0,0.0,0.0,0.0,0.0,252.0,ocorrencias
2025,2025-09-01,MG,Apreensão de Cocaína,0.0,0.0,0.0,0.0,0.0,35.0,35.0,kg
2025,2025-09-01,MG,Apreensão de Maconha,0.0,0.0,0.0,0.0,0.0,2920404.0,2920404.0,kg
2025,2025-09-01,MG,Arma de Fogo Apreendida,0.0,1208.0,0.0,0.0,0.0,0.0,1208.0,ocorrencias
2025,2025-09-01,MG,Atendimento pré-hospitalar,0.0,6784.0,0.0,0.0,0.0,0.0,6784.0,ocorrencias
2025,2025-09-01,MG,Busca e salvamento,0.0,4566.0,0.0,0.0,0.0,0.0,4566.0,ocorrencias
2025,2025-09-01,MG,Combate a incêndios,0.0,6100.0,0.0,0.0,0.0,0.0,6100.0,ocorrencias
2025,2025-09-01,MG,Emissão de Alvarás de licença,0.0,848.0,0.0,0.0,0.0,0.0,848.0,ocorrencias
2025,2025-09-01,MG,Estupro,123.0,0.0,114.0,8.0,1.0,0.0,123.0,vitimas
2025,2025-09-01,MG,Estupro de vulnerável,377.0,0.0,306.0,65.0,6.0,0.0,377.0,vitimas
2025,2025-09-01,MG,Feminicídio,13.0,0.0,13.0,0.0,0.0,0.0,13.0,vitimas
2025,2025-09-01,MG,Furto de veículo,0.0,1994.0,0.0,0.0,0.0,0.0,1994.0,ocorrencias
2025,2025-09-01,MG,Homicídio doloso,175.0,0.0,12.0,158.0,5.0,0.0,175.0,vitimas
2025,2025-09-01,MG,Lesão corporal seguida de morte,1.0,0.0,0.0,1.0,0.0,0.0,1.0,vitimas
2025,2025-09-01,MG,Mandado de prisão cumprido,0.0,1503.0,0.0,0.0,0.0,0.0,1503.0,ocorrencias
2025,2025-09-01,MG,Morte de Agente do Estado,2.0,0.0,0.0,2.0,0.0,0.0,2.0,vitimas
2025,2025-09-01,MG,Morte no trânsito ou em decorrência dele (exceto homicídio doloso),194.0,0.0,28.0,165.0,1.0,0.0,194.0,vitimas
2025,2025-09-01,MG,Morte por intervenção de Agente do Estado,29.0,0.0,1.0,28.0,0.0,0.0,29.0,vitimas
2025,2025-09-01,MG,Mortes a esclarecer (sem indício de crime),0.0,0.0,0.0,0.0,0.0,0.0,0.0,vitimas
2025,2025-09-01,MG,Mortes no trânsito,63.0,0.0,11.0,52.0,0.0,0.0,63.0,vitimas
2025,2025-09-01,MG,Pessoa Desaparecida,798.0,0.0,298.0,500.0,0.0,0.0,798.0,vitimas
2025,2025-09-01,MG,Pessoa Localizada,644.0,0.0,264.0,380.0,0.0,0.0,644.0,vitimas
2025,2025-09-01,MG,Realização de vistorias,0.0,2722.0,0.0,0.0,0.0,0.0,2722.0,ocorrencias
2025,2025-09-01,MG,Roubo a instituição financeira,0.0,2.0,0.0,0.0,0.0,0.0,2.0,ocorrencias
2025,2025-09-01,MG,Roubo de carga,0.0,7.0,0.0,0.0,0.0,0.0,7.0,ocorrencias
2025,2025-09-01,MG,Roubo de veículo,0.0,252.0,0.0,0.0,0.0,0.0,252.0,ocorrencias
2025,2025-09-01,MG,Roubo seguido de morte (latrocínio),4.0,0.0,0.0,4.0,0.0,0.0,4.0,vitimas
2025,2025-09-01,MG,Suicídio,160.0,0.0,33.0,127.0,0.0,0.0,160.0,vitimas
2025,2025-09-01,MG,Suicídio de Agente do Estado,0.0,0.0,0.0,0.0,0.0,0.0,0.0,vitimas
2025,2025-09-01,MG,Tentativa de feminicídio,13.0,0.0,13.0,0.0,0.0,0.0,13.0,vitimas
2025,2025-09-01,MG,Tentativa de homicídio,190.0,0.0,27.0,163.0,0.0,0.0,190.0,vitimas
2025,2025-09-01,MG,Tráfico de drogas,0.0,2921.0,0.0,0.0,0.0,0.0,2921.0,ocorrencias
2025,2025-09-01,MS,Apreensão de Cocaína,0.0,0.0,0.0,0.0,0.0,2286012.0,2286012.0,kg
2025,2025-09-01,MS,Apreensão de Maconha,0.0,0.0,0.0,0.0,0.0,32696078.0,32696078.0,kg
2025,2025-09-01,MS,Arma de Fogo Apreendida,0.0,94.0,0.0,0.0,0.0,0.0,94.0,ocorrencias
2025,2025-09-01,MS,Atendimento pré-hospitalar,0.0,915.0,0.0,0.0,0.0,0.0,915.0,ocorrencias
2025,2025-09-01,MS,Busca e salvamento,0.0,2277.0,0.0,0.0,0.0,0.0,2277.0,ocorrencias
2025,2025-09-01,MS,Combate a incêndios,0.0,688.0,0.0,0.0,0.0,0.0,688.0,ocorrencias
2025,2025-09-01,MS,Emissão de Alvarás de licença,0.0,2924.0,0.0,0.0,0.0,0.0,2924.0,ocorrencias
2025,2025-09-01,MS,Estupro,62.0,0.0,54.0,7.0,1.0,0.0,62.0,vitimas
2025,2025-09-01,MS,Estupro de vulnerável,56.0,0.0,48.0,7.0,1.0,0.0,56.0,vitimas
2025,2025-09-01,MS,Feminicídio,2.0,0.0,1.0,0.0,1.0,0.0,2.0,vitimas
2025,2025-09-01,MS,Furto de veículo,0.0,84.0,0.0,0.0,0.0,0.0,84.0,ocorrencias
2025,2025-09-01,MS,Homicídio doloso,28.0,0.0,1.0,27.0,0.0,0.0,28.0,vitimas
2025,2025-09-01,MS,Lesão corporal seguida de morte,1.0,0.0,0.0,1.0,0.0,0.0,1.0,vitimas
2025,2025-09-01,MS,Mandado de prisão cumprido,0.0,192.0,0.0,0.0,0.0,0.0,192.0,ocorrencias
2025,2025-09-01,MS,Morte de Agente do Estado,0.0,0.0,0.0,0.0,0.0,0.0,0.0,vitimas
2025,2025-09-01,MS,Morte no trânsito ou em decorrência dele (exceto homicídio doloso),18.0,0.0,5.0,12.0,1.0,0.0,18.0,vitimas
2025,2025-09-01,MS,Morte por intervenção de Agente do Estado,4.0,0.0,0.0,4.0,0.0,0.0,4.0,vitimas
2025,2025-09-01,MS,Mortes a esclarecer (sem indício de crime),15.0,0.0,3.0,12.0,0.0,0.0,15.0,vitimas
2025,2025-09-01,MS,Mortes no trânsito,11.0,0.0,1.0,10.0,0.0,0.0,11.0,vitimas
2025,2025-09-01,MS,Pessoa Desaparecida,25.0,0.0,6.0,19.0,0.0,0.0,25.0,vitimas
2025,2025-09-01,MS,Pessoa Localizada,67.0,0.0,30.0,37.0,0.0,0.0,67.0,vitimas
2025,2025-09-01,MS,Realização de vistorias,0.0,2614.0,0.0,0.0,0.0,0.0,2614.0,ocorrencias
2025,2025-09-01,MS,Roubo a instituição financeira,0.0,0.0,0.0,0.0,0.0,0.0,0.0,ocorrencias
2025,2025-09-01,MS,Roubo de carga,0.0,0.0,0.0,0.0,0.0,0.0,0.0,ocorrencias
2025,2025-09-01,MS,Roubo de veículo,0.0,9.0,0.0,0.0,0.0,0.0,9.0,ocorrencias
2025,2025-09-01,MS,Roubo seguido de morte (latrocínio),0.0,0.0,0.0,0.0,0.0,0.0,0.0,vitimas
2025,2025-09-01,MS,Suicídio,10.0,0.0,2.0,8.0,0.0,0.0,10.0,vitimas
2025,2025-09-01,MS,Suicídio de Agente do Estado,0.0,0.0,0.0,0.0,0.0,0.0,0.0,vitimas
2025,2025-09-01,MS,Tentativa de feminicídio,3.0,0.0,3.0,0.0,0.0,0.0,3.0,vitimas
2025,2025-09-01,MS,Tentativa de homicídio,32.0,0.0,7.0,25.0,0.0,0.0,32.0,vitimas
2025,2025-09-01,MS,Tráfico de drogas,0.0,194.0,0.0,0.0,0.0,0.0,194.0,ocorrencias
2025,2025-09-01,MT,Apreensão de Cocaína,0.0,0.0,0.0,0.0,0.0,1465120.0,1465120.0,kg
2025,2025-09-01,MT,Apreensão de Maconha,0.0,0.0,0.0,0.0,0.0,207295.0,207295.0,kg
2025,2025-09-01,MT,Arma de Fogo Apreendida,0.0,177.0,0.0,0.0,0.0,0.0,177.0,ocorrencias
2025,2025-09-01,MT,Atendimento pré-hospitalar,0.0,4681.0,0.0,0.0,0.0,0.0,4681.0,ocorrencias
2025,2025-09-01,MT,Busca e salvamento,0.0,1006.0,0.0,0.0,0.0,0.0,1006.0,ocorrencias
2025,2025-09-01,MT,Combate a incêndios,0.0,1133.0,0.0,0.0,0.0,0.0,1133.0,ocorrencias
2025,2025-09-01,MT,Emissão de Alvarás de licença,0.0,5303.0,0.0,0.0,0.0,0.0,5303.0,ocorrencias
2025,2025-09-01,MT,Estupro,64.0,0.0,59.0,5.0,0.0,0.0,64.0,vitimas
2025,2025-09-01,MT,Estupro de vulnerável,164.0,0.0,137.0,27.0,0.0,0.0,164.0,vitimas
2025,2025-09-01,MT,Feminicídio,4.0,0.0,4.0,0.0,0.0,0.0,4.0,vitimas
2025,2025-09-01,MT,Furto de veículo,0.0,157.0,0.0,0.0,0.0,0.0,157.0,ocorrencias
2025,2025-09-01,MT,Homicídio doloso,58.0,0.0,4.0,53.0,1.0,0.0,58.0,vitimas
2025,2025-09-01,MT,Lesão corporal seguida de morte,0.0,0.0,0.0,0.0,0.0,0.0,0.0,vitimas
2025,2025-09-01,MT,Mandado de prisão cumprido,0.0,813.0,0.0,0.0,0.0,0.0,813.0,ocorrencias
2025,2025-09-01,MT,Morte de Agente do Estado,0.0,0.0,0.0,0.0,0.0,0.0,0.0,vitimas
2025,2025-09-01,MT,Morte no trânsito ou em decorrência dele (exceto homicídio doloso),85.0,0.0,19.0,65.0,1.0,0.0,85.0,vitimas
2025,2025-09-01,MT,Morte por intervenção de Agente do Estado,15.0,0.0,1.0,14.0,0.0,0.0,15.0,vitimas
2025,2025-09-01,MT,Mortes a esclarecer (sem indício de crime),40.0,0.0,14.0,25.0,1.0,0.0,40.0,vitimas
2025,2025-09-01,MT,Mortes no trânsito,13.0,0.0,1.0,12.0,0.0,0.0,13.0,vitimas
2025,2025-09-01,MT,Pessoa Desaparecida,188.0,0.0,54.0,134.0,0.0,0.0,188.0,vitimas
2025,2025-09-01,MT,Pessoa Localizada,92.0,0.0,19.0,73.0,0.0,0.0,92.0,vitimas
2025,2025-09-01,MT,Realização de vistorias,0.0,3304.0,0.0,0.0,0.0,0.0,3304.0,ocorrencias
2025,2025-09-01,MT,Roubo a instituição financeira,0.0,1.0,0.0,0.0,0.0,0.0,1.0,ocorrencias
2025,2025-09-01,MT,Roubo de carga,0.0,3.0,0.0,0.0,0.0,0.0,3.0,ocorrencias
2025,2025-09-01,MT,Roubo de veículo,0.0,50.0,0.0,0.0,0.0,0.0,50.0,ocorrencias
2025,2025-09-01,MT,Roubo seguido de morte (latrocínio),3.0,0.0,1.0,2.0,0.0,0.0,3.0,vitimas
2025,2025-09-01,MT,Suicídio,31.0,0.0,7.0,24.0,0.0,0.0,31.0,vitimas
2025,2025-09-01,MT,Suicídio de Agente do Estado,0.0,0.0,0.0,0.0,0.0,0.0,0.0,vitimas
2025,2025-09-01,MT,Tentativa de feminicídio,23.0,0.0,23.0,0.0,0.0,0.0,23.0,vitimas
2025,2025-09-01,MT,Tentativa de homicídio,94.0,0.0,3.0,91.0,0.0,0.0,94.0,vitimas
2025,2025-09-01,MT,Tráfico de drogas,0.0,402.0,0.0,0.0,0.0,0.0,402.0,ocorrencias
2025,2025-09-01,PA,Apreensão de Cocaína,0.0,0.0,0.0,0.0,0.0,901698.0,901698.0,kg
2025,2025-09-01,PA,Apreensão de Maconha,0.0,0.0,0.0,0.0,0.0,457815.0,457815.0,kg
2025,2025-09-01,PA,Arma de Fogo Apreendida,0.0,182.0,0.0,0.0,0.0,0.0,182.0,ocorrencias
2025,2025-09-01,PA,Atendimento pré-hospitalar,0.0,1632.0,0.0,0.0,0.0,0.0,1632.0,ocorrencias
2025,2025-09-01,PA,Busca e salvamento,0.0,70.0,0.0,0.0,0.0,0.0,70.0,ocorrencias
2025,2025-09-01,PA,Combate a incêndios,0.0,995.0,0.0,0.0,0.0,0.0,995.0,ocorrencias
2025,2025-09-01,PA,Emissão de Alvarás de licença,0.0,6088.0,0.0,0.0,0.0,0.0,6088.0,ocorrencias
2025,2025-09-01,PA,Estupro,67.0,0.0,59.0,6.0,2.0,0.0,67.0,vitimas
2025,2025-09-01,PA,Estupro de vulnerável,426.0,0.0,374.0,40.0,12.0,0.0,426.0,vitimas
2025,2025-09-01,PA,Feminicídio,7.0,0.0,7.0,0.0,0.0,0.0,7.0,vitimas
2025,2025-09-01,PA,Furto de veículo,0.0,232.0,0.0,0.0,0.0,0.0,232.0,ocorrencias
2025,2025-09-01,PA,Homicídio doloso,154.0,0.0,13.0,141.0,0.0,0.0,154.0,vitimas
2025,2025-09-01,PA,Lesão corporal seguida de morte,0.0,0.0,0.0,0.0,0.0,0.0,0.0,vitimas
2025,2025-09-01,PA,Mandado de prisão cumprido,0.0,634.0,0.0,0.0,0.0,0.0,634.0,ocorrencias
2025,2025-09-01,PA,Morte de Agente do Estado,0.0,0.0,0.0,0.0,0.0,0.0,0.0,vitimas
2025,2025-09-01,PA,Morte no trânsito ou em decorrência dele (exceto homicídio doloso),106.0,0.0,22.0,82.0,2.0,0.0,106.0,vitimas
2025,2025-09-01,PA,Morte por intervenção de Agente do Estado,46.0,0.0,0.0,46.0,0.0,0.0,46.0,vitimas
2025,2025-09-01,PA,Mortes a esclarecer (sem indício de crime),39.0,0.0,7.0,27.0,5.0,0.0,39.0,vitimas
2025,2025-09-01,PA,Mortes no trânsito,21.0,0.0,5.0,16.0,0.0,0.0,21.0,vitimas
2025,2025-09-01,PA,Pessoa Desaparecida,121.0,0.0,47.0,74.0,0.0,0.0,121.0,vitimas
2025,2025-09-01,PA,Pessoa Localizada,63.0,0.0,25.0,38.0,0.0,0.0,63.0,vitimas
2025,2025-09-01,PA,Realização de vistorias,0.0,5569.0,0.0,0.0,0.0,0.0,5569.0,ocorrencias
2025,2025-09-01,PA,Roubo a instituição financeira,0.0,0.0,0.0,0.0,0.0,0.0,0.0,ocorrencias
2025,2025-09-01,PA,Roubo de carga,0.0,13.0,0.0,0.0,0.0,0.0,13.0,ocorrencias
2025,2025-09-01,PA,Roubo de veículo,0.0,113.0,0.0,0.0,0.0,0.0,113.0,ocorrencias
2025,2025-09-01,PA,Roubo seguido de morte (latrocínio),6.0,0.0,1.0,5.0,0.0,0.0,6.0,vitimas
2025,2025-09-01,PA,Suicídio,49.0,0.0,16.0,33.0,0.0,0.0,49.0,vitimas
2025,2025-09-01,PA,Suicídio de Agente do Estado,0.0,0.0,0.0,0.0,0.0,0.0,0.0,vitimas
2025,2025-09-01,PA,Tentativa de feminicídio,18.0,0.0,18.0,0.0,0.0,0.0,18.0,vitimas
2025,2025-09-01,PA,Tentativa de homicídio,106.0,0.0,14.0,92.0,0.0,0.0,106.0,vitimas
2025,2025-09-01,PA,Tráfico de drogas,0.0,412.0,0.0,0.0,0.0,0.0,412.0,ocorrencias
2025,2025-09-01,PB,Apreensão de Cocaína,0.0,0.0,0.0,0.0,0.0,5518.0,5518.0,kg
2025,2025-09-01,PB,Apreensão de Maconha,0.0,0.0,0.0,0.0,0.0,31399.0,31399.0,kg
2025,2025-09-01,PB,Arma de Fogo Apreendida,0.0,276.0,0.0,0.0,0.0,0.0,276.0,ocorrencias
2025,2025-09-01,PB,Atendimento pré-hospitalar,0.0,476.0,0.0,0.0,0.0,0.0,476.0,ocorrencias
2025,2025-09-01,PB,Busca e salvamento,0.0,583.0,0.0,0.0,0.0,0.0,583.0,ocorrencias
2025,2025-09-01,PB,Combate a incêndios,0.0,590.0,0.0,0.0,0.0,0.0,590.0,ocorrencias
2025,2025-09-01,PB,Emissão de Alvarás de licença,0.0,1844.0,0.0,0.0,0.0,0.0,1844.0,ocorrencias
2025,2025-09-01,PB,Estupro,22.0,0.0,20.0,2.0,0.0,0.0,22.0,vitimas
2025,2025-09-01,PB,Estupro de vulnerável,110.0,0.0,102.0,8.0,0.0,0.0,110.0,vitimas
2025,2025-09-01,PB,Feminicídio,2.0,0.0,2.0,0.0,0.0,0.0,2.0,vitimas
2025,2025-09-01,PB,Furto de veículo,0.0,143.0,0.0,0.0,0.0,0.0,143.0,ocorrencias
2025,2025-09-01,PB,Homicídio doloso,62.0,0.0,3.0,59.0,0.0,0.0,62.0,vitimas
2025,2025-09-01,PB,Lesão corporal seguida de morte,2.0,0.0,0.0,2.0,0.0,0.0,2.0,vitimas
2025,2025-09-01,PB,Mandado de prisão cumprido,0.0,451.0,0.0,0.0,0.0,0.0,451.0,ocorrencias
2025,2025-09-01,PB,Morte de Agente do Estado,0.0,0.0,0.0,0.0,0.0,0.0,0.0,vitimas
2025,2025-09-01,PB,Morte no trânsito ou em decorrência dele (exceto homicídio doloso),60.0,0.0,3.0,57.0,0.0,0.0,60.0,vitimas
2025,2025-09-01,PB,Morte por intervenção de Agente do Estado,3.0,0.0,0.0,3.0,0.0,0.0,3.0,vitimas
2025,2025-09-01,PB,Mortes a esclarecer (sem indício de crime),2.0,0.0,0.0,1.0,1.0,0.0,2.0,vitimas
2025,2025-09-01,PB,Mortes no trânsito,11.0,0.0,0.0,11.0,0.0,0.0,11.0,vitimas
2025,2025-09-01,PB,Pessoa Desaparecida,76.0,0.0,14.0,62.0,0.0,0.0,76.0,vitimas
2025,2025-09-01,PB,Pessoa Localizada,65.0,0.0,12.0,53.0,0.0,0.0,65.0,vitimas
2025,2025-09-01,PB,Realização de vistorias,0.0,1151.0,0.0,0.0,0.0,0.0,1151.0,ocorrencias
2025,2025-09-01,PB,Roubo a instituição financeira,0.0,0.0,0.0,0.0,0.0,0.0,0.0,ocorrencias
2025,2025-09-01,PB,Roubo de carga,0.0,0.0,0.0,0.0,0.0,0.0,0.0,ocorrencias
2025,2025-09-01,PB,Roubo de veículo,0.0,330.0,0.0,0.0,0.0,0.0,330.0,ocorrencias
2025,2025-09-01,PB,Roubo seguido de morte (latrocínio),2.0,0.0,0.0,2.0,0.0,0.0,2.0,vitimas
2025,2025-09-01,PB,Suicídio,37.0,0.0,7.0,30.0,0.0,0.0,37.0,vitimas
2025,2025-09-01,PB,Suicídio de Agente do Estado,0.0,0.0,0.0,0.0,0.0,0.0,0.0,vitimas
2025,2025-09-01,PB,Tentativa de feminicídio,2.0,0.0,2.0,0.0,0.0,0.0,2.0,vitimas
2025,2025-09-01,PB,Tentativa de homicídio,48.0,0.0,4.0,44.0,0.0,0.0,48.0,vitimas
2025,2025-09-01,PB,Tráfico de drogas,0.0,233.0,0.0,0.0,0.0,0.0,233.0,ocorrencias
2025,2025-09-01,PE,Apreensão de Cocaína,0.0,0.0,0.0,0.0,0.0,16591.0,16591.0,kg
2025,2025-09-01,PE,Apreensão de Maconha,0.0,0.0,0.0,0.0,0.0,34387.0,34387.0,kg
2025,2025-09-01,PE,Arma de Fogo Apreendida,0.0,524.0,0.0,0.0,0.0,0.0,524.0,ocorrencias
2025,2025-09-01,PE,Atendimento pré-hospitalar,0.0,1612.0,0.0,0.0,0.0,0.0,1612.0,ocorrencias
2025,2025-09-01,PE,Busca e salvamento,0.0,442.0,0.0,0.0,0.0,0.0,442.0,ocorrencias
2025,2025-09-01,PE,Combate a incêndios,0.0,432.0,0.0,0.0,0.0,0.0,432.0,ocorrencias
2025,2025-09-01,PE,Emissão de Alvarás de licença,0.0,8674.0,0.0,0.0,0.0,0.0,8674.0,ocorrencias
2025,2025-09-01,PE,Estupro,57.0,0.0,49.0,8.0,0.0,0.0,57.0,vitimas
2025,2025-09-01,PE,Estupro de vulnerável,129.0,0.0,111.0,16.0,2.0,0.0,129.0,vitimas
2025,2025-09-01,PE,Feminicídio,3.0,0.0,3.0,0.0,0.0,0.0,3.0,vitimas
2025,2025-09-01,PE,Furto de veículo,0.0,527.0,0.0,0.0,0.0,0.0,527.0,ocorrencias
2025,2025-09-01,PE,Homicídio doloso,227.0,0.0,10.0,217.0,0.0,0.0,227.0,vitimas
2025,2025-09-01,PE,Lesão corporal seguida de morte,1.0,0.0,1.0,0.0,0.0,0.0,1.0,vitimas
2025,2025-09-01,PE,Mandado de prisão cumprido,0.0,830.0,0.0,0.0,0.0,0.0,830.0,ocorrencias
2025,2025-09-01,PE,Morte de Agente do Estado,0.0,0.0,0.0,0.0,0.0,0.0,0.0,vitimas
2025,2025-09-01,PE,Morte no trânsito ou em decorrência dele (exceto homicídio doloso),137.0,0.0,19.0,118.0,0.0,0.0,137.0,vitimas
2025,2025-09-01,PE,Morte por intervenção de Agente do Estado,6.0,0.0,0.0,6.0,0.0,0.0,6.0,vitimas
2025,2025-09-01,PE,Mortes a esclarecer (sem indício de crime),25.0,0.0,7.0,16.0,2.0,0.0,25.0,vitimas
2025,2025-09-01,PE,Mortes no trânsito,28.0,0.0,3.0,25.0,0.0,0.0,28.0,vitimas
2025,2025-09-01,PE,Pessoa Desaparecida,245.0,0.0,76.0,158.0,11.0,0.0,245.0,vitimas
2025,2025-09-01,PE,Pessoa Localizada,86.0,0.0,29.0,47.0,10.0,0.0,86.0,vitimas
2025,2025-09-01,PE,Realização de vistorias,0.0,4395.0,0.0,0.0,0.0,0.0,4395.0,ocorrencias
2025,2025-09-01,PE,Roubo a instituição financeira,0.0,0.0,0.0,0.0,0.0,0.0,0.0,ocorrencias
2025,2025-09-01,PE,Roubo de carga,0.0,25.0,0.0,0.0,0.0,0.0,25.0,ocorrencias
2025,2025-09-01,PE,Roubo de veículo,0.0,931.0,0.0,0.0,0.0,0.0,931.0,ocorrencias
2025,2025-09-01,PE,Roubo seguido de morte (latrocínio),3.0,0.0,2.0,1.0,0.0,0.0,3.0,vitimas
2025,2025-09-01,PE,Suicídio,51.0,0.0,17.0,34.0,0.0,0.0,51.0,vitimas
2025,2025-09-01,PE,Suicídio de Agente do Estado,0.0,0.0,0.0,0.0,0.0,0.0,0.0,vitimas
2025,2025-09-01,PE,Tentativa de feminicídio,12.0,0.0,12.0,0.0,0.0,0.0,12.0,vitimas
2025,2025-09-01,PE,Tentativa de homicídio,122.0,0.0,16.0,105.0,1.0,0.0,122.0,vitimas
2025,2025-09-01,PE,Tráfico de drogas,0.0,808.0,0.0,0.0,0.0,0.0,808.0,ocorrencias
2025,2025-09-01,PI,Apreensão de Cocaína,0.0,0.0,0.0,0.0,0.0,539.0,539.0,kg
2025,2025-09-01,PI,Apreensão de Maconha,0.0,0.0,0.0,0.0,0.0,924.0,924.0,kg
2025,2025-09-01,PI,Arma de Fogo Apreendida,0.0,209.0,0.0,0.0,0.0,0.0,209.0,ocorrencias
2025,2025-09-01,PI,Atendimento pré-hospitalar,0.0,90.0,0.0,0.0,0.0,0.0,90.0,ocorrencias
2025,2025-09-01,PI,Busca e salvamento,0.0,150.0,0.0,0.0,0.0,0.0,150.0,ocorrencias
2025,2025-09-01,PI,Combate a incêndios,0.0,1404.0,0.0,0.0,0.0,0.0,1404.0,ocorrencias
2025,2025-09-01,PI,Emissão de Alvarás de licença,0.0,473.0,0.0,0.0,0.0,0.0,473.0,ocorrencias
2025,2025-09-01,PI,Estupro,24.0,0.0,22.0,1.0,1.0,0.0,24.0,vitimas
2025,2025-09-01,PI,Estupro de vulnerável,125.0,0.0,103.0,11.0,11.0,0.0,125.0,vitimas
2025,2025-09-01,PI,Feminicídio,2.0,0.0,2.0,0.0,0.0,0.0,2.0,vitimas
2025,2025-09-01,PI,Furto de veículo,0.0,186.0,0.0,0.0,0.0,0.0,186.0,ocorrencias
2025,2025-09-01,PI,Homicídio doloso,44.0,0.0,2.0,42.0,0.0,0.0,44.0,vitimas
2025,2025-09-01,PI,Lesão corporal seguida de morte,0.0,0.0,0.0,0.0,0.0,0.0,0.0,vitimas
2025,2025-09-01,PI,Mandado de prisão cumprido,0.0,437.0,0.0,0.0,0.0,0.0,437.0,ocorrencias
2025,2025-09-01,PI,Morte de Agente do Estado,0.0,0.0,0.0,0.0,0.0,0.0,0.0,vitimas
2025,2025-09-01,PI,Morte no trânsito ou em decorrência dele (exceto homicídio doloso),21.0,0.0,7.0,14.0,0.0,0.0,21.0,vitimas
2025,2025-09-01,PI,Morte por intervenção de Agente do Estado,4.0,0.0,0.0,4.0,0.0,0.0,4.0,vitimas
2025,2025-09-01,PI,Mortes a esclarecer (sem indício de crime),0.0,0.0,0.0,0.0,0.0,0.0,0.0,vitimas
2025,2025-09-01,PI,Mortes no trânsito,13.0,0.0,2.0,11.0,0.0,0.0,13.0,vitimas
2025,2025-09-01,PI,Pessoa Desaparecida,55.0,0.0,16.0,37.0,2.0,0.0,55.0,vitimas
2025,2025-09-01,PI,Pessoa Localizada,27.0,0.0,7.0,19.0,1.0,0.0,27.0,vitimas
2025,2025-09-01,PI,Realização de vistorias,0.0,544.0,0.0,0.0,0.0,0.0,544.0,ocorrencias
2025,2025-09-01,PI,Roubo a instituição financeira,0.0,0.0,0.0,0.0,0.0,0.0,0.0,ocorrencias
2025,2025-09-01,PI,Roubo de carga,0.0,2.0,0.0,0.0,0.0,0.0,2.0,ocorrencias
2025,2025-09-01,PI,Roubo de veículo,0.0,195.0,0.0,0.0,0.0,0.0,195.0,ocorrencias
2025,2025-09-01,PI,Roubo seguido de morte (latrocínio),3.0,0.0,1.0,2.0,0.0,0.0,3.0,vitimas
2025,2025-09-01,PI,Suicídio,20.0,0.0,1.0,19.0,0.0,0.0,20.0,vitimas
2025,2025-09-01,PI,Suicídio de Agente do Estado,0.0,0.0,0.0,0.0,0.0,0.0,0.0,vitimas
2025,2025-09-01,PI,Tentativa de feminicídio,10.0,0.0,10.0,0.0,0.0,0.0,10.0,vitimas
2025,2025-09-01,PI,Tentativa de homicídio,62.0,0.0,11.0,51.0,0.0,0.0,62.0,vitimas
2025,2025-09-01,PI,Tráfico de drogas,0.0,242.0,0.0,0.0,0.0,0.0,242.0,ocorrencias
2025,2025-09-01,PR,Apreensão de Cocaína,0.0,0.0,0.0,0.0,0.0,1882880.0,1882880.0,kg
2025,2025-09-01,PR,Apreensão de Maconha,0.0,0.0,0.0,0.0,0.0,85832014.0,85832014.0,kg
2025,2025-09-01,PR,Arma de Fogo Apreendida,0.0,434.0,0.0,0.0,0.0,0.0,434.0,ocorrencias
2025,2025-09-01,PR,Atendimento pré-hospitalar,0.0,2995.0,0.0,0.0,0.0,0.0,2995.0,ocorrencias
2025,2025-09-01,PR,Busca e salvamento,0.0,1284.0,0.0,0.0,0.0,0.0,1284.0,ocorrencias
2025,2025-09-01,PR,Combate a incêndios,0.0,2398.0,0.0,0.0,0.0,0.0,2398.0,ocorrencias
2025,2025-09-01,PR,Emissão de Alvarás de licença,0.0,23404.0,0.0,0.0,0.0,0.0,23404.0,ocorrencias
2025,2025-09-01,PR,Estupro,120.0,0.0,111.0,9.0,0.0,0.0,120.0,vitimas
2025,2025-09-01,PR,Estupro de vulnerável,510.0,0.0,416.0,91.0,3.0,0.0,510.0,vitimas
2025,2025-09-01,PR,Feminicídio,8.0,0.0,8.0,0.0,0.0,0.0,8.0,vitimas
2025,2025-09-01,PR,Furto de veículo,0.0,668.0,0.0,0.0,0.0,0.0,668.0,ocorrencias
2025,2025-09-01,PR,Homicídio doloso,94.0,0.0,6.0,87.0,1.0,0.0,94.0,vitimas
2025,2025-09-01,PR,Lesão corporal seguida de morte,5.0,0.0,0.0,5.0,0.0,0.0,5.0,vitimas
2025,2025-09-01,PR,Mandado de prisão cumprido,0.0,3271.0,0.0,0.0,0.0,0.0,3271.0,ocorrencias
2025,2025-09-01,PR,Morte de Agente do Estado,0.0,0.0,0.0,0.0,0.0,0.0,0.0,vitimas
2025,2025-09-01,PR,Morte no trânsito ou em decorrência dele (exceto homicídio doloso),73.0,0.0,20.0,53.0,0.0,0.0,73.0,vitimas
2025,2025-09-01,PR,Morte por intervenção de Agente do Estado,33.0,0.0,1.0,32.0,0.0,0.0,33.0,vitimas
2025,2025-09-01,PR,Mortes a esclarecer (sem indício de crime),2.0,0.0,0.0,2.0,0.0,0.0,2.0,vitimas
2025,2025-09-01,PR,Mortes no trânsito,49.0,0.0,12.0,37.0,0.0,0.0,49.0,vitimas
2025,2025-09-01,PR,Pessoa Desaparecida,521.0,0.0,202.0,319.0,0.0,0.0,521.0,vitimas
2025,2025-09-01,PR,Pessoa Localizada,412.0,0.0,160.0,252.0,0.0,0.0,412.0,vitimas
2025,2025-09-01,PR,Realização de vistorias,0.0,5760.0,0.0,0.0,0.0,0.0,5760.0,ocorrencias
2025,2025-09-01,PR,Roubo a instituição financeira,0.0,0.0,0.0,0.0,0.0,0.0,0.0,ocorrencias
2025,2025-09-01,PR,Roubo de carga,0.0,22.0,0.0,0.0,0.0,0.0,22.0,ocorrencias
2025,2025-09-01,PR,Roubo de veículo,0.0,126.0,0.0,0.0,0.0,0.0,126.0,ocorrencias
2025,2025-09-01,PR,Roubo seguido de morte (latrocínio),4.0,0.0,0.0,3.0,1.0,0.0,4.0,vitimas
2025,2025-09-01,PR,Suicídio,63.0,0.0,17.0,46.0,0.0,0.0,63.0,vitimas
2025,2025-09-01,PR,Suicídio de Agente do Estado,1.0,0.0,0.0,1.0,0.0,0.0,1.0,vitimas
2025,2025-09-01,PR,Tentativa de feminicídio,12.0,0.0,12.0,0.0,0.0,0.0,12.0,vitimas
2025,2025-09-01,PR,Tentativa de homicídio,71.0,0.0,10.0,61.0,0.0,0.0,71.0,vitimas
2025,2025-09-01,PR,Tráfico de drogas,0.0,1245.0,0.0,0.0,0.0,0.0,1245.0,ocorrencias
2025,2025-09-01,RJ,Apreensão de Cocaína,0.0,0.0,0.0,0.0,0.0,484173.0,484173.0,kg
2025,2025-09-01,RJ,Apreensão de Maconha,0.0,0.0,0.0,0.0,0.0,1056507.0,1056507.0,kg
2025,2025-09-01,RJ,Arma de Fogo Apreendida,0.0,541.0,0.0,0.0,0.0,0.0,541.0,ocorrencias
2025,2025-09-01,RJ,Atendimento pré-hospitalar,0.0,12190.0,0.0,0.0,0.0,0.0,12190.0,ocorrencias
2025,2025-09-01,RJ,Busca e salvamento,0.0,11593.0,0.0,0.0,0.0,0.0,11593.0,ocorrencias
2025,2025-09-01,RJ,Combate a incêndios,0.0,4530.0,0.0,0.0,0.0,0.0,4530.0,ocorrencias
2025,2025-09-01,RJ,Emissão de Alvarás de licença,0.0,4408.0,0.0,0.0,0.0,0.0,4408.0,ocorrencias
2025,2025-09-01,RJ,Estupro,140.0,0.0,132.0,6.0,2.0,0.0,140.0,vitimas
2025,2025-09-01,RJ,Estupro de vulnerável,405.0,0.0,336.0,64.0,5.0,0.0,405.0,vitimas
2025,2025-09-01,RJ,Feminicídio,12.0,0.0,12.0,0.0,0.0,0.0,12.0,vitimas
2025,2025-09-01,RJ,Furto de veículo,0.0,1546.0,0.0,0.0,0.0,0.0,1546.0,ocorrencias
2025,2025-09-01,RJ,Homicídio doloso,298.0,0.0,14.0,269.0,15.0,0.0,298.0,vitimas
2025,2025-09-01,RJ,Lesão corporal seguida de morte,4.0,0.0,2.0,2.0,0.0,0.0,4.0,vitimas
2025,2025-09-01,RJ,Mandado de prisão cumprido,0.0,1180.0,0.0,0.0,0.0,0.0,1180.0,ocorrencias
2025,2025-09-01,RJ,Morte de Agente do Estado,6.0,0.0,0.0,6.0,0.0,0.0,6.0,vitimas
2025,2025-09-01,RJ,Morte no trânsito ou em decorrência dele (exceto homicídio doloso),225.0,0.0,52.0,165.0,8.0,0.0,225.0,vitimas
2025,2025-09-01,RJ,Morte por intervenção de Agente do Estado,50.0,0.0,1.0,48.0,1.0,0.0,50.0,vitimas
2025,2025-09-01,RJ,Mortes a esclarecer (sem indício de crime),212.0,0.0,63.0,146.0,3.0,0.0,212.0,vitimas
2025,2025-09-01,RJ,Mortes no trânsito,40.0,0.0,7.0,31.0,2.0,0.0,40.0,vitimas
2025,2025-09-01,RJ,Pessoa Desaparecida,509.0,0.0,181.0,327.0,1.0,0.0,509.0,vitimas
2025,2025-09-01,RJ,Pessoa Localizada,218.0,0.0,2.0,12.0,204.0,0.0,218.0,vitimas
2025,2025-09-01,RJ,Realização de vistorias,0.0,363.0,0.0,0.0,0.0,0.0,363.0,ocorrencias
2025,2025-09-01,RJ,Roubo a instituição financeira,0.0,1.0,0.0,0.0,0.0,0.0,1.0,ocorrencias
2025,2025-09-01,RJ,Roubo de carga,0.0,252.0,0.0,0.0,0.0,0.0,252.0,ocorrencias
2025,2025-09-01,RJ,Roubo de veículo,0.0,1799.0,0.0,0.0,0.0,0.0,1799.0,ocorrencias
2025,2025-09-01,RJ,Roubo seguido de morte (latrocínio),8.0,0.0,0.0,8.0,0.0,0.0,8.0,vitimas
2025,2025-09-01,RJ,Suicídio,98.0,0.0,29.0,67.0,2.0,0.0,98.0,vitimas
2025,2025-09-01,RJ,Suicídio de Agente do Estado,1.0,0.0,0.0,1.0,0.0,0.0,1.0,vitimas
2025,2025-09-01,RJ,Tentativa de feminicídio,18.0,0.0,18.0,0.0,0.0,0.0,18.0,vitimas
2025,2025-09-01,RJ,Tentativa de homicídio,284.0,0.0,26.0,239.0,19.0,0.0,284.0,vitimas
2025,2025-09-01,RJ,Tráfico de drogas,0.0,1958.0,0.0,0.0,0.0,0.0,1958.0,ocorrencias
2025,2025-09-01,RN,Apreensão de Cocaína,0.0,0.0,0.0,0.0,0.0,12695.0,12695.0,kg
2025,2025-09-01,RN,Apreensão de Maconha,0.0,0.0,0.0,0.0,0.0,84752.0,84752.0,kg
2025,2025-09-01,RN,Arma de Fogo Apreendida,0.0,207.0,0.0,0.0,0.0,0.0,207.0,ocorrencias
2025,2025-09-01,RN,Atendimento pré-hospitalar,0.0,279.0,0.0,0.0,0.0,0.0,279.0,ocorrencias
2025,2025-09-01,RN,Busca e salvamento,0.0,634.0,0.0,0.0,0.0,0.0,634.0,ocorrencias
2025,2025-09-01,RN,Combate a incêndios,0.0,452.0,0.0,0.0,0.0,0.0,452.0,ocorrencias
2025,2025-09-01,RN,Emissão de Alvarás de licença,0.0,536.0,0.0,0.0,0.0,0.0,536.0,ocorrencias
2025,2025-09-01,RN,Estupro,18.0,0.0,17.0,1.0,0.0,0.0,18.0,vitimas
2025,2025-09-01,RN,Estupro de vulnerável,92.0,0.0,80.0,10.0,2.0,0.0,92.0,vitimas
2025,2025-09-01,RN,Feminicídio,4.0,0.0,4.0,0.0,0.0,0.0,4.0,vitimas
2025,2025-09-01,RN,Furto de veículo,0.0,120.0,0.0,0.0,0.0,0.0,120.0,ocorrencias
2025,2025-09-01,RN,Homicídio doloso,63.0,0.0,1.0,62.0,0.0,0.0,63.0,vitimas
2025,2025-09-01,RN,Lesão corporal seguida de morte,1.0,0.0,0.0,1.0,0.0,0.0,1.0,vitimas
2025,2025-09-01,RN,Mandado de prisão cumprido,0.0,338.0,0.0,0.0,0.0,0.0,338.0,ocorrencias
2025,2025-09-01,RN,Morte de Agente do Estado,0.0,0.0,0.0,0.0,0.0,0.0,0.0,vitimas
2025,2025-09-01,RN,Morte no trânsito ou em decorrência dele (exceto homicídio doloso),55.0,0.0,9.0,46.0,0.0,0.0,55.0,vitimas
2025,2025-09-01,RN,Morte por intervenção de Agente do Estado,19.0,0.0,0.0,19.0,0.0,0.0,19.0,vitimas
2025,2025-09-01,RN,Mortes a esclarecer (sem indício de crime),64.0,0.0,26.0,37.0,1.0,0.0,64.0,vitimas
2025,2025-09-01,RN,Mortes no trânsito,12.0,0.0,4.0,8.0,0.0,0.0,12.0,vitimas
2025,2025-09-01,RN,Pessoa Desaparecida,58.0,0.0,18.0,40.0,0.0,0.0,58.0,vitimas
2025,2025-09-01,RN,Pessoa Localizada,64.0,0.0,26.0,38.0,0.0,0.0,64.0,vitimas
2025,2025-09-01,RN,Realização de vistorias,0.0,579.0,0.0,0.0,0.0,0.0,579.0,ocorrencias
2025,2025-09-01,RN,Roubo a instituição financeira,0.0,0.0,0.0,0.0,0.0,0.0,0.0,ocorrencias
2025,2025-09-01,RN,Roubo de carga,0.0,1.0,0.0,0.0,0.0,0.0,1.0,ocorrencias
2025,2025-09-01,RN,Roubo de veículo,0.0,113.0,0.0,0.0,0.0,0.0,113.0,ocorrencias
2025,2025-09-01,RN,Roubo seguido de morte (latrocínio),1.0,0.0,0.0,1.0,0.0,0.0,1.0,vitimas
2025,2025-09-01,RN,Suicídio,24.0,0.0,9.0,15.0,0.0,0.0,24.0,vitimas
2025,2025-09-01,RN,Suicídio de Agente do Estado,0.0,0.0,0.0,0.0,0.0,0.0,0.0,vitimas
2025,2025-09-01,RN,Tentativa de feminicídio,8.0,0.0,8.0,0.0,0.0,0.0,8.0,vitimas
2025,2025-09-01,RN,Tentativa de homicídio,55.0,0.0,8.0,43.0,4.0,0.0,55.0,vitimas
2025,2025-09-01,RN,Tráfico de drogas,0.0,228.0,0.0,0.0,0.0,0.0,228.0,ocorrencias
2025,2025-09-01,RO,Apreensão de Cocaína,0.0,0.0,0.0,0.0,0.0,1262.0,1262.0,kg
2025,2025-09-01,RO,Apreensão de Maconha,0.0,0.0,0.0,0.0,0.0,1343.0,1343.0,kg
2025,2025-09-01,RO,Arma de Fogo Apreendida,0.0,210.0,0.0,0.0,0.0,0.0,210.0,ocorrencias
2025,2025-09-01,RO,Atendimento pré-hospitalar,0.0,1526.0,0.0,0.0,0.0,0.0,1526.0,ocorrencias
2025,2025-09-01,RO,Busca e salvamento,0.0,327.0,0.0,0.0,0.0,0.0,327.0,ocorrencias
2025,2025-09-01,RO,Combate a incêndios,0.0,565.0,0.0,0.0,0.0,0.0,565.0,ocorrencias
2025,2025-09-01,RO,Emissão de Alvarás de licença,0.0,1977.0,0.0,0.0,0.0,0.0,1977.0,ocorrencias
2025,2025-09-01,RO,Estupro,24.0,0.0,21.0,3.0,0.0,0.0,24.0,vitimas
2025,2025-09-01,RO,Estupro de vulnerável,115.0,0.0,89.0,16.0,10.0,0.0,115.0,vitimas
2025,2025-09-01,RO,Feminicídio,2.0,0.0,2.0,0.0,0.0,0.0,2.0,vitimas
2025,2025-09-01,RO,Furto de veículo,0.0,126.0,0.0,0.0,0.0,0.0,126.0,ocorrencias
2025,2025-09-01,RO,Homicídio doloso,31.0,0.0,1.0,29.0,1.0,0.0,31.0,vitimas
2025,2025-09-01,RO,Lesão corporal seguida de morte,0.0,0.0,0.0,0.0,0.0,0.0,0.0,vitimas
2025,2025-09-01,RO,Mandado de prisão cumprido,0.0,456.0,0.0,0.0,0.0,0.0,456.0,ocorrencias
2025,2025-09-01,RO,Morte de Agente do Estado,0.0,0.0,0.0,0.0,0.0,0.0,0.0,vitimas
2025,2025-09-01,RO,Morte no trânsito ou em decorrência dele (exceto homicídio doloso),30.0,0.0,2.0,28.0,0.0,0.0,30.0,vitimas
2025,2025-09-01,RO,Morte por intervenção de Agente do Estado,2.0,0.0,0.0,2.0,0.0,0.0,2.0,vitimas
2025,2025-09-01,RO,Mortes a esclarecer (sem indício de crime),39.0,0.0,9.0,30.0,0.0,0.0,39.0,vitimas
2025,2025-09-01,RO,Mortes no trânsito,10.0,0.0,1.0,9.0,0.0,0.0,10.0,vitimas
2025,2025-09-01,RO,Pessoa Desaparecida,70.0,0.0,22.0,47.0,1.0,0.0,70.0,vitimas
2025,2025-09-01,RO,Pessoa Localizada,4.0,0.0,4.0,0.0,0.0,0.0,4.0,vitimas
2025,2025-09-01,RO,Realização de vistorias,0.0,1374.0,0.0,0.0,0.0,0.0,1374.0,ocorrencias
2025,2025-09-01,RO,Roubo a instituição financeira,0.0,0.0,0.0,0.0,0.0,0.0,0.0,ocorrencias
2025,2025-09-01,RO,Roubo de carga,0.0,0.0,0.0,0.0,0.0,0.0,0.0,ocorrencias
2025,2025-09-01,RO,Roubo de veículo,0.0,36.0,0.0,0.0,0.0,0.0,36.0,ocorrencias
2025,2025-09-01,RO,Roubo seguido de morte (latrocínio),0.0,0.0,0.0,0.0,0.0,0.0,0.0,vitimas
2025,2025-09-01,RO,Suicídio,22.0,0.0,6.0,16.0,0.0,0.0,22.0,vitimas
2025,2025-09-01,RO,Suicídio de Agente do Estado,0.0,0.0,0.0,0.0,0.0,0.0,0.0,vitimas
2025,2025-09-01,RO,Tentativa de feminicídio,5.0,0.0,5.0,0.0,0.0,0.0,5.0,vitimas
2025,2025-09-01,RO,Tentativa de homicídio,51.0,0.0,9.0,42.0,0.0,0.0,51.0,vitimas
2025,2025-09-01,RO,Tráfico de drogas,0.0,182.0,0.0,0.0,0.0,0.0,182.0,ocorrencias
2025,2025-09-01,RR,Apreensão de Cocaína,0.0,0.0,0.0,0.0,0.0,7338.0,7338.0,kg
2025,2025-09-01,RR,Apreensão de Maconha,0.0,0.0,0.0,0.0,0.0,3781.0,3781.0,kg
2025,2025-09-01,RR,Arma de Fogo Apreendida,0.0,30.0,0.0,0.0,0.0,0.0,30.0,ocorrencias
2025,2025-09-01,RR,Atendimento pré-hospitalar,0.0,194.0,0.0,0.0,0.0,0.0,194.0,ocorrencias
2025,2025-09-01,RR,Busca e salvamento,0.0,177.0,0.0,0.0,0.0,0.0,177.0,ocorrencias
2025,2025-09-01,RR,Combate a incêndios,0.0,88.0,0.0,0.0,0.0,0.0,88.0,ocorrencias
2025,2025-09-01,RR,Emissão de Alvarás de licença,0.0,106.0,0.0,0.0,0.0,0.0,106.0,ocorrencias
2025,2025-09-01,RR,Estupro,16.0,0.0,15.0,0.0,1.0,0.0,16.0,vitimas
2025,2025-09-01,RR,Estupro de vulnerável,55.0,0.0,43.0,7.0,5.0,0.0,55.0,vitimas
2025,2025-09-01,RR,Feminicídio,0.0,0.0,0.0,0.0,0.0,0.0,0.0,vitimas
2025,2025-09-01,RR,Furto de veículo,0.0,57.0,0.0,0.0,0.0,0.0,57.0,ocorrencias
2025,2025-09-01,RR,Homicídio doloso,11.0,0.0,1.0,10.0,0.0,0.0,11.0,vitimas
2025,2025-09-01,RR,Lesão corporal seguida de morte,0.0,0.0,0.0,0.0,0.0,0.0,0.0,vitimas
2025,2025-09-01,RR,Mandado de prisão cumprido,0.0,112.0,0.0,0.0,0.0,0.0,112.0,ocorrencias
2025,2025-09-01,RR,Morte de Agente do Estado,0.0,0.0,0.0,0.0,0.0,0.0,0.0,vitimas
2025,2025-09-01,RR,Morte no trânsito ou em decorrência dele (exceto homicídio doloso),4.0,0.0,2.0,2.0,0.0,0.0,4.0,vitimas
2025,2025-09-01,RR,Morte por intervenção de Agente do Estado,0.0,0.0,0.0,0.0,0.0,0.0,0.0,vitimas
2025,2025-09-01,RR,Mortes a esclarecer (sem indício de crime),9.0,0.0,3.0,6.0,0.0,0.0,9.0,vitimas
2025,2025-09-01,RR,Mortes no trânsito,3.0,0.0,0.0,3.0,0.0,0.0,3.0,vitimas
2025,2025-09-01,RR,Pessoa Desaparecida,63.0,0.0,38.0,24.0,1.0,0.0,63.0,vitimas
2025,2025-09-01,RR,Pessoa Localizada,24.0,0.0,18.0,6.0,0.0,0.0,24.0,vitimas
2025,2025-09-01,RR,Realização de vistorias,0.0,44.0,0.0,0.0,0.0,0.0,44.0,ocorrencias
2025,2025-09-01,RR,Roubo a instituição financeira,0.0,0.0,0.0,0.0,0.0,0.0,0.0,ocorrencias
2025,2025-09-01,RR,Roubo de carga,0.0,1.0,0.0,0.0,0.0,0.0,1.0,ocorrencias
2025,2025-09-01,RR,Roubo de veículo,0.0,10.0,0.0,0.0,0.0,0.0,10.0,ocorrencias
2025,2025-09-01,RR,Roubo seguido de morte (latrocínio),0.0,0.0,0.0,0.0,0.0,0.0,0.0,vitimas
2025,2025-09-01,RR,Suicídio,6.0,0.0,2.0,4.0,0.0,0.0,6.0,vitimas
2025,2025-09-01,RR,Suicídio de Agente do Estado,0.0,0.0,0.0,0.0,0.0,0.0,0.0,vitimas
2025,2025-09-01,RR,Tentativa de feminicídio,5.0,0.0,5.0,0.0,0.0,0.0,5.0,vitimas
2025,2025-09-01,RR,Tentativa de homicídio,25.0,0.0,4.0,18.0,3.0,0.0,25.0,vitimas
2025,2025-09-01,RR,Tráfico de drogas,0.0,34.0,0.0,0.0,0.0,0.0,34.0,ocorrencias
2025,2025-09-01,RS,Apreensão de Cocaína,0.0,0.0,0.0,0.0,0.0,137892.0,137892.0,kg
2025,2025-09-01,RS,Apreensão de Maconha,0.0,0.0,0.0,0.0,0.0,5726311.0,5726311.0,kg
2025,2025-09-01,RS,Arma de Fogo Apreendida,0.0,717.0,0.0,0.0,0.0,0.0,717.0,ocorrencias
2025,2025-09-01,RS,Atendimento pré-hospitalar,0.0,2393.0,0.0,0.0,0.0,0.0,2393.0,ocorrencias
2025,2025-09-01,RS,Busca e salvamento,0.0,1059.0,0.0,0.0,0.0,0.0,1059.0,ocorrencias
2025,2025-09-01,RS,Combate a incêndios,0.0,1409.0,0.0,0.0,0.0,0.0,1409.0,ocorrencias
2025,2025-09-01,RS,Emissão de Alvarás de licença,0.0,4596.0,0.0,0.0,0.0,0.0,4596.0,ocorrencias
2025,2025-09-01,RS,Estupro,85.0,0.0,79.0,6.0,0.0,0.0,85.0,vitimas
2025,2025-09-01,RS,Estupro de vulnerável,347.0,0.0,294.0,53.0,0.0,0.0,347.0,vitimas
2025,2025-09-01,RS,Feminicídio,4.0,0.0,4.0,0.0,0.0,0.0,4.0,vitimas
2025,2025-09-01,RS,Furto de veículo,0.0,450.0,0.0,0.0,0.0,0.0,450.0,ocorrencias
2025,2025-09-01,RS,Homicídio doloso,79.0,0.0,12.0,67.0,0.0,0.0,79.0,vitimas
2025,2025-09-01,RS,Lesão corporal seguida de morte,2.0,0.0,0.0,2.0,0.0,0.0,2.0,vitimas
2025,2025-09-01,RS,Mandado de prisão cumprido,0.0,1067.0,0.0,0.0,0.0,0.0,1067.0,ocorrencias
2025,2025-09-01,RS,Morte de Agente do Estado,0.0,0.0,0.0,0.0,0.0,0.0,0.0,vitimas
2025,2025-09-01,RS,Morte no trânsito ou em decorrência dele (exceto homicídio doloso),112.0,0.0,22.0,90.0,0.0,0.0,112.0,vitimas
2025,2025-09-01,RS,Morte por intervenção de Agente do Estado,3.0,0.0,0.0,3.0,0.0,0.0,3.0,vitimas
2025,2025-09-01,RS,Mortes a esclarecer (sem indício de crime),78.0,0.0,15.0,63.0,0.0,0.0,78.0,vitimas
2025,2025-09-01,RS,Mortes no trânsito,31.0,0.0,5.0,26.0,0.0,0.0,31.0,vitimas
2025,2025-09-01,RS,Pessoa Desaparecida,560.0,0.0,245.0,315.0,0.0,0.0,560.0,vitimas
2025,2025-09-01,RS,Pessoa Localizada,603.0,0.0,256.0,347.0,0.0,0.0,603.0,vitimas
2025,2025-09-01,RS,Realização de vistorias,0.0,2947.0,0.0,0.0,0.0,0.0,2947.0,ocorrencias
2025,2025-09-01,RS,Roubo a instituição financeira,0.0,0.0,0.0,0.0,0.0,0.0,0.0,ocorrencias
2025,2025-09-01,RS,Roubo de carga,0.0,10.0,0.0,0.0,0.0,0.0,10.0,ocorrencias
2025,2025-09-01,RS,Roubo de veículo,0.0,104.0,0.0,0.0,0.0,0.0,104.0,ocorrencias
2025,2025-09-01,RS,Roubo seguido de morte (latrocínio),4.0,0.0,0.0,4.0,0.0,0.0,4.0,vitimas
2025,2025-09-01,RS,Suicídio,120.0,0.0,35.0,85.0,0.0,0.0,120.0,vitimas
2025,2025-09-01,RS,Suicídio de Agente do Estado,2.0,0.0,0.0,2.0,0.0,0.0,2.0,vitimas
2025,2025-09-01,RS,Tentativa de feminicídio,16.0,0.0,15.0,1.0,0.0,0.0,16.0,vitimas
2025,2025-09-01,RS,Tentativa de homicídio,154.0,0.0,26.0,128.0,0.0,0.0,154.0,vitimas
2025,2025-09-01,RS,Tráfico de drogas,0.0,1475.0,0.0,0.0,0.0,0.0,1475.0,ocorrencias
2025,2025-09-01,SC,Apreensão de Cocaína,0.0,0.0,0.0,0.0,0.0,35139.0,35139.0,kg
2025,2025-09-01,SC,Apreensão de Maconha,0.0,0.0,0.0,0.0,0.0,1168326.0,1168326.0,kg
2025,2025-09-01,SC,Arma de Fogo Apreendida,0.0,168.0,0.0,0.0,0.0,0.0,168.0,ocorrencias
2025,2025-09-01,SC,Atendimento pré-hospitalar,0.0,13463.0,0.0,0.0,0.0,0.0,13463.0,ocorrencias
2025,2025-09-01,SC,Busca e salvamento,0.0,1122.0,0.0,0.0,0.0,0.0,1122.0,ocorrencias
2025,2025-09-01,SC,Combate a incêndios,0.0,754.0,0.0,0.0,0.0,0.0,754.0,ocorrencias
2025,2025-09-01,SC,Emissão de Alvarás de licença,0.0,41076.0,0.0,0.0,0.0,0.0,41076.0,ocorrencias
2025,2025-09-01,SC,Estupro,98.0,0.0,89.0,9.0,0.0,0.0,98.0,vitimas
2025,2025-09-01,SC,Estupro de vulnerável,233.0,0.0,207.0,26.0,0.0,0.0,233.0,vitimas
2025,2025-09-01,SC,Feminicídio,5.0,0.0,5.0,0.0,0.0,0.0,5.0,vitimas
2025,2025-09-01,SC,Furto de veículo,0.0,527.0,0.0,0.0,0.0,0.0,527.0,ocorrencias
2025,2025-09-01,SC,Homicídio doloso,34.0,0.0,4.0,30.0,0.0,0.0,34.0,vitimas
2025,2025-09-01,SC,Lesão corporal seguida de morte,1.0,0.0,0.0,1.0,0.0,0.0,1.0,vitimas
2025,2025-09-01,SC,Mandado de prisão cumprido,0.0,1476.0,0.0,0.0,0.0,0.0,1476.0,ocorrencias
2025,2025-09-01,SC,Morte de Agente do Estado,0.0,0.0,0.0,0.0,0.0,0.0,0.0,vitimas
2025,2025-09-01,SC,Morte no trânsito ou em decorrência dele (exceto homicídio doloso),31.0,0.0,10.0,21.0,0.0,0.0,31.0,vitimas
2025,2025-09-01,SC,Morte por intervenção de Agente do Estado,10.0,0.0,0.0,10.0,0.0,0.0,10.0,vitimas
2025,2025-09-01,SC,Mortes a esclarecer (sem indício de crime),0.0,0.0,0.0,0.0,0.0,0.0,0.0,vitimas
2025,2025-09-01,SC,Mortes no trânsito,27.0,0.0,4.0,23.0,0.0,0.0,27.0,vitimas
2025,2025-09-01,SC,Pessoa Desaparecida,374.0,0.0,164.0,210.0,0.0,0.0,374.0,vitimas
2025,2025-09-01,SC,Pessoa Localizada,437.0,0.0,167.0,270.0,0.0,0.0,437.0,vitimas
2025,2025-09-01,SC,Realização de vistorias,0.0,6594.0,0.0,0.0,0.0,0.0,6594.0,ocorrencias
2025,2025-09-01,SC,Roubo a instituição financeira,0.0,0.0,0.0,0.0,0.0,0.0,0.0,ocorrencias
2025,2025-09-01,SC,Roubo de carga,0.0,3.0,0.0,0.0,0.0,0.0,3.0,ocorrencias
2025,2025-09-01,SC,Roubo de veículo,0.0,45.0,0.0,0.0,0.0,0.0,45.0,ocorrencias
2025,2025-09-01,SC,Roubo seguido de morte (latrocínio),3.0,0.0,1.0,2.0,0.0,0.0,3.0,vitimas
2025,2025-09-01,SC,Suicídio,78.0,0.0,15.0,63.0,0.0,0.0,78.0,vitimas
2025,2025-09-01,SC,Suicídio de Agente do Estado,0.0,0.0,0.0,0.0,0.0,0.0,0.0,vitimas
2025,2025-09-01,SC,Tentativa de feminicídio,12.0,0.0,12.0,0.0,0.0,0.0,12.0,vitimas
2025,2025-09-01,SC,Tentativa de homicídio,110.0,0.0,4.0,106.0,0.0,0.0,110.0,vitimas
2025,2025-09-01,SC,Tráfico de drogas,0.0,586.0,0.0,0.0,0.0,0.0,586.0,ocorrencias
2025,2025-09-01,SE,Apreensão de Cocaína,0.0,0.0,0.0,0.0,0.0,895.0,895.0,kg
2025,2025-09-01,SE,Apreensão de Maconha,0.0,0.0,0.0,0.0,0.0,12634.0,12634.0,kg
2025,2025-09-01,SE,Arma de Fogo Apreendida,0.0,49.0,0.0,0.0,0.0,0.0,49.0,ocorrencias
2025,2025-09-01,SE,Atendimento pré-hospitalar,0.0,74.0,0.0,0.0,0.0,0.0,74.0,ocorrencias
2025,2025-09-01,SE,Busca e salvamento,0.0,502.0,0.0,0.0,0.0,0.0,502.0,ocorrencias
2025,2025-09-01,SE,Combate a incêndios,0.0,100.0,0.0,0.0,0.0,0.0,100.0,ocorrencias
2025,2025-09-01,SE,Emissão de Alvarás de licença,0.0,1164.0,0.0,0.0,0.0,0.0,1164.0,ocorrencias
2025,2025-09-01,SE,Estupro,15.0,0.0,12.0,1.0,2.0,0.0,15.0,vitimas
2025,2025-09-01,SE,Estupro de vulnerável,81.0,0.0,57.0,18.0,6.0,0.0,81.0,vitimas
2025,2025-09-01,SE,Feminicídio,1.0,0.0,1.0,0.0,0.0,0.0,1.0,vitimas
2025,2025-09-01,SE,Furto de veículo,0.0,46.0,0.0,0.0,0.0,0.0,46.0,ocorrencias
2025,2025-09-01,SE,Homicídio doloso,19.0,0.0,0.0,19.0,0.0,0.0,19.0,vitimas
2025,2025-09-01,SE,Lesão corporal seguida de morte,1.0,0.0,0.0,1.0,0.0,0.0,1.0,vitimas
2025,2025-09-01,SE,Mandado de prisão cumprido,0.0,175.0,0.0,0.0,0.0,0.0,175.0,ocorrencias
2025,2025-09-01,SE,Morte de Agente do Estado,0.0,0.0,0.0,0.0,0.0,0.0,0.0,vitimas
2025,2025-09-01,SE,Morte no trânsito ou em decorrência dele (exceto homicídio doloso),17.0,0.0,3.0,13.0,1.0,0.0,17.0,vitimas
2025,2025-09-01,SE,Morte por intervenção de Agente do Estado,16.0,0.0,0.0,16.0,0.0,0.0,16.0,vitimas
2025,2025-09-01,SE,Mortes a esclarecer (sem indício de crime),27.0,0.0,7.0,19.0,1.0,0.0,27.0,vitimas
2025,2025-09-01,SE,Mortes no trânsito,5.0,0.0,0.0,5.0,0.0,0.0,5.0,vitimas
2025,2025-09-01,SE,Pessoa Desaparecida,54.0,0.0,25.0,29.0,0.0,0.0,54.0,vitimas
2025,2025-09-01,SE,Pessoa Localizada,47.0,0.0,23.0,24.0,0.0,0.0,47.0,vitimas
2025,2025-09-01,SE,Realização de vistorias,0.0,294.0,0.0,0.0,0.0,0.0,294.0,ocorrencias
2025,2025-09-01,SE,Roubo a instituição financeira,0.0,0.0,0.0,0.0,0.0,0.0,0.0,ocorrencias
2025,2025-09-01,SE,Roubo de carga,0.0,0.0,0.0,0.0,0.0,0.0,0.0,ocorrencias
2025,2025-09-01,SE,Roubo de veículo,0.0,20.0,0.0,0.0,0.0,0.0,20.0,ocorrencias
2025,2025-09-01,SE,Roubo seguido de morte (latrocínio),0.0,0.0,0.0,0.0,0.0,0.0,0.0,vitimas
2025,2025-09-01,SE,Suicídio,15.0,0.0,2.0,13.0,0.0,0.0,15.0,vitimas
2025,2025-09-01,SE,Suicídio de Agente do Estado,1.0,0.0,0.0,1.0,0.0,0.0,1.0,vitimas
2025,2025-09-01,SE,Tentativa de feminicídio,6.0,0.0,5.0,0.0,1.0,0.0,6.0,vitimas
2025,2025-09-01,SE,Tentativa de homicídio,52.0,0.0,6.0,44.0,2.0,0.0,52.0,vitimas
2025,2025-09-01,SE,Tráfico de drogas,0.0,156.0,0.0,0.0,0.0,0.0,156.0,ocorrencias
2025,2025-09-01,SP,Apreensão de Cocaína,0.0,0.0,0.0,0.0,0.0,643062.0,643062.0,kg
2025,2025-09-01,SP,Apreensão de Maconha,0.0,0.0,0.0,0.0,0.0,25869445.0,25869445.0,kg
2025,2025-09-01,SP,Arma de Fogo Apreendida,0.0,1144.0,0.0,0.0,0.0,0.0,1144.0,ocorrencias
2025,2025-09-01,SP,Atendimento pré-hospitalar,0.0,17284.0,0.0,0.0,0.0,0.0,17284.0,ocorrencias
2025,2025-09-01,SP,Busca e salvamento,0.0,6082.0,0.0,0.0,0.0,0.0,6082.0,ocorrencias
2025,2025-09-01,SP,Combate a incêndios,0.0,9022.0,0.0,0.0,0.0,0.0,9022.0,ocorrencias
2025,2025-09-01,SP,Emissão de Alvarás de licença,0.0,23509.0,0.0,0.0,0.0,0.0,23509.0,ocorrencias
2025,2025-09-01,SP,Estupro,307.0,0.0,275.0,32.0,0.0,0.0,307.0,vitimas
2025,2025-09-01,SP,Estupro de vulnerável,1120.0,0.0,949.0,169.0,2.0,0.0,1120.0,vitimas
2025,2025-09-01,SP,Feminicídio,17.0,0.0,17.0,0.0,0.0,0.0,17.0,vitimas
2025,2025-09-01,SP,Furto de veículo,0.0,7102.0,0.0,0.0,0.0,0.0,7102.0,ocorrencias
2025,2025-09-01,SP,Homicídio doloso,179.0,0.0,12.0,164.0,3.0,0.0,179.0,vitimas
2025,2025-09-01,SP,Lesão corporal seguida de morte,10.0,0.0,1.0,9.0,0.0,0.0,10.0,vitimas
2025,2025-09-01,SP,Mandado de prisão cumprido,0.0,6796.0,0.0,0.0,0.0,0.0,6796.0,ocorrencias
2025,2025-09-01,SP,Morte de Agente do Estado,3.0,0.0,0.0,3.0,0.0,0.0,3.0,vitimas
2025,2025-09-01,SP,Morte no trânsito ou em decorrência dele (exceto homicídio doloso),361.0,0.0,84.0,277.0,0.0,0.0,361.0,vitimas
2025,2025-09-01,SP,Morte por intervenção de Agente do Estado,65.0,0.0,0.0,64.0,1.0,0.0,65.0,vitimas
2025,2025-09-01,SP,Mortes a esclarecer (sem indício de crime),224.0,0.0,39.0,164.0,21.0,0.0,224.0,vitimas
2025,2025-09-01,SP,Mortes no trânsito,19.0,0.0,1.0,18.0,0.0,0.0,19.0,vitimas
2025,2025-09-01,SP,Pessoa Desaparecida,1714.0,0.0,622.0,1090.0,2.0,0.0,1714.0,vitimas
2025,2025-09-01,SP,Pessoa Localizada,1386.0,0.0,524.0,856.0,6.0,0.0,1386.0,vitimas
2025,2025-09-01,SP,Realização de vistorias,0.0,10669.0,0.0,0.0,0.0,0.0,10669.0,ocorrencias
2025,2025-09-01,SP,Roubo a instituição financeira,0.0,0.0,0.0,0.0,0.0,0.0,0.0,ocorrencias
2025,2025-09-01,SP,Roubo de carga,0.0,296.0,0.0,0.0,0.0,0.0,296.0,ocorrencias
2025,2025-09-01,SP,Roubo de veículo,0.0,2016.0,0.0,0.0,0.0,0.0,2016.0,ocorrencias
2025,2025-09-01,SP,Roubo seguido de morte (latrocínio),9.0,0.0,1.0,8.0,0.0,0.0,9.0,vitimas
2025,2025-09-01,SP,Suicídio,253.0,0.0,54.0,199.0,0.0,0.0,253.0,vitimas
2025,2025-09-01,SP,Suicídio de Agente do Estado,5.0,0.0,0.0,5.0,0.0,0.0,5.0,vitimas
2025,2025-09-01,SP,Tentativa de feminicídio,58.0,0.0,58.0,0.0,0.0,0.0,58.0,vitimas
2025,2025-09-01,SP,Tentativa de homicídio,258.0,0.0,36.0,221.0,1.0,0.0,258.0,vitimas
2025,2025-09-01,SP,Tráfico de drogas,0.0,4114.0,0.0,0.0,0.0,0.0,4114.0,ocorrencias
2025,2025-09-01,TO,Apreensão de Cocaína,0.0,0.0,0.0,0.0,0.0,2258.0,2258.0,kg
2025,2025-09-01,TO,Apreensão de Maconha,0.0,0.0,0.0,0.0,0.0,3134.0,3134.0,kg
2025,2025-09-01,TO,Arma de Fogo Apreendida,0.0,60.0,0.0,0.0,0.0,0.0,60.0,ocorrencias
2025,2025-09-01,TO,Atendimento pré-hospitalar,0.0,1820.0,0.0,0.0,0.0,0.0,1820.0,ocorrencias
2025,2025-09-01,TO,Busca e salvamento,0.0,513.0,0.0,0.0,0.0,0.0,513.0,ocorrencias
2025,2025-09-01,TO,Combate a incêndios,0.0,1381.0,0.0,0.0,0.0,0.0,1381.0,ocorrencias
2025,2025-09-01,TO,Emissão de Alvarás de licença,0.0,1277.0,0.0,0.0,0.0,0.0,1277.0,ocorrencias
2025,2025-09-01,TO,Estupro,20.0,0.0,20.0,0.0,0.0,0.0,20.0,vitimas
2025,2025-09-01,TO,Estupro de vulnerável,80.0,0.0,65.0,13.0,2.0,0.0,80.0,vitimas
2025,2025-09-01,TO,Feminicídio,3.0,0.0,2.0,0.0,1.0,0.0,3.0,vitimas
2025,2025-09-01,TO,Furto de veículo,0.0,99.0,0.0,0.0,0.0,0.0,99.0,ocorrencias
2025,2025-09-01,TO,Homicídio doloso,24.0,0.0,1.0,19.0,4.0,0.0,24.0,vitimas
2025,2025-09-01,TO,Lesão corporal seguida de morte,0.0,0.0,0.0,0.0,0.0,0.0,0.0,vitimas
2025,2025-09-01,TO,Mandado de prisão cumprido,0.0,226.0,0.0,0.0,0.0,0.0,226.0,ocorrencias
2025,2025-09-01,TO,Morte de Agente do Estado,0.0,0.0,0.0,0.0,0.0,0.0,0.0,vitimas
2025,2025-09-01,TO,Morte no trânsito ou em decorrência dele (exceto homicídio doloso),69.0,0.0,16.0,52.0,1.0,0.0,69.0,vitimas
2025,2025-09-01,TO,Morte por intervenção de Agente do Estado,2.0,0.0,0.0,2.0,0.0,0.0,2.0,vitimas
2025,2025-09-01,TO,Mortes a esclarecer (sem indício de crime),38.0,0.0,8.0,27.0,3.0,0.0,38.0,vitimas
2025,2025-09-01,TO,Mortes no trânsito,9.0,0.0,3.0,6.0,0.0,0.0,9.0,vitimas
2025,2025-09-01,TO,Pessoa Desaparecida,58.0,0.0,26.0,32.0,0.0,0.0,58.0,vitimas
2025,2025-09-01,TO,Pessoa Localizada,22.0,0.0,11.0,11.0,0.0,0.0,22.0,vitimas
2025,2025-09-01,TO,Realização de vistorias,0.0,1211.0,0.0,0.0,0.0,0.0,1211.0,ocorrencias
2025,2025-09-01,TO,Roubo a instituição financeira,0.0,0.0,0.0,0.0,0.0,0.0,0.0,ocorrencias
2025,2025-09-01,TO,Roubo de carga,0.0,0.0,0.0,0.0,0.0,0.0,0.0,ocorrencias
2025,2025-09-01,TO,Roubo de veículo,0.0,24.0,0.0,0.0,0.0,0.0,24.0,ocorrencias
2025,2025-09-01,TO,Roubo seguido de morte (latrocínio),0.0,0.0,0.0,0.0,0.0,0.0,0.0,vitimas
2025,2025-09-01,TO,Suicídio,15.0,0.0,1.0,14.0,0.0,0.0,15.0,vitimas
2025,2025-09-01,TO,Suicídio de Agente do Estado,1.0,0.0,0.0,1.0,0.0,0.0,1.0,vitimas
2025,2025-09-01,TO,Tentativa de feminicídio,5.0,0.0,5.0,0.0,0.0,0.0,5.0,vitimas
2025,2025-09-01,TO,Tentativa de homicídio,42.0,0.0,6.0,34.0,2.0,0.0,42.0,vitimas
2025,2025-09-01,TO,Tráfico de drogas,0.0,83.0,0.0,0.0,0.0,0.0,83.0,ocorrencias
2025,2025-10-01,AC,Apreensão de Cocaína,0.0,0.0,0.0,0.0,0.0,87955.0,87955.0,kg
2025,2025-10-01,AC,Apreensão de Maconha,0.0,0.0,0.0,0.0,0.0,226416.0,226416.0,kg
2025,2025-10-01,AC,Arma de Fogo Apreendida,0.0,57.0,0.0,0.0,0.0,0.0,57.0,ocorrencias
2025,2025-10-01,AC,Atendimento pré-hospitalar,0.0,43.0,0.0,0.0,0.0,0.0,43.0,ocorrencias
2025,2025-10-01,AC,Busca e salvamento,0.0,3.0,0.0,0.0,0.0,0.0,3.0,ocorrencias
2025,2025-10-01,AC,Combate a incêndios,0.0,370.0,0.0,0.0,0.0,0.0,370.0,ocorrencias
2025,2025-10-01,AC,Emissão de Alvarás de licença,0.0,453.0,0.0,0.0,0.0,0.0,453.0,ocorrencias
2025,2025-10-01,AC,Estupro,12.0,0.0,12.0,0.0,0.0,0.0,12.0,vitimas
2025,2025-10-01,AC,Estupro de vulnerável,53.0,0.0,48.0,5.0,0.0,0.0,53.0,vitimas
2025,2025-10-01,AC,Feminicídio,3.0,0.0,3.0,0.0,0.0,0.0,3.0,vitimas
2025,2025-10-01,AC,Furto de veículo,0.0,79.0,0.0,0.0,0.0,0.0,79.0,ocorrencias
2025,2025-10-01,AC,Homicídio doloso,15.0,0.0,0.0,15.0,0.0,0.0,15.0,vitimas
2025,2025-10-01,AC,Lesão corporal seguida de morte,0.0,0.0,0.0,0.0,0.0,0.0,0.0,vitimas
2025,2025-10-01,AC,Mandado de prisão cumprido,0.0,206.0,0.0,0.0,0.0,0.0,206.0,ocorrencias
2025,2025-10-01,AC,Morte de Agente do Estado,0.0,0.0,0.0,0.0,0.0,0.0,0.0,vitimas
2025,2025-10-01,AC,Morte no trânsito ou em decorrência dele (exceto homicídio doloso),10.0,0.0,1.0,9.0,0.0,0.0,10.0,vitimas
2025,2025-10-01,AC,Morte por intervenção de Agente do Estado,0.0,0.0,0.0,0.0,0.0,0.0,0.0,vitimas
2025,2025-10-01,AC,Mortes a esclarecer (sem indício de crime),9.0,0.0,3.0,6.0,0.0,0.0,9.0,vitimas
2025,2025-10-01,AC,Mortes no trânsito,2.0,0.0,0.0,2.0,0.0,0.0,2.0,vitimas
2025,2025-10-01,AC,Pessoa Desaparecida,45.0,0.0,23.0,21.0,1.0,0.0,45.0,vitimas
2025,2025-10-01,AC,Pessoa Localizada,32.0,0.0,16.0,16.0,0.0,0.0,32.0,vitimas
2025,2025-10-01,AC,Realização de vistorias,0.0,561.0,0.0,0.0,0.0,0.0,561.0,ocorrencias
2025,2025-10-01,AC,Roubo a instituição financeira,0.0,0.0,0.0,0.0,0.0,0.0,0.0,ocorrencias
2025,2025-10-01,AC,Roubo de carga,0.0,0.0,0.0,0.0,0.0,0.0,0.0,ocorrencias
2025,2025-10-01,AC,Roubo de veículo,0.0,48.0,0.0,0.0,0.0,0.0,48.0,ocorrencias
2025,2025-10-01,AC,Roubo seguido de morte (latrocínio),0.0,0.0,0.0,0.0,0.0,0.0,0.0,vitimas
2025,2025-10-01,AC,Suicídio,3.0,0.0,0.0,3.0,0.0,0.0,3.0,vitimas
2025,2025-10-01,AC,Suicídio de Agente do Estado,0.0,0.0,0.0,0.0,0.0,0.0,0.0,vitimas
2025,2025-10-01,AC,Tentativa de feminicídio,6.0,0.0,6.0,0.0,0.0,0.0,6.0,vitimas
2025,2025-10-01,AC,Tentativa de homicídio,34.0,0.0,2.0,30.0,2.0,0.0,34.0,vitimas
2025,2025-10-01,AC,Tráfico de drogas,0.0,53.0,0.0,0.0,0.0,0.0,53.0,ocorrencias
2025,2025-10-01,AL,Apreensão de Cocaína,0.0,0.0,0.0,0.0,0.0,17795.0,17795.0,kg
2025,2025-10-01,AL,Apreensão de Maconha,0.0,0.0,0.0,0.0,0.0,134.0,134.0,kg
2025,2025-10-01,AL,Arma de Fogo Apreendida,0.0,157.0,0.0,0.0,0.0,0.0,157.0,ocorrencias
2025,2025-10-01,AL,Atendimento pré-hospitalar,0.0,465.0,0.0,0.0,0.0,0.0,465.0,ocorrencias
2025,2025-10-01,AL,Busca e salvamento,0.0,334.0,0.0,0.0,0.0,0.0,334.0,ocorrencias
2025,2025-10-01,AL,Combate a incêndios,0.0,154.0,0.0,0.0,0.0,0.0,154.0,ocorrencias
2025,2025-10-01,AL,Emissão de Alvarás de licença,0.0,930.0,0.0,0.0,0.0,0.0,930.0,ocorrencias
2025,2025-10-01,AL,Estupro,21.0,0.0,20.0,1.0,0.0,0.0,21.0,vitimas
2025,2025-10-01,AL,Estupro de vulnerável,71.0,0.0,64.0,7.0,0.0,0.0,71.0,vitimas
2025,2025-10-01,AL,Feminicídio,4.0,0.0,4.0,0.0,0.0,0.0,4.0,vitimas
2025,2025-10-01,AL,Furto de veículo,0.0,123.0,0.0,0.0,0.0,0.0,123.0,ocorrencias
2025,2025-10-01,AL,Homicídio doloso,72.0,0.0,10.0,62.0,0.0,0.0,72.0,vitimas
2025,2025-10-01,AL,Lesão corporal seguida de morte,0.0,0.0,0.0,0.0,0.0,0.0,0.0,vitimas
2025,2025-10-01,AL,Mandado de prisão cumprido,0.0,368.0,0.0,0.0,0.0,0.0,368.0,ocorrencias
2025,2025-10-01,AL,Morte de Agente do Estado,0.0,0.0,0.0,0.0,0.0,0.0,0.0,vitimas
2025,2025-10-01,AL,Morte no trânsito ou em decorrência dele (exceto homicídio doloso),17.0,0.0,3.0,10.0,4.0,0.0,17.0,vitimas
2025,2025-10-01,AL,Morte por intervenção de Agente do Estado,14.0,0.0,0.0,14.0,0.0,0.0,14.0,vitimas
2025,2025-10-01,AL,Mortes a esclarecer (sem indício de crime),59.0,0.0,18.0,32.0,9.0,0.0,59.0,vitimas
2025,2025-10-01,AL,Mortes no trânsito,1.0,0.0,0.0,1.0,0.0,0.0,1.0,vitimas
2025,2025-10-01,AL,Pessoa Desaparecida,74.0,0.0,23.0,51.0,0.0,0.0,74.0,vitimas
2025,2025-10-01,AL,Pessoa Localizada,50.0,0.0,18.0,31.0,1.0,0.0,50.0,vitimas
2025,2025-10-01,AL,Realização de vistorias,0.0,1306.0,0.0,0.0,0.0,0.0,1306.0,ocorrencias
2025,2025-10-01,AL,Roubo a instituição financeira,0.0,0.0,0.0,0.0,0.0,0.0,0.0,ocorrencias
2025,2025-10-01,AL,Roubo de carga,0.0,1.0,0.0,0.0,0.0,0.0,1.0,ocorrencias
2025,2025-10-01,AL,Roubo de veículo,0.0,95.0,0.0,0.0,0.0,0.0,95.0,ocorrencias
2025,2025-10-01,AL,Roubo seguido de morte (latrocínio),0.0,0.0,0.0,0.0,0.0,0.0,0.0,vitimas
2025,2025-10-01,AL,Suicídio,19.0,0.0,4.0,15.0,0.0,0.0,19.0,vitimas
2025,2025-10-01,AL,Suicídio de Agente do Estado,2.0,0.0,0.0,2.0,0.0,0.0,2.0,vitimas
2025,2025-10-01,AL,Tentativa de feminicídio,4.0,0.0,4.0,0.0,0.0,0.0,4.0,vitimas
2025,2025-10-01,AL,Tentativa de homicídio,75.0,0.0,11.0,61.0,3.0,0.0,75.0,vitimas
2025,2025-10-01,AL,Tráfico de drogas,0.0,151.0,0.0,0.0,0.0,0.0,151.0,ocorrencias
2025,2025-10-01,AM,Apreensão de Cocaína,0.0,0.0,0.0,0.0,0.0,1338944.0,1338944.0,kg
2025,2025-10-01,AM,Apreensão de Maconha,0.0,0.0,0.0,0.0,0.0,1663512.0,1663512.0,kg
2025,2025-10-01,AM,Arma de Fogo Apreendida,0.0,129.0,0.0,0.0,0.0,0.0,129.0,ocorrencias
2025,2025-10-01,AM,Atendimento pré-hospitalar,0.0,210.0,0.0,0.0,0.0,0.0,210.0,ocorrencias
2025,2025-10-01,AM,Busca e salvamento,0.0,383.0,0.0,0.0,0.0,0.0,383.0,ocorrencias
2025,2025-10-01,AM,Combate a incêndios,0.0,215.0,0.0,0.0,0.0,0.0,215.0,ocorrencias
2025,2025-10-01,AM,Emissão de Alvarás de licença,0.0,376.0,0.0,0.0,0.0,0.0,376.0,ocorrencias
2025,2025-10-01,AM,Estupro,36.0,0.0,34.0,2.0,0.0,0.0,36.0,vitimas
2025,2025-10-01,AM,Estupro de vulnerável,124.0,0.0,113.0,11.0,0.0,0.0,124.0,vitimas
2025,2025-10-01,AM,Feminicídio,2.0,0.0,2.0,0.0,0.0,0.0,2.0,vitimas
2025,2025-10-01,AM,Furto de veículo,0.0,131.0,0.0,0.0,0.0,0.0,131.0,ocorrencias
2025,2025-10-01,AM,Homicídio doloso,56.0,0.0,5.0,51.0,0.0,0.0,56.0,vitimas
2025,2025-10-01,AM,Lesão corporal seguida de morte,0.0,0.0,0.0,0.0,0.0,0.0,0.0,vitimas
2025,2025-10-01,AM,Mandado de prisão cumprido,0.0,402.0,0.0,0.0,0.0,0.0,402.0,ocorrencias
2025,2025-10-01,AM,Morte de Agente do Estado,0.0,0.0,0.0,0.0,0.0,0.0,0.0,vitimas
2025,2025-10-01,AM,Morte no trânsito ou em decorrência dele (exceto homicídio doloso),16.0,0.0,1.0,15.0,0.0,0.0,16.0,vitimas
2025,2025-10-01,AM,Morte por intervenção de Agente do Estado,3.0,0.0,0.0,3.0,0.0,0.0,3.0,vitimas
2025,2025-10-01,AM,Mortes a esclarecer (sem indício de crime),0.0,0.0,0.0,0.0,0.0,0.0,0.0,vitimas
2025,2025-10-01,AM,Mortes no trânsito,2.0,0.0,0.0,2.0,0.0,0.0,2.0,vitimas
2025,2025-10-01,AM,Pessoa Desaparecida,83.0,0.0,42.0,41.0,0.0,0.0,83.0,vitimas
2025,2025-10-01,AM,Pessoa Localizada,66.0,0.0,33.0,33.0,0.0,0.0,66.0,vitimas
2025,2025-10-01,AM,Realização de vistorias,0.0,398.0,0.0,0.0,0.0,0.0,398.0,ocorrencias
2025,2025-10-01,AM,Roubo a instituição financeira,0.0,0.0,0.0,0.0,0.0,0.0,0.0,ocorrencias
2025,2025-10-01,AM,Roubo de carga,0.0,1.0,0.0,0.0,0.0,0.0,1.0,ocorrencias
2025,2025-10-01,AM,Roubo de veículo,0.0,46.0,0.0,0.0,0.0,0.0,46.0,ocorrencias
2025,2025-10-01,AM,Roubo seguido de morte (latrocínio),3.0,0.0,1.0,2.0,0.0,0.0,3.0,vitimas
2025,2025-10-01,AM,Suicídio,15.0,0.0,1.0,14.0,0.0,0.0,15.0,vitimas
2025,2025-10-01,AM,Suicídio de Agente do Estado,0.0,0.0,0.0,0.0,0.0,0.0,0.0,vitimas
2025,2025-10-01,AM,Tentativa de feminicídio,11.0,0.0,11.0,0.0,0.0,0.0,11.0,vitimas
2025,2025-10-01,AM,Tentativa de homicídio,51.0,0.0,6.0,45.0,0.0,0.0,51.0,vitimas
2025,2025-10-01,AM,Tráfico de drogas,0.0,336.0,0.0,0.0,0.0,0.0,336.0,ocorrencias
2025,2025-10-01,AP,Apreensão de Cocaína,0.0,0.0,0.0,0.0,0.0,6914.0,6914.0,kg
2025,2025-10-01,AP,Apreensão de Maconha,0.0,0.0,0.0,0.0,0.0,727.0,727.0,kg
2025,2025-10-01,AP,Arma de Fogo Apreendida,0.0,46.0,0.0,0.0,0.0,0.0,46.0,ocorrencias
2025,2025-10-01,AP,Atendimento pré-hospitalar,0.0,750.0,0.0,0.0,0.0,0.0,750.0,ocorrencias
2025,2025-10-01,AP,Busca e salvamento,0.0,273.0,0.0,0.0,0.0,0.0,273.0,ocorrencias
2025,2025-10-01,AP,Combate a incêndios,0.0,423.0,0.0,0.0,0.0,0.0,423.0,ocorrencias
2025,2025-10-01,AP,Emissão de Alvarás de licença,0.0,172.0,0.0,0.0,0.0,0.0,172.0,ocorrencias
2025,2025-10-01,AP,Estupro,12.0,0.0,11.0,1.0,0.0,0.0,12.0,vitimas
2025,2025-10-01,AP,Estupro de vulnerável,42.0,0.0,39.0,2.0,1.0,0.0,42.0,vitimas
2025,2025-10-01,AP,Feminicídio,1.0,0.0,1.0,0.0,0.0,0.0,1.0,vitimas
2025,2025-10-01,AP,Furto de veículo,0.0,33.0,0.0,0.0,0.0,0.0,33.0,ocorrencias
2025,2025-10-01,AP,Homicídio doloso,17.0,0.0,0.0,17.0,0.0,0.0,17.0,vitimas
2025,2025-10-01,AP,Lesão corporal seguida de morte,2.0,0.0,0.0,2.0,0.0,0.0,2.0,vitimas
2025,2025-10-01,AP,Mandado de prisão cumprido,0.0,135.0,0.0,0.0,0.0,0.0,135.0,ocorrencias
2025,2025-10-01,AP,Morte de Agente do Estado,0.0,0.0,0.0,0.0,0.0,0.0,0.0,vitimas
2025,2025-10-01,AP,Morte no trânsito ou em decorrência dele (exceto homicídio doloso),9.0,0.0,0.0,9.0,0.0,0.0,9.0,vitimas
2025,2025-10-01,AP,Morte por intervenção de Agente do Estado,6.0,0.0,0.0,6.0,0.0,0.0,6.0,vitimas
2025,2025-10-01,AP,Mortes a esclarecer (sem indício de crime),0.0,0.0,0.0,0.0,0.0,0.0,0.0,vitimas
2025,2025-10-01,AP,Mortes no trânsito,0.0,0.0,0.0,0.0,0.0,0.0,0.0,vitimas
2025,2025-10-01,AP,Pessoa Desaparecida,41.0,0.0,26.0,15.0,0.0,0.0,41.0,vitimas
2025,2025-10-01,AP,Pessoa Localizada,32.0,0.0,20.0,12.0,0.0,0.0,32.0,vitimas
2025,2025-10-01,AP,Realização de vistorias,0.0,415.0,0.0,0.0,0.0,0.0,415.0,ocorrencias
2025,2025-10-01,AP,Roubo a instituição financeira,0.0,0.0,0.0,0.0,0.0,0.0,0.0,ocorrencias
2025,2025-10-01,AP,Roubo de carga,0.0,0.0,0.0,0.0,0.0,0.0,0.0,ocorrencias
2025,2025-10-01,AP,Roubo de veículo,0.0,4.0,0.0,0.0,0.0,0.0,4.0,ocorrencias
2025,2025-10-01,AP,Roubo seguido de morte (latrocínio),0.0,0.0,0.0,0.0,0.0,0.0,0.0,vitimas
2025,2025-10-01,AP,Suicídio,8.0,0.0,4.0,4.0,0.0,0.0,8.0,vitimas
2025,2025-10-01,AP,Suicídio de Agente do Estado,0.0,0.0,0.0,0.0,0.0,0.0,0.0,vitimas
2025,2025-10-01,AP,Tentativa de feminicídio,5.0,0.0,5.0,0.0,0.0,0.0,5.0,vitimas
2025,2025-10-01,AP,Tentativa de homicídio,22.0,0.0,4.0,17.0,1.0,0.0,22.0,vitimas
2025,2025-10-01,AP,Tráfico de drogas,0.0,90.0,0.0,0.0,0.0,0.0,90.0,ocorrencias
2025,2025-10-01,BA,Apreensão de Cocaína,0.0,0.0,0.0,0.0,0.0,508647.0,508647.0,kg
2025,2025-10-01,BA,Apreensão de Maconha,0.0,0.0,0.0,0.0,0.0,53843747.0,53843747.0,kg
2025,2025-10-01,BA,Arma de Fogo Apreendida,0.0,708.0,0.0,0.0,0.0,0.0,708.0,ocorrencias
2025,2025-10-01,BA,Atendimento pré-hospitalar,0.0,427.0,0.0,0.0,0.0,0.0,427.0,ocorrencias
2025,2025-10-01,BA,Busca e salvamento,0.0,733.0,0.0,0.0,0.0,0.0,733.0,ocorrencias
2025,2025-10-01,BA,Combate a incêndios,0.0,897.0,0.0,0.0,0.0,0.0,897.0,ocorrencias
2025,2025-10-01,BA,Emissão de Alvarás de licença,0.0,3902.0,0.0,0.0,0.0,0.0,3902.0,ocorrencias
2025,2025-10-01,BA,Estupro,94.0,0.0,89.0,3.0,2.0,0.0,94.0,vitimas
2025,2025-10-01,BA,Estupro de vulnerável,354.0,0.0,297.0,49.0,8.0,0.0,354.0,vitimas
2025,2025-10-01,BA,Feminicídio,10.0,0.0,10.0,0.0,0.0,0.0,10.0,vitimas
2025,2025-10-01,BA,Furto de veículo,0.0,554.0,0.0,0.0,0.0,0.0,554.0,ocorrencias
2025,2025-10-01,BA,Homicídio doloso,269.0,0.0,15.0,254.0,0.0,0.0,269.0,vitimas
2025,2025-10-01,BA,Lesão corporal seguida de morte,11.0,0.0,1.0,10.0,0.0,0.0,11.0,vitimas
2025,2025-10-01,BA,Mandado de prisão cumprido,0.0,998.0,0.0,0.0,0.0,0.0,998.0,ocorrencias
2025,2025-10-01,BA,Morte de Agente do Estado,0.0,0.0,0.0,0.0,0.0,0.0,0.0,vitimas
2025,2025-10-01,BA,Morte no trânsito ou em decorrência dele (exceto homicídio doloso),57.0,0.0,14.0,41.0,2.0,0.0,57.0,vitimas
2025,2025-10-01,BA,Morte por intervenção de Agente do Estado,117.0,0.0,1.0,116.0,0.0,0.0,117.0,vitimas
2025,2025-10-01,BA,Mortes a esclarecer (sem indício de crime),79.0,0.0,29.0,47.0,3.0,0.0,79.0,vitimas
2025,2025-10-01,BA,Mortes no trânsito,53.0,0.0,9.0,44.0,0.0,0.0,53.0,vitimas
2025,2025-10-01,BA,Pessoa Desaparecida,341.0,0.0,117.0,218.0,6.0,0.0,341.0,vitimas
2025,2025-10-01,BA,Pessoa Localizada,74.0,0.0,24.0,47.0,3.0,0.0,74.0,vitimas
2025,2025-10-01,BA,Realização de vistorias,0.0,1351.0,0.0,0.0,0.0,0.0,1351.0,ocorrencias
2025,2025-10-01,BA,Roubo a instituição financeira,0.0,0.0,0.0,0.0,0.0,0.0,0.0,ocorrencias
2025,2025-10-01,BA,Roubo de carga,0.0,21.0,0.0,0.0,0.0,0.0,21.0,ocorrencias
2025,2025-10-01,BA,Roubo de veículo,0.0,725.0,0.0,0.0,0.0,0.0,725.0,ocorrencias
2025,2025-10-01,BA,Roubo seguido de morte (latrocínio),11.0,0.0,3.0,8.0,0.0,0.0,11.0,vitimas
2025,2025-10-01,BA,Suicídio,68.0,0.0,16.0,52.0,0.0,0.0,68.0,vitimas
2025,2025-10-01,BA,Suicídio de Agente do Estado,2.0,0.0,0.0,2.0,0.0,0.0,2.0,vitimas
2025,2025-10-01,BA,Tentativa de feminicídio,25.0,0.0,25.0,0.0,0.0,0.0,25.0,vitimas
2025,2025-10-01,BA,Tentativa de homicídio,233.0,0.0,28.0,193.0,12.0,0.0,233.0,vitimas
2025,2025-10-01,BA,Tráfico de drogas,0.0,707.0,0.0,0.0,0.0,0.0,707.0,ocorrencias
2025,2025-10-01,CE,Apreensão de Cocaína,0.0,0.0,0.0,0.0,0.0,36567.0,36567.0,kg
2025,2025-10-01,CE,Apreensão de Maconha,0.0,0.0,0.0,0.0,0.0,38838.0,38838.0,kg
2025,2025-10-01,CE,Arma de Fogo Apreendida,0.0,722.0,0.0,0.0,0.0,0.0,722.0,ocorrencias
2025,2025-10-01,CE,Atendimento pré-hospitalar,0.0,59.0,0.0,0.0,0.0,0.0,59.0,ocorrencias
2025,2025-10-01,CE,Busca e salvamento,0.0,1543.0,0.0,0.0,0.0,0.0,1543.0,ocorrencias
2025,2025-10-01,CE,Combate a incêndios,0.0,1691.0,0.0,0.0,0.0,0.0,1691.0,ocorrencias
2025,2025-10-01,CE,Emissão de Alvarás de licença,0.0,3684.0,0.0,0.0,0.0,0.0,3684.0,ocorrencias
2025,2025-10-01,CE,Estupro,37.0,0.0,31.0,6.0,0.0,0.0,37.0,vitimas
2025,2025-10-01,CE,Estupro de vulnerável,137.0,0.0,118.0,18.0,1.0,0.0,137.0,vitimas
2025,2025-10-01,CE,Feminicídio,5.0,0.0,5.0,0.0,0.0,0.0,5.0,vitimas
2025,2025-10-01,CE,Furto de veículo,0.0,514.0,0.0,0.0,0.0,0.0,514.0,ocorrencias
2025,2025-10-01,CE,Homicídio doloso,272.0,0.0,28.0,244.0,0.0,0.0,272.0,vitimas
2025,2025-10-01,CE,Lesão corporal seguida de morte,3.0,0.0,1.0,2.0,0.0,0.0,3.0,vitimas
2025,2025-10-01,CE,Mandado de prisão cumprido,0.0,769.0,0.0,0.0,0.0,0.0,769.0,ocorrencias
2025,2025-10-01,CE,Morte de Agente do Estado,1.0,0.0,0.0,1.0,0.0,0.0,1.0,vitimas
2025,2025-10-01,CE,Morte no trânsito ou em decorrência dele (exceto homicídio doloso),182.0,0.0,24.0,157.0,1.0,0.0,182.0,vitimas
2025,2025-10-01,CE,Morte por intervenção de Agente do Estado,41.0,0.0,1.0,40.0,0.0,0.0,41.0,vitimas
2025,2025-10-01,CE,Mortes a esclarecer (sem indício de crime),32.0,0.0,7.0,25.0,0.0,0.0,32.0,vitimas
2025,2025-10-01,CE,Mortes no trânsito,12.0,0.0,2.0,10.0,0.0,0.0,12.0,vitimas
2025,2025-10-01,CE,Pessoa Desaparecida,188.0,0.0,49.0,139.0,0.0,0.0,188.0,vitimas
2025,2025-10-01,CE,Pessoa Localizada,124.0,0.0,37.0,87.0,0.0,0.0,124.0,vitimas
2025,2025-10-01,CE,Realização de vistorias,0.0,4829.0,0.0,0.0,0.0,0.0,4829.0,ocorrencias
2025,2025-10-01,CE,Roubo a instituição financeira,0.0,0.0,0.0,0.0,0.0,0.0,0.0,ocorrencias
2025,2025-10-01,CE,Roubo de carga,0.0,3.0,0.0,0.0,0.0,0.0,3.0,ocorrencias
2025,2025-10-01,CE,Roubo de veículo,0.0,405.0,0.0,0.0,0.0,0.0,405.0,ocorrencias
2025,2025-10-01,CE,Roubo seguido de morte (latrocínio),4.0,0.0,0.0,4.0,0.0,0.0,4.0,vitimas
2025,2025-10-01,CE,Suicídio,71.0,0.0,20.0,51.0,0.0,0.0,71.0,vitimas
2025,2025-10-01,CE,Suicídio de Agente do Estado,1.0,0.0,0.0,1.0,0.0,0.0,1.0,vitimas
2025,2025-10-01,CE,Tentativa de feminicídio,9.0,0.0,9.0,0.0,0.0,0.0,9.0,vitimas
2025,2025-10-01,CE,Tentativa de homicídio,121.0,0.0,25.0,96.0,0.0,0.0,121.0,vitimas
2025,2025-10-01,CE,Tráfico de drogas,0.0,694.0,0.0,0.0,0.0,0.0,694.0,ocorrencias
2025,2025-10-01,DF,Apreensão de Cocaína,0.0,0.0,0.0,0.0,0.0,2056.0,2056.0,kg
2025,2025-10-01,DF,Apreensão de Maconha,0.0,0.0,0.0,0.0,0.0,5749.0,5749.0,kg
2025,2025-10-01,DF,Arma de Fogo Apreendida,0.0,130.0,0.0,0.0,0.0,0.0,130.0,ocorrencias
2025,2025-10-01,DF,Atendimento pré-hospitalar,0.0,11212.0,0.0,0.0,0.0,0.0,11212.0,ocorrencias
2025,2025-10-01,DF,Busca e salvamento,0.0,7741.0,0.0,0.0,0.0,0.0,7741.0,ocorrencias
2025,2025-10-01,DF,Combate a incêndios,0.0,6428.0,0.0,0.0,0.0,0.0,6428.0,ocorrencias
2025,2025-10-01,DF,Emissão de Alvarás de licença,0.0,11654.0,0.0,0.0,0.0,0.0,11654.0,ocorrencias
2025,2025-10-01,DF,Estupro,24.0,0.0,24.0,0.0,0.0,0.0,24.0,vitimas
2025,2025-10-01,DF,Estupro de vulnerável,58.0,0.0,50.0,8.0,0.0,0.0,58.0,vitimas
2025,2025-10-01,DF,Feminicídio,2.0,0.0,2.0,0.0,0.0,0.0,2.0,vitimas
2025,2025-10-01,DF,Furto de veículo,0.0,252.0,0.0,0.0,0.0,0.0,252.0,ocorrencias
2025,2025-10-01,DF,Homicídio doloso,16.0,0.0,0.0,16.0,0.0,0.0,16.0,vitimas
2025,2025-10-01,DF,Lesão corporal seguida de morte,0.0,0.0,0.0,0.0,0.0,0.0,0.0,vitimas
2025,2025-10-01,DF,Mandado de prisão cumprido,0.0,689.0,0.0,0.0,0.0,0.0,689.0,ocorrencias
2025,2025-10-01,DF,Morte de Agente do Estado,1.0,0.0,0.0,1.0,0.0,0.0,1.0,vitimas
2025,2025-10-01,DF,Morte no trânsito ou em decorrência dele (exceto homicídio doloso),23.0,0.0,3.0,20.0,0.0,0.0,23.0,vitimas
2025,2025-10-01,DF,Morte por intervenção de Agente do Estado,0.0,0.0,0.0,0.0,0.0,0.0,0.0,vitimas
2025,2025-10-01,DF,Mortes a esclarecer (sem indício de crime),0.0,0.0,0.0,0.0,0.0,0.0,0.0,vitimas
2025,2025-10-01,DF,Mortes no trânsito,4.0,0.0,1.0,3.0,0.0,0.0,4.0,vitimas
2025,2025-10-01,DF,Pessoa Desaparecida,203.0,0.0,73.0,130.0,0.0,0.0,203.0,vitimas
2025,2025-10-01,DF,Pessoa Localizada,196.0,0.0,72.0,124.0,0.0,0.0,196.0,vitimas
2025,2025-10-01,DF,Realização de vistorias,0.0,945.0,0.0,0.0,0.0,0.0,945.0,ocorrencias
2025,2025-10-01,DF,Roubo a instituição financeira,0.0,0.0,0.0,0.0,0.0,0.0,0.0,ocorrencias
2025,2025-10-01,DF,Roubo de carga,0.0,0.0,0.0,0.0,0.0,0.0,0.0,ocorrencias
2025,2025-10-01,DF,Roubo de veículo,0.0,79.0,0.0,0.0,0.0,0.0,79.0,ocorrencias
2025,2025-10-01,DF,Roubo seguido de morte (latrocínio),2.0,0.0,0.0,2.0,0.0,0.0,2.0,vitimas
2025,2025-10-01,DF,Suicídio,17.0,0.0,3.0,14.0,0.0,0.0,17.0,vitimas
2025,2025-10-01,DF,Suicídio de Agente do Estado,0.0,0.0,0.0,0.0,0.0,0.0,0.0,vitimas
2025,2025-10-01,DF,Tentativa de feminicídio,12.0,0.0,12.0,0.0,0.0,0.0,12.0,vitimas
2025,2025-10-01,DF,Tentativa de homicídio,42.0,0.0,3.0,39.0,0.0,0.0,42.0,vitimas
2025,2025-10-01,DF,Tráfico de drogas,0.0,257.0,0.0,0.0,0.0,0.0,257.0,ocorrencias
2025,2025-10-01,ES,Apreensão de Cocaína,0.0,0.0,0.0,0.0,0.0,38909.0,38909.0,kg
2025,2025-10-01,ES,Apreensão de Maconha,0.0,0.0,0.0,0.0,0.0,5603.0,5603.0,kg
2025,2025-10-01,ES,Arma de Fogo Apreendida,0.0,305.0,0.0,0.0,0.0,0.0,305.0,ocorrencias
2025,2025-10-01,ES,Atendimento pré-hospitalar,0.0,808.0,0.0,0.0,0.0,0.0,808.0,ocorrencias
2025,2025-10-01,ES,Busca e salvamento,0.0,358.0,0.0,0.0,0.0,0.0,358.0,ocorrencias
2025,2025-10-01,ES,Combate a incêndios,0.0,364.0,0.0,0.0,0.0,0.0,364.0,ocorrencias
2025,2025-10-01,ES,Emissão de Alvarás de licença,0.0,3929.0,0.0,0.0,0.0,0.0,3929.0,ocorrencias
2025,2025-10-01,ES,Estupro,31.0,0.0,27.0,2.0,2.0,0.0,31.0,vitimas
2025,2025-10-01,ES,Estupro de vulnerável,88.0,0.0,65.0,15.0,8.0,0.0,88.0,vitimas
2025,2025-10-01,ES,Feminicídio,3.0,0.0,3.0,0.0,0.0,0.0,3.0,vitimas
2025,2025-10-01,ES,Furto de veículo,0.0,305.0,0.0,0.0,0.0,0.0,305.0,ocorrencias
2025,2025-10-01,ES,Homicídio doloso,72.0,0.0,2.0,69.0,1.0,0.0,72.0,vitimas
2025,2025-10-01,ES,Lesão corporal seguida de morte,2.0,0.0,0.0,2.0,0.0,0.0,2.0,vitimas
2025,2025-10-01,ES,Mandado de prisão cumprido,0.0,611.0,0.0,0.0,0.0,0.0,611.0,ocorrencias
2025,2025-10-01,ES,Morte de Agente do Estado,0.0,0.0,0.0,0.0,0.0,0.0,0.0,vitimas
2025,2025-10-01,ES,Morte no trânsito ou em decorrência dele (exceto homicídio doloso),91.0,0.0,12.0,79.0,0.0,0.0,91.0,vitimas
2025,2025-10-01,ES,Morte por intervenção de Agente do Estado,6.0,0.0,0.0,6.0,0.0,0.0,6.0,vitimas
2025,2025-10-01,ES,Mortes a esclarecer (sem indício de crime),13.0,0.0,3.0,10.0,0.0,0.0,13.0,vitimas
2025,2025-10-01,ES,Mortes no trânsito,10.0,0.0,1.0,9.0,0.0,0.0,10.0,vitimas
2025,2025-10-01,ES,Pessoa Desaparecida,192.0,0.0,74.0,112.0,6.0,0.0,192.0,vitimas
2025,2025-10-01,ES,Pessoa Localizada,37.0,0.0,19.0,16.0,2.0,0.0,37.0,vitimas
2025,2025-10-01,ES,Realização de vistorias,0.0,4078.0,0.0,0.0,0.0,0.0,4078.0,ocorrencias
2025,2025-10-01,ES,Roubo a instituição financeira,0.0,0.0,0.0,0.0,0.0,0.0,0.0,ocorrencias
2025,2025-10-01,ES,Roubo de carga,0.0,0.0,0.0,0.0,0.0,0.0,0.0,ocorrencias
2025,2025-10-01,ES,Roubo de veículo,0.0,97.0,0.0,0.0,0.0,0.0,97.0,ocorrencias
2025,2025-10-01,ES,Roubo seguido de morte (latrocínio),1.0,0.0,0.0,1.0,0.0,0.0,1.0,vitimas
2025,2025-10-01,ES,Suicídio,23.0,0.0,7.0,16.0,0.0,0.0,23.0,vitimas
2025,2025-10-01,ES,Suicídio de Agente do Estado,0.0,0.0,0.0,0.0,0.0,0.0,0.0,vitimas
2025,2025-10-01,ES,Tentativa de feminicídio,3.0,0.0,3.0,0.0,0.0,0.0,3.0,vitimas
2025,2025-10-01,ES,Tentativa de homicídio,98.0,0.0,13.0,83.0,2.0,0.0,98.0,vitimas
2025,2025-10-01,ES,Tráfico de drogas,0.0,490.0,0.0,0.0,0.0,0.0,490.0,ocorrencias
2025,2025-10-01,GO,Apreensão de Cocaína,0.0,0.0,0.0,0.0,0.0,667132.0,667132.0,kg
2025,2025-10-01,GO,Apreensão de Maconha,0.0,0.0,0.0,0.0,0.0,4643401.0,4643401.0,kg
2025,2025-10-01,GO,Arma de Fogo Apreendida,0.0,308.0,0.0,0.0,0.0,0.0,308.0,ocorrencias
2025,2025-10-01,GO,Atendimento pré-hospitalar,0.0,8555.0,0.0,0.0,0.0,0.0,8555.0,ocorrencias
2025,2025-10-01,GO,Busca e salvamento,0.0,2332.0,0.0,0.0,0.0,0.0,2332.0,ocorrencias
2025,2025-10-01,GO,Combate a incêndios,0.0,1826.0,0.0,0.0,0.0,0.0,1826.0,ocorrencias
2025,2025-10-01,GO,Emissão de Alvarás de licença,0.0,10911.0,0.0,0.0,0.0,0.0,10911.0,ocorrencias
2025,2025-10-01,GO,Estupro,73.0,0.0,70.0,1.0,2.0,0.0,73.0,vitimas
2025,2025-10-01,GO,Estupro de vulnerável,258.0,0.0,216.0,37.0,5.0,0.0,258.0,vitimas
2025,2025-10-01,GO,Feminicídio,5.0,0.0,5.0,0.0,0.0,0.0,5.0,vitimas
2025,2025-10-01,GO,Furto de veículo,0.0,231.0,0.0,0.0,0.0,0.0,231.0,ocorrencias
2025,2025-10-01,GO,Homicídio doloso,56.0,0.0,4.0,44.0,8.0,0.0,56.0,vitimas
2025,2025-10-01,GO,Lesão corporal seguida de morte,3.0,0.0,0.0,3.0,0.0,0.0,3.0,vitimas
2025,2025-10-01,GO,Mandado de prisão cumprido,0.0,894.0,0.0,0.0,0.0,0.0,894.0,ocorrencias
2025,2025-10-01,GO,Morte de Agente do Estado,0.0,0.0,0.0,0.0,0.0,0.0,0.0,vitimas
2025,2025-10-01,GO,Morte no trânsito ou em decorrência dele (exceto homicídio doloso),60.0,0.0,8.0,47.0,5.0,0.0,60.0,vitimas
2025,2025-10-01,GO,Morte por intervenção de Agente do Estado,34.0,0.0,0.0,30.0,4.0,0.0,34.0,vitimas
2025,2025-10-01,GO,Mortes a esclarecer (sem indício de crime),46.0,0.0,5.0,29.0,12.0,0.0,46.0,vitimas
2025,2025-10-01,GO,Mortes no trânsito,19.0,0.0,2.0,17.0,0.0,0.0,19.0,vitimas
2025,2025-10-01,GO,Pessoa Desaparecida,329.0,0.0,128.0,197.0,4.0,0.0,329.0,vitimas
2025,2025-10-01,GO,Pessoa Localizada,175.0,0.0,68.0,107.0,0.0,0.0,175.0,vitimas
2025,2025-10-01,GO,Realização de vistorias,0.0,4954.0,0.0,0.0,0.0,0.0,4954.0,ocorrencias
2025,2025-10-01,GO,Roubo a instituição financeira,0.0,0.0,0.0,0.0,0.0,0.0,0.0,ocorrencias
2025,2025-10-01,GO,Roubo de carga,0.0,2.0,0.0,0.0,0.0,0.0,2.0,ocorrencias
2025,2025-10-01,GO,Roubo de veículo,0.0,34.0,0.0,0.0,0.0,0.0,34.0,ocorrencias
2025,2025-10-01,GO,Roubo seguido de morte (latrocínio),1.0,0.0,1.0,0.0,0.0,0.0,1.0,vitimas
2025,2025-10-01,GO,Suicídio,65.0,0.0,11.0,52.0,2.0,0.0,65.0,vitimas
2025,2025-10-01,GO,Suicídio de Agente do Estado,0.0,0.0,0.0,0.0,0.0,0.0,0.0,vitimas
2025,2025-10-01,GO,Tentativa de feminicídio,24.0,0.0,24.0,0.0,0.0,0.0,24.0,vitimas
2025,2025-10-01,GO,Tentativa de homicídio,120.0,0.0,14.0,105.0,1.0,0.0,120.0,vitimas
2025,2025-10-01,GO,Tráfico de drogas,0.0,536.0,0.0,0.0,0.0,0.0,536.0,ocorrencias
2025,2025-10-01,MA,Apreensão de Cocaína,0.0,0.0,0.0,0.0,0.0,9193.0,9193.0,kg
2025,2025-10-01,MA,Apreensão de Maconha,0.0,0.0,0.0,0.0,0.0,893708.0,893708.0,kg
2025,2025-10-01,MA,Arma de Fogo Apreendida,0.0,418.0,0.0,0.0,0.0,0.0,418.0,ocorrencias
2025,2025-10-01,MA,Atendimento pré-hospitalar,0.0,1692.0,0.0,0.0,0.0,0.0,1692.0,ocorrencias
2025,2025-10-01,MA,Busca e salvamento,0.0,868.0,0.0,0.0,0.0,0.0,868.0,ocorrencias
2025,2025-10-01,MA,Combate a incêndios,0.0,1421.0,0.0,0.0,0.0,0.0,1421.0,ocorrencias
2025,2025-10-01,MA,Emissão de Alvarás de licença,0.0,1169.0,0.0,0.0,0.0,0.0,1169.0,ocorrencias
2025,2025-10-01,MA,Estupro,47.0,0.0,46.0,1.0,0.0,0.0,47.0,vitimas
2025,2025-10-01,MA,Estupro de vulnerável,182.0,0.0,161.0,21.0,0.0,0.0,182.0,vitimas
2025,2025-10-01,MA,Feminicídio,2.0,0.0,2.0,0.0,0.0,0.0,2.0,vitimas
2025,2025-10-01,MA,Furto de veículo,0.0,290.0,0.0,0.0,0.0,0.0,290.0,ocorrencias
2025,2025-10-01,MA,Homicídio doloso,155.0,0.0,5.0,150.0,0.0,0.0,155.0,vitimas
2025,2025-10-01,MA,Lesão corporal seguida de morte,4.0,0.0,0.0,4.0,0.0,0.0,4.0,vitimas
2025,2025-10-01,MA,Mandado de prisão cumprido,0.0,557.0,0.0,0.0,0.0,0.0,557.0,ocorrencias
2025,2025-10-01,MA,Morte de Agente do Estado,0.0,0.0,0.0,0.0,0.0,0.0,0.0,vitimas
2025,2025-10-01,MA,Morte no trânsito ou em decorrência dele (exceto homicídio doloso),105.0,0.0,17.0,88.0,0.0,0.0,105.0,vitimas
2025,2025-10-01,MA,Morte por intervenção de Agente do Estado,12.0,0.0,0.0,12.0,0.0,0.0,12.0,vitimas
2025,2025-10-01,MA,Mortes a esclarecer (sem indício de crime),12.0,0.0,7.0,5.0,0.0,0.0,12.0,vitimas
2025,2025-10-01,MA,Mortes no trânsito,27.0,0.0,6.0,21.0,0.0,0.0,27.0,vitimas
2025,2025-10-01,MA,Pessoa Desaparecida,136.0,0.0,49.0,82.0,5.0,0.0,136.0,vitimas
2025,2025-10-01,MA,Pessoa Localizada,19.0,0.0,4.0,15.0,0.0,0.0,19.0,vitimas
2025,2025-10-01,MA,Realização de vistorias,0.0,430.0,0.0,0.0,0.0,0.0,430.0,ocorrencias
2025,2025-10-01,MA,Roubo a instituição financeira,0.0,1.0,0.0,0.0,0.0,0.0,1.0,ocorrencias
2025,2025-10-01,MA,Roubo de carga,0.0,14.0,0.0,0.0,0.0,0.0,14.0,ocorrencias
2025,2025-10-01,MA,Roubo de veículo,0.0,284.0,0.0,0.0,0.0,0.0,284.0,ocorrencias
2025,2025-10-01,MA,Roubo seguido de morte (latrocínio),3.0,0.0,1.0,2.0,0.0,0.0,3.0,vitimas
2025,2025-10-01,MA,Suicídio,45.0,0.0,10.0,35.0,0.0,0.0,45.0,vitimas
2025,2025-10-01,MA,Suicídio de Agente do Estado,0.0,0.0,0.0,0.0,0.0,0.0,0.0,vitimas
2025,2025-10-01,MA,Tentativa de feminicídio,15.0,0.0,15.0,0.0,0.0,0.0,15.0,vitimas
2025,2025-10-01,MA,Tentativa de homicídio,161.0,0.0,25.0,136.0,0.0,0.0,161.0,vitimas
2025,2025-10-01,MA,Tráfico de drogas,0.0,278.0,0.0,0.0,0.0,0.0,278.0,ocorrencias
2025,2025-10-01,MG,Apreensão de Cocaína,0.0,0.0,0.0,0.0,0.0,679265.0,679265.0,kg
2025,2025-10-01,MG,Apreensão de Maconha,0.0,0.0,0.0,0.0,0.0,4484556.0,4484556.0,kg
2025,2025-10-01,MG,Arma de Fogo Apreendida,0.0,1213.0,0.0,0.0,0.0,0.0,1213.0,ocorrencias
2025,2025-10-01,MG,Atendimento pré-hospitalar,0.0,6798.0,0.0,0.0,0.0,0.0,6798.0,ocorrencias
2025,2025-10-01,MG,Busca e salvamento,0.0,5464.0,0.0,0.0,0.0,0.0,5464.0,ocorrencias
2025,2025-10-01,MG,Combate a incêndios,0.0,4433.0,0.0,0.0,0.0,0.0,4433.0,ocorrencias
2025,2025-10-01,MG,Emissão de Alvarás de licença,0.0,806.0,0.0,0.0,0.0,0.0,806.0,ocorrencias
2025,2025-10-01,MG,Estupro,123.0,0.0,113.0,9.0,1.0,0.0,123.0,vitimas
2025,2025-10-01,MG,Estupro de vulnerável,351.0,0.0,296.0,51.0,4.0,0.0,351.0,vitimas
2025,2025-10-01,MG,Feminicídio,21.0,0.0,21.0,0.0,0.0,0.0,21.0,vitimas
2025,2025-10-01,MG,Furto de veículo,0.0,1980.0,0.0,0.0,0.0,0.0,1980.0,ocorrencias
2025,2025-10-01,MG,Homicídio doloso,181.0,0.0,9.0,170.0,2.0,0.0,181.0,vitimas
2025,2025-10-01,MG,Lesão corporal seguida de morte,2.0,0.0,0.0,2.0,0.0,0.0,2.0,vitimas
2025,2025-10-01,MG,Mandado de prisão cumprido,0.0,1452.0,0.0,0.0,0.0,0.0,1452.0,ocorrencias
2025,2025-10-01,MG,Morte de Agente do Estado,2.0,0.0,0.0,2.0,0.0,0.0,2.0,vitimas
2025,2025-10-01,MG,Morte no trânsito ou em decorrência dele (exceto homicídio doloso),214.0,0.0,32.0,180.0,2.0,0.0,214.0,vitimas
2025,2025-10-01,MG,Morte por intervenção de Agente do Estado,12.0,0.0,0.0,12.0,0.0,0.0,12.0,vitimas
2025,2025-10-01,MG,Mortes a esclarecer (sem indício de crime),0.0,0.0,0.0,0.0,0.0,0.0,0.0,vitimas
2025,2025-10-01,MG,Mortes no trânsito,65.0,0.0,5.0,60.0,0.0,0.0,65.0,vitimas
2025,2025-10-01,MG,Pessoa Desaparecida,782.0,0.0,265.0,517.0,0.0,0.0,782.0,vitimas
2025,2025-10-01,MG,Pessoa Localizada,558.0,0.0,204.0,354.0,0.0,0.0,558.0,vitimas
2025,2025-10-01,MG,Realização de vistorias,0.0,2471.0,0.0,0.0,0.0,0.0,2471.0,ocorrencias
2025,2025-10-01,MG,Roubo a instituição financeira,0.0,0.0,0.0,0.0,0.0,0.0,0.0,ocorrencias
2025,2025-10-01,MG,Roubo de carga,0.0,11.0,0.0,0.0,0.0,0.0,11.0,ocorrencias
2025,2025-10-01,MG,Roubo de veículo,0.0,246.0,0.0,0.0,0.0,0.0,246.0,ocorrencias
2025,2025-10-01,MG,Roubo seguido de morte (latrocínio),4.0,0.0,0.0,4.0,0.0,0.0,4.0,vitimas
2025,2025-10-01,MG,Suicídio,172.0,0.0,40.0,132.0,0.0,0.0,172.0,vitimas
2025,2025-10-01,MG,Suicídio de Agente do Estado,2.0,0.0,0.0,1.0,1.0,0.0,2.0,vitimas
2025,2025-10-01,MG,Tentativa de feminicídio,13.0,0.0,13.0,0.0,0.0,0.0,13.0,vitimas
2025,2025-10-01,MG,Tentativa de homicídio,206.0,0.0,17.0,189.0,0.0,0.0,206.0,vitimas
2025,2025-10-01,MG,Tráfico de drogas,0.0,2991.0,0.0,0.0,0.0,0.0,2991.0,ocorrencias
2025,2025-10-01,MS,Apreensão de Cocaína,0.0,0.0,0.0,0.0,0.0,358205.0,358205.0,kg
2025,2025-10-01,MS,Apreensão de Maconha,0.0,0.0,0.0,0.0,0.0,22366925.0,22366925.0,kg
2025,2025-10-01,MS,Arma de Fogo Apreendida,0.0,82.0,0.0,0.0,0.0,0.0,82.0,ocorrencias
2025,2025-10-01,MS,Atendimento pré-hospitalar,0.0,913.0,0.0,0.0,0.0,0.0,913.0,ocorrencias
2025,2025-10-01,MS,Busca e salvamento,0.0,2270.0,0.0,0.0,0.0,0.0,2270.0,ocorrencias
2025,2025-10-01,MS,Combate a incêndios,0.0,348.0,0.0,0.0,0.0,0.0,348.0,ocorrencias
2025,2025-10-01,MS,Emissão de Alvarás de licença,0.0,0.0,0.0,0.0,0.0,0.0,0.0,ocorrencias
2025,2025-10-01,MS,Estupro,61.0,0.0,52.0,6.0,3.0,0.0,61.0,vitimas
2025,2025-10-01,MS,Estupro de vulnerável,51.0,0.0,43.0,5.0,3.0,0.0,51.0,vitimas
2025,2025-10-01,MS,Feminicídio,3.0,0.0,3.0,0.0,0.0,0.0,3.0,vitimas
2025,2025-10-01,MS,Furto de veículo,0.0,69.0,0.0,0.0,0.0,0.0,69.0,ocorrencias
2025,2025-10-01,MS,Homicídio doloso,18.0,0.0,1.0,17.0,0.0,0.0,18.0,vitimas
2025,2025-10-01,MS,Lesão corporal seguida de morte,0.0,0.0,0.0,0.0,0.0,0.0,0.0,vitimas
2025,2025-10-01,MS,Mandado de prisão cumprido,0.0,197.0,0.0,0.0,0.0,0.0,197.0,ocorrencias
2025,2025-10-01,MS,Morte de Agente do Estado,0.0,0.0,0.0,0.0,0.0,0.0,0.0,vitimas
2025,2025-10-01,MS,Morte no trânsito ou em decorrência dele (exceto homicídio doloso),9.0,0.0,5.0,4.0,0.0,0.0,9.0,vitimas
2025,2025-10-01,MS,Morte por intervenção de Agente do Estado,2.0,0.0,0.0,2.0,0.0,0.0,2.0,vitimas
2025,2025-10-01,MS,Mortes a esclarecer (sem indício de crime),9.0,0.0,3.0,4.0,2.0,0.0,9.0,vitimas
2025,2025-10-01,MS,Mortes no trânsito,11.0,0.0,2.0,9.0,0.0,0.0,11.0,vitimas
2025,2025-10-01,MS,Pessoa Desaparecida,35.0,0.0,13.0,22.0,0.0,0.0,35.0,vitimas
2025,2025-10-01,MS,Pessoa Localizada,24.0,0.0,8.0,16.0,0.0,0.0,24.0,vitimas
2025,2025-10-01,MS,Realização de vistorias,0.0,0.0,0.0,0.0,0.0,0.0,0.0,ocorrencias
2025,2025-10-01,MS,Roubo a instituição financeira,0.0,0.0,0.0,0.0,0.0,0.0,0.0,ocorrencias
2025,2025-10-01,MS,Roubo de carga,0.0,0.0,0.0,0.0,0.0,0.0,0.0,ocorrencias
2025,2025-10-01,MS,Roubo de veículo,0.0,13.0,0.0,0.0,0.0,0.0,13.0,ocorrencias
2025,2025-10-01,MS,Roubo seguido de morte (latrocínio),0.0,0.0,0.0,0.0,0.0,0.0,0.0,vitimas
2025,2025-10-01,MS,Suicídio,18.0,0.0,4.0,14.0,0.0,0.0,18.0,vitimas
2025,2025-10-01,MS,Suicídio de Agente do Estado,0.0,0.0,0.0,0.0,0.0,0.0,0.0,vitimas
2025,2025-10-01,MS,Tentativa de feminicídio,5.0,0.0,5.0,0.0,0.0,0.0,5.0,vitimas
2025,2025-10-01,MS,Tentativa de homicídio,19.0,0.0,1.0,17.0,1.0,0.0,19.0,vitimas
2025,2025-10-01,MS,Tráfico de drogas,0.0,218.0,0.0,0.0,0.0,0.0,218.0,ocorrencias
2025,2025-10-01,MT,Apreensão de Cocaína,0.0,0.0,0.0,0.0,0.0,19351.0,19351.0,kg
2025,2025-10-01,MT,Apreensão de Maconha,0.0,0.0,0.0,0.0,0.0,25151.0,25151.0,kg
2025,2025-10-01,MT,Arma de Fogo Apreendida,0.0,214.0,0.0,0.0,0.0,0.0,214.0,ocorrencias
2025,2025-10-01,MT,Atendimento pré-hospitalar,0.0,3756.0,0.0,0.0,0.0,0.0,3756.0,ocorrencias
2025,2025-10-01,MT,Busca e salvamento,0.0,81.0,0.0,0.0,0.0,0.0,81.0,ocorrencias
2025,2025-10-01,MT,Combate a incêndios,0.0,418.0,0.0,0.0,0.0,0.0,418.0,ocorrencias
2025,2025-10-01,MT,Emissão de Alvarás de licença,0.0,5101.0,0.0,0.0,0.0,0.0,5101.0,ocorrencias
2025,2025-10-01,MT,Estupro,63.0,0.0,61.0,2.0,0.0,0.0,63.0,vitimas
2025,2025-10-01,MT,Estupro de vulnerável,132.0,0.0,120.0,12.0,0.0,0.0,132.0,vitimas
2025,2025-10-01,MT,Feminicídio,6.0,0.0,6.0,0.0,0.0,0.0,6.0,vitimas
2025,2025-10-01,MT,Furto de veículo,0.0,150.0,0.0,0.0,0.0,0.0,150.0,ocorrencias
2025,2025-10-01,MT,Homicídio doloso,66.0,0.0,5.0,60.0,1.0,0.0,66.0,vitimas
2025,2025-10-01,MT,Lesão corporal seguida de morte,0.0,0.0,0.0,0.0,0.0,0.0,0.0,vitimas
2025,2025-10-01,MT,Mandado de prisão cumprido,0.0,748.0,0.0,0.0,0.0,0.0,748.0,ocorrencias
2025,2025-10-01,MT,Morte de Agente do Estado,0.0,0.0,0.0,0.0,0.0,0.0,0.0,vitimas
2025,2025-10-01,MT,Morte no trânsito ou em decorrência dele (exceto homicídio doloso),92.0,0.0,15.0,77.0,0.0,0.0,92.0,vitimas
2025,2025-10-01,MT,Morte por intervenção de Agente do Estado,8.0,0.0,0.0,8.0,0.0,0.0,8.0,vitimas
2025,2025-10-01,MT,Mortes a esclarecer (sem indício de crime),35.0,0.0,7.0,28.0,0.0,0.0,35.0,vitimas
2025,2025-10-01,MT,Mortes no trânsito,25.0,0.0,5.0,20.0,0.0,0.0,25.0,vitimas
2025,2025-10-01,MT,Pessoa Desaparecida,193.0,0.0,52.0,141.0,0.0,0.0,193.0,vitimas
2025,2025-10-01,MT,Pessoa Localizada,97.0,0.0,27.0,70.0,0.0,0.0,97.0,vitimas
2025,2025-10-01,MT,Realização de vistorias,0.0,3289.0,0.0,0.0,0.0,0.0,3289.0,ocorrencias
2025,2025-10-01,MT,Roubo a instituição financeira,0.0,0.0,0.0,0.0,0.0,0.0,0.0,ocorrencias
2025,2025-10-01,MT,Roubo de carga,0.0,6.0,0.0,0.0,0.0,0.0,6.0,ocorrencias
2025,2025-10-01,MT,Roubo de veículo,0.0,55.0,0.0,0.0,0.0,0.0,55.0,ocorrencias
2025,2025-10-01,MT,Roubo seguido de morte (latrocínio),1.0,0.0,0.0,1.0,0.0,0.0,1.0,vitimas
2025,2025-10-01,MT,Suicídio,24.0,0.0,4.0,20.0,0.0,0.0,24.0,vitimas
2025,2025-10-01,MT,Suicídio de Agente do Estado,0.0,0.0,0.0,0.0,0.0,0.0,0.0,vitimas
2025,2025-10-01,MT,Tentativa de feminicídio,33.0,0.0,33.0,0.0,0.0,0.0,33.0,vitimas
2025,2025-10-01,MT,Tentativa de homicídio,100.0,0.0,14.0,86.0,0.0,0.0,100.0,vitimas
2025,2025-10-01,MT,Tráfico de drogas,0.0,480.0,0.0,0.0,0.0,0.0,480.0,ocorrencias
2025,2025-10-01,PA,Apreensão de Cocaína,0.0,0.0,0.0,0.0,0.0,238171.0,238171.0,kg
2025,2025-10-01,PA,Apreensão de Maconha,0.0,0.0,0.0,0.0,0.0,894841.0,894841.0,kg
2025,2025-10-01,PA,Arma de Fogo Apreendida,0.0,229.0,0.0,0.0,0.0,0.0,229.0,ocorrencias
2025,2025-10-01,PA,Atendimento pré-hospitalar,0.0,1218.0,0.0,0.0,0.0,0.0,1218.0,ocorrencias
2025,2025-10-01,PA,Busca e salvamento,0.0,63.0,0.0,0.0,0.0,0.0,63.0,ocorrencias
2025,2025-10-01,PA,Combate a incêndios,0.0,806.0,0.0,0.0,0.0,0.0,806.0,ocorrencias
2025,2025-10-01,PA,Emissão de Alvarás de licença,0.0,4734.0,0.0,0.0,0.0,0.0,4734.0,ocorrencias
2025,2025-10-01,PA,Estupro,64.0,0.0,56.0,8.0,0.0,0.0,64.0,vitimas
2025,2025-10-01,PA,Estupro de vulnerável,412.0,0.0,363.0,35.0,14.0,0.0,412.0,vitimas
2025,2025-10-01,PA,Feminicídio,6.0,0.0,6.0,0.0,0.0,0.0,6.0,vitimas
2025,2025-10-01,PA,Furto de veículo,0.0,245.0,0.0,0.0,0.0,0.0,245.0,ocorrencias
2025,2025-10-01,PA,Homicídio doloso,132.0,0.0,10.0,122.0,0.0,0.0,132.0,vitimas
2025,2025-10-01,PA,Lesão corporal seguida de morte,4.0,0.0,0.0,4.0,0.0,0.0,4.0,vitimas
2025,2025-10-01,PA,Mandado de prisão cumprido,0.0,531.0,0.0,0.0,0.0,0.0,531.0,ocorrencias
2025,2025-10-01,PA,Morte de Agente do Estado,2.0,0.0,0.0,2.0,0.0,0.0,2.0,vitimas
2025,2025-10-01,PA,Morte no trânsito ou em decorrência dele (exceto homicídio doloso),115.0,0.0,15.0,98.0,2.0,0.0,115.0,vitimas
2025,2025-10-01,PA,Morte por intervenção de Agente do Estado,62.0,0.0,0.0,62.0,0.0,0.0,62.0,vitimas
2025,2025-10-01,PA,Mortes a esclarecer (sem indício de crime),40.0,0.0,7.0,31.0,2.0,0.0,40.0,vitimas
2025,2025-10-01,PA,Mortes no trânsito,19.0,0.0,1.0,18.0,0.0,0.0,19.0,vitimas
2025,2025-10-01,PA,Pessoa Desaparecida,126.0,0.0,42.0,84.0,0.0,0.0,126.0,vitimas
2025,2025-10-01,PA,Pessoa Localizada,56.0,0.0,21.0,35.0,0.0,0.0,56.0,vitimas
2025,2025-10-01,PA,Realização de vistorias,0.0,4428.0,0.0,0.0,0.0,0.0,4428.0,ocorrencias
2025,2025-10-01,PA,Roubo a instituição financeira,0.0,0.0,0.0,0.0,0.0,0.0,0.0,ocorrencias
2025,2025-10-01,PA,Roubo de carga,0.0,5.0,0.0,0.0,0.0,0.0,5.0,ocorrencias
2025,2025-10-01,PA,Roubo de veículo,0.0,98.0,0.0,0.0,0.0,0.0,98.0,ocorrencias
2025,2025-10-01,PA,Roubo seguido de morte (latrocínio),8.0,0.0,1.0,7.0,0.0,0.0,8.0,vitimas
2025,2025-10-01,PA,Suicídio,49.0,0.0,13.0,36.0,0.0,0.0,49.0,vitimas
2025,2025-10-01,PA,Suicídio de Agente do Estado,1.0,0.0,0.0,1.0,0.0,0.0,1.0,vitimas
2025,2025-10-01,PA,Tentativa de feminicídio,9.0,0.0,9.0,0.0,0.0,0.0,9.0,vitimas
2025,2025-10-01,PA,Tentativa de homicídio,93.0,0.0,13.0,78.0,2.0,0.0,93.0,vitimas
2025,2025-10-01,PA,Tráfico de drogas,0.0,457.0,0.0,0.0,0.0,0.0,457.0,ocorrencias
2025,2025-10-01,PB,Apreensão de Cocaína,0.0,0.0,0.0,0.0,0.0,207.0,207.0,kg
2025,2025-10-01,PB,Apreensão de Maconha,0.0,0.0,0.0,0.0,0.0,39352.0,39352.0,kg
2025,2025-10-01,PB,Arma de Fogo Apreendida,0.0,334.0,0.0,0.0,0.0,0.0,334.0,ocorrencias
2025,2025-10-01,PB,Atendimento pré-hospitalar,0.0,728.0,0.0,0.0,0.0,0.0,728.0,ocorrencias
2025,2025-10-01,PB,Busca e salvamento,0.0,635.0,0.0,0.0,0.0,0.0,635.0,ocorrencias
2025,2025-10-01,PB,Combate a incêndios,0.0,753.0,0.0,0.0,0.0,0.0,753.0,ocorrencias
2025,2025-10-01,PB,Emissão de Alvarás de licença,0.0,2006.0,0.0,0.0,0.0,0.0,2006.0,ocorrencias
2025,2025-10-01,PB,Estupro,26.0,0.0,26.0,0.0,0.0,0.0,26.0,vitimas
2025,2025-10-01,PB,Estupro de vulnerável,78.0,0.0,70.0,8.0,0.0,0.0,78.0,vitimas
2025,2025-10-01,PB,Feminicídio,2.0,0.0,2.0,0.0,0.0,0.0,2.0,vitimas
2025,2025-10-01,PB,Furto de veículo,0.0,144.0,0.0,0.0,0.0,0.0,144.0,ocorrencias
2025,2025-10-01,PB,Homicídio doloso,81.0,0.0,3.0,78.0,0.0,0.0,81.0,vitimas
2025,2025-10-01,PB,Lesão corporal seguida de morte,1.0,0.0,0.0,1.0,0.0,0.0,1.0,vitimas
2025,2025-10-01,PB,Mandado de prisão cumprido,0.0,414.0,0.0,0.0,0.0,0.0,414.0,ocorrencias
2025,2025-10-01,PB,Morte de Agente do Estado,0.0,0.0,0.0,0.0,0.0,0.0,0.0,vitimas
2025,2025-10-01,PB,Morte no trânsito ou em decorrência dele (exceto homicídio doloso),70.0,0.0,9.0,61.0,0.0,0.0,70.0,vitimas
2025,2025-10-01,PB,Morte por intervenção de Agente do Estado,5.0,0.0,0.0,5.0,0.0,0.0,5.0,vitimas
2025,2025-10-01,PB,Mortes a esclarecer (sem indício de crime),6.0,0.0,0.0,6.0,0.0,0.0,6.0,vitimas
2025,2025-10-01,PB,Mortes no trânsito,9.0,0.0,0.0,9.0,0.0,0.0,9.0,vitimas
2025,2025-10-01,PB,Pessoa Desaparecida,93.0,0.0,28.0,65.0,0.0,0.0,93.0,vitimas
2025,2025-10-01,PB,Pessoa Localizada,82.0,0.0,26.0,56.0,0.0,0.0,82.0,vitimas
2025,2025-10-01,PB,Realização de vistorias,0.0,1273.0,0.0,0.0,0.0,0.0,1273.0,ocorrencias
2025,2025-10-01,PB,Roubo a instituição financeira,0.0,0.0,0.0,0.0,0.0,0.0,0.0,ocorrencias
2025,2025-10-01,PB,Roubo de carga,0.0,0.0,0.0,0.0,0.0,0.0,0.0,ocorrencias
2025,2025-10-01,PB,Roubo de veículo,0.0,449.0,0.0,0.0,0.0,0.0,449.0,ocorrencias
2025,2025-10-01,PB,Roubo seguido de morte (latrocínio),1.0,0.0,0.0,1.0,0.0,0.0,1.0,vitimas
2025,2025-10-01,PB,Suicídio,35.0,0.0,5.0,30.0,0.0,0.0,35.0,vitimas
2025,2025-10-01,PB,Suicídio de Agente do Estado,0.0,0.0,0.0,0.0,0.0,0.0,0.0,vitimas
2025,2025-10-01,PB,Tentativa de feminicídio,2.0,0.0,2.0,0.0,0.0,0.0,2.0,vitimas
2025,2025-10-01,PB,Tentativa de homicídio,72.0,0.0,3.0,69.0,0.0,0.0,72.0,vitimas
2025,2025-10-01,PB,Tráfico de drogas,0.0,262.0,0.0,0.0,0.0,0.0,262.0,ocorrencias
2025,2025-10-01,PE,Apreensão de Cocaína,0.0,0.0,0.0,0.0,0.0,4946.0,4946.0,kg
2025,2025-10-01,PE,Apreensão de Maconha,0.0,0.0,0.0,0.0,0.0,910296.0,910296.0,kg
2025,2025-10-01,PE,Arma de Fogo Apreendida,0.0,559.0,0.0,0.0,0.0,0.0,559.0,ocorrencias
2025,2025-10-01,PE,Atendimento pré-hospitalar,0.0,1745.0,0.0,0.0,0.0,0.0,1745.0,ocorrencias
2025,2025-10-01,PE,Busca e salvamento,0.0,476.0,0.0,0.0,0.0,0.0,476.0,ocorrencias
2025,2025-10-01,PE,Combate a incêndios,0.0,742.0,0.0,0.0,0.0,0.0,742.0,ocorrencias
2025,2025-10-01,PE,Emissão de Alvarás de licença,0.0,9763.0,0.0,0.0,0.0,0.0,9763.0,ocorrencias
2025,2025-10-01,PE,Estupro,54.0,0.0,50.0,4.0,0.0,0.0,54.0,vitimas
2025,2025-10-01,PE,Estupro de vulnerável,139.0,0.0,109.0,24.0,6.0,0.0,139.0,vitimas
2025,2025-10-01,PE,Feminicídio,6.0,0.0,6.0,0.0,0.0,0.0,6.0,vitimas
2025,2025-10-01,PE,Furto de veículo,0.0,575.0,0.0,0.0,0.0,0.0,575.0,ocorrencias
2025,2025-10-01,PE,Homicídio doloso,219.0,0.0,10.0,208.0,1.0,0.0,219.0,vitimas
2025,2025-10-01,PE,Lesão corporal seguida de morte,0.0,0.0,0.0,0.0,0.0,0.0,0.0,vitimas
2025,2025-10-01,PE,Mandado de prisão cumprido,0.0,902.0,0.0,0.0,0.0,0.0,902.0,ocorrencias
2025,2025-10-01,PE,Morte de Agente do Estado,0.0,0.0,0.0,0.0,0.0,0.0,0.0,vitimas
2025,2025-10-01,PE,Morte no trânsito ou em decorrência dele (exceto homicídio doloso),163.0,0.0,28.0,135.0,0.0,0.0,163.0,vitimas
2025,2025-10-01,PE,Morte por intervenção de Agente do Estado,7.0,0.0,0.0,7.0,0.0,0.0,7.0,vitimas
2025,2025-10-01,PE,Mortes a esclarecer (sem indício de crime),28.0,0.0,7.0,19.0,2.0,0.0,28.0,vitimas
2025,2025-10-01,PE,Mortes no trânsito,41.0,0.0,14.0,27.0,0.0,0.0,41.0,vitimas
2025,2025-10-01,PE,Pessoa Desaparecida,224.0,0.0,85.0,125.0,14.0,0.0,224.0,vitimas
2025,2025-10-01,PE,Pessoa Localizada,82.0,0.0,34.0,47.0,1.0,0.0,82.0,vitimas
2025,2025-10-01,PE,Realização de vistorias,0.0,4430.0,0.0,0.0,0.0,0.0,4430.0,ocorrencias
2025,2025-10-01,PE,Roubo a instituição financeira,0.0,0.0,0.0,0.0,0.0,0.0,0.0,ocorrencias
2025,2025-10-01,PE,Roubo de carga,0.0,21.0,0.0,0.0,0.0,0.0,21.0,ocorrencias
2025,2025-10-01,PE,Roubo de veículo,0.0,973.0,0.0,0.0,0.0,0.0,973.0,ocorrencias
2025,2025-10-01,PE,Roubo seguido de morte (latrocínio),3.0,0.0,1.0,2.0,0.0,0.0,3.0,vitimas
2025,2025-10-01,PE,Suicídio,61.0,0.0,17.0,44.0,0.0,0.0,61.0,vitimas
2025,2025-10-01,PE,Suicídio de Agente do Estado,0.0,0.0,0.0,0.0,0.0,0.0,0.0,vitimas
2025,2025-10-01,PE,Tentativa de feminicídio,8.0,0.0,8.0,0.0,0.0,0.0,8.0,vitimas
2025,2025-10-01,PE,Tentativa de homicídio,127.0,0.0,13.0,114.0,0.0,0.0,127.0,vitimas
2025,2025-10-01,PE,Tráfico de drogas,0.0,895.0,0.0,0.0,0.0,0.0,895.0,ocorrencias
2025,2025-10-01,PI,Apreensão de Cocaína,0.0,0.0,0.0,0.0,0.0,2225.0,2225.0,kg
2025,2025-10-01,PI,Apreensão de Maconha,0.0,0.0,0.0,0.0,0.0,4155.0,4155.0,kg
2025,2025-10-01,PI,Arma de Fogo Apreendida,0.0,155.0,0.0,0.0,0.0,0.0,155.0,ocorrencias
2025,2025-10-01,PI,Atendimento pré-hospitalar,0.0,140.0,0.0,0.0,0.0,0.0,140.0,ocorrencias
2025,2025-10-01,PI,Busca e salvamento,0.0,177.0,0.0,0.0,0.0,0.0,177.0,ocorrencias
2025,2025-10-01,PI,Combate a incêndios,0.0,1340.0,0.0,0.0,0.0,0.0,1340.0,ocorrencias
2025,2025-10-01,PI,Emissão de Alvarás de licença,0.0,531.0,0.0,0.0,0.0,0.0,531.0,ocorrencias
2025,2025-10-01,PI,Estupro,32.0,0.0,26.0,4.0,2.0,0.0,32.0,vitimas
2025,2025-10-01,PI,Estupro de vulnerável,101.0,0.0,89.0,9.0,3.0,0.0,101.0,vitimas
2025,2025-10-01,PI,Feminicídio,1.0,0.0,1.0,0.0,0.0,0.0,1.0,vitimas
2025,2025-10-01,PI,Furto de veículo,0.0,185.0,0.0,0.0,0.0,0.0,185.0,ocorrencias
2025,2025-10-01,PI,Homicídio doloso,38.0,0.0,3.0,35.0,0.0,0.0,38.0,vitimas
2025,2025-10-01,PI,Lesão corporal seguida de morte,0.0,0.0,0.0,0.0,0.0,0.0,0.0,vitimas
2025,2025-10-01,PI,Mandado de prisão cumprido,0.0,361.0,0.0,0.0,0.0,0.0,361.0,ocorrencias
2025,2025-10-01,PI,Morte de Agente do Estado,0.0,0.0,0.0,0.0,0.0,0.0,0.0,vitimas
2025,2025-10-01,PI,Morte no trânsito ou em decorrência dele (exceto homicídio doloso),21.0,0.0,3.0,18.0,0.0,0.0,21.0,vitimas
2025,2025-10-01,PI,Morte por intervenção de Agente do Estado,4.0,0.0,0.0,4.0,0.0,0.0,4.0,vitimas
2025,2025-10-01,PI,Mortes a esclarecer (sem indício de crime),0.0,0.0,0.0,0.0,0.0,0.0,0.0,vitimas
2025,2025-10-01,PI,Mortes no trânsito,13.0,0.0,0.0,13.0,0.0,0.0,13.0,vitimas
2025,2025-10-01,PI,Pessoa Desaparecida,68.0,0.0,20.0,43.0,5.0,0.0,68.0,vitimas
2025,2025-10-01,PI,Pessoa Localizada,22.0,0.0,8.0,12.0,2.0,0.0,22.0,vitimas
2025,2025-10-01,PI,Realização de vistorias,0.0,592.0,0.0,0.0,0.0,0.0,592.0,ocorrencias
2025,2025-10-01,PI,Roubo a instituição financeira,0.0,0.0,0.0,0.0,0.0,0.0,0.0,ocorrencias
2025,2025-10-01,PI,Roubo de carga,0.0,1.0,0.0,0.0,0.0,0.0,1.0,ocorrencias
2025,2025-10-01,PI,Roubo de veículo,0.0,174.0,0.0,0.0,0.0,0.0,174.0,ocorrencias
2025,2025-10-01,PI,Roubo seguido de morte (latrocínio),1.0,0.0,0.0,1.0,0.0,0.0,1.0,vitimas
2025,2025-10-01,PI,Suicídio,42.0,0.0,14.0,28.0,0.0,0.0,42.0,vitimas
2025,2025-10-01,PI,Suicídio de Agente do Estado,0.0,0.0,0.0,0.0,0.0,0.0,0.0,vitimas
2025,2025-10-01,PI,Tentativa de feminicídio,11.0,0.0,11.0,0.0,0.0,0.0,11.0,vitimas
2025,2025-10-01,PI,Tentativa de homicídio,50.0,0.0,8.0,42.0,0.0,0.0,50.0,vitimas
2025,2025-10-01,PI,Tráfico de drogas,0.0,172.0,0.0,0.0,0.0,0.0,172.0,ocorrencias
2025,2025-10-01,PR,Apreensão de Cocaína,0.0,0.0,0.0,0.0,0.0,465683.0,465683.0,kg
2025,2025-10-01,PR,Apreensão de Maconha,0.0,0.0,0.0,0.0,0.0,86850895.0,86850895.0,kg
2025,2025-10-01,PR,Arma de Fogo Apreendida,0.0,465.0,0.0,0.0,0.0,0.0,465.0,ocorrencias
2025,2025-10-01,PR,Atendimento pré-hospitalar,0.0,3033.0,0.0,0.0,0.0,0.0,3033.0,ocorrencias
2025,2025-10-01,PR,Busca e salvamento,0.0,1380.0,0.0,0.0,0.0,0.0,1380.0,ocorrencias
2025,2025-10-01,PR,Combate a incêndios,0.0,1133.0,0.0,0.0,0.0,0.0,1133.0,ocorrencias
2025,2025-10-01,PR,Emissão de Alvarás de licença,0.0,22283.0,0.0,0.0,0.0,0.0,22283.0,ocorrencias
2025,2025-10-01,PR,Estupro,103.0,0.0,94.0,9.0,0.0,0.0,103.0,vitimas
2025,2025-10-01,PR,Estupro de vulnerável,475.0,0.0,393.0,79.0,3.0,0.0,475.0,vitimas
2025,2025-10-01,PR,Feminicídio,6.0,0.0,6.0,0.0,0.0,0.0,6.0,vitimas
2025,2025-10-01,PR,Furto de veículo,0.0,780.0,0.0,0.0,0.0,0.0,780.0,ocorrencias
2025,2025-10-01,PR,Homicídio doloso,100.0,0.0,8.0,88.0,4.0,0.0,100.0,vitimas
2025,2025-10-01,PR,Lesão corporal seguida de morte,1.0,0.0,0.0,1.0,0.0,0.0,1.0,vitimas
2025,2025-10-01,PR,Mandado de prisão cumprido,0.0,3252.0,0.0,0.0,0.0,0.0,3252.0,ocorrencias
2025,2025-10-01,PR,Morte de Agente do Estado,0.0,0.0,0.0,0.0,0.0,0.0,0.0,vitimas
2025,2025-10-01,PR,Morte no trânsito ou em decorrência dele (exceto homicídio doloso),54.0,0.0,8.0,44.0,2.0,0.0,54.0,vitimas
2025,2025-10-01,PR,Morte por intervenção de Agente do Estado,42.0,0.0,0.0,42.0,0.0,0.0,42.0,vitimas
2025,2025-10-01,PR,Mortes a esclarecer (sem indício de crime),4.0,0.0,1.0,3.0,0.0,0.0,4.0,vitimas
2025,2025-10-01,PR,Mortes no trânsito,42.0,0.0,4.0,38.0,0.0,0.0,42.0,vitimas
2025,2025-10-01,PR,Pessoa Desaparecida,534.0,0.0,236.0,298.0,0.0,0.0,534.0,vitimas
2025,2025-10-01,PR,Pessoa Localizada,413.0,0.0,178.0,235.0,0.0,0.0,413.0,vitimas
2025,2025-10-01,PR,Realização de vistorias,0.0,5241.0,0.0,0.0,0.0,0.0,5241.0,ocorrencias
2025,2025-10-01,PR,Roubo a instituição financeira,0.0,0.0,0.0,0.0,0.0,0.0,0.0,ocorrencias
2025,2025-10-01,PR,Roubo de carga,0.0,16.0,0.0,0.0,0.0,0.0,16.0,ocorrencias
2025,2025-10-01,PR,Roubo de veículo,0.0,136.0,0.0,0.0,0.0,0.0,136.0,ocorrencias
2025,2025-10-01,PR,Roubo seguido de morte (latrocínio),2.0,0.0,0.0,2.0,0.0,0.0,2.0,vitimas
2025,2025-10-01,PR,Suicídio,46.0,0.0,9.0,37.0,0.0,0.0,46.0,vitimas
2025,2025-10-01,PR,Suicídio de Agente do Estado,0.0,0.0,0.0,0.0,0.0,0.0,0.0,vitimas
2025,2025-10-01,PR,Tentativa de feminicídio,16.0,0.0,16.0,0.0,0.0,0.0,16.0,vitimas
2025,2025-10-01,PR,Tentativa de homicídio,51.0,0.0,12.0,39.0,0.0,0.0,51.0,vitimas
2025,2025-10-01,PR,Tráfico de drogas,0.0,1289.0,0.0,0.0,0.0,0.0,1289.0,ocorrencias
2025,2025-10-01,RJ,Apreensão de Cocaína,0.0,0.0,0.0,0.0,0.0,91865.0,91865.0,kg
2025,2025-10-01,RJ,Apreensão de Maconha,0.0,0.0,0.0,0.0,0.0,168201.0,168201.0,kg
2025,2025-10-01,RJ,Arma de Fogo Apreendida,0.0,650.0,0.0,0.0,0.0,0.0,650.0,ocorrencias
2025,2025-10-01,RJ,Atendimento pré-hospitalar,0.0,12111.0,0.0,0.0,0.0,0.0,12111.0,ocorrencias
2025,2025-10-01,RJ,Busca e salvamento,0.0,12538.0,0.0,0.0,0.0,0.0,12538.0,ocorrencias
2025,2025-10-01,RJ,Combate a incêndios,0.0,3967.0,0.0,0.0,0.0,0.0,3967.0,ocorrencias
2025,2025-10-01,RJ,Emissão de Alvarás de licença,0.0,4630.0,0.0,0.0,0.0,0.0,4630.0,ocorrencias
2025,2025-10-01,RJ,Estupro,155.0,0.0,145.0,6.0,4.0,0.0,155.0,vitimas
2025,2025-10-01,RJ,Estupro de vulnerável,400.0,0.0,336.0,56.0,8.0,0.0,400.0,vitimas
2025,2025-10-01,RJ,Feminicídio,8.0,0.0,8.0,0.0,0.0,0.0,8.0,vitimas
2025,2025-10-01,RJ,Furto de veículo,0.0,1502.0,0.0,0.0,0.0,0.0,1502.0,ocorrencias
2025,2025-10-01,RJ,Homicídio doloso,275.0,0.0,24.0,228.0,23.0,0.0,275.0,vitimas
2025,2025-10-01,RJ,Lesão corporal seguida de morte,6.0,0.0,0.0,6.0,0.0,0.0,6.0,vitimas
2025,2025-10-01,RJ,Mandado de prisão cumprido,0.0,1038.0,0.0,0.0,0.0,0.0,1038.0,ocorrencias
2025,2025-10-01,RJ,Morte de Agente do Estado,7.0,0.0,0.0,7.0,0.0,0.0,7.0,vitimas
2025,2025-10-01,RJ,Morte no trânsito ou em decorrência dele (exceto homicídio doloso),198.0,0.0,39.0,153.0,6.0,0.0,198.0,vitimas
2025,2025-10-01,RJ,Morte por intervenção de Agente do Estado,176.0,0.0,0.0,167.0,9.0,0.0,176.0,vitimas
2025,2025-10-01,RJ,Mortes a esclarecer (sem indício de crime),242.0,0.0,66.0,175.0,1.0,0.0,242.0,vitimas
2025,2025-10-01,RJ,Mortes no trânsito,24.0,0.0,6.0,18.0,0.0,0.0,24.0,vitimas
2025,2025-10-01,RJ,Pessoa Desaparecida,570.0,0.0,210.0,353.0,7.0,0.0,570.0,vitimas
2025,2025-10-01,RJ,Pessoa Localizada,240.0,0.0,3.0,7.0,230.0,0.0,240.0,vitimas
2025,2025-10-01,RJ,Realização de vistorias,0.0,475.0,0.0,0.0,0.0,0.0,475.0,ocorrencias
2025,2025-10-01,RJ,Roubo a instituição financeira,0.0,1.0,0.0,0.0,0.0,0.0,1.0,ocorrencias
2025,2025-10-01,RJ,Roubo de carga,0.0,229.0,0.0,0.0,0.0,0.0,229.0,ocorrencias
2025,2025-10-01,RJ,Roubo de veículo,0.0,1796.0,0.0,0.0,0.0,0.0,1796.0,ocorrencias
2025,2025-10-01,RJ,Roubo seguido de morte (latrocínio),5.0,0.0,1.0,4.0,0.0,0.0,5.0,vitimas
2025,2025-10-01,RJ,Suicídio,75.0,0.0,19.0,54.0,2.0,0.0,75.0,vitimas
2025,2025-10-01,RJ,Suicídio de Agente do Estado,0.0,0.0,0.0,0.0,0.0,0.0,0.0,vitimas
2025,2025-10-01,RJ,Tentativa de feminicídio,18.0,0.0,18.0,0.0,0.0,0.0,18.0,vitimas
2025,2025-10-01,RJ,Tentativa de homicídio,309.0,0.0,30.0,253.0,26.0,0.0,309.0,vitimas
2025,2025-10-01,RJ,Tráfico de drogas,0.0,1901.0,0.0,0.0,0.0,0.0,1901.0,ocorrencias
2025,2025-10-01,RN,Apreensão de Cocaína,0.0,0.0,0.0,0.0,0.0,16715.0,16715.0,kg
2025,2025-10-01,RN,Apreensão de Maconha,0.0,0.0,0.0,0.0,0.0,60145.0,60145.0,kg
2025,2025-10-01,RN,Arma de Fogo Apreendida,0.0,200.0,0.0,0.0,0.0,0.0,200.0,ocorrencias
2025,2025-10-01,RN,Atendimento pré-hospitalar,0.0,288.0,0.0,0.0,0.0,0.0,288.0,ocorrencias
2025,2025-10-01,RN,Busca e salvamento,0.0,609.0,0.0,0.0,0.0,0.0,609.0,ocorrencias
2025,2025-10-01,RN,Combate a incêndios,0.0,547.0,0.0,0.0,0.0,0.0,547.0,ocorrencias
2025,2025-10-01,RN,Emissão de Alvarás de licença,0.0,588.0,0.0,0.0,0.0,0.0,588.0,ocorrencias
2025,2025-10-01,RN,Estupro,36.0,0.0,31.0,4.0,1.0,0.0,36.0,vitimas
2025,2025-10-01,RN,Estupro de vulnerável,78.0,0.0,64.0,10.0,4.0,0.0,78.0,vitimas
2025,2025-10-01,RN,Feminicídio,2.0,0.0,2.0,0.0,0.0,0.0,2.0,vitimas
2025,2025-10-01,RN,Furto de veículo,0.0,107.0,0.0,0.0,0.0,0.0,107.0,ocorrencias
2025,2025-10-01,RN,Homicídio doloso,62.0,0.0,6.0,55.0,1.0,0.0,62.0,vitimas
2025,2025-10-01,RN,Lesão corporal seguida de morte,2.0,0.0,0.0,2.0,0.0,0.0,2.0,vitimas
2025,2025-10-01,RN,Mandado de prisão cumprido,0.0,382.0,0.0,0.0,0.0,0.0,382.0,ocorrencias
2025,2025-10-01,RN,Morte de Agente do Estado,0.0,0.0,0.0,0.0,0.0,0.0,0.0,vitimas
2025,2025-10-01,RN,Morte no trânsito ou em decorrência dele (exceto homicídio doloso),42.0,0.0,5.0,37.0,0.0,0.0,42.0,vitimas
2025,2025-10-01,RN,Morte por intervenção de Agente do Estado,11.0,0.0,0.0,11.0,0.0,0.0,11.0,vitimas
2025,2025-10-01,RN,Mortes a esclarecer (sem indício de crime),49.0,0.0,16.0,30.0,3.0,0.0,49.0,vitimas
2025,2025-10-01,RN,Mortes no trânsito,10.0,0.0,0.0,10.0,0.0,0.0,10.0,vitimas
2025,2025-10-01,RN,Pessoa Desaparecida,68.0,0.0,14.0,54.0,0.0,0.0,68.0,vitimas
2025,2025-10-01,RN,Pessoa Localizada,70.0,0.0,17.0,53.0,0.0,0.0,70.0,vitimas
2025,2025-10-01,RN,Realização de vistorias,0.0,504.0,0.0,0.0,0.0,0.0,504.0,ocorrencias
2025,2025-10-01,RN,Roubo a instituição financeira,0.0,0.0,0.0,0.0,0.0,0.0,0.0,ocorrencias
2025,2025-10-01,RN,Roubo de carga,0.0,1.0,0.0,0.0,0.0,0.0,1.0,ocorrencias
2025,2025-10-01,RN,Roubo de veículo,0.0,107.0,0.0,0.0,0.0,0.0,107.0,ocorrencias
2025,2025-10-01,RN,Roubo seguido de morte (latrocínio),1.0,0.0,0.0,1.0,0.0,0.0,1.0,vitimas
2025,2025-10-01,RN,Suicídio,29.0,0.0,6.0,23.0,0.0,0.0,29.0,vitimas
2025,2025-10-01,RN,Suicídio de Agente do Estado,2.0,0.0,0.0,2.0,0.0,0.0,2.0,vitimas
2025,2025-10-01,RN,Tentativa de feminicídio,8.0,0.0,8.0,0.0,0.0,0.0,8.0,vitimas
2025,2025-10-01,RN,Tentativa de homicídio,49.0,0.0,4.0,43.0,2.0,0.0,49.0,vitimas
2025,2025-10-01,RN,Tráfico de drogas,0.0,242.0,0.0,0.0,0.0,0.0,242.0,ocorrencias
2025,2025-10-01,RO,Apreensão de Cocaína,0.0,0.0,0.0,0.0,0.0,681998.0,681998.0,kg
2025,2025-10-01,RO,Apreensão de Maconha,0.0,0.0,0.0,0.0,0.0,143223.0,143223.0,kg
2025,2025-10-01,RO,Arma de Fogo Apreendida,0.0,188.0,0.0,0.0,0.0,0.0,188.0,ocorrencias
2025,2025-10-01,RO,Atendimento pré-hospitalar,0.0,1527.0,0.0,0.0,0.0,0.0,1527.0,ocorrencias
2025,2025-10-01,RO,Busca e salvamento,0.0,332.0,0.0,0.0,0.0,0.0,332.0,ocorrencias
2025,2025-10-01,RO,Combate a incêndios,0.0,368.0,0.0,0.0,0.0,0.0,368.0,ocorrencias
2025,2025-10-01,RO,Emissão de Alvarás de licença,0.0,1914.0,0.0,0.0,0.0,0.0,1914.0,ocorrencias
2025,2025-10-01,RO,Estupro,20.0,0.0,17.0,2.0,1.0,0.0,20.0,vitimas
2025,2025-10-01,RO,Estupro de vulnerável,102.0,0.0,88.0,13.0,1.0,0.0,102.0,vitimas
2025,2025-10-01,RO,Feminicídio,2.0,0.0,2.0,0.0,0.0,0.0,2.0,vitimas
2025,2025-10-01,RO,Furto de veículo,0.0,120.0,0.0,0.0,0.0,0.0,120.0,ocorrencias
2025,2025-10-01,RO,Homicídio doloso,27.0,0.0,2.0,25.0,0.0,0.0,27.0,vitimas
2025,2025-10-01,RO,Lesão corporal seguida de morte,0.0,0.0,0.0,0.0,0.0,0.0,0.0,vitimas
2025,2025-10-01,RO,Mandado de prisão cumprido,0.0,341.0,0.0,0.0,0.0,0.0,341.0,ocorrencias
2025,2025-10-01,RO,Morte de Agente do Estado,0.0,0.0,0.0,0.0,0.0,0.0,0.0,vitimas
2025,2025-10-01,RO,Morte no trânsito ou em decorrência dele (exceto homicídio doloso),29.0,0.0,9.0,20.0,0.0,0.0,29.0,vitimas
2025,2025-10-01,RO,Morte por intervenção de Agente do Estado,1.0,0.0,0.0,1.0,0.0,0.0,1.0,vitimas
2025,2025-10-01,RO,Mortes a esclarecer (sem indício de crime),24.0,0.0,4.0,20.0,0.0,0.0,24.0,vitimas
2025,2025-10-01,RO,Mortes no trânsito,11.0,0.0,4.0,7.0,0.0,0.0,11.0,vitimas
2025,2025-10-01,RO,Pessoa Desaparecida,90.0,0.0,36.0,53.0,1.0,0.0,90.0,vitimas
2025,2025-10-01,RO,Pessoa Localizada,5.0,0.0,1.0,4.0,0.0,0.0,5.0,vitimas
2025,2025-10-01,RO,Realização de vistorias,0.0,1282.0,0.0,0.0,0.0,0.0,1282.0,ocorrencias
2025,2025-10-01,RO,Roubo a instituição financeira,0.0,0.0,0.0,0.0,0.0,0.0,0.0,ocorrencias
2025,2025-10-01,RO,Roubo de carga,0.0,0.0,0.0,0.0,0.0,0.0,0.0,ocorrencias
2025,2025-10-01,RO,Roubo de veículo,0.0,31.0,0.0,0.0,0.0,0.0,31.0,ocorrencias
2025,2025-10-01,RO,Roubo seguido de morte (latrocínio),0.0,0.0,0.0,0.0,0.0,0.0,0.0,vitimas
2025,2025-10-01,RO,Suicídio,10.0,0.0,2.0,8.0,0.0,0.0,10.0,vitimas
2025,2025-10-01,RO,Suicídio de Agente do Estado,0.0,0.0,0.0,0.0,0.0,0.0,0.0,vitimas
2025,2025-10-01,RO,Tentativa de feminicídio,6.0,0.0,6.0,0.0,0.0,0.0,6.0,vitimas
2025,2025-10-01,RO,Tentativa de homicídio,72.0,0.0,15.0,53.0,4.0,0.0,72.0,vitimas
2025,2025-10-01,RO,Tráfico de drogas,0.0,198.0,0.0,0.0,0.0,0.0,198.0,ocorrencias
2025,2025-10-01,RR,Apreensão de Cocaína,0.0,0.0,0.0,0.0,0.0,6389.0,6389.0,kg
2025,2025-10-01,RR,Apreensão de Maconha,0.0,0.0,0.0,0.0,0.0,2145.0,2145.0,kg
2025,2025-10-01,RR,Arma de Fogo Apreendida,0.0,28.0,0.0,0.0,0.0,0.0,28.0,ocorrencias
2025,2025-10-01,RR,Atendimento pré-hospitalar,0.0,188.0,0.0,0.0,0.0,0.0,188.0,ocorrencias
2025,2025-10-01,RR,Busca e salvamento,0.0,240.0,0.0,0.0,0.0,0.0,240.0,ocorrencias
2025,2025-10-01,RR,Combate a incêndios,0.0,64.0,0.0,0.0,0.0,0.0,64.0,ocorrencias
2025,2025-10-01,RR,Emissão de Alvarás de licença,0.0,162.0,0.0,0.0,0.0,0.0,162.0,ocorrencias
2025,2025-10-01,RR,Estupro,11.0,0.0,8.0,2.0,1.0,0.0,11.0,vitimas
2025,2025-10-01,RR,Estupro de vulnerável,52.0,0.0,45.0,4.0,3.0,0.0,52.0,vitimas
2025,2025-10-01,RR,Feminicídio,1.0,0.0,1.0,0.0,0.0,0.0,1.0,vitimas
2025,2025-10-01,RR,Furto de veículo,0.0,47.0,0.0,0.0,0.0,0.0,47.0,ocorrencias
2025,2025-10-01,RR,Homicídio doloso,14.0,0.0,1.0,13.0,0.0,0.0,14.0,vitimas
2025,2025-10-01,RR,Lesão corporal seguida de morte,1.0,0.0,0.0,1.0,0.0,0.0,1.0,vitimas
2025,2025-10-01,RR,Mandado de prisão cumprido,0.0,122.0,0.0,0.0,0.0,0.0,122.0,ocorrencias
2025,2025-10-01,RR,Morte de Agente do Estado,0.0,0.0,0.0,0.0,0.0,0.0,0.0,vitimas
2025,2025-10-01,RR,Morte no trânsito ou em decorrência dele (exceto homicídio doloso),3.0,0.0,0.0,3.0,0.0,0.0,3.0,vitimas
2025,2025-10-01,RR,Morte por intervenção de Agente do Estado,0.0,0.0,0.0,0.0,0.0,0.0,0.0,vitimas
2025,2025-10-01,RR,Mortes a esclarecer (sem indício de crime),19.0,0.0,5.0,14.0,0.0,0.0,19.0,vitimas
2025,2025-10-01,RR,Mortes no trânsito,3.0,0.0,0.0,3.0,0.0,0.0,3.0,vitimas
2025,2025-10-01,RR,Pessoa Desaparecida,55.0,0.0,24.0,31.0,0.0,0.0,55.0,vitimas
2025,2025-10-01,RR,Pessoa Localizada,27.0,0.0,13.0,14.0,0.0,0.0,27.0,vitimas
2025,2025-10-01,RR,Realização de vistorias,0.0,202.0,0.0,0.0,0.0,0.0,202.0,ocorrencias
2025,2025-10-01,RR,Roubo a instituição financeira,0.0,0.0,0.0,0.0,0.0,0.0,0.0,ocorrencias
2025,2025-10-01,RR,Roubo de carga,0.0,0.0,0.0,0.0,0.0,0.0,0.0,ocorrencias
2025,2025-10-01,RR,Roubo de veículo,0.0,18.0,0.0,0.0,0.0,0.0,18.0,ocorrencias
2025,2025-10-01,RR,Roubo seguido de morte (latrocínio),0.0,0.0,0.0,0.0,0.0,0.0,0.0,vitimas
2025,2025-10-01,RR,Suicídio,9.0,0.0,0.0,9.0,0.0,0.0,9.0,vitimas
2025,2025-10-01,RR,Suicídio de Agente do Estado,0.0,0.0,0.0,0.0,0.0,0.0,0.0,vitimas
2025,2025-10-01,RR,Tentativa de feminicídio,2.0,0.0,2.0,0.0,0.0,0.0,2.0,vitimas
2025,2025-10-01,RR,Tentativa de homicídio,31.0,0.0,3.0,28.0,0.0,0.0,31.0,vitimas
2025,2025-10-01,RR,Tráfico de drogas,0.0,36.0,0.0,0.0,0.0,0.0,36.0,ocorrencias
2025,2025-10-01,RS,Apreensão de Cocaína,0.0,0.0,0.0,0.0,0.0,224166.0,224166.0,kg
2025,2025-10-01,RS,Apreensão de Maconha,0.0,0.0,0.0,0.0,0.0,2789790.0,2789790.0,kg
2025,2025-10-01,RS,Arma de Fogo Apreendida,0.0,785.0,0.0,0.0,0.0,0.0,785.0,ocorrencias
2025,2025-10-01,RS,Atendimento pré-hospitalar,0.0,2517.0,0.0,0.0,0.0,0.0,2517.0,ocorrencias
2025,2025-10-01,RS,Busca e salvamento,0.0,1397.0,0.0,0.0,0.0,0.0,1397.0,ocorrencias
2025,2025-10-01,RS,Combate a incêndios,0.0,1755.0,0.0,0.0,0.0,0.0,1755.0,ocorrencias
2025,2025-10-01,RS,Emissão de Alvarás de licença,0.0,4549.0,0.0,0.0,0.0,0.0,4549.0,ocorrencias
2025,2025-10-01,RS,Estupro,87.0,0.0,81.0,6.0,0.0,0.0,87.0,vitimas
2025,2025-10-01,RS,Estupro de vulnerável,353.0,0.0,294.0,59.0,0.0,0.0,353.0,vitimas
2025,2025-10-01,RS,Feminicídio,10.0,0.0,10.0,0.0,0.0,0.0,10.0,vitimas
2025,2025-10-01,RS,Furto de veículo,0.0,519.0,0.0,0.0,0.0,0.0,519.0,ocorrencias
2025,2025-10-01,RS,Homicídio doloso,81.0,0.0,4.0,77.0,0.0,0.0,81.0,vitimas
2025,2025-10-01,RS,Lesão corporal seguida de morte,2.0,0.0,0.0,2.0,0.0,0.0,2.0,vitimas
2025,2025-10-01,RS,Mandado de prisão cumprido,0.0,1096.0,0.0,0.0,0.0,0.0,1096.0,ocorrencias
2025,2025-10-01,RS,Morte de Agente do Estado,0.0,0.0,0.0,0.0,0.0,0.0,0.0,vitimas
2025,2025-10-01,RS,Morte no trânsito ou em decorrência dele (exceto homicídio doloso),86.0,0.0,17.0,69.0,0.0,0.0,86.0,vitimas
2025,2025-10-01,RS,Morte por intervenção de Agente do Estado,14.0,0.0,0.0,14.0,0.0,0.0,14.0,vitimas
2025,2025-10-01,RS,Mortes a esclarecer (sem indício de crime),96.0,0.0,18.0,78.0,0.0,0.0,96.0,vitimas
2025,2025-10-01,RS,Mortes no trânsito,28.0,0.0,6.0,22.0,0.0,0.0,28.0,vitimas
2025,2025-10-01,RS,Pessoa Desaparecida,669.0,0.0,281.0,388.0,0.0,0.0,669.0,vitimas
2025,2025-10-01,RS,Pessoa Localizada,691.0,0.0,290.0,401.0,0.0,0.0,691.0,vitimas
2025,2025-10-01,RS,Realização de vistorias,0.0,2983.0,0.0,0.0,0.0,0.0,2983.0,ocorrencias
2025,2025-10-01,RS,Roubo a instituição financeira,0.0,0.0,0.0,0.0,0.0,0.0,0.0,ocorrencias
2025,2025-10-01,RS,Roubo de carga,0.0,4.0,0.0,0.0,0.0,0.0,4.0,ocorrencias
2025,2025-10-01,RS,Roubo de veículo,0.0,131.0,0.0,0.0,0.0,0.0,131.0,ocorrencias
2025,2025-10-01,RS,Roubo seguido de morte (latrocínio),1.0,0.0,0.0,1.0,0.0,0.0,1.0,vitimas
2025,2025-10-01,RS,Suicídio,142.0,0.0,28.0,114.0,0.0,0.0,142.0,vitimas
2025,2025-10-01,RS,Suicídio de Agente do Estado,0.0,0.0,0.0,0.0,0.0,0.0,0.0,vitimas
2025,2025-10-01,RS,Tentativa de feminicídio,18.0,0.0,18.0,0.0,0.0,0.0,18.0,vitimas
2025,2025-10-01,RS,Tentativa de homicídio,133.0,0.0,18.0,115.0,0.0,0.0,133.0,vitimas
2025,2025-10-01,RS,Tráfico de drogas,0.0,1580.0,0.0,0.0,0.0,0.0,1580.0,ocorrencias
2025,2025-10-01,SC,Apreensão de Cocaína,0.0,0.0,0.0,0.0,0.0,6429.0,6429.0,kg
2025,2025-10-01,SC,Apreensão de Maconha,0.0,0.0,0.0,0.0,0.0,1423149.0,1423149.0,kg
2025,2025-10-01,SC,Arma de Fogo Apreendida,0.0,191.0,0.0,0.0,0.0,0.0,191.0,ocorrencias
2025,2025-10-01,SC,Atendimento pré-hospitalar,0.0,14104.0,0.0,0.0,0.0,0.0,14104.0,ocorrencias
2025,2025-10-01,SC,Busca e salvamento,0.0,1272.0,0.0,0.0,0.0,0.0,1272.0,ocorrencias
2025,2025-10-01,SC,Combate a incêndios,0.0,700.0,0.0,0.0,0.0,0.0,700.0,ocorrencias
2025,2025-10-01,SC,Emissão de Alvarás de licença,0.0,40799.0,0.0,0.0,0.0,0.0,40799.0,ocorrencias
2025,2025-10-01,SC,Estupro,108.0,0.0,91.0,17.0,0.0,0.0,108.0,vitimas
2025,2025-10-01,SC,Estupro de vulnerável,249.0,0.0,200.0,49.0,0.0,0.0,249.0,vitimas
2025,2025-10-01,SC,Feminicídio,4.0,0.0,4.0,0.0,0.0,0.0,4.0,vitimas
2025,2025-10-01,SC,Furto de veículo,0.0,472.0,0.0,0.0,0.0,0.0,472.0,ocorrencias
2025,2025-10-01,SC,Homicídio doloso,36.0,0.0,3.0,33.0,0.0,0.0,36.0,vitimas
2025,2025-10-01,SC,Lesão corporal seguida de morte,5.0,0.0,0.0,5.0,0.0,0.0,5.0,vitimas
2025,2025-10-01,SC,Mandado de prisão cumprido,0.0,1469.0,0.0,0.0,0.0,0.0,1469.0,ocorrencias
2025,2025-10-01,SC,Morte de Agente do Estado,0.0,0.0,0.0,0.0,0.0,0.0,0.0,vitimas
2025,2025-10-01,SC,Morte no trânsito ou em decorrência dele (exceto homicídio doloso),32.0,0.0,5.0,27.0,0.0,0.0,32.0,vitimas
2025,2025-10-01,SC,Morte por intervenção de Agente do Estado,6.0,0.0,0.0,6.0,0.0,0.0,6.0,vitimas
2025,2025-10-01,SC,Mortes a esclarecer (sem indício de crime),0.0,0.0,0.0,0.0,0.0,0.0,0.0,vitimas
2025,2025-10-01,SC,Mortes no trânsito,31.0,0.0,3.0,28.0,0.0,0.0,31.0,vitimas
2025,2025-10-01,SC,Pessoa Desaparecida,375.0,0.0,153.0,222.0,0.0,0.0,375.0,vitimas
2025,2025-10-01,SC,Pessoa Localizada,490.0,0.0,184.0,306.0,0.0,0.0,490.0,vitimas
2025,2025-10-01,SC,Realização de vistorias,0.0,5082.0,0.0,0.0,0.0,0.0,5082.0,ocorrencias
2025,2025-10-01,SC,Roubo a instituição financeira,0.0,0.0,0.0,0.0,0.0,0.0,0.0,ocorrencias
2025,2025-10-01,SC,Roubo de carga,0.0,2.0,0.0,0.0,0.0,0.0,2.0,ocorrencias
2025,2025-10-01,SC,Roubo de veículo,0.0,48.0,0.0,0.0,0.0,0.0,48.0,ocorrencias
2025,2025-10-01,SC,Roubo seguido de morte (latrocínio),1.0,0.0,0.0,1.0,0.0,0.0,1.0,vitimas
2025,2025-10-01,SC,Suicídio,88.0,0.0,17.0,71.0,0.0,0.0,88.0,vitimas
2025,2025-10-01,SC,Suicídio de Agente do Estado,0.0,0.0,0.0,0.0,0.0,0.0,0.0,vitimas
2025,2025-10-01,SC,Tentativa de feminicídio,14.0,0.0,14.0,0.0,0.0,0.0,14.0,vitimas
2025,2025-10-01,SC,Tentativa de homicídio,130.0,0.0,22.0,108.0,0.0,0.0,130.0,vitimas
2025,2025-10-01,SC,Tráfico de drogas,0.0,696.0,0.0,0.0,0.0,0.0,696.0,ocorrencias
2025,2025-10-01,SE,Apreensão de Cocaína,0.0,0.0,0.0,0.0,0.0,1444.0,1444.0,kg
2025,2025-10-01,SE,Apreensão de Maconha,0.0,0.0,0.0,0.0,0.0,26235.0,26235.0,kg
2025,2025-10-01,SE,Arma de Fogo Apreendida,0.0,75.0,0.0,0.0,0.0,0.0,75.0,ocorrencias
2025,2025-10-01,SE,Atendimento pré-hospitalar,0.0,48.0,0.0,0.0,0.0,0.0,48.0,ocorrencias
2025,2025-10-01,SE,Busca e salvamento,0.0,549.0,0.0,0.0,0.0,0.0,549.0,ocorrencias
2025,2025-10-01,SE,Combate a incêndios,0.0,145.0,0.0,0.0,0.0,0.0,145.0,ocorrencias
2025,2025-10-01,SE,Emissão de Alvarás de licença,0.0,1034.0,0.0,0.0,0.0,0.0,1034.0,ocorrencias
2025,2025-10-01,SE,Estupro,18.0,0.0,17.0,0.0,1.0,0.0,18.0,vitimas
2025,2025-10-01,SE,Estupro de vulnerável,67.0,0.0,47.0,8.0,12.0,0.0,67.0,vitimas
2025,2025-10-01,SE,Feminicídio,0.0,0.0,0.0,0.0,0.0,0.0,0.0,vitimas
2025,2025-10-01,SE,Furto de veículo,0.0,45.0,0.0,0.0,0.0,0.0,45.0,ocorrencias
2025,2025-10-01,SE,Homicídio doloso,27.0,0.0,1.0,26.0,0.0,0.0,27.0,vitimas
2025,2025-10-01,SE,Lesão corporal seguida de morte,0.0,0.0,0.0,0.0,0.0,0.0,0.0,vitimas
2025,2025-10-01,SE,Mandado de prisão cumprido,0.0,154.0,0.0,0.0,0.0,0.0,154.0,ocorrencias
2025,2025-10-01,SE,Morte de Agente do Estado,0.0,0.0,0.0,0.0,0.0,0.0,0.0,vitimas
2025,2025-10-01,SE,Morte no trânsito ou em decorrência dele (exceto homicídio doloso),16.0,0.0,1.0,15.0,0.0,0.0,16.0,vitimas
2025,2025-10-01,SE,Morte por intervenção de Agente do Estado,25.0,0.0,0.0,25.0,0.0,0.0,25.0,vitimas
2025,2025-10-01,SE,Mortes a esclarecer (sem indício de crime),37.0,0.0,10.0,27.0,0.0,0.0,37.0,vitimas
2025,2025-10-01,SE,Mortes no trânsito,6.0,0.0,1.0,5.0,0.0,0.0,6.0,vitimas
2025,2025-10-01,SE,Pessoa Desaparecida,58.0,0.0,26.0,31.0,1.0,0.0,58.0,vitimas
2025,2025-10-01,SE,Pessoa Localizada,52.0,0.0,23.0,29.0,0.0,0.0,52.0,vitimas
2025,2025-10-01,SE,Realização de vistorias,0.0,302.0,0.0,0.0,0.0,0.0,302.0,ocorrencias
2025,2025-10-01,SE,Roubo a instituição financeira,0.0,0.0,0.0,0.0,0.0,0.0,0.0,ocorrencias
2025,2025-10-01,SE,Roubo de carga,0.0,0.0,0.0,0.0,0.0,0.0,0.0,ocorrencias
2025,2025-10-01,SE,Roubo de veículo,0.0,30.0,0.0,0.0,0.0,0.0,30.0,ocorrencias
2025,2025-10-01,SE,Roubo seguido de morte (latrocínio),0.0,0.0,0.0,0.0,0.0,0.0,0.0,vitimas
2025,2025-10-01,SE,Suicídio,20.0,0.0,6.0,14.0,0.0,0.0,20.0,vitimas
2025,2025-10-01,SE,Suicídio de Agente do Estado,0.0,0.0,0.0,0.0,0.0,0.0,0.0,vitimas
2025,2025-10-01,SE,Tentativa de feminicídio,3.0,0.0,3.0,0.0,0.0,0.0,3.0,vitimas
2025,2025-10-01,SE,Tentativa de homicídio,42.0,0.0,6.0,36.0,0.0,0.0,42.0,vitimas
2025,2025-10-01,SE,Tráfico de drogas,0.0,124.0,0.0,0.0,0.0,0.0,124.0,ocorrencias
2025,2025-10-01,SP,Apreensão de Cocaína,0.0,0.0,0.0,0.0,0.0,1539909.0,1539909.0,kg
2025,2025-10-01,SP,Apreensão de Maconha,0.0,0.0,0.0,0.0,0.0,5049231.0,5049231.0,kg
2025,2025-10-01,SP,Arma de Fogo Apreendida,0.0,1251.0,0.0,0.0,0.0,0.0,1251.0,ocorrencias
2025,2025-10-01,SP,Atendimento pré-hospitalar,0.0,17557.0,0.0,0.0,0.0,0.0,17557.0,ocorrencias
2025,2025-10-01,SP,Busca e salvamento,0.0,6686.0,0.0,0.0,0.0,0.0,6686.0,ocorrencias
2025,2025-10-01,SP,Combate a incêndios,0.0,4474.0,0.0,0.0,0.0,0.0,4474.0,ocorrencias
2025,2025-10-01,SP,Emissão de Alvarás de licença,0.0,24966.0,0.0,0.0,0.0,0.0,24966.0,ocorrencias
2025,2025-10-01,SP,Estupro,289.0,0.0,277.0,12.0,0.0,0.0,289.0,vitimas
2025,2025-10-01,SP,Estupro de vulnerável,1069.0,0.0,895.0,174.0,0.0,0.0,1069.0,vitimas
2025,2025-10-01,SP,Feminicídio,22.0,0.0,22.0,0.0,0.0,0.0,22.0,vitimas
2025,2025-10-01,SP,Furto de veículo,0.0,7806.0,0.0,0.0,0.0,0.0,7806.0,ocorrencias
2025,2025-10-01,SP,Homicídio doloso,172.0,0.0,17.0,153.0,2.0,0.0,172.0,vitimas
2025,2025-10-01,SP,Lesão corporal seguida de morte,2.0,0.0,0.0,2.0,0.0,0.0,2.0,vitimas
2025,2025-10-01,SP,Mandado de prisão cumprido,0.0,6713.0,0.0,0.0,0.0,0.0,6713.0,ocorrencias
2025,2025-10-01,SP,Morte de Agente do Estado,3.0,0.0,0.0,3.0,0.0,0.0,3.0,vitimas
2025,2025-10-01,SP,Morte no trânsito ou em decorrência dele (exceto homicídio doloso),310.0,0.0,73.0,236.0,1.0,0.0,310.0,vitimas
2025,2025-10-01,SP,Morte por intervenção de Agente do Estado,91.0,0.0,1.0,88.0,2.0,0.0,91.0,vitimas
2025,2025-10-01,SP,Mortes a esclarecer (sem indício de crime),247.0,0.0,39.0,191.0,17.0,0.0,247.0,vitimas
2025,2025-10-01,SP,Mortes no trânsito,20.0,0.0,6.0,14.0,0.0,0.0,20.0,vitimas
2025,2025-10-01,SP,Pessoa Desaparecida,1693.0,0.0,583.0,1107.0,3.0,0.0,1693.0,vitimas
2025,2025-10-01,SP,Pessoa Localizada,1270.0,0.0,474.0,793.0,3.0,0.0,1270.0,vitimas
2025,2025-10-01,SP,Realização de vistorias,0.0,10419.0,0.0,0.0,0.0,0.0,10419.0,ocorrencias
2025,2025-10-01,SP,Roubo a instituição financeira,0.0,0.0,0.0,0.0,0.0,0.0,0.0,ocorrencias
2025,2025-10-01,SP,Roubo de carga,0.0,294.0,0.0,0.0,0.0,0.0,294.0,ocorrencias
2025,2025-10-01,SP,Roubo de veículo,0.0,2004.0,0.0,0.0,0.0,0.0,2004.0,ocorrencias
2025,2025-10-01,SP,Roubo seguido de morte (latrocínio),8.0,0.0,0.0,8.0,0.0,0.0,8.0,vitimas
2025,2025-10-01,SP,Suicídio,262.0,0.0,64.0,198.0,0.0,0.0,262.0,vitimas
2025,2025-10-01,SP,Suicídio de Agente do Estado,1.0,0.0,0.0,1.0,0.0,0.0,1.0,vitimas
2025,2025-10-01,SP,Tentativa de feminicídio,63.0,0.0,63.0,0.0,0.0,0.0,63.0,vitimas
2025,2025-10-01,SP,Tentativa de homicídio,329.0,0.0,36.0,291.0,2.0,0.0,329.0,vitimas
2025,2025-10-01,SP,Tráfico de drogas,0.0,4120.0,0.0,0.0,0.0,0.0,4120.0,ocorrencias
2025,2025-10-01,TO,Apreensão de Cocaína,0.0,0.0,0.0,0.0,0.0,6790.0,6790.0,kg
2025,2025-10-01,TO,Apreensão de Maconha,0.0,0.0,0.0,0.0,0.0,10265.0,10265.0,kg
2025,2025-10-01,TO,Arma de Fogo Apreendida,0.0,94.0,0.0,0.0,0.0,0.0,94.0,ocorrencias
2025,2025-10-01,TO,Atendimento pré-hospitalar,0.0,2363.0,0.0,0.0,0.0,0.0,2363.0,ocorrencias
2025,2025-10-01,TO,Busca e salvamento,0.0,732.0,0.0,0.0,0.0,0.0,732.0,ocorrencias
2025,2025-10-01,TO,Combate a incêndios,0.0,1120.0,0.0,0.0,0.0,0.0,1120.0,ocorrencias
2025,2025-10-01,TO,Emissão de Alvarás de licença,0.0,950.0,0.0,0.0,0.0,0.0,950.0,ocorrencias
2025,2025-10-01,TO,Estupro,15.0,0.0,13.0,2.0,0.0,0.0,15.0,vitimas
2025,2025-10-01,TO,Estupro de vulnerável,61.0,0.0,53.0,2.0,6.0,0.0,61.0,vitimas
2025,2025-10-01,TO,Feminicídio,1.0,0.0,1.0,0.0,0.0,0.0,1.0,vitimas
2025,2025-10-01,TO,Furto de veículo,0.0,111.0,0.0,0.0,0.0,0.0,111.0,ocorrencias
2025,2025-10-01,TO,Homicídio doloso,22.0,0.0,0.0,21.0,1.0,0.0,22.0,vitimas
2025,2025-10-01,TO,Lesão corporal seguida de morte,0.0,0.0,0.0,0.0,0.0,0.0,0.0,vitimas
2025,2025-10-01,TO,Mandado de prisão cumprido,0.0,224.0,0.0,0.0,0.0,0.0,224.0,ocorrencias
2025,2025-10-01,TO,Morte de Agente do Estado,1.0,0.0,0.0,1.0,0.0,0.0,1.0,vitimas
2025,2025-10-01,TO,Morte no trânsito ou em decorrência dele (exceto homicídio doloso),40.0,0.0,10.0,29.0,1.0,0.0,40.0,vitimas
2025,2025-10-01,TO,Morte por intervenção de Agente do Estado,7.0,0.0,1.0,6.0,0.0,0.0,7.0,vitimas
2025,2025-10-01,TO,Mortes a esclarecer (sem indício de crime),27.0,0.0,4.0,23.0,0.0,0.0,27.0,vitimas
2025,2025-10-01,TO,Mortes no trânsito,6.0,0.0,3.0,3.0,0.0,0.0,6.0,vitimas
2025,2025-10-01,TO,Pessoa Desaparecida,46.0,0.0,15.0,29.0,2.0,0.0,46.0,vitimas
2025,2025-10-01,TO,Pessoa Localizada,29.0,0.0,14.0,14.0,1.0,0.0,29.0,vitimas
2025,2025-10-01,TO,Realização de vistorias,0.0,1454.0,0.0,0.0,0.0,0.0,1454.0,ocorrencias
2025,2025-10-01,TO,Roubo a instituição financeira,0.0,0.0,0.0,0.0,0.0,0.0,0.0,ocorrencias
2025,2025-10-01,TO,Roubo de carga,0.0,0.0,0.0,0.0,0.0,0.0,0.0,ocorrencias
2025,2025-10-01,TO,Roubo de veículo,0.0,25.0,0.0,0.0,0.0,0.0,25.0,ocorrencias
2025,2025-10-01,TO,Roubo seguido de morte (latrocínio),0.0,0.0,0.0,0.0,0.0,0.0,0.0,vitimas
2025,2025-10-01,TO,Suicídio,14.0,0.0,3.0,11.0,0.0,0.0,14.0,vitimas
2025,2025-10-01,TO,Suicídio de Agente do Estado,1.0,0.0,0.0,1.0,0.0,0.0,1.0,vitimas
2025,2025-10-01,TO,Tentativa de feminicídio,7.0,0.0,6.0,1.0,0.0,0.0,7.0,vitimas
2025,2025-10-01,TO,Tentativa de homicídio,45.0,0.0,3.0,41.0,1.0,0.0,45.0,vitimas
2025,2025-10-01,TO,Tráfico de drogas,0.0,90.0,0.0,0.0,0.0,0.0,90.0,ocorrencias
2025,2025-11-01,AC,Apreensão de Cocaína,0.0,0.0,0.0,0.0,0.0,5998.0,5998.0,kg
2025,2025-11-01,AC,Apreensão de Maconha,0.0,0.0,0.0,0.0,0.0,259665.0,259665.0,kg
2025,2025-11-01,AC,Arma de Fogo Apreendida,0.0,62.0,0.0,0.0,0.0,0.0,62.0,ocorrencias
2025,2025-11-01,AC,Atendimento pré-hospitalar,0.0,19.0,0.0,0.0,0.0,0.0,19.0,ocorrencias
2025,2025-11-01,AC,Busca e salvamento,0.0,2.0,0.0,0.0,0.0,0.0,2.0,ocorrencias
2025,2025-11-01,AC,Combate a incêndios,0.0,197.0,0.0,0.0,0.0,0.0,197.0,ocorrencias
2025,2025-11-01,AC,Emissão de Alvarás de licença,0.0,342.0,0.0,0.0,0.0,0.0,342.0,ocorrencias
2025,2025-11-01,AC,Estupro,13.0,0.0,12.0,1.0,0.0,0.0,13.0,vitimas
2025,2025-11-01,AC,Estupro de vulnerável,51.0,0.0,47.0,4.0,0.0,0.0,51.0,vitimas
2025,2025-11-01,AC,Feminicídio,1.0,0.0,1.0,0.0,0.0,0.0,1.0,vitimas
2025,2025-11-01,AC,Furto de veículo,0.0,59.0,0.0,0.0,0.0,0.0,59.0,ocorrencias
2025,2025-11-01,AC,Homicídio doloso,15.0,0.0,0.0,15.0,0.0,0.0,15.0,vitimas
2025,2025-11-01,AC,Lesão corporal seguida de morte,0.0,0.0,0.0,0.0,0.0,0.0,0.0,vitimas
2025,2025-11-01,AC,Mandado de prisão cumprido,0.0,197.0,0.0,0.0,0.0,0.0,197.0,ocorrencias
2025,2025-11-01,AC,Morte de Agente do Estado,0.0,0.0,0.0,0.0,0.0,0.0,0.0,vitimas
2025,2025-11-01,AC,Morte no trânsito ou em decorrência dele (exceto homicídio doloso),14.0,0.0,2.0,12.0,0.0,0.0,14.0,vitimas
2025,2025-11-01,AC,Morte por intervenção de Agente do Estado,1.0,0.0,0.0,1.0,0.0,0.0,1.0,vitimas
2025,2025-11-01,AC,Mortes a esclarecer (sem indício de crime),6.0,0.0,2.0,4.0,0.0,0.0,6.0,vitimas
2025,2025-11-01,AC,Mortes no trânsito,3.0,0.0,1.0,2.0,0.0,0.0,3.0,vitimas
2025,2025-11-01,AC,Pessoa Desaparecida,35.0,0.0,18.0,17.0,0.0,0.0,35.0,vitimas
2025,2025-11-01,AC,Pessoa Localizada,28.0,0.0,15.0,13.0,0.0,0.0,28.0,vitimas
2025,2025-11-01,AC,Realização de vistorias,0.0,760.0,0.0,0.0,0.0,0.0,760.0,ocorrencias
2025,2025-11-01,AC,Roubo a instituição financeira,0.0,0.0,0.0,0.0,0.0,0.0,0.0,ocorrencias
2025,2025-11-01,AC,Roubo de carga,0.0,0.0,0.0,0.0,0.0,0.0,0.0,ocorrencias
2025,2025-11-01,AC,Roubo de veículo,0.0,50.0,0.0,0.0,0.0,0.0,50.0,ocorrencias
2025,2025-11-01,AC,Roubo seguido de morte (latrocínio),1.0,0.0,0.0,1.0,0.0,0.0,1.0,vitimas
2025,2025-11-01,AC,Suicídio,7.0,0.0,2.0,5.0,0.0,0.0,7.0,vitimas
2025,2025-11-01,AC,Suicídio de Agente do Estado,0.0,0.0,0.0,0.0,0.0,0.0,0.0,vitimas
2025,2025-11-01,AC,Tentativa de feminicídio,5.0,0.0,5.0,0.0,0.0,0.0,5.0,vitimas
2025,2025-11-01,AC,Tentativa de homicídio,30.0,0.0,3.0,27.0,0.0,0.0,30.0,vitimas
2025,2025-11-01,AC,Tráfico de drogas,0.0,73.0,0.0,0.0,0.0,0.0,73.0,ocorrencias
2025,2025-11-01,AL,Apreensão de Cocaína,0.0,0.0,0.0,0.0,0.0,52323.0,52323.0,kg
2025,2025-11-01,AL,Apreensão de Maconha,0.0,0.0,0.0,0.0,0.0,80259.0,80259.0,kg
2025,2025-11-01,AL,Arma de Fogo Apreendida,0.0,123.0,0.0,0.0,0.0,0.0,123.0,ocorrencias
2025,2025-11-01,AL,Atendimento pré-hospitalar,0.0,484.0,0.0,0.0,0.0,0.0,484.0,ocorrencias
2025,2025-11-01,AL,Busca e salvamento,0.0,358.0,0.0,0.0,0.0,0.0,358.0,ocorrencias
2025,2025-11-01,AL,Combate a incêndios,0.0,330.0,0.0,0.0,0.0,0.0,330.0,ocorrencias
2025,2025-11-01,AL,Emissão de Alvarás de licença,0.0,734.0,0.0,0.0,0.0,0.0,734.0,ocorrencias
2025,2025-11-01,AL,Estupro,15.0,0.0,15.0,0.0,0.0,0.0,15.0,vitimas
2025,2025-11-01,AL,Estupro de vulnerável,66.0,0.0,60.0,6.0,0.0,0.0,66.0,vitimas
2025,2025-11-01,AL,Feminicídio,2.0,0.0,2.0,0.0,0.0,0.0,2.0,vitimas
2025,2025-11-01,AL,Furto de veículo,0.0,144.0,0.0,0.0,0.0,0.0,144.0,ocorrencias
2025,2025-11-01,AL,Homicídio doloso,56.0,0.0,5.0,51.0,0.0,0.0,56.0,vitimas
2025,2025-11-01,AL,Lesão corporal seguida de morte,0.0,0.0,0.0,0.0,0.0,0.0,0.0,vitimas
2025,2025-11-01,AL,Mandado de prisão cumprido,0.0,340.0,0.0,0.0,0.0,0.0,340.0,ocorrencias
2025,2025-11-01,AL,Morte de Agente do Estado,0.0,0.0,0.0,0.0,0.0,0.0,0.0,vitimas
2025,2025-11-01,AL,Morte no trânsito ou em decorrência dele (exceto homicídio doloso),33.0,0.0,7.0,21.0,5.0,0.0,33.0,vitimas
2025,2025-11-01,AL,Morte por intervenção de Agente do Estado,7.0,0.0,0.0,7.0,0.0,0.0,7.0,vitimas
2025,2025-11-01,AL,Mortes a esclarecer (sem indício de crime),55.0,0.0,11.0,32.0,12.0,0.0,55.0,vitimas
2025,2025-11-01,AL,Mortes no trânsito,8.0,0.0,2.0,6.0,0.0,0.0,8.0,vitimas
2025,2025-11-01,AL,Pessoa Desaparecida,59.0,0.0,19.0,40.0,0.0,0.0,59.0,vitimas
2025,2025-11-01,AL,Pessoa Localizada,43.0,0.0,14.0,29.0,0.0,0.0,43.0,vitimas
2025,2025-11-01,AL,Realização de vistorias,0.0,1323.0,0.0,0.0,0.0,0.0,1323.0,ocorrencias
2025,2025-11-01,AL,Roubo a instituição financeira,0.0,0.0,0.0,0.0,0.0,0.0,0.0,ocorrencias
2025,2025-11-01,AL,Roubo de carga,0.0,0.0,0.0,0.0,0.0,0.0,0.0,ocorrencias
2025,2025-11-01,AL,Roubo de veículo,0.0,98.0,0.0,0.0,0.0,0.0,98.0,ocorrencias
2025,2025-11-01,AL,Roubo seguido de morte (latrocínio),0.0,0.0,0.0,0.0,0.0,0.0,0.0,vitimas
2025,2025-11-01,AL,Suicídio,24.0,0.0,0.0,24.0,0.0,0.0,24.0,vitimas
2025,2025-11-01,AL,Suicídio de Agente do Estado,0.0,0.0,0.0,0.0,0.0,0.0,0.0,vitimas
2025,2025-11-01,AL,Tentativa de feminicídio,5.0,0.0,5.0,0.0,0.0,0.0,5.0,vitimas
2025,2025-11-01,AL,Tentativa de homicídio,70.0,0.0,11.0,56.0,3.0,0.0,70.0,vitimas
2025,2025-11-01,AL,Tráfico de drogas,0.0,125.0,0.0,0.0,0.0,0.0,125.0,ocorrencias
2025,2025-11-01,AM,Apreensão de Cocaína,0.0,0.0,0.0,0.0,0.0,6360.0,6360.0,kg
2025,2025-11-01,AM,Apreensão de Maconha,0.0,0.0,0.0,0.0,0.0,2975121.0,2975121.0,kg
2025,2025-11-01,AM,Arma de Fogo Apreendida,0.0,133.0,0.0,0.0,0.0,0.0,133.0,ocorrencias
2025,2025-11-01,AM,Atendimento pré-hospitalar,0.0,472.0,0.0,0.0,0.0,0.0,472.0,ocorrencias
2025,2025-11-01,AM,Busca e salvamento,0.0,372.0,0.0,0.0,0.0,0.0,372.0,ocorrencias
2025,2025-11-01,AM,Combate a incêndios,0.0,1394.0,0.0,0.0,0.0,0.0,1394.0,ocorrencias
2025,2025-11-01,AM,Emissão de Alvarás de licença,0.0,421.0,0.0,0.0,0.0,0.0,421.0,ocorrencias
2025,2025-11-01,AM,Estupro,42.0,0.0,38.0,4.0,0.0,0.0,42.0,vitimas
2025,2025-11-01,AM,Estupro de vulnerável,127.0,0.0,110.0,13.0,4.0,0.0,127.0,vitimas
2025,2025-11-01,AM,Feminicídio,1.0,0.0,1.0,0.0,0.0,0.0,1.0,vitimas
2025,2025-11-01,AM,Furto de veículo,0.0,117.0,0.0,0.0,0.0,0.0,117.0,ocorrencias
2025,2025-11-01,AM,Homicídio doloso,54.0,0.0,5.0,49.0,0.0,0.0,54.0,vitimas
2025,2025-11-01,AM,Lesão corporal seguida de morte,1.0,0.0,0.0,1.0,0.0,0.0,1.0,vitimas
2025,2025-11-01,AM,Mandado de prisão cumprido,0.0,352.0,0.0,0.0,0.0,0.0,352.0,ocorrencias
2025,2025-11-01,AM,Morte de Agente do Estado,1.0,0.0,0.0,1.0,0.0,0.0,1.0,vitimas
2025,2025-11-01,AM,Morte no trânsito ou em decorrência dele (exceto homicídio doloso),15.0,0.0,4.0,11.0,0.0,0.0,15.0,vitimas
2025,2025-11-01,AM,Morte por intervenção de Agente do Estado,1.0,0.0,0.0,1.0,0.0,0.0,1.0,vitimas
2025,2025-11-01,AM,Mortes a esclarecer (sem indício de crime),1.0,0.0,0.0,1.0,0.0,0.0,1.0,vitimas
2025,2025-11-01,AM,Mortes no trânsito,3.0,0.0,1.0,2.0,0.0,0.0,3.0,vitimas
2025,2025-11-01,AM,Pessoa Desaparecida,83.0,0.0,36.0,47.0,0.0,0.0,83.0,vitimas
2025,2025-11-01,AM,Pessoa Localizada,64.0,0.0,27.0,37.0,0.0,0.0,64.0,vitimas
2025,2025-11-01,AM,Realização de vistorias,0.0,442.0,0.0,0.0,0.0,0.0,442.0,ocorrencias
2025,2025-11-01,AM,Roubo a instituição financeira,0.0,0.0,0.0,0.0,0.0,0.0,0.0,ocorrencias
2025,2025-11-01,AM,Roubo de carga,0.0,2.0,0.0,0.0,0.0,0.0,2.0,ocorrencias
2025,2025-11-01,AM,Roubo de veículo,0.0,34.0,0.0,0.0,0.0,0.0,34.0,ocorrencias
2025,2025-11-01,AM,Roubo seguido de morte (latrocínio),0.0,0.0,0.0,0.0,0.0,0.0,0.0,vitimas
2025,2025-11-01,AM,Suicídio,15.0,0.0,6.0,9.0,0.0,0.0,15.0,vitimas
2025,2025-11-01,AM,Suicídio de Agente do Estado,0.0,0.0,0.0,0.0,0.0,0.0,0.0,vitimas
2025,2025-11-01,AM,Tentativa de feminicídio,8.0,0.0,8.0,0.0,0.0,0.0,8.0,vitimas
2025,2025-11-01,AM,Tentativa de homicídio,57.0,0.0,6.0,49.0,2.0,0.0,57.0,vitimas
2025,2025-11-01,AM,Tráfico de drogas,0.0,311.0,0.0,0.0,0.0,0.0,311.0,ocorrencias
2025,2025-11-01,AP,Apreensão de Cocaína,0.0,0.0,0.0,0.0,0.0,502455.0,502455.0,kg
2025,2025-11-01,AP,Apreensão de Maconha,0.0,0.0,0.0,0.0,0.0,967.0,967.0,kg
2025,2025-11-01,AP,Arma de Fogo Apreendida,0.0,39.0,0.0,0.0,0.0,0.0,39.0,ocorrencias
2025,2025-11-01,AP,Atendimento pré-hospitalar,0.0,709.0,0.0,0.0,0.0,0.0,709.0,ocorrencias
2025,2025-11-01,AP,Busca e salvamento,0.0,366.0,0.0,0.0,0.0,0.0,366.0,ocorrencias
2025,2025-11-01,AP,Combate a incêndios,0.0,232.0,0.0,0.0,0.0,0.0,232.0,ocorrencias
2025,2025-11-01,AP,Emissão de Alvarás de licença,0.0,323.0,0.0,0.0,0.0,0.0,323.0,ocorrencias
2025,2025-11-01,AP,Estupro,16.0,0.0,15.0,0.0,1.0,0.0,16.0,vitimas
2025,2025-11-01,AP,Estupro de vulnerável,30.0,0.0,26.0,4.0,0.0,0.0,30.0,vitimas
2025,2025-11-01,AP,Feminicídio,1.0,0.0,1.0,0.0,0.0,0.0,1.0,vitimas
2025,2025-11-01,AP,Furto de veículo,0.0,25.0,0.0,0.0,0.0,0.0,25.0,ocorrencias
2025,2025-11-01,AP,Homicídio doloso,15.0,0.0,1.0,14.0,0.0,0.0,15.0,vitimas
2025,2025-11-01,AP,Lesão corporal seguida de morte,0.0,0.0,0.0,0.0,0.0,0.0,0.0,vitimas
2025,2025-11-01,AP,Mandado de prisão cumprido,0.0,135.0,0.0,0.0,0.0,0.0,135.0,ocorrencias
2025,2025-11-01,AP,Morte de Agente do Estado,0.0,0.0,0.0,0.0,0.0,0.0,0.0,vitimas
2025,2025-11-01,AP,Morte no trânsito ou em decorrência dele (exceto homicídio doloso),13.0,0.0,1.0,12.0,0.0,0.0,13.0,vitimas
2025,2025-11-01,AP,Morte por intervenção de Agente do Estado,3.0,0.0,0.0,3.0,0.0,0.0,3.0,vitimas
2025,2025-11-01,AP,Mortes a esclarecer (sem indício de crime),2.0,0.0,0.0,2.0,0.0,0.0,2.0,vitimas
2025,2025-11-01,AP,Mortes no trânsito,1.0,0.0,0.0,1.0,0.0,0.0,1.0,vitimas
2025,2025-11-01,AP,Pessoa Desaparecida,42.0,0.0,19.0,23.0,0.0,0.0,42.0,vitimas
2025,2025-11-01,AP,Pessoa Localizada,34.0,0.0,15.0,19.0,0.0,0.0,34.0,vitimas
2025,2025-11-01,AP,Realização de vistorias,0.0,587.0,0.0,0.0,0.0,0.0,587.0,ocorrencias
2025,2025-11-01,AP,Roubo a instituição financeira,0.0,0.0,0.0,0.0,0.0,0.0,0.0,ocorrencias
2025,2025-11-01,AP,Roubo de carga,0.0,0.0,0.0,0.0,0.0,0.0,0.0,ocorrencias
2025,2025-11-01,AP,Roubo de veículo,0.0,9.0,0.0,0.0,0.0,0.0,9.0,ocorrencias
2025,2025-11-01,AP,Roubo seguido de morte (latrocínio),0.0,0.0,0.0,0.0,0.0,0.0,0.0,vitimas
2025,2025-11-01,AP,Suicídio,4.0,0.0,1.0,3.0,0.0,0.0,4.0,vitimas
2025,2025-11-01,AP,Suicídio de Agente do Estado,0.0,0.0,0.0,0.0,0.0,0.0,0.0,vitimas
2025,2025-11-01,AP,Tentativa de feminicídio,5.0,0.0,5.0,0.0,0.0,0.0,5.0,vitimas
2025,2025-11-01,AP,Tentativa de homicídio,21.0,0.0,1.0,20.0,0.0,0.0,21.0,vitimas
2025,2025-11-01,AP,Tráfico de drogas,0.0,77.0,0.0,0.0,0.0,0.0,77.0,ocorrencias
2025,2025-11-01,BA,Apreensão de Cocaína,0.0,0.0,0.0,0.0,0.0,14660.0,14660.0,kg
2025,2025-11-01,BA,Apreensão de Maconha,0.0,0.0,0.0,0.0,0.0,213435.0,213435.0,kg
2025,2025-11-01,BA,Arma de Fogo Apreendida,0.0,644.0,0.0,0.0,0.0,0.0,644.0,ocorrencias
2025,2025-11-01,BA,Atendimento pré-hospitalar,0.0,714.0,0.0,0.0,0.0,0.0,714.0,ocorrencias
2025,2025-11-01,BA,Busca e salvamento,0.0,765.0,0.0,0.0,0.0,0.0,765.0,ocorrencias
2025,2025-11-01,BA,Combate a incêndios,0.0,714.0,0.0,0.0,0.0,0.0,714.0,ocorrencias
2025,2025-11-01,BA,Emissão de Alvarás de licença,0.0,3647.0,0.0,0.0,0.0,0.0,3647.0,ocorrencias
2025,2025-11-01,BA,Estupro,97.0,0.0,88.0,8.0,1.0,0.0,97.0,vitimas
2025,2025-11-01,BA,Estupro de vulnerável,304.0,0.0,258.0,41.0,5.0,0.0,304.0,vitimas
2025,2025-11-01,BA,Feminicídio,12.0,0.0,12.0,0.0,0.0,0.0,12.0,vitimas
2025,2025-11-01,BA,Furto de veículo,0.0,515.0,0.0,0.0,0.0,0.0,515.0,ocorrencias
2025,2025-11-01,BA,Homicídio doloso,258.0,0.0,16.0,242.0,0.0,0.0,258.0,vitimas
2025,2025-11-01,BA,Lesão corporal seguida de morte,6.0,0.0,0.0,6.0,0.0,0.0,6.0,vitimas
2025,2025-11-01,BA,Mandado de prisão cumprido,0.0,993.0,0.0,0.0,0.0,0.0,993.0,ocorrencias
2025,2025-11-01,BA,Morte de Agente do Estado,0.0,0.0,0.0,0.0,0.0,0.0,0.0,vitimas
2025,2025-11-01,BA,Morte no trânsito ou em decorrência dele (exceto homicídio doloso),70.0,0.0,14.0,53.0,3.0,0.0,70.0,vitimas
2025,2025-11-01,BA,Morte por intervenção de Agente do Estado,121.0,0.0,0.0,121.0,0.0,0.0,121.0,vitimas
2025,2025-11-01,BA,Mortes a esclarecer (sem indício de crime),59.0,0.0,17.0,38.0,4.0,0.0,59.0,vitimas
2025,2025-11-01,BA,Mortes no trânsito,50.0,0.0,8.0,42.0,0.0,0.0,50.0,vitimas
2025,2025-11-01,BA,Pessoa Desaparecida,332.0,0.0,113.0,210.0,9.0,0.0,332.0,vitimas
2025,2025-11-01,BA,Pessoa Localizada,65.0,0.0,22.0,41.0,2.0,0.0,65.0,vitimas
2025,2025-11-01,BA,Realização de vistorias,0.0,1314.0,0.0,0.0,0.0,0.0,1314.0,ocorrencias
2025,2025-11-01,BA,Roubo a instituição financeira,0.0,0.0,0.0,0.0,0.0,0.0,0.0,ocorrencias
2025,2025-11-01,BA,Roubo de carga,0.0,16.0,0.0,0.0,0.0,0.0,16.0,ocorrencias
2025,2025-11-01,BA,Roubo de veículo,0.0,722.0,0.0,0.0,0.0,0.0,722.0,ocorrencias
2025,2025-11-01,BA,Roubo seguido de morte (latrocínio),0.0,0.0,0.0,0.0,0.0,0.0,0.0,vitimas
2025,2025-11-01,BA,Suicídio,83.0,0.0,16.0,64.0,3.0,0.0,83.0,vitimas
2025,2025-11-01,BA,Suicídio de Agente do Estado,0.0,0.0,0.0,0.0,0.0,0.0,0.0,vitimas
2025,2025-11-01,BA,Tentativa de feminicídio,28.0,0.0,28.0,0.0,0.0,0.0,28.0,vitimas
2025,2025-11-01,BA,Tentativa de homicídio,287.0,0.0,54.0,218.0,15.0,0.0,287.0,vitimas
2025,2025-11-01,BA,Tráfico de drogas,0.0,707.0,0.0,0.0,0.0,0.0,707.0,ocorrencias
2025,2025-11-01,CE,Apreensão de Cocaína,0.0,0.0,0.0,0.0,0.0,1197.0,1197.0,kg
2025,2025-11-01,CE,Apreensão de Maconha,0.0,0.0,0.0,0.0,0.0,2379.0,2379.0,kg
2025,2025-11-01,CE,Arma de Fogo Apreendida,0.0,588.0,0.0,0.0,0.0,0.0,588.0,ocorrencias
2025,2025-11-01,CE,Atendimento pré-hospitalar,0.0,57.0,0.0,0.0,0.0,0.0,57.0,ocorrencias
2025,2025-11-01,CE,Busca e salvamento,0.0,1433.0,0.0,0.0,0.0,0.0,1433.0,ocorrencias
2025,2025-11-01,CE,Combate a incêndios,0.0,1535.0,0.0,0.0,0.0,0.0,1535.0,ocorrencias
2025,2025-11-01,CE,Emissão de Alvarás de licença,0.0,3008.0,0.0,0.0,0.0,0.0,3008.0,ocorrencias
2025,2025-11-01,CE,Estupro,22.0,0.0,19.0,3.0,0.0,0.0,22.0,vitimas
2025,2025-11-01,CE,Estupro de vulnerável,130.0,0.0,109.0,20.0,1.0,0.0,130.0,vitimas
2025,2025-11-01,CE,Feminicídio,2.0,0.0,2.0,0.0,0.0,0.0,2.0,vitimas
2025,2025-11-01,CE,Furto de veículo,0.0,412.0,0.0,0.0,0.0,0.0,412.0,ocorrencias
2025,2025-11-01,CE,Homicídio doloso,259.0,0.0,17.0,242.0,0.0,0.0,259.0,vitimas
2025,2025-11-01,CE,Lesão corporal seguida de morte,2.0,0.0,0.0,2.0,0.0,0.0,2.0,vitimas
2025,2025-11-01,CE,Mandado de prisão cumprido,0.0,786.0,0.0,0.0,0.0,0.0,786.0,ocorrencias
2025,2025-11-01,CE,Morte de Agente do Estado,0.0,0.0,0.0,0.0,0.0,0.0,0.0,vitimas
2025,2025-11-01,CE,Morte no trânsito ou em decorrência dele (exceto homicídio doloso),195.0,0.0,31.0,164.0,0.0,0.0,195.0,vitimas
2025,2025-11-01,CE,Morte por intervenção de Agente do Estado,20.0,0.0,19.0,1.0,0.0,0.0,20.0,vitimas
2025,2025-11-01,CE,Mortes a esclarecer (sem indício de crime),28.0,0.0,8.0,20.0,0.0,0.0,28.0,vitimas
2025,2025-11-01,CE,Mortes no trânsito,13.0,0.0,0.0,13.0,0.0,0.0,13.0,vitimas
2025,2025-11-01,CE,Pessoa Desaparecida,232.0,0.0,64.0,168.0,0.0,0.0,232.0,vitimas
2025,2025-11-01,CE,Pessoa Localizada,135.0,0.0,42.0,93.0,0.0,0.0,135.0,vitimas
2025,2025-11-01,CE,Realização de vistorias,0.0,3963.0,0.0,0.0,0.0,0.0,3963.0,ocorrencias
2025,2025-11-01,CE,Roubo a instituição financeira,0.0,0.0,0.0,0.0,0.0,0.0,0.0,ocorrencias
2025,2025-11-01,CE,Roubo de carga,0.0,9.0,0.0,0.0,0.0,0.0,9.0,ocorrencias
2025,2025-11-01,CE,Roubo de veículo,0.0,326.0,0.0,0.0,0.0,0.0,326.0,ocorrencias
2025,2025-11-01,CE,Roubo seguido de morte (latrocínio),0.0,0.0,0.0,0.0,0.0,0.0,0.0,vitimas
2025,2025-11-01,CE,Suicídio,58.0,0.0,11.0,47.0,0.0,0.0,58.0,vitimas
2025,2025-11-01,CE,Suicídio de Agente do Estado,2.0,0.0,0.0,2.0,0.0,0.0,2.0,vitimas
2025,2025-11-01,CE,Tentativa de feminicídio,11.0,0.0,11.0,0.0,0.0,0.0,11.0,vitimas
2025,2025-11-01,CE,Tentativa de homicídio,106.0,0.0,20.0,86.0,0.0,0.0,106.0,vitimas
2025,2025-11-01,CE,Tráfico de drogas,0.0,675.0,0.0,0.0,0.0,0.0,675.0,ocorrencias
2025,2025-11-01,DF,Apreensão de Cocaína,0.0,0.0,0.0,0.0,0.0,15564.0,15564.0,kg
2025,2025-11-01,DF,Apreensão de Maconha,0.0,0.0,0.0,0.0,0.0,4946.0,4946.0,kg
2025,2025-11-01,DF,Arma de Fogo Apreendida,0.0,163.0,0.0,0.0,0.0,0.0,163.0,ocorrencias
2025,2025-11-01,DF,Atendimento pré-hospitalar,0.0,8665.0,0.0,0.0,0.0,0.0,8665.0,ocorrencias
2025,2025-11-01,DF,Busca e salvamento,0.0,6678.0,0.0,0.0,0.0,0.0,6678.0,ocorrencias
2025,2025-11-01,DF,Combate a incêndios,0.0,3060.0,0.0,0.0,0.0,0.0,3060.0,ocorrencias
2025,2025-11-01,DF,Emissão de Alvarás de licença,0.0,11654.0,0.0,0.0,0.0,0.0,11654.0,ocorrencias
2025,2025-11-01,DF,Estupro,20.0,0.0,20.0,0.0,0.0,0.0,20.0,vitimas
2025,2025-11-01,DF,Estupro de vulnerável,57.0,0.0,44.0,13.0,0.0,0.0,57.0,vitimas
2025,2025-11-01,DF,Feminicídio,1.0,0.0,1.0,0.0,0.0,0.0,1.0,vitimas
2025,2025-11-01,DF,Furto de veículo,0.0,286.0,0.0,0.0,0.0,0.0,286.0,ocorrencias
2025,2025-11-01,DF,Homicídio doloso,20.0,0.0,1.0,19.0,0.0,0.0,20.0,vitimas
2025,2025-11-01,DF,Lesão corporal seguida de morte,0.0,0.0,0.0,0.0,0.0,0.0,0.0,vitimas
2025,2025-11-01,DF,Mandado de prisão cumprido,0.0,579.0,0.0,0.0,0.0,0.0,579.0,ocorrencias
2025,2025-11-01,DF,Morte de Agente do Estado,0.0,0.0,0.0,0.0,0.0,0.0,0.0,vitimas
2025,2025-11-01,DF,Morte no trânsito ou em decorrência dele (exceto homicídio doloso),31.0,0.0,2.0,29.0,0.0,0.0,31.0,vitimas
2025,2025-11-01,DF,Morte por intervenção de Agente do Estado,3.0,0.0,0.0,3.0,0.0,0.0,3.0,vitimas
2025,2025-11-01,DF,Mortes a esclarecer (sem indício de crime),0.0,0.0,0.0,0.0,0.0,0.0,0.0,vitimas
2025,2025-11-01,DF,Mortes no trânsito,2.0,0.0,0.0,2.0,0.0,0.0,2.0,vitimas
2025,2025-11-01,DF,Pessoa Desaparecida,201.0,0.0,65.0,136.0,0.0,0.0,201.0,vitimas
2025,2025-11-01,DF,Pessoa Localizada,184.0,0.0,61.0,123.0,0.0,0.0,184.0,vitimas
2025,2025-11-01,DF,Realização de vistorias,0.0,945.0,0.0,0.0,0.0,0.0,945.0,ocorrencias
2025,2025-11-01,DF,Roubo a instituição financeira,0.0,0.0,0.0,0.0,0.0,0.0,0.0,ocorrencias
2025,2025-11-01,DF,Roubo de carga,0.0,0.0,0.0,0.0,0.0,0.0,0.0,ocorrencias
2025,2025-11-01,DF,Roubo de veículo,0.0,69.0,0.0,0.0,0.0,0.0,69.0,ocorrencias
2025,2025-11-01,DF,Roubo seguido de morte (latrocínio),0.0,0.0,0.0,0.0,0.0,0.0,0.0,vitimas
2025,2025-11-01,DF,Suicídio,28.0,0.0,7.0,21.0,0.0,0.0,28.0,vitimas
2025,2025-11-01,DF,Suicídio de Agente do Estado,0.0,0.0,0.0,0.0,0.0,0.0,0.0,vitimas
2025,2025-11-01,DF,Tentativa de feminicídio,18.0,0.0,18.0,0.0,0.0,0.0,18.0,vitimas
2025,2025-11-01,DF,Tentativa de homicídio,60.0,0.0,9.0,50.0,1.0,0.0,60.0,vitimas
2025,2025-11-01,DF,Tráfico de drogas,0.0,233.0,0.0,0.0,0.0,0.0,233.0,ocorrencias
2025,2025-11-01,ES,Apreensão de Cocaína,0.0,0.0,0.0,0.0,0.0,3253.0,3253.0,kg
2025,2025-11-01,ES,Apreensão de Maconha,0.0,0.0,0.0,0.0,0.0,50777.0,50777.0,kg
2025,2025-11-01,ES,Arma de Fogo Apreendida,0.0,315.0,0.0,0.0,0.0,0.0,315.0,ocorrencias
2025,2025-11-01,ES,Atendimento pré-hospitalar,0.0,756.0,0.0,0.0,0.0,0.0,756.0,ocorrencias
2025,2025-11-01,ES,Busca e salvamento,0.0,303.0,0.0,0.0,0.0,0.0,303.0,ocorrencias
2025,2025-11-01,ES,Combate a incêndios,0.0,340.0,0.0,0.0,0.0,0.0,340.0,ocorrencias
2025,2025-11-01,ES,Emissão de Alvarás de licença,0.0,3749.0,0.0,0.0,0.0,0.0,3749.0,ocorrencias
2025,2025-11-01,ES,Estupro,38.0,0.0,30.0,7.0,1.0,0.0,38.0,vitimas
2025,2025-11-01,ES,Estupro de vulnerável,79.0,0.0,63.0,9.0,7.0,0.0,79.0,vitimas
2025,2025-11-01,ES,Feminicídio,6.0,0.0,6.0,0.0,0.0,0.0,6.0,vitimas
2025,2025-11-01,ES,Furto de veículo,0.0,298.0,0.0,0.0,0.0,0.0,298.0,ocorrencias
2025,2025-11-01,ES,Homicídio doloso,63.0,0.0,4.0,57.0,2.0,0.0,63.0,vitimas
2025,2025-11-01,ES,Lesão corporal seguida de morte,0.0,0.0,0.0,0.0,0.0,0.0,0.0,vitimas
2025,2025-11-01,ES,Mandado de prisão cumprido,0.0,554.0,0.0,0.0,0.0,0.0,554.0,ocorrencias
2025,2025-11-01,ES,Morte de Agente do Estado,0.0,0.0,0.0,0.0,0.0,0.0,0.0,vitimas
2025,2025-11-01,ES,Morte no trânsito ou em decorrência dele (exceto homicídio doloso),92.0,0.0,17.0,75.0,0.0,0.0,92.0,vitimas
2025,2025-11-01,ES,Morte por intervenção de Agente do Estado,4.0,0.0,0.0,4.0,0.0,0.0,4.0,vitimas
2025,2025-11-01,ES,Mortes a esclarecer (sem indício de crime),7.0,0.0,0.0,7.0,0.0,0.0,7.0,vitimas
2025,2025-11-01,ES,Mortes no trânsito,22.0,0.0,7.0,15.0,0.0,0.0,22.0,vitimas
2025,2025-11-01,ES,Pessoa Desaparecida,214.0,0.0,71.0,135.0,8.0,0.0,214.0,vitimas
2025,2025-11-01,ES,Pessoa Localizada,28.0,0.0,11.0,17.0,0.0,0.0,28.0,vitimas
2025,2025-11-01,ES,Realização de vistorias,0.0,3868.0,0.0,0.0,0.0,0.0,3868.0,ocorrencias
2025,2025-11-01,ES,Roubo a instituição financeira,0.0,0.0,0.0,0.0,0.0,0.0,0.0,ocorrencias
2025,2025-11-01,ES,Roubo de carga,0.0,1.0,0.0,0.0,0.0,0.0,1.0,ocorrencias
2025,2025-11-01,ES,Roubo de veículo,0.0,111.0,0.0,0.0,0.0,0.0,111.0,ocorrencias
2025,2025-11-01,ES,Roubo seguido de morte (latrocínio),2.0,0.0,0.0,2.0,0.0,0.0,2.0,vitimas
2025,2025-11-01,ES,Suicídio,31.0,0.0,10.0,21.0,0.0,0.0,31.0,vitimas
2025,2025-11-01,ES,Suicídio de Agente do Estado,0.0,0.0,0.0,0.0,0.0,0.0,0.0,vitimas
2025,2025-11-01,ES,Tentativa de feminicídio,5.0,0.0,5.0,0.0,0.0,0.0,5.0,vitimas
2025,2025-11-01,ES,Tentativa de homicídio,91.0,0.0,27.0,63.0,1.0,0.0,91.0,vitimas
2025,2025-11-01,ES,Tráfico de drogas,0.0,431.0,0.0,0.0,0.0,0.0,431.0,ocorrencias
2025,2025-11-01,GO,Apreensão de Cocaína,0.0,0.0,0.0,0.0,0.0,399087.0,399087.0,kg
2025,2025-11-01,GO,Apreensão de Maconha,0.0,0.0,0.0,0.0,0.0,1757897.0,1757897.0,kg
2025,2025-11-01,GO,Arma de Fogo Apreendida,0.0,267.0,0.0,0.0,0.0,0.0,267.0,ocorrencias
2025,2025-11-01,GO,Atendimento pré-hospitalar,0.0,8226.0,0.0,0.0,0.0,0.0,8226.0,ocorrencias
2025,2025-11-01,GO,Busca e salvamento,0.0,2328.0,0.0,0.0,0.0,0.0,2328.0,ocorrencias
2025,2025-11-01,GO,Combate a incêndios,0.0,679.0,0.0,0.0,0.0,0.0,679.0,ocorrencias
2025,2025-11-01,GO,Emissão de Alvarás de licença,0.0,8288.0,0.0,0.0,0.0,0.0,8288.0,ocorrencias
2025,2025-11-01,GO,Estupro,76.0,0.0,71.0,4.0,1.0,0.0,76.0,vitimas
2025,2025-11-01,GO,Estupro de vulnerável,263.0,0.0,212.0,46.0,5.0,0.0,263.0,vitimas
2025,2025-11-01,GO,Feminicídio,5.0,0.0,4.0,1.0,0.0,0.0,5.0,vitimas
2025,2025-11-01,GO,Furto de veículo,0.0,260.0,0.0,0.0,0.0,0.0,260.0,ocorrencias
2025,2025-11-01,GO,Homicídio doloso,60.0,0.0,3.0,53.0,4.0,0.0,60.0,vitimas
2025,2025-11-01,GO,Lesão corporal seguida de morte,0.0,0.0,0.0,0.0,0.0,0.0,0.0,vitimas
2025,2025-11-01,GO,Mandado de prisão cumprido,0.0,833.0,0.0,0.0,0.0,0.0,833.0,ocorrencias
2025,2025-11-01,GO,Morte de Agente do Estado,0.0,0.0,0.0,0.0,0.0,0.0,0.0,vitimas
2025,2025-11-01,GO,Morte no trânsito ou em decorrência dele (exceto homicídio doloso),63.0,0.0,16.0,42.0,5.0,0.0,63.0,vitimas
2025,2025-11-01,GO,Morte por intervenção de Agente do Estado,38.0,0.0,0.0,26.0,12.0,0.0,38.0,vitimas
2025,2025-11-01,GO,Mortes a esclarecer (sem indício de crime),51.0,0.0,7.0,35.0,9.0,0.0,51.0,vitimas
2025,2025-11-01,GO,Mortes no trânsito,17.0,0.0,2.0,15.0,0.0,0.0,17.0,vitimas
2025,2025-11-01,GO,Pessoa Desaparecida,332.0,0.0,129.0,201.0,2.0,0.0,332.0,vitimas
2025,2025-11-01,GO,Pessoa Localizada,185.0,0.0,67.0,117.0,1.0,0.0,185.0,vitimas
2025,2025-11-01,GO,Realização de vistorias,0.0,3585.0,0.0,0.0,0.0,0.0,3585.0,ocorrencias
2025,2025-11-01,GO,Roubo a instituição financeira,0.0,0.0,0.0,0.0,0.0,0.0,0.0,ocorrencias
2025,2025-11-01,GO,Roubo de carga,0.0,0.0,0.0,0.0,0.0,0.0,0.0,ocorrencias
2025,2025-11-01,GO,Roubo de veículo,0.0,33.0,0.0,0.0,0.0,0.0,33.0,ocorrencias
2025,2025-11-01,GO,Roubo seguido de morte (latrocínio),0.0,0.0,0.0,0.0,0.0,0.0,0.0,vitimas
2025,2025-11-01,GO,Suicídio,85.0,0.0,23.0,61.0,1.0,0.0,85.0,vitimas
2025,2025-11-01,GO,Suicídio de Agente do Estado,0.0,0.0,0.0,0.0,0.0,0.0,0.0,vitimas
2025,2025-11-01,GO,Tentativa de feminicídio,15.0,0.0,15.0,0.0,0.0,0.0,15.0,vitimas
2025,2025-11-01,GO,Tentativa de homicídio,106.0,0.0,13.0,87.0,6.0,0.0,106.0,vitimas
2025,2025-11-01,GO,Tráfico de drogas,0.0,521.0,0.0,0.0,0.0,0.0,521.0,ocorrencias
2025,2025-11-01,MA,Apreensão de Cocaína,0.0,0.0,0.0,0.0,0.0,2798.0,2798.0,kg
2025,2025-11-01,MA,Apreensão de Maconha,0.0,0.0,0.0,0.0,0.0,94124.0,94124.0,kg
2025,2025-11-01,MA,Arma de Fogo Apreendida,0.0,371.0,0.0,0.0,0.0,0.0,371.0,ocorrencias
2025,2025-11-01,MA,Atendimento pré-hospitalar,0.0,1846.0,0.0,0.0,0.0,0.0,1846.0,ocorrencias
2025,2025-11-01,MA,Busca e salvamento,0.0,756.0,0.0,0.0,0.0,0.0,756.0,ocorrencias
2025,2025-11-01,MA,Combate a incêndios,0.0,1108.0,0.0,0.0,0.0,0.0,1108.0,ocorrencias
2025,2025-11-01,MA,Emissão de Alvarás de licença,0.0,1052.0,0.0,0.0,0.0,0.0,1052.0,ocorrencias
2025,2025-11-01,MA,Estupro,35.0,0.0,33.0,2.0,0.0,0.0,35.0,vitimas
2025,2025-11-01,MA,Estupro de vulnerável,153.0,0.0,147.0,6.0,0.0,0.0,153.0,vitimas
2025,2025-11-01,MA,Feminicídio,2.0,0.0,2.0,0.0,0.0,0.0,2.0,vitimas
2025,2025-11-01,MA,Furto de veículo,0.0,267.0,0.0,0.0,0.0,0.0,267.0,ocorrencias
2025,2025-11-01,MA,Homicídio doloso,165.0,0.0,10.0,155.0,0.0,0.0,165.0,vitimas
2025,2025-11-01,MA,Lesão corporal seguida de morte,1.0,0.0,0.0,1.0,0.0,0.0,1.0,vitimas
2025,2025-11-01,MA,Mandado de prisão cumprido,0.0,435.0,0.0,0.0,0.0,0.0,435.0,ocorrencias
2025,2025-11-01,MA,Morte de Agente do Estado,0.0,0.0,0.0,0.0,0.0,0.0,0.0,vitimas
2025,2025-11-01,MA,Morte no trânsito ou em decorrência dele (exceto homicídio doloso),135.0,0.0,30.0,105.0,0.0,0.0,135.0,vitimas
2025,2025-11-01,MA,Morte por intervenção de Agente do Estado,14.0,0.0,0.0,14.0,0.0,0.0,14.0,vitimas
2025,2025-11-01,MA,Mortes a esclarecer (sem indício de crime),5.0,0.0,2.0,3.0,0.0,0.0,5.0,vitimas
2025,2025-11-01,MA,Mortes no trânsito,34.0,0.0,5.0,29.0,0.0,0.0,34.0,vitimas
2025,2025-11-01,MA,Pessoa Desaparecida,99.0,0.0,38.0,58.0,3.0,0.0,99.0,vitimas
2025,2025-11-01,MA,Pessoa Localizada,16.0,0.0,2.0,14.0,0.0,0.0,16.0,vitimas
2025,2025-11-01,MA,Realização de vistorias,0.0,340.0,0.0,0.0,0.0,0.0,340.0,ocorrencias
2025,2025-11-01,MA,Roubo a instituição financeira,0.0,2.0,0.0,0.0,0.0,0.0,2.0,ocorrencias
2025,2025-11-01,MA,Roubo de carga,0.0,3.0,0.0,0.0,0.0,0.0,3.0,ocorrencias
2025,2025-11-01,MA,Roubo de veículo,0.0,266.0,0.0,0.0,0.0,0.0,266.0,ocorrencias
2025,2025-11-01,MA,Roubo seguido de morte (latrocínio),4.0,0.0,1.0,3.0,0.0,0.0,4.0,vitimas
2025,2025-11-01,MA,Suicídio,33.0,0.0,9.0,24.0,0.0,0.0,33.0,vitimas
2025,2025-11-01,MA,Suicídio de Agente do Estado,0.0,0.0,0.0,0.0,0.0,0.0,0.0,vitimas
2025,2025-11-01,MA,Tentativa de feminicídio,14.0,0.0,14.0,0.0,0.0,0.0,14.0,vitimas
2025,2025-11-01,MA,Tentativa de homicídio,136.0,0.0,22.0,114.0,0.0,0.0,136.0,vitimas
2025,2025-11-01,MA,Tráfico de drogas,0.0,249.0,0.0,0.0,0.0,0.0,249.0,ocorrencias
2025,2025-11-01,MG,Apreensão de Cocaína,0.0,0.0,0.0,0.0,0.0,69457.0,69457.0,kg
2025,2025-11-01,MG,Apreensão de Maconha,0.0,0.0,0.0,0.0,0.0,6618841.0,6618841.0,kg
2025,2025-11-01,MG,Arma de Fogo Apreendida,0.0,1074.0,0.0,0.0,0.0,0.0,1074.0,ocorrencias
2025,2025-11-01,MG,Atendimento pré-hospitalar,0.0,7083.0,0.0,0.0,0.0,0.0,7083.0,ocorrencias
2025,2025-11-01,MG,Busca e salvamento,0.0,6276.0,0.0,0.0,0.0,0.0,6276.0,ocorrencias
2025,2025-11-01,MG,Combate a incêndios,0.0,1426.0,0.0,0.0,0.0,0.0,1426.0,ocorrencias
2025,2025-11-01,MG,Emissão de Alvarás de licença,0.0,624.0,0.0,0.0,0.0,0.0,624.0,ocorrencias
2025,2025-11-01,MG,Estupro,116.0,0.0,109.0,7.0,0.0,0.0,116.0,vitimas
2025,2025-11-01,MG,Estupro de vulnerável,333.0,0.0,279.0,49.0,5.0,0.0,333.0,vitimas
2025,2025-11-01,MG,Feminicídio,14.0,0.0,14.0,0.0,0.0,0.0,14.0,vitimas
2025,2025-11-01,MG,Furto de veículo,0.0,1801.0,0.0,0.0,0.0,0.0,1801.0,ocorrencias
2025,2025-11-01,MG,Homicídio doloso,170.0,0.0,8.0,161.0,1.0,0.0,170.0,vitimas
2025,2025-11-01,MG,Lesão corporal seguida de morte,1.0,0.0,0.0,1.0,0.0,0.0,1.0,vitimas
2025,2025-11-01,MG,Mandado de prisão cumprido,0.0,1333.0,0.0,0.0,0.0,0.0,1333.0,ocorrencias
2025,2025-11-01,MG,Morte de Agente do Estado,1.0,0.0,0.0,1.0,0.0,0.0,1.0,vitimas
2025,2025-11-01,MG,Morte no trânsito ou em decorrência dele (exceto homicídio doloso),214.0,0.0,37.0,177.0,0.0,0.0,214.0,vitimas
2025,2025-11-01,MG,Morte por intervenção de Agente do Estado,8.0,0.0,0.0,8.0,0.0,0.0,8.0,vitimas
2025,2025-11-01,MG,Mortes a esclarecer (sem indício de crime),0.0,0.0,0.0,0.0,0.0,0.0,0.0,vitimas
2025,2025-11-01,MG,Mortes no trânsito,57.0,0.0,10.0,47.0,0.0,0.0,57.0,vitimas
2025,2025-11-01,MG,Pessoa Desaparecida,777.0,0.0,281.0,494.0,2.0,0.0,777.0,vitimas
2025,2025-11-01,MG,Pessoa Localizada,510.0,0.0,185.0,325.0,0.0,0.0,510.0,vitimas
2025,2025-11-01,MG,Realização de vistorias,0.0,2844.0,0.0,0.0,0.0,0.0,2844.0,ocorrencias
2025,2025-11-01,MG,Roubo a instituição financeira,0.0,1.0,0.0,0.0,0.0,0.0,1.0,ocorrencias
2025,2025-11-01,MG,Roubo de carga,0.0,10.0,0.0,0.0,0.0,0.0,10.0,ocorrencias
2025,2025-11-01,MG,Roubo de veículo,0.0,246.0,0.0,0.0,0.0,0.0,246.0,ocorrencias
2025,2025-11-01,MG,Roubo seguido de morte (latrocínio),3.0,0.0,0.0,3.0,0.0,0.0,3.0,vitimas
2025,2025-11-01,MG,Suicídio,182.0,0.0,42.0,140.0,0.0,0.0,182.0,vitimas
2025,2025-11-01,MG,Suicídio de Agente do Estado,2.0,0.0,0.0,0.0,2.0,0.0,2.0,vitimas
2025,2025-11-01,MG,Tentativa de feminicídio,13.0,0.0,13.0,0.0,0.0,0.0,13.0,vitimas
2025,2025-11-01,MG,Tentativa de homicídio,189.0,0.0,13.0,176.0,0.0,0.0,189.0,vitimas
2025,2025-11-01,MG,Tráfico de drogas,0.0,2685.0,0.0,0.0,0.0,0.0,2685.0,ocorrencias
2025,2025-11-01,MS,Apreensão de Cocaína,0.0,0.0,0.0,0.0,0.0,1353784.0,1353784.0,kg
2025,2025-11-01,MS,Apreensão de Maconha,0.0,0.0,0.0,0.0,0.0,18833641.0,18833641.0,kg
2025,2025-11-01,MS,Arma de Fogo Apreendida,0.0,67.0,0.0,0.0,0.0,0.0,67.0,ocorrencias
2025,2025-11-01,MS,Atendimento pré-hospitalar,0.0,915.0,0.0,0.0,0.0,0.0,915.0,ocorrencias
2025,2025-11-01,MS,Busca e salvamento,0.0,2392.0,0.0,0.0,0.0,0.0,2392.0,ocorrencias
2025,2025-11-01,MS,Combate a incêndios,0.0,151.0,0.0,0.0,0.0,0.0,151.0,ocorrencias
2025,2025-11-01,MS,Emissão de Alvarás de licença,0.0,0.0,0.0,0.0,0.0,0.0,0.0,ocorrencias
2025,2025-11-01,MS,Estupro,56.0,0.0,43.0,11.0,2.0,0.0,56.0,vitimas
2025,2025-11-01,MS,Estupro de vulnerável,45.0,0.0,32.0,11.0,2.0,0.0,45.0,vitimas
2025,2025-11-01,MS,Feminicídio,4.0,0.0,4.0,0.0,0.0,0.0,4.0,vitimas
2025,2025-11-01,MS,Furto de veículo,0.0,83.0,0.0,0.0,0.0,0.0,83.0,ocorrencias
2025,2025-11-01,MS,Homicídio doloso,17.0,0.0,3.0,14.0,0.0,0.0,17.0,vitimas
2025,2025-11-01,MS,Lesão corporal seguida de morte,0.0,0.0,0.0,0.0,0.0,0.0,0.0,vitimas
2025,2025-11-01,MS,Mandado de prisão cumprido,0.0,211.0,0.0,0.0,0.0,0.0,211.0,ocorrencias
2025,2025-11-01,MS,Morte de Agente do Estado,0.0,0.0,0.0,0.0,0.0,0.0,0.0,vitimas
2025,2025-11-01,MS,Morte no trânsito ou em decorrência dele (exceto homicídio doloso),8.0,0.0,4.0,4.0,0.0,0.0,8.0,vitimas
2025,2025-11-01,MS,Morte por intervenção de Agente do Estado,1.0,0.0,0.0,1.0,0.0,0.0,1.0,vitimas
2025,2025-11-01,MS,Mortes a esclarecer (sem indício de crime),7.0,0.0,2.0,3.0,2.0,0.0,7.0,vitimas
2025,2025-11-01,MS,Mortes no trânsito,10.0,0.0,3.0,7.0,0.0,0.0,10.0,vitimas
2025,2025-11-01,MS,Pessoa Desaparecida,22.0,0.0,9.0,13.0,0.0,0.0,22.0,vitimas
2025,2025-11-01,MS,Pessoa Localizada,43.0,0.0,15.0,28.0,0.0,0.0,43.0,vitimas
2025,2025-11-01,MS,Realização de vistorias,0.0,0.0,0.0,0.0,0.0,0.0,0.0,ocorrencias
2025,2025-11-01,MS,Roubo a instituição financeira,0.0,0.0,0.0,0.0,0.0,0.0,0.0,ocorrencias
2025,2025-11-01,MS,Roubo de carga,0.0,0.0,0.0,0.0,0.0,0.0,0.0,ocorrencias
2025,2025-11-01,MS,Roubo de veículo,0.0,7.0,0.0,0.0,0.0,0.0,7.0,ocorrencias
2025,2025-11-01,MS,Roubo seguido de morte (latrocínio),0.0,0.0,0.0,0.0,0.0,0.0,0.0,vitimas
2025,2025-11-01,MS,Suicídio,18.0,0.0,5.0,13.0,0.0,0.0,18.0,vitimas
2025,2025-11-01,MS,Suicídio de Agente do Estado,1.0,0.0,0.0,1.0,0.0,0.0,1.0,vitimas
2025,2025-11-01,MS,Tentativa de feminicídio,7.0,0.0,7.0,0.0,0.0,0.0,7.0,vitimas
2025,2025-11-01,MS,Tentativa de homicídio,28.0,0.0,4.0,24.0,0.0,0.0,28.0,vitimas
2025,2025-11-01,MS,Tráfico de drogas,0.0,200.0,0.0,0.0,0.0,0.0,200.0,ocorrencias
2025,2025-11-01,MT,Apreensão de Cocaína,0.0,0.0,0.0,0.0,0.0,40823.0,40823.0,kg
2025,2025-11-01,MT,Apreensão de Maconha,0.0,0.0,0.0,0.0,0.0,69067.0,69067.0,kg
2025,2025-11-01,MT,Arma de Fogo Apreendida,0.0,239.0,0.0,0.0,0.0,0.0,239.0,ocorrencias
2025,2025-11-01,MT,Atendimento pré-hospitalar,0.0,4028.0,0.0,0.0,0.0,0.0,4028.0,ocorrencias
2025,2025-11-01,MT,Busca e salvamento,0.0,887.0,0.0,0.0,0.0,0.0,887.0,ocorrencias
2025,2025-11-01,MT,Combate a incêndios,0.0,327.0,0.0,0.0,0.0,0.0,327.0,ocorrencias
2025,2025-11-01,MT,Emissão de Alvarás de licença,0.0,3700.0,0.0,0.0,0.0,0.0,3700.0,ocorrencias
2025,2025-11-01,MT,Estupro,71.0,0.0,68.0,3.0,0.0,0.0,71.0,vitimas
2025,2025-11-01,MT,Estupro de vulnerável,126.0,0.0,106.0,20.0,0.0,0.0,126.0,vitimas
2025,2025-11-01,MT,Feminicídio,4.0,0.0,4.0,0.0,0.0,0.0,4.0,vitimas
2025,2025-11-01,MT,Furto de veículo,0.0,164.0,0.0,0.0,0.0,0.0,164.0,ocorrencias
2025,2025-11-01,MT,Homicídio doloso,57.0,0.0,0.0,57.0,0.0,0.0,57.0,vitimas
2025,2025-11-01,MT,Lesão corporal seguida de morte,0.0,0.0,0.0,0.0,0.0,0.0,0.0,vitimas
2025,2025-11-01,MT,Mandado de prisão cumprido,0.0,732.0,0.0,0.0,0.0,0.0,732.0,ocorrencias
2025,2025-11-01,MT,Morte de Agente do Estado,1.0,0.0,0.0,1.0,0.0,0.0,1.0,vitimas
2025,2025-11-01,MT,Morte no trânsito ou em decorrência dele (exceto homicídio doloso),91.0,0.0,19.0,72.0,0.0,0.0,91.0,vitimas
2025,2025-11-01,MT,Morte por intervenção de Agente do Estado,19.0,0.0,0.0,19.0,0.0,0.0,19.0,vitimas
2025,2025-11-01,MT,Mortes a esclarecer (sem indício de crime),26.0,0.0,11.0,14.0,1.0,0.0,26.0,vitimas
2025,2025-11-01,MT,Mortes no trânsito,23.0,0.0,3.0,20.0,0.0,0.0,23.0,vitimas
2025,2025-11-01,MT,Pessoa Desaparecida,196.0,0.0,54.0,142.0,0.0,0.0,196.0,vitimas
2025,2025-11-01,MT,Pessoa Localizada,95.0,0.0,28.0,67.0,0.0,0.0,95.0,vitimas
2025,2025-11-01,MT,Realização de vistorias,0.0,1853.0,0.0,0.0,0.0,0.0,1853.0,ocorrencias
2025,2025-11-01,MT,Roubo a instituição financeira,0.0,0.0,0.0,0.0,0.0,0.0,0.0,ocorrencias
2025,2025-11-01,MT,Roubo de carga,0.0,5.0,0.0,0.0,0.0,0.0,5.0,ocorrencias
2025,2025-11-01,MT,Roubo de veículo,0.0,33.0,0.0,0.0,0.0,0.0,33.0,ocorrencias
2025,2025-11-01,MT,Roubo seguido de morte (latrocínio),3.0,0.0,0.0,3.0,0.0,0.0,3.0,vitimas
2025,2025-11-01,MT,Suicídio,26.0,0.0,3.0,23.0,0.0,0.0,26.0,vitimas
2025,2025-11-01,MT,Suicídio de Agente do Estado,1.0,0.0,0.0,1.0,0.0,0.0,1.0,vitimas
2025,2025-11-01,MT,Tentativa de feminicídio,22.0,0.0,22.0,0.0,0.0,0.0,22.0,vitimas
2025,2025-11-01,MT,Tentativa de homicídio,109.0,0.0,26.0,83.0,0.0,0.0,109.0,vitimas
2025,2025-11-01,MT,Tráfico de drogas,0.0,452.0,0.0,0.0,0.0,0.0,452.0,ocorrencias
2025,2025-11-01,PA,Apreensão de Cocaína,0.0,0.0,0.0,0.0,0.0,10559.0,10559.0,kg
2025,2025-11-01,PA,Apreensão de Maconha,0.0,0.0,0.0,0.0,0.0,588209.0,588209.0,kg
2025,2025-11-01,PA,Arma de Fogo Apreendida,0.0,201.0,0.0,0.0,0.0,0.0,201.0,ocorrencias
2025,2025-11-01,PA,Atendimento pré-hospitalar,0.0,3480.0,0.0,0.0,0.0,0.0,3480.0,ocorrencias
2025,2025-11-01,PA,Busca e salvamento,0.0,56.0,0.0,0.0,0.0,0.0,56.0,ocorrencias
2025,2025-11-01,PA,Combate a incêndios,0.0,890.0,0.0,0.0,0.0,0.0,890.0,ocorrencias
2025,2025-11-01,PA,Emissão de Alvarás de licença,0.0,4335.0,0.0,0.0,0.0,0.0,4335.0,ocorrencias
2025,2025-11-01,PA,Estupro,74.0,0.0,69.0,3.0,2.0,0.0,74.0,vitimas
2025,2025-11-01,PA,Estupro de vulnerável,331.0,0.0,300.0,24.0,7.0,0.0,331.0,vitimas
2025,2025-11-01,PA,Feminicídio,3.0,0.0,3.0,0.0,0.0,0.0,3.0,vitimas
2025,2025-11-01,PA,Furto de veículo,0.0,226.0,0.0,0.0,0.0,0.0,226.0,ocorrencias
2025,2025-11-01,PA,Homicídio doloso,133.0,0.0,9.0,123.0,1.0,0.0,133.0,vitimas
2025,2025-11-01,PA,Lesão corporal seguida de morte,3.0,0.0,0.0,3.0,0.0,0.0,3.0,vitimas
2025,2025-11-01,PA,Mandado de prisão cumprido,0.0,578.0,0.0,0.0,0.0,0.0,578.0,ocorrencias
2025,2025-11-01,PA,Morte de Agente do Estado,1.0,0.0,0.0,1.0,0.0,0.0,1.0,vitimas
2025,2025-11-01,PA,Morte no trânsito ou em decorrência dele (exceto homicídio doloso),117.0,0.0,20.0,91.0,6.0,0.0,117.0,vitimas
2025,2025-11-01,PA,Morte por intervenção de Agente do Estado,69.0,0.0,0.0,69.0,0.0,0.0,69.0,vitimas
2025,2025-11-01,PA,Mortes a esclarecer (sem indício de crime),42.0,0.0,8.0,31.0,3.0,0.0,42.0,vitimas
2025,2025-11-01,PA,Mortes no trânsito,21.0,0.0,1.0,20.0,0.0,0.0,21.0,vitimas
2025,2025-11-01,PA,Pessoa Desaparecida,195.0,0.0,68.0,127.0,0.0,0.0,195.0,vitimas
2025,2025-11-01,PA,Pessoa Localizada,15.0,0.0,6.0,9.0,0.0,0.0,15.0,vitimas
2025,2025-11-01,PA,Realização de vistorias,0.0,5207.0,0.0,0.0,0.0,0.0,5207.0,ocorrencias
2025,2025-11-01,PA,Roubo a instituição financeira,0.0,0.0,0.0,0.0,0.0,0.0,0.0,ocorrencias
2025,2025-11-01,PA,Roubo de carga,0.0,6.0,0.0,0.0,0.0,0.0,6.0,ocorrencias
2025,2025-11-01,PA,Roubo de veículo,0.0,67.0,0.0,0.0,0.0,0.0,67.0,ocorrencias
2025,2025-11-01,PA,Roubo seguido de morte (latrocínio),5.0,0.0,1.0,4.0,0.0,0.0,5.0,vitimas
2025,2025-11-01,PA,Suicídio,43.0,0.0,8.0,35.0,0.0,0.0,43.0,vitimas
2025,2025-11-01,PA,Suicídio de Agente do Estado,0.0,0.0,0.0,0.0,0.0,0.0,0.0,vitimas
2025,2025-11-01,PA,Tentativa de feminicídio,18.0,0.0,18.0,0.0,0.0,0.0,18.0,vitimas
2025,2025-11-01,PA,Tentativa de homicídio,102.0,0.0,10.0,88.0,4.0,0.0,102.0,vitimas
2025,2025-11-01,PA,Tráfico de drogas,0.0,469.0,0.0,0.0,0.0,0.0,469.0,ocorrencias
2025,2025-11-01,PB,Apreensão de Cocaína,0.0,0.0,0.0,0.0,0.0,6285.0,6285.0,kg
2025,2025-11-01,PB,Apreensão de Maconha,0.0,0.0,0.0,0.0,0.0,1479.0,1479.0,kg
2025,2025-11-01,PB,Arma de Fogo Apreendida,0.0,285.0,0.0,0.0,0.0,0.0,285.0,ocorrencias
2025,2025-11-01,PB,Atendimento pré-hospitalar,0.0,592.0,0.0,0.0,0.0,0.0,592.0,ocorrencias
2025,2025-11-01,PB,Busca e salvamento,0.0,501.0,0.0,0.0,0.0,0.0,501.0,ocorrencias
2025,2025-11-01,PB,Combate a incêndios,0.0,705.0,0.0,0.0,0.0,0.0,705.0,ocorrencias
2025,2025-11-01,PB,Emissão de Alvarás de licença,0.0,1669.0,0.0,0.0,0.0,0.0,1669.0,ocorrencias
2025,2025-11-01,PB,Estupro,21.0,0.0,19.0,2.0,0.0,0.0,21.0,vitimas
2025,2025-11-01,PB,Estupro de vulnerável,84.0,0.0,73.0,11.0,0.0,0.0,84.0,vitimas
2025,2025-11-01,PB,Feminicídio,5.0,0.0,5.0,0.0,0.0,0.0,5.0,vitimas
2025,2025-11-01,PB,Furto de veículo,0.0,136.0,0.0,0.0,0.0,0.0,136.0,ocorrencias
2025,2025-11-01,PB,Homicídio doloso,60.0,0.0,2.0,58.0,0.0,0.0,60.0,vitimas
2025,2025-11-01,PB,Lesão corporal seguida de morte,1.0,0.0,0.0,1.0,0.0,0.0,1.0,vitimas
2025,2025-11-01,PB,Mandado de prisão cumprido,0.0,459.0,0.0,0.0,0.0,0.0,459.0,ocorrencias
2025,2025-11-01,PB,Morte de Agente do Estado,1.0,0.0,1.0,0.0,0.0,0.0,1.0,vitimas
2025,2025-11-01,PB,Morte no trânsito ou em decorrência dele (exceto homicídio doloso),89.0,0.0,10.0,79.0,0.0,0.0,89.0,vitimas
2025,2025-11-01,PB,Morte por intervenção de Agente do Estado,4.0,0.0,0.0,4.0,0.0,0.0,4.0,vitimas
2025,2025-11-01,PB,Mortes a esclarecer (sem indício de crime),10.0,0.0,0.0,10.0,0.0,0.0,10.0,vitimas
2025,2025-11-01,PB,Mortes no trânsito,19.0,0.0,2.0,17.0,0.0,0.0,19.0,vitimas
2025,2025-11-01,PB,Pessoa Desaparecida,79.0,0.0,30.0,49.0,0.0,0.0,79.0,vitimas
2025,2025-11-01,PB,Pessoa Localizada,68.0,0.0,27.0,41.0,0.0,0.0,68.0,vitimas
2025,2025-11-01,PB,Realização de vistorias,0.0,940.0,0.0,0.0,0.0,0.0,940.0,ocorrencias
2025,2025-11-01,PB,Roubo a instituição financeira,0.0,0.0,0.0,0.0,0.0,0.0,0.0,ocorrencias
2025,2025-11-01,PB,Roubo de carga,0.0,0.0,0.0,0.0,0.0,0.0,0.0,ocorrencias
2025,2025-11-01,PB,Roubo de veículo,0.0,404.0,0.0,0.0,0.0,0.0,404.0,ocorrencias
2025,2025-11-01,PB,Roubo seguido de morte (latrocínio),2.0,0.0,0.0,2.0,0.0,0.0,2.0,vitimas
2025,2025-11-01,PB,Suicídio,31.0,0.0,9.0,22.0,0.0,0.0,31.0,vitimas
2025,2025-11-01,PB,Suicídio de Agente do Estado,0.0,0.0,0.0,0.0,0.0,0.0,0.0,vitimas
2025,2025-11-01,PB,Tentativa de feminicídio,3.0,0.0,3.0,0.0,0.0,0.0,3.0,vitimas
2025,2025-11-01,PB,Tentativa de homicídio,62.0,0.0,6.0,56.0,0.0,0.0,62.0,vitimas
2025,2025-11-01,PB,Tráfico de drogas,0.0,246.0,0.0,0.0,0.0,0.0,246.0,ocorrencias
2025,2025-11-01,PE,Apreensão de Cocaína,0.0,0.0,0.0,0.0,0.0,345.0,345.0,kg
2025,2025-11-01,PE,Apreensão de Maconha,0.0,0.0,0.0,0.0,0.0,24996.0,24996.0,kg
2025,2025-11-01,PE,Arma de Fogo Apreendida,0.0,555.0,0.0,0.0,0.0,0.0,555.0,ocorrencias
2025,2025-11-01,PE,Atendimento pré-hospitalar,0.0,1636.0,0.0,0.0,0.0,0.0,1636.0,ocorrencias
2025,2025-11-01,PE,Busca e salvamento,0.0,424.0,0.0,0.0,0.0,0.0,424.0,ocorrencias
2025,2025-11-01,PE,Combate a incêndios,0.0,770.0,0.0,0.0,0.0,0.0,770.0,ocorrencias
2025,2025-11-01,PE,Emissão de Alvarás de licença,0.0,7984.0,0.0,0.0,0.0,0.0,7984.0,ocorrencias
2025,2025-11-01,PE,Estupro,52.0,0.0,45.0,6.0,1.0,0.0,52.0,vitimas
2025,2025-11-01,PE,Estupro de vulnerável,126.0,0.0,106.0,16.0,4.0,0.0,126.0,vitimas
2025,2025-11-01,PE,Feminicídio,12.0,0.0,12.0,0.0,0.0,0.0,12.0,vitimas
2025,2025-11-01,PE,Furto de veículo,0.0,600.0,0.0,0.0,0.0,0.0,600.0,ocorrencias
2025,2025-11-01,PE,Homicídio doloso,219.0,0.0,10.0,208.0,1.0,0.0,219.0,vitimas
2025,2025-11-01,PE,Lesão corporal seguida de morte,4.0,0.0,0.0,4.0,0.0,0.0,4.0,vitimas
2025,2025-11-01,PE,Mandado de prisão cumprido,0.0,795.0,0.0,0.0,0.0,0.0,795.0,ocorrencias
2025,2025-11-01,PE,Morte de Agente do Estado,0.0,0.0,0.0,0.0,0.0,0.0,0.0,vitimas
2025,2025-11-01,PE,Morte no trânsito ou em decorrência dele (exceto homicídio doloso),145.0,0.0,15.0,130.0,0.0,0.0,145.0,vitimas
2025,2025-11-01,PE,Morte por intervenção de Agente do Estado,12.0,0.0,0.0,12.0,0.0,0.0,12.0,vitimas
2025,2025-11-01,PE,Mortes a esclarecer (sem indício de crime),28.0,0.0,6.0,21.0,1.0,0.0,28.0,vitimas
2025,2025-11-01,PE,Mortes no trânsito,28.0,0.0,3.0,25.0,0.0,0.0,28.0,vitimas
2025,2025-11-01,PE,Pessoa Desaparecida,231.0,0.0,72.0,136.0,23.0,0.0,231.0,vitimas
2025,2025-11-01,PE,Pessoa Localizada,77.0,0.0,25.0,50.0,2.0,0.0,77.0,vitimas
2025,2025-11-01,PE,Realização de vistorias,0.0,4569.0,0.0,0.0,0.0,0.0,4569.0,ocorrencias
2025,2025-11-01,PE,Roubo a instituição financeira,0.0,0.0,0.0,0.0,0.0,0.0,0.0,ocorrencias
2025,2025-11-01,PE,Roubo de carga,0.0,25.0,0.0,0.0,0.0,0.0,25.0,ocorrencias
2025,2025-11-01,PE,Roubo de veículo,0.0,926.0,0.0,0.0,0.0,0.0,926.0,ocorrencias
2025,2025-11-01,PE,Roubo seguido de morte (latrocínio),7.0,0.0,1.0,6.0,0.0,0.0,7.0,vitimas
2025,2025-11-01,PE,Suicídio,56.0,0.0,15.0,41.0,0.0,0.0,56.0,vitimas
2025,2025-11-01,PE,Suicídio de Agente do Estado,2.0,0.0,0.0,2.0,0.0,0.0,2.0,vitimas
2025,2025-11-01,PE,Tentativa de feminicídio,17.0,0.0,17.0,0.0,0.0,0.0,17.0,vitimas
2025,2025-11-01,PE,Tentativa de homicídio,175.0,0.0,16.0,159.0,0.0,0.0,175.0,vitimas
2025,2025-11-01,PE,Tráfico de drogas,0.0,900.0,0.0,0.0,0.0,0.0,900.0,ocorrencias
2025,2025-11-01,PI,Apreensão de Cocaína,0.0,0.0,0.0,0.0,0.0,2033.0,2033.0,kg
2025,2025-11-01,PI,Apreensão de Maconha,0.0,0.0,0.0,0.0,0.0,422.0,422.0,kg
2025,2025-11-01,PI,Arma de Fogo Apreendida,0.0,168.0,0.0,0.0,0.0,0.0,168.0,ocorrencias
2025,2025-11-01,PI,Atendimento pré-hospitalar,0.0,86.0,0.0,0.0,0.0,0.0,86.0,ocorrencias
2025,2025-11-01,PI,Busca e salvamento,0.0,166.0,0.0,0.0,0.0,0.0,166.0,ocorrencias
2025,2025-11-01,PI,Combate a incêndios,0.0,670.0,0.0,0.0,0.0,0.0,670.0,ocorrencias
2025,2025-11-01,PI,Emissão de Alvarás de licença,0.0,529.0,0.0,0.0,0.0,0.0,529.0,ocorrencias
2025,2025-11-01,PI,Estupro,27.0,0.0,24.0,1.0,2.0,0.0,27.0,vitimas
2025,2025-11-01,PI,Estupro de vulnerável,112.0,0.0,90.0,12.0,10.0,0.0,112.0,vitimas
2025,2025-11-01,PI,Feminicídio,2.0,0.0,2.0,0.0,0.0,0.0,2.0,vitimas
2025,2025-11-01,PI,Furto de veículo,0.0,160.0,0.0,0.0,0.0,0.0,160.0,ocorrencias
2025,2025-11-01,PI,Homicídio doloso,38.0,0.0,2.0,36.0,0.0,0.0,38.0,vitimas
2025,2025-11-01,PI,Lesão corporal seguida de morte,0.0,0.0,0.0,0.0,0.0,0.0,0.0,vitimas
2025,2025-11-01,PI,Mandado de prisão cumprido,0.0,372.0,0.0,0.0,0.0,0.0,372.0,ocorrencias
2025,2025-11-01,PI,Morte de Agente do Estado,0.0,0.0,0.0,0.0,0.0,0.0,0.0,vitimas
2025,2025-11-01,PI,Morte no trânsito ou em decorrência dele (exceto homicídio doloso),17.0,0.0,4.0,13.0,0.0,0.0,17.0,vitimas
2025,2025-11-01,PI,Morte por intervenção de Agente do Estado,2.0,0.0,0.0,2.0,0.0,0.0,2.0,vitimas
2025,2025-11-01,PI,Mortes a esclarecer (sem indício de crime),1.0,0.0,0.0,1.0,0.0,0.0,1.0,vitimas
2025,2025-11-01,PI,Mortes no trânsito,11.0,0.0,2.0,9.0,0.0,0.0,11.0,vitimas
2025,2025-11-01,PI,Pessoa Desaparecida,70.0,0.0,22.0,44.0,4.0,0.0,70.0,vitimas
2025,2025-11-01,PI,Pessoa Localizada,33.0,0.0,6.0,25.0,2.0,0.0,33.0,vitimas
2025,2025-11-01,PI,Realização de vistorias,0.0,579.0,0.0,0.0,0.0,0.0,579.0,ocorrencias
2025,2025-11-01,PI,Roubo a instituição financeira,0.0,0.0,0.0,0.0,0.0,0.0,0.0,ocorrencias
2025,2025-11-01,PI,Roubo de carga,0.0,0.0,0.0,0.0,0.0,0.0,0.0,ocorrencias
2025,2025-11-01,PI,Roubo de veículo,0.0,162.0,0.0,0.0,0.0,0.0,162.0,ocorrencias
2025,2025-11-01,PI,Roubo seguido de morte (latrocínio),0.0,0.0,0.0,0.0,0.0,0.0,0.0,vitimas
2025,2025-11-01,PI,Suicídio,36.0,0.0,5.0,31.0,0.0,0.0,36.0,vitimas
2025,2025-11-01,PI,Suicídio de Agente do Estado,0.0,0.0,0.0,0.0,0.0,0.0,0.0,vitimas
2025,2025-11-01,PI,Tentativa de feminicídio,9.0,0.0,8.0,1.0,0.0,0.0,9.0,vitimas
2025,2025-11-01,PI,Tentativa de homicídio,64.0,0.0,14.0,50.0,0.0,0.0,64.0,vitimas
2025,2025-11-01,PI,Tráfico de drogas,0.0,210.0,0.0,0.0,0.0,0.0,210.0,ocorrencias
2025,2025-11-01,PR,Apreensão de Cocaína,0.0,0.0,0.0,0.0,0.0,3087552.0,3087552.0,kg
2025,2025-11-01,PR,Apreensão de Maconha,0.0,0.0,0.0,0.0,0.0,44893797.0,44893797.0,kg
2025,2025-11-01,PR,Arma de Fogo Apreendida,0.0,535.0,0.0,0.0,0.0,0.0,535.0,ocorrencias
2025,2025-11-01,PR,Atendimento pré-hospitalar,0.0,3021.0,0.0,0.0,0.0,0.0,3021.0,ocorrencias
2025,2025-11-01,PR,Busca e salvamento,0.0,1636.0,0.0,0.0,0.0,0.0,1636.0,ocorrencias
2025,2025-11-01,PR,Combate a incêndios,0.0,962.0,0.0,0.0,0.0,0.0,962.0,ocorrencias
2025,2025-11-01,PR,Emissão de Alvarás de licença,0.0,16994.0,0.0,0.0,0.0,0.0,16994.0,ocorrencias
2025,2025-11-01,PR,Estupro,122.0,0.0,111.0,11.0,0.0,0.0,122.0,vitimas
2025,2025-11-01,PR,Estupro de vulnerável,401.0,0.0,330.0,70.0,1.0,0.0,401.0,vitimas
2025,2025-11-01,PR,Feminicídio,9.0,0.0,9.0,0.0,0.0,0.0,9.0,vitimas
2025,2025-11-01,PR,Furto de veículo,0.0,725.0,0.0,0.0,0.0,0.0,725.0,ocorrencias
2025,2025-11-01,PR,Homicídio doloso,93.0,0.0,13.0,80.0,0.0,0.0,93.0,vitimas
2025,2025-11-01,PR,Lesão corporal seguida de morte,4.0,0.0,0.0,4.0,0.0,0.0,4.0,vitimas
2025,2025-11-01,PR,Mandado de prisão cumprido,0.0,2745.0,0.0,0.0,0.0,0.0,2745.0,ocorrencias
2025,2025-11-01,PR,Morte de Agente do Estado,0.0,0.0,0.0,0.0,0.0,0.0,0.0,vitimas
2025,2025-11-01,PR,Morte no trânsito ou em decorrência dele (exceto homicídio doloso),62.0,0.0,15.0,47.0,0.0,0.0,62.0,vitimas
2025,2025-11-01,PR,Morte por intervenção de Agente do Estado,57.0,0.0,0.0,55.0,2.0,0.0,57.0,vitimas
2025,2025-11-01,PR,Mortes a esclarecer (sem indício de crime),3.0,0.0,1.0,2.0,0.0,0.0,3.0,vitimas
2025,2025-11-01,PR,Mortes no trânsito,57.0,0.0,12.0,45.0,0.0,0.0,57.0,vitimas
2025,2025-11-01,PR,Pessoa Desaparecida,512.0,0.0,207.0,305.0,0.0,0.0,512.0,vitimas
2025,2025-11-01,PR,Pessoa Localizada,360.0,0.0,162.0,198.0,0.0,0.0,360.0,vitimas
2025,2025-11-01,PR,Realização de vistorias,0.0,4345.0,0.0,0.0,0.0,0.0,4345.0,ocorrencias
2025,2025-11-01,PR,Roubo a instituição financeira,0.0,0.0,0.0,0.0,0.0,0.0,0.0,ocorrencias
2025,2025-11-01,PR,Roubo de carga,0.0,15.0,0.0,0.0,0.0,0.0,15.0,ocorrencias
2025,2025-11-01,PR,Roubo de veículo,0.0,137.0,0.0,0.0,0.0,0.0,137.0,ocorrencias
2025,2025-11-01,PR,Roubo seguido de morte (latrocínio),5.0,0.0,0.0,5.0,0.0,0.0,5.0,vitimas
2025,2025-11-01,PR,Suicídio,54.0,0.0,11.0,43.0,0.0,0.0,54.0,vitimas
2025,2025-11-01,PR,Suicídio de Agente do Estado,0.0,0.0,0.0,0.0,0.0,0.0,0.0,vitimas
2025,2025-11-01,PR,Tentativa de feminicídio,14.0,0.0,14.0,0.0,0.0,0.0,14.0,vitimas
2025,2025-11-01,PR,Tentativa de homicídio,49.0,0.0,14.0,35.0,0.0,0.0,49.0,vitimas
2025,2025-11-01,PR,Tráfico de drogas,0.0,1117.0,0.0,0.0,0.0,0.0,1117.0,ocorrencias
2025,2025-11-01,RJ,Apreensão de Cocaína,0.0,0.0,0.0,0.0,0.0,1885.0,1885.0,kg
2025,2025-11-01,RJ,Apreensão de Maconha,0.0,0.0,0.0,0.0,0.0,59989.0,59989.0,kg
2025,2025-11-01,RJ,Arma de Fogo Apreendida,0.0,462.0,0.0,0.0,0.0,0.0,462.0,ocorrencias
2025,2025-11-01,RJ,Atendimento pré-hospitalar,0.0,12044.0,0.0,0.0,0.0,0.0,12044.0,ocorrencias
2025,2025-11-01,RJ,Busca e salvamento,0.0,11711.0,0.0,0.0,0.0,0.0,11711.0,ocorrencias
2025,2025-11-01,RJ,Combate a incêndios,0.0,2869.0,0.0,0.0,0.0,0.0,2869.0,ocorrencias
2025,2025-11-01,RJ,Emissão de Alvarás de licença,0.0,3675.0,0.0,0.0,0.0,0.0,3675.0,ocorrencias
2025,2025-11-01,RJ,Estupro,114.0,0.0,108.0,4.0,2.0,0.0,114.0,vitimas
2025,2025-11-01,RJ,Estupro de vulnerável,340.0,0.0,281.0,52.0,7.0,0.0,340.0,vitimas
2025,2025-11-01,RJ,Feminicídio,9.0,0.0,9.0,0.0,0.0,0.0,9.0,vitimas
2025,2025-11-01,RJ,Furto de veículo,0.0,1461.0,0.0,0.0,0.0,0.0,1461.0,ocorrencias
2025,2025-11-01,RJ,Homicídio doloso,255.0,0.0,25.0,225.0,5.0,0.0,255.0,vitimas
2025,2025-11-01,RJ,Lesão corporal seguida de morte,5.0,0.0,1.0,4.0,0.0,0.0,5.0,vitimas
2025,2025-11-01,RJ,Mandado de prisão cumprido,0.0,964.0,0.0,0.0,0.0,0.0,964.0,ocorrencias
2025,2025-11-01,RJ,Morte de Agente do Estado,8.0,0.0,0.0,8.0,0.0,0.0,8.0,vitimas
2025,2025-11-01,RJ,Morte no trânsito ou em decorrência dele (exceto homicídio doloso),187.0,0.0,36.0,147.0,4.0,0.0,187.0,vitimas
2025,2025-11-01,RJ,Morte por intervenção de Agente do Estado,50.0,0.0,0.0,50.0,0.0,0.0,50.0,vitimas
2025,2025-11-01,RJ,Mortes a esclarecer (sem indício de crime),212.0,0.0,66.0,146.0,0.0,0.0,212.0,vitimas
2025,2025-11-01,RJ,Mortes no trânsito,23.0,0.0,4.0,19.0,0.0,0.0,23.0,vitimas
2025,2025-11-01,RJ,Pessoa Desaparecida,499.0,0.0,158.0,340.0,1.0,0.0,499.0,vitimas
2025,2025-11-01,RJ,Pessoa Localizada,221.0,0.0,3.0,6.0,212.0,0.0,221.0,vitimas
2025,2025-11-01,RJ,Realização de vistorias,0.0,642.0,0.0,0.0,0.0,0.0,642.0,ocorrencias
2025,2025-11-01,RJ,Roubo a instituição financeira,0.0,2.0,0.0,0.0,0.0,0.0,2.0,ocorrencias
2025,2025-11-01,RJ,Roubo de carga,0.0,350.0,0.0,0.0,0.0,0.0,350.0,ocorrencias
2025,2025-11-01,RJ,Roubo de veículo,0.0,2643.0,0.0,0.0,0.0,0.0,2643.0,ocorrencias
2025,2025-11-01,RJ,Roubo seguido de morte (latrocínio),6.0,0.0,1.0,5.0,0.0,0.0,6.0,vitimas
2025,2025-11-01,RJ,Suicídio,73.0,0.0,22.0,48.0,3.0,0.0,73.0,vitimas
2025,2025-11-01,RJ,Suicídio de Agente do Estado,0.0,0.0,0.0,0.0,0.0,0.0,0.0,vitimas
2025,2025-11-01,RJ,Tentativa de feminicídio,31.0,0.0,31.0,0.0,0.0,0.0,31.0,vitimas
2025,2025-11-01,RJ,Tentativa de homicídio,297.0,0.0,32.0,246.0,19.0,0.0,297.0,vitimas
2025,2025-11-01,RJ,Tráfico de drogas,0.0,1989.0,0.0,0.0,0.0,0.0,1989.0,ocorrencias
2025,2025-11-01,RN,Apreensão de Cocaína,0.0,0.0,0.0,0.0,0.0,4857.0,4857.0,kg
2025,2025-11-01,RN,Apreensão de Maconha,0.0,0.0,0.0,0.0,0.0,315824.0,315824.0,kg
2025,2025-11-01,RN,Arma de Fogo Apreendida,0.0,210.0,0.0,0.0,0.0,0.0,210.0,ocorrencias
2025,2025-11-01,RN,Atendimento pré-hospitalar,0.0,240.0,0.0,0.0,0.0,0.0,240.0,ocorrencias
2025,2025-11-01,RN,Busca e salvamento,0.0,418.0,0.0,0.0,0.0,0.0,418.0,ocorrencias
2025,2025-11-01,RN,Combate a incêndios,0.0,581.0,0.0,0.0,0.0,0.0,581.0,ocorrencias
2025,2025-11-01,RN,Emissão de Alvarás de licença,0.0,264.0,0.0,0.0,0.0,0.0,264.0,ocorrencias
2025,2025-11-01,RN,Estupro,20.0,0.0,19.0,1.0,0.0,0.0,20.0,vitimas
2025,2025-11-01,RN,Estupro de vulnerável,66.0,0.0,50.0,13.0,3.0,0.0,66.0,vitimas
2025,2025-11-01,RN,Feminicídio,0.0,0.0,0.0,0.0,0.0,0.0,0.0,vitimas
2025,2025-11-01,RN,Furto de veículo,0.0,136.0,0.0,0.0,0.0,0.0,136.0,ocorrencias
2025,2025-11-01,RN,Homicídio doloso,67.0,0.0,7.0,60.0,0.0,0.0,67.0,vitimas
2025,2025-11-01,RN,Lesão corporal seguida de morte,0.0,0.0,0.0,0.0,0.0,0.0,0.0,vitimas
2025,2025-11-01,RN,Mandado de prisão cumprido,0.0,290.0,0.0,0.0,0.0,0.0,290.0,ocorrencias
2025,2025-11-01,RN,Morte de Agente do Estado,0.0,0.0,0.0,0.0,0.0,0.0,0.0,vitimas
2025,2025-11-01,RN,Morte no trânsito ou em decorrência dele (exceto homicídio doloso),39.0,0.0,5.0,33.0,1.0,0.0,39.0,vitimas
2025,2025-11-01,RN,Morte por intervenção de Agente do Estado,7.0,0.0,0.0,7.0,0.0,0.0,7.0,vitimas
2025,2025-11-01,RN,Mortes a esclarecer (sem indício de crime),57.0,0.0,17.0,40.0,0.0,0.0,57.0,vitimas
2025,2025-11-01,RN,Mortes no trânsito,7.0,0.0,0.0,7.0,0.0,0.0,7.0,vitimas
2025,2025-11-01,RN,Pessoa Desaparecida,74.0,0.0,23.0,51.0,0.0,0.0,74.0,vitimas
2025,2025-11-01,RN,Pessoa Localizada,55.0,0.0,23.0,32.0,0.0,0.0,55.0,vitimas
2025,2025-11-01,RN,Realização de vistorias,0.0,428.0,0.0,0.0,0.0,0.0,428.0,ocorrencias
2025,2025-11-01,RN,Roubo a instituição financeira,0.0,0.0,0.0,0.0,0.0,0.0,0.0,ocorrencias
2025,2025-11-01,RN,Roubo de carga,0.0,1.0,0.0,0.0,0.0,0.0,1.0,ocorrencias
2025,2025-11-01,RN,Roubo de veículo,0.0,91.0,0.0,0.0,0.0,0.0,91.0,ocorrencias
2025,2025-11-01,RN,Roubo seguido de morte (latrocínio),1.0,0.0,0.0,1.0,0.0,0.0,1.0,vitimas
2025,2025-11-01,RN,Suicídio,29.0,0.0,6.0,23.0,0.0,0.0,29.0,vitimas
2025,2025-11-01,RN,Suicídio de Agente do Estado,0.0,0.0,0.0,0.0,0.0,0.0,0.0,vitimas
2025,2025-11-01,RN,Tentativa de feminicídio,11.0,0.0,11.0,0.0,0.0,0.0,11.0,vitimas
2025,2025-11-01,RN,Tentativa de homicídio,63.0,0.0,14.0,43.0,6.0,0.0,63.0,vitimas
2025,2025-11-01,RN,Tráfico de drogas,0.0,220.0,0.0,0.0,0.0,0.0,220.0,ocorrencias
2025,2025-11-01,RO,Apreensão de Cocaína,0.0,0.0,0.0,0.0,0.0,491042.0,491042.0,kg
2025,2025-11-01,RO,Apreensão de Maconha,0.0,0.0,0.0,0.0,0.0,85627.0,85627.0,kg
2025,2025-11-01,RO,Arma de Fogo Apreendida,0.0,166.0,0.0,0.0,0.0,0.0,166.0,ocorrencias
2025,2025-11-01,RO,Atendimento pré-hospitalar,0.0,1510.0,0.0,0.0,0.0,0.0,1510.0,ocorrencias
2025,2025-11-01,RO,Busca e salvamento,0.0,402.0,0.0,0.0,0.0,0.0,402.0,ocorrencias
2025,2025-11-01,RO,Combate a incêndios,0.0,217.0,0.0,0.0,0.0,0.0,217.0,ocorrencias
2025,2025-11-01,RO,Emissão de Alvarás de licença,0.0,1420.0,0.0,0.0,0.0,0.0,1420.0,ocorrencias
2025,2025-11-01,RO,Estupro,21.0,0.0,18.0,3.0,0.0,0.0,21.0,vitimas
2025,2025-11-01,RO,Estupro de vulnerável,95.0,0.0,81.0,9.0,5.0,0.0,95.0,vitimas
2025,2025-11-01,RO,Feminicídio,1.0,0.0,1.0,0.0,0.0,0.0,1.0,vitimas
2025,2025-11-01,RO,Furto de veículo,0.0,117.0,0.0,0.0,0.0,0.0,117.0,ocorrencias
2025,2025-11-01,RO,Homicídio doloso,32.0,0.0,1.0,31.0,0.0,0.0,32.0,vitimas
2025,2025-11-01,RO,Lesão corporal seguida de morte,1.0,0.0,0.0,1.0,0.0,0.0,1.0,vitimas
2025,2025-11-01,RO,Mandado de prisão cumprido,0.0,232.0,0.0,0.0,0.0,0.0,232.0,ocorrencias
2025,2025-11-01,RO,Morte de Agente do Estado,0.0,0.0,0.0,0.0,0.0,0.0,0.0,vitimas
2025,2025-11-01,RO,Morte no trânsito ou em decorrência dele (exceto homicídio doloso),32.0,0.0,5.0,26.0,1.0,0.0,32.0,vitimas
2025,2025-11-01,RO,Morte por intervenção de Agente do Estado,5.0,0.0,0.0,5.0,0.0,0.0,5.0,vitimas
2025,2025-11-01,RO,Mortes a esclarecer (sem indício de crime),31.0,0.0,4.0,26.0,1.0,0.0,31.0,vitimas
2025,2025-11-01,RO,Mortes no trânsito,8.0,0.0,1.0,7.0,0.0,0.0,8.0,vitimas
2025,2025-11-01,RO,Pessoa Desaparecida,79.0,0.0,33.0,46.0,0.0,0.0,79.0,vitimas
2025,2025-11-01,RO,Pessoa Localizada,3.0,0.0,3.0,0.0,0.0,0.0,3.0,vitimas
2025,2025-11-01,RO,Realização de vistorias,0.0,1129.0,0.0,0.0,0.0,0.0,1129.0,ocorrencias
2025,2025-11-01,RO,Roubo a instituição financeira,0.0,0.0,0.0,0.0,0.0,0.0,0.0,ocorrencias
2025,2025-11-01,RO,Roubo de carga,0.0,0.0,0.0,0.0,0.0,0.0,0.0,ocorrencias
2025,2025-11-01,RO,Roubo de veículo,0.0,24.0,0.0,0.0,0.0,0.0,24.0,ocorrencias
2025,2025-11-01,RO,Roubo seguido de morte (latrocínio),0.0,0.0,0.0,0.0,0.0,0.0,0.0,vitimas
2025,2025-11-01,RO,Suicídio,8.0,0.0,2.0,6.0,0.0,0.0,8.0,vitimas
2025,2025-11-01,RO,Suicídio de Agente do Estado,0.0,0.0,0.0,0.0,0.0,0.0,0.0,vitimas
2025,2025-11-01,RO,Tentativa de feminicídio,4.0,0.0,4.0,0.0,0.0,0.0,4.0,vitimas
2025,2025-11-01,RO,Tentativa de homicídio,60.0,0.0,8.0,50.0,2.0,0.0,60.0,vitimas
2025,2025-11-01,RO,Tráfico de drogas,0.0,179.0,0.0,0.0,0.0,0.0,179.0,ocorrencias
2025,2025-11-01,RR,Apreensão de Cocaína,0.0,0.0,0.0,0.0,0.0,6223.0,6223.0,kg
2025,2025-11-01,RR,Apreensão de Maconha,0.0,0.0,0.0,0.0,0.0,11451.0,11451.0,kg
2025,2025-11-01,RR,Arma de Fogo Apreendida,0.0,31.0,0.0,0.0,0.0,0.0,31.0,ocorrencias
2025,2025-11-01,RR,Atendimento pré-hospitalar,0.0,162.0,0.0,0.0,0.0,0.0,162.0,ocorrencias
2025,2025-11-01,RR,Busca e salvamento,0.0,221.0,0.0,0.0,0.0,0.0,221.0,ocorrencias
2025,2025-11-01,RR,Combate a incêndios,0.0,75.0,0.0,0.0,0.0,0.0,75.0,ocorrencias
2025,2025-11-01,RR,Emissão de Alvarás de licença,0.0,114.0,0.0,0.0,0.0,0.0,114.0,ocorrencias
2025,2025-11-01,RR,Estupro,12.0,0.0,12.0,0.0,0.0,0.0,12.0,vitimas
2025,2025-11-01,RR,Estupro de vulnerável,45.0,0.0,36.0,6.0,3.0,0.0,45.0,vitimas
2025,2025-11-01,RR,Feminicídio,0.0,0.0,0.0,0.0,0.0,0.0,0.0,vitimas
2025,2025-11-01,RR,Furto de veículo,0.0,53.0,0.0,0.0,0.0,0.0,53.0,ocorrencias
2025,2025-11-01,RR,Homicídio doloso,10.0,0.0,2.0,8.0,0.0,0.0,10.0,vitimas
2025,2025-11-01,RR,Lesão corporal seguida de morte,0.0,0.0,0.0,0.0,0.0,0.0,0.0,vitimas
2025,2025-11-01,RR,Mandado de prisão cumprido,0.0,119.0,0.0,0.0,0.0,0.0,119.0,ocorrencias
2025,2025-11-01,RR,Morte de Agente do Estado,0.0,0.0,0.0,0.0,0.0,0.0,0.0,vitimas
2025,2025-11-01,RR,Morte no trânsito ou em decorrência dele (exceto homicídio doloso),1.0,0.0,1.0,0.0,0.0,0.0,1.0,vitimas
2025,2025-11-01,RR,Morte por intervenção de Agente do Estado,0.0,0.0,0.0,0.0,0.0,0.0,0.0,vitimas
2025,2025-11-01,RR,Mortes a esclarecer (sem indício de crime),9.0,0.0,2.0,7.0,0.0,0.0,9.0,vitimas
2025,2025-11-01,RR,Mortes no trânsito,1.0,0.0,0.0,1.0,0.0,0.0,1.0,vitimas
2025,2025-11-01,RR,Pessoa Desaparecida,43.0,0.0,15.0,27.0,1.0,0.0,43.0,vitimas
2025,2025-11-01,RR,Pessoa Localizada,16.0,0.0,7.0,8.0,1.0,0.0,16.0,vitimas
2025,2025-11-01,RR,Realização de vistorias,0.0,34.0,0.0,0.0,0.0,0.0,34.0,ocorrencias
2025,2025-11-01,RR,Roubo a instituição financeira,0.0,0.0,0.0,0.0,0.0,0.0,0.0,ocorrencias
2025,2025-11-01,RR,Roubo de carga,0.0,0.0,0.0,0.0,0.0,0.0,0.0,ocorrencias
2025,2025-11-01,RR,Roubo de veículo,0.0,6.0,0.0,0.0,0.0,0.0,6.0,ocorrencias
2025,2025-11-01,RR,Roubo seguido de morte (latrocínio),0.0,0.0,0.0,0.0,0.0,0.0,0.0,vitimas
2025,2025-11-01,RR,Suicídio,4.0,0.0,1.0,3.0,0.0,0.0,4.0,vitimas
2025,2025-11-01,RR,Suicídio de Agente do Estado,0.0,0.0,0.0,0.0,0.0,0.0,0.0,vitimas
2025,2025-11-01,RR,Tentativa de feminicídio,0.0,0.0,0.0,0.0,0.0,0.0,0.0,vitimas
2025,2025-11-01,RR,Tentativa de homicídio,20.0,0.0,3.0,14.0,3.0,0.0,20.0,vitimas
2025,2025-11-01,RR,Tráfico de drogas,0.0,41.0,0.0,0.0,0.0,0.0,41.0,ocorrencias
2025,2025-11-01,RS,Apreensão de Cocaína,0.0,0.0,0.0,0.0,0.0,188480.0,188480.0,kg
2025,2025-11-01,RS,Apreensão de Maconha,0.0,0.0,0.0,0.0,0.0,7161680.0,7161680.0,kg
2025,2025-11-01,RS,Arma de Fogo Apreendida,0.0,675.0,0.0,0.0,0.0,0.0,675.0,ocorrencias
2025,2025-11-01,RS,Atendimento pré-hospitalar,0.0,2395.0,0.0,0.0,0.0,0.0,2395.0,ocorrencias
2025,2025-11-01,RS,Busca e salvamento,0.0,1471.0,0.0,0.0,0.0,0.0,1471.0,ocorrencias
2025,2025-11-01,RS,Combate a incêndios,0.0,2223.0,0.0,0.0,0.0,0.0,2223.0,ocorrencias
2025,2025-11-01,RS,Emissão de Alvarás de licença,0.0,3654.0,0.0,0.0,0.0,0.0,3654.0,ocorrencias
2025,2025-11-01,RS,Estupro,81.0,0.0,80.0,1.0,0.0,0.0,81.0,vitimas
2025,2025-11-01,RS,Estupro de vulnerável,349.0,0.0,292.0,57.0,0.0,0.0,349.0,vitimas
2025,2025-11-01,RS,Feminicídio,4.0,0.0,4.0,0.0,0.0,0.0,4.0,vitimas
2025,2025-11-01,RS,Furto de veículo,0.0,496.0,0.0,0.0,0.0,0.0,496.0,ocorrencias
2025,2025-11-01,RS,Homicídio doloso,85.0,0.0,3.0,82.0,0.0,0.0,85.0,vitimas
2025,2025-11-01,RS,Lesão corporal seguida de morte,4.0,0.0,0.0,4.0,0.0,0.0,4.0,vitimas
2025,2025-11-01,RS,Mandado de prisão cumprido,0.0,882.0,0.0,0.0,0.0,0.0,882.0,ocorrencias
2025,2025-11-01,RS,Morte de Agente do Estado,0.0,0.0,0.0,0.0,0.0,0.0,0.0,vitimas
2025,2025-11-01,RS,Morte no trânsito ou em decorrência dele (exceto homicídio doloso),106.0,0.0,28.0,78.0,0.0,0.0,106.0,vitimas
2025,2025-11-01,RS,Morte por intervenção de Agente do Estado,1.0,0.0,0.0,1.0,0.0,0.0,1.0,vitimas
2025,2025-11-01,RS,Mortes a esclarecer (sem indício de crime),88.0,0.0,25.0,63.0,0.0,0.0,88.0,vitimas
2025,2025-11-01,RS,Mortes no trânsito,20.0,0.0,2.0,18.0,0.0,0.0,20.0,vitimas
2025,2025-11-01,RS,Pessoa Desaparecida,699.0,0.0,259.0,440.0,0.0,0.0,699.0,vitimas
2025,2025-11-01,RS,Pessoa Localizada,626.0,0.0,222.0,404.0,0.0,0.0,626.0,vitimas
2025,2025-11-01,RS,Realização de vistorias,0.0,2524.0,0.0,0.0,0.0,0.0,2524.0,ocorrencias
2025,2025-11-01,RS,Roubo a instituição financeira,0.0,0.0,0.0,0.0,0.0,0.0,0.0,ocorrencias
2025,2025-11-01,RS,Roubo de carga,0.0,2.0,0.0,0.0,0.0,0.0,2.0,ocorrencias
2025,2025-11-01,RS,Roubo de veículo,0.0,133.0,0.0,0.0,0.0,0.0,133.0,ocorrencias
2025,2025-11-01,RS,Roubo seguido de morte (latrocínio),3.0,0.0,1.0,2.0,0.0,0.0,3.0,vitimas
2025,2025-11-01,RS,Suicídio,147.0,0.0,32.0,115.0,0.0,0.0,147.0,vitimas
2025,2025-11-01,RS,Suicídio de Agente do Estado,4.0,0.0,0.0,4.0,0.0,0.0,4.0,vitimas
2025,2025-11-01,RS,Tentativa de feminicídio,23.0,0.0,22.0,1.0,0.0,0.0,23.0,vitimas
2025,2025-11-01,RS,Tentativa de homicídio,128.0,0.0,20.0,108.0,0.0,0.0,128.0,vitimas
2025,2025-11-01,RS,Tráfico de drogas,0.0,1267.0,0.0,0.0,0.0,0.0,1267.0,ocorrencias
2025,2025-11-01,SC,Apreensão de Cocaína,0.0,0.0,0.0,0.0,0.0,4838.0,4838.0,kg
2025,2025-11-01,SC,Apreensão de Maconha,0.0,0.0,0.0,0.0,0.0,1546196.0,1546196.0,kg
2025,2025-11-01,SC,Arma de Fogo Apreendida,0.0,220.0,0.0,0.0,0.0,0.0,220.0,ocorrencias
2025,2025-11-01,SC,Atendimento pré-hospitalar,0.0,13826.0,0.0,0.0,0.0,0.0,13826.0,ocorrencias
2025,2025-11-01,SC,Busca e salvamento,0.0,1500.0,0.0,0.0,0.0,0.0,1500.0,ocorrencias
2025,2025-11-01,SC,Combate a incêndios,0.0,803.0,0.0,0.0,0.0,0.0,803.0,ocorrencias
2025,2025-11-01,SC,Emissão de Alvarás de licença,0.0,32600.0,0.0,0.0,0.0,0.0,32600.0,ocorrencias
2025,2025-11-01,SC,Estupro,111.0,0.0,104.0,7.0,0.0,0.0,111.0,vitimas
2025,2025-11-01,SC,Estupro de vulnerável,238.0,0.0,201.0,36.0,1.0,0.0,238.0,vitimas
2025,2025-11-01,SC,Feminicídio,9.0,0.0,9.0,0.0,0.0,0.0,9.0,vitimas
2025,2025-11-01,SC,Furto de veículo,0.0,466.0,0.0,0.0,0.0,0.0,466.0,ocorrencias
2025,2025-11-01,SC,Homicídio doloso,40.0,0.0,5.0,35.0,0.0,0.0,40.0,vitimas
2025,2025-11-01,SC,Lesão corporal seguida de morte,2.0,0.0,1.0,1.0,0.0,0.0,2.0,vitimas
2025,2025-11-01,SC,Mandado de prisão cumprido,0.0,1365.0,0.0,0.0,0.0,0.0,1365.0,ocorrencias
2025,2025-11-01,SC,Morte de Agente do Estado,0.0,0.0,0.0,0.0,0.0,0.0,0.0,vitimas
2025,2025-11-01,SC,Morte no trânsito ou em decorrência dele (exceto homicídio doloso),35.0,0.0,10.0,25.0,0.0,0.0,35.0,vitimas
2025,2025-11-01,SC,Morte por intervenção de Agente do Estado,8.0,0.0,0.0,8.0,0.0,0.0,8.0,vitimas
2025,2025-11-01,SC,Mortes a esclarecer (sem indício de crime),0.0,0.0,0.0,0.0,0.0,0.0,0.0,vitimas
2025,2025-11-01,SC,Mortes no trânsito,29.0,0.0,4.0,25.0,0.0,0.0,29.0,vitimas
2025,2025-11-01,SC,Pessoa Desaparecida,379.0,0.0,145.0,234.0,0.0,0.0,379.0,vitimas
2025,2025-11-01,SC,Pessoa Localizada,438.0,0.0,161.0,277.0,0.0,0.0,438.0,vitimas
2025,2025-11-01,SC,Realização de vistorias,0.0,4513.0,0.0,0.0,0.0,0.0,4513.0,ocorrencias
2025,2025-11-01,SC,Roubo a instituição financeira,0.0,0.0,0.0,0.0,0.0,0.0,0.0,ocorrencias
2025,2025-11-01,SC,Roubo de carga,0.0,1.0,0.0,0.0,0.0,0.0,1.0,ocorrencias
2025,2025-11-01,SC,Roubo de veículo,0.0,40.0,0.0,0.0,0.0,0.0,40.0,ocorrencias
2025,2025-11-01,SC,Roubo seguido de morte (latrocínio),2.0,0.0,1.0,1.0,0.0,0.0,2.0,vitimas
2025,2025-11-01,SC,Suicídio,96.0,0.0,16.0,78.0,2.0,0.0,96.0,vitimas
2025,2025-11-01,SC,Suicídio de Agente do Estado,2.0,0.0,0.0,2.0,0.0,0.0,2.0,vitimas
2025,2025-11-01,SC,Tentativa de feminicídio,18.0,0.0,15.0,3.0,0.0,0.0,18.0,vitimas
2025,2025-11-01,SC,Tentativa de homicídio,139.0,0.0,17.0,122.0,0.0,0.0,139.0,vitimas
2025,2025-11-01,SC,Tráfico de drogas,0.0,566.0,0.0,0.0,0.0,0.0,566.0,ocorrencias
2025,2025-11-01,SE,Apreensão de Cocaína,0.0,0.0,0.0,0.0,0.0,89.0,89.0,kg
2025,2025-11-01,SE,Apreensão de Maconha,0.0,0.0,0.0,0.0,0.0,23519.0,23519.0,kg
2025,2025-11-01,SE,Arma de Fogo Apreendida,0.0,60.0,0.0,0.0,0.0,0.0,60.0,ocorrencias
2025,2025-11-01,SE,Atendimento pré-hospitalar,0.0,71.0,0.0,0.0,0.0,0.0,71.0,ocorrencias
2025,2025-11-01,SE,Busca e salvamento,0.0,561.0,0.0,0.0,0.0,0.0,561.0,ocorrencias
2025,2025-11-01,SE,Combate a incêndios,0.0,751.0,0.0,0.0,0.0,0.0,751.0,ocorrencias
2025,2025-11-01,SE,Emissão de Alvarás de licença,0.0,899.0,0.0,0.0,0.0,0.0,899.0,ocorrencias
2025,2025-11-01,SE,Estupro,22.0,0.0,21.0,1.0,0.0,0.0,22.0,vitimas
2025,2025-11-01,SE,Estupro de vulnerável,64.0,0.0,50.0,9.0,5.0,0.0,64.0,vitimas
2025,2025-11-01,SE,Feminicídio,0.0,0.0,0.0,0.0,0.0,0.0,0.0,vitimas
2025,2025-11-01,SE,Furto de veículo,0.0,67.0,0.0,0.0,0.0,0.0,67.0,ocorrencias
2025,2025-11-01,SE,Homicídio doloso,24.0,0.0,0.0,24.0,0.0,0.0,24.0,vitimas
2025,2025-11-01,SE,Lesão corporal seguida de morte,2.0,0.0,0.0,2.0,0.0,0.0,2.0,vitimas
2025,2025-11-01,SE,Mandado de prisão cumprido,0.0,139.0,0.0,0.0,0.0,0.0,139.0,ocorrencias
2025,2025-11-01,SE,Morte de Agente do Estado,0.0,0.0,0.0,0.0,0.0,0.0,0.0,vitimas
2025,2025-11-01,SE,Morte no trânsito ou em decorrência dele (exceto homicídio doloso),12.0,0.0,4.0,8.0,0.0,0.0,12.0,vitimas
2025,2025-11-01,SE,Morte por intervenção de Agente do Estado,22.0,0.0,0.0,22.0,0.0,0.0,22.0,vitimas
2025,2025-11-01,SE,Mortes a esclarecer (sem indício de crime),30.0,0.0,6.0,22.0,2.0,0.0,30.0,vitimas
2025,2025-11-01,SE,Mortes no trânsito,5.0,0.0,1.0,4.0,0.0,0.0,5.0,vitimas
2025,2025-11-01,SE,Pessoa Desaparecida,57.0,0.0,21.0,35.0,1.0,0.0,57.0,vitimas
2025,2025-11-01,SE,Pessoa Localizada,39.0,0.0,13.0,26.0,0.0,0.0,39.0,vitimas
2025,2025-11-01,SE,Realização de vistorias,0.0,334.0,0.0,0.0,0.0,0.0,334.0,ocorrencias
2025,2025-11-01,SE,Roubo a instituição financeira,0.0,0.0,0.0,0.0,0.0,0.0,0.0,ocorrencias
2025,2025-11-01,SE,Roubo de carga,0.0,0.0,0.0,0.0,0.0,0.0,0.0,ocorrencias
2025,2025-11-01,SE,Roubo de veículo,0.0,22.0,0.0,0.0,0.0,0.0,22.0,ocorrencias
2025,2025-11-01,SE,Roubo seguido de morte (latrocínio),1.0,0.0,0.0,1.0,0.0,0.0,1.0,vitimas
2025,2025-11-01,SE,Suicídio,14.0,0.0,3.0,11.0,0.0,0.0,14.0,vitimas
2025,2025-11-01,SE,Suicídio de Agente do Estado,0.0,0.0,0.0,0.0,0.0,0.0,0.0,vitimas
2025,2025-11-01,SE,Tentativa de feminicídio,5.0,0.0,5.0,0.0,0.0,0.0,5.0,vitimas
2025,2025-11-01,SE,Tentativa de homicídio,64.0,0.0,15.0,48.0,1.0,0.0,64.0,vitimas
2025,2025-11-01,SE,Tráfico de drogas,0.0,108.0,0.0,0.0,0.0,0.0,108.0,ocorrencias
2025,2025-11-01,SP,Apreensão de Cocaína,0.0,0.0,0.0,0.0,0.0,4468203.0,4468203.0,kg
2025,2025-11-01,SP,Apreensão de Maconha,0.0,0.0,0.0,0.0,0.0,28756759.0,28756759.0,kg
2025,2025-11-01,SP,Arma de Fogo Apreendida,0.0,1158.0,0.0,0.0,0.0,0.0,1158.0,ocorrencias
2025,2025-11-01,SP,Atendimento pré-hospitalar,0.0,17580.0,0.0,0.0,0.0,0.0,17580.0,ocorrencias
2025,2025-11-01,SP,Busca e salvamento,0.0,7305.0,0.0,0.0,0.0,0.0,7305.0,ocorrencias
2025,2025-11-01,SP,Combate a incêndios,0.0,2295.0,0.0,0.0,0.0,0.0,2295.0,ocorrencias
2025,2025-11-01,SP,Emissão de Alvarás de licença,0.0,19133.0,0.0,0.0,0.0,0.0,19133.0,ocorrencias
2025,2025-11-01,SP,Estupro,282.0,0.0,259.0,23.0,0.0,0.0,282.0,vitimas
2025,2025-11-01,SP,Estupro de vulnerável,957.0,0.0,799.0,157.0,1.0,0.0,957.0,vitimas
2025,2025-11-01,SP,Feminicídio,26.0,0.0,26.0,0.0,0.0,0.0,26.0,vitimas
2025,2025-11-01,SP,Furto de veículo,0.0,7119.0,0.0,0.0,0.0,0.0,7119.0,ocorrencias
2025,2025-11-01,SP,Homicídio doloso,167.0,0.0,15.0,152.0,0.0,0.0,167.0,vitimas
2025,2025-11-01,SP,Lesão corporal seguida de morte,3.0,0.0,0.0,3.0,0.0,0.0,3.0,vitimas
2025,2025-11-01,SP,Mandado de prisão cumprido,0.0,6155.0,0.0,0.0,0.0,0.0,6155.0,ocorrencias
2025,2025-11-01,SP,Morte de Agente do Estado,3.0,0.0,1.0,2.0,0.0,0.0,3.0,vitimas
2025,2025-11-01,SP,Morte no trânsito ou em decorrência dele (exceto homicídio doloso),294.0,0.0,62.0,231.0,1.0,0.0,294.0,vitimas
2025,2025-11-01,SP,Morte por intervenção de Agente do Estado,103.0,0.0,0.0,103.0,0.0,0.0,103.0,vitimas
2025,2025-11-01,SP,Mortes a esclarecer (sem indício de crime),279.0,0.0,39.0,231.0,9.0,0.0,279.0,vitimas
2025,2025-11-01,SP,Mortes no trânsito,17.0,0.0,4.0,13.0,0.0,0.0,17.0,vitimas
2025,2025-11-01,SP,Pessoa Desaparecida,1583.0,0.0,516.0,1067.0,0.0,0.0,1583.0,vitimas
2025,2025-11-01,SP,Pessoa Localizada,1066.0,0.0,395.0,670.0,1.0,0.0,1066.0,vitimas
2025,2025-11-01,SP,Realização de vistorias,0.0,9215.0,0.0,0.0,0.0,0.0,9215.0,ocorrencias
2025,2025-11-01,SP,Roubo a instituição financeira,0.0,0.0,0.0,0.0,0.0,0.0,0.0,ocorrencias
2025,2025-11-01,SP,Roubo de carga,0.0,247.0,0.0,0.0,0.0,0.0,247.0,ocorrencias
2025,2025-11-01,SP,Roubo de veículo,0.0,1907.0,0.0,0.0,0.0,0.0,1907.0,ocorrencias
2025,2025-11-01,SP,Roubo seguido de morte (latrocínio),11.0,0.0,1.0,10.0,0.0,0.0,11.0,vitimas
2025,2025-11-01,SP,Suicídio,229.0,0.0,41.0,188.0,0.0,0.0,229.0,vitimas
2025,2025-11-01,SP,Suicídio de Agente do Estado,5.0,0.0,1.0,4.0,0.0,0.0,5.0,vitimas
2025,2025-11-01,SP,Tentativa de feminicídio,59.0,0.0,59.0,0.0,0.0,0.0,59.0,vitimas
2025,2025-11-01,SP,Tentativa de homicídio,276.0,0.0,32.0,243.0,1.0,0.0,276.0,vitimas
2025,2025-11-01,SP,Tráfico de drogas,0.0,3872.0,0.0,0.0,0.0,0.0,3872.0,ocorrencias
2025,2025-11-01,TO,Apreensão de Cocaína,0.0,0.0,0.0,0.0,0.0,1286.0,1286.0,kg
2025,2025-11-01,TO,Apreensão de Maconha,0.0,0.0,0.0,0.0,0.0,2761.0,2761.0,kg
2025,2025-11-01,TO,Arma de Fogo Apreendida,0.0,62.0,0.0,0.0,0.0,0.0,62.0,ocorrencias
2025,2025-11-01,TO,Atendimento pré-hospitalar,0.0,2563.0,0.0,0.0,0.0,0.0,2563.0,ocorrencias
2025,2025-11-01,TO,Busca e salvamento,0.0,712.0,0.0,0.0,0.0,0.0,712.0,ocorrencias
2025,2025-11-01,TO,Combate a incêndios,0.0,404.0,0.0,0.0,0.0,0.0,404.0,ocorrencias
2025,2025-11-01,TO,Emissão de Alvarás de licença,0.0,812.0,0.0,0.0,0.0,0.0,812.0,ocorrencias
2025,2025-11-01,TO,Estupro,24.0,0.0,24.0,0.0,0.0,0.0,24.0,vitimas
2025,2025-11-01,TO,Estupro de vulnerável,55.0,0.0,47.0,7.0,1.0,0.0,55.0,vitimas
2025,2025-11-01,TO,Feminicídio,5.0,0.0,5.0,0.0,0.0,0.0,5.0,vitimas
2025,2025-11-01,TO,Furto de veículo,0.0,110.0,0.0,0.0,0.0,0.0,110.0,ocorrencias
2025,2025-11-01,TO,Homicídio doloso,26.0,0.0,1.0,24.0,1.0,0.0,26.0,vitimas
2025,2025-11-01,TO,Lesão corporal seguida de morte,1.0,0.0,0.0,1.0,0.0,0.0,1.0,vitimas
2025,2025-11-01,TO,Mandado de prisão cumprido,0.0,185.0,0.0,0.0,0.0,0.0,185.0,ocorrencias
2025,2025-11-01,TO,Morte de Agente do Estado,0.0,0.0,0.0,0.0,0.0,0.0,0.0,vitimas
2025,2025-11-01,TO,Morte no trânsito ou em decorrência dele (exceto homicídio doloso),46.0,0.0,9.0,37.0,0.0,0.0,46.0,vitimas
2025,2025-11-01,TO,Morte por intervenção de Agente do Estado,1.0,0.0,0.0,1.0,0.0,0.0,1.0,vitimas
2025,2025-11-01,TO,Mortes a esclarecer (sem indício de crime),27.0,0.0,10.0,17.0,0.0,0.0,27.0,vitimas
2025,2025-11-01,TO,Mortes no trânsito,9.0,0.0,0.0,9.0,0.0,0.0,9.0,vitimas
2025,2025-11-01,TO,Pessoa Desaparecida,59.0,0.0,20.0,39.0,0.0,0.0,59.0,vitimas
2025,2025-11-01,TO,Pessoa Localizada,25.0,0.0,6.0,19.0,0.0,0.0,25.0,vitimas
2025,2025-11-01,TO,Realização de vistorias,0.0,1079.0,0.0,0.0,0.0,0.0,1079.0,ocorrencias
2025,2025-11-01,TO,Roubo a instituição financeira,0.0,0.0,0.0,0.0,0.0,0.0,0.0,ocorrencias
2025,2025-11-01,TO,Roubo de carga,0.0,0.0,0.0,0.0,0.0,0.0,0.0,ocorrencias
2025,2025-11-01,TO,Roubo de veículo,0.0,22.0,0.0,0.0,0.0,0.0,22.0,ocorrencias
2025,2025-11-01,TO,Roubo seguido de morte (latrocínio),1.0,0.0,0.0,1.0,0.0,0.0,1.0,vitimas
2025,2025-11-01,TO,Suicídio,14.0,0.0,3.0,11.0,0.0,0.0,14.0,vitimas
2025,2025-11-01,TO,Suicídio de Agente do Estado,0.0,0.0,0.0,0.0,0.0,0.0,0.0,vitimas
2025,2025-11-01,TO,Tentativa de feminicídio,6.0,0.0,6.0,0.0,0.0,0.0,6.0,vitimas
2025,2025-11-01,TO,Tentativa de homicídio,31.0,0.0,0.0,31.0,0.0,0.0,31.0,vitimas
2025,2025-11-01,TO,Tráfico de drogas,0.0,90.0,0.0,0.0,0.0,0.0,90.0,ocorrencias
2025,2025-12-01,AC,Apreensão de Cocaína,0.0,0.0,0.0,0.0,0.0,163695.0,163695.0,kg
2025,2025-12-01,AC,Apreensão de Maconha,0.0,0.0,0.0,0.0,0.0,9008.0,9008.0,kg
2025,2025-12-01,AC,Arma de Fogo Apreendida,0.0,58.0,0.0,0.0,0.0,0.0,58.0,ocorrencias
2025,2025-12-01,AC,Atendimento pré-hospitalar,0.0,77.0,0.0,0.0,0.0,0.0,77.0,ocorrencias
2025,2025-12-01,AC,Busca e salvamento,0.0,45.0,0.0,0.0,0.0,0.0,45.0,ocorrencias
2025,2025-12-01,AC,Combate a incêndios,0.0,98.0,0.0,0.0,0.0,0.0,98.0,ocorrencias
2025,2025-12-01,AC,Emissão de Alvarás de licença,0.0,290.0,0.0,0.0,0.0,0.0,290.0,ocorrencias
2025,2025-12-01,AC,Estupro,11.0,0.0,10.0,1.0,0.0,0.0,11.0,vitimas
2025,2025-12-01,AC,Estupro de vulnerável,41.0,0.0,34.0,7.0,0.0,0.0,41.0,vitimas
2025,2025-12-01,AC,Feminicídio,1.0,0.0,1.0,0.0,0.0,0.0,1.0,vitimas
2025,2025-12-01,AC,Furto de veículo,0.0,47.0,0.0,0.0,0.0,0.0,47.0,ocorrencias
2025,2025-12-01,AC,Homicídio doloso,11.0,0.0,0.0,11.0,0.0,0.0,11.0,vitimas
2025,2025-12-01,AC,Lesão corporal seguida de morte,0.0,0.0,0.0,0.0,0.0,0.0,0.0,vitimas
2025,2025-12-01,AC,Mandado de prisão cumprido,0.0,144.0,0.0,0.0,0.0,0.0,144.0,ocorrencias
2025,2025-12-01,AC,Morte de Agente do Estado,0.0,0.0,0.0,0.0,0.0,0.0,0.0,vitimas
2025,2025-12-01,AC,Morte no trânsito ou em decorrência dele (exceto homicídio doloso),9.0,0.0,0.0,9.0,0.0,0.0,9.0,vitimas
2025,2025-12-01,AC,Morte por intervenção de Agente do Estado,0.0,0.0,0.0,0.0,0.0,0.0,0.0,vitimas
2025,2025-12-01,AC,Mortes a esclarecer (sem indício de crime),13.0,0.0,2.0,10.0,1.0,0.0,13.0,vitimas
2025,2025-12-01,AC,Mortes no trânsito,4.0,0.0,0.0,4.0,0.0,0.0,4.0,vitimas
2025,2025-12-01,AC,Pessoa Desaparecida,43.0,0.0,18.0,24.0,1.0,0.0,43.0,vitimas
2025,2025-12-01,AC,Pessoa Localizada,22.0,0.0,8.0,14.0,0.0,0.0,22.0,vitimas
2025,2025-12-01,AC,Realização de vistorias,0.0,386.0,0.0,0.0,0.0,0.0,386.0,ocorrencias
2025,2025-12-01,AC,Roubo a instituição financeira,0.0,0.0,0.0,0.0,0.0,0.0,0.0,ocorrencias
2025,2025-12-01,AC,Roubo de carga,0.0,0.0,0.0,0.0,0.0,0.0,0.0,ocorrencias
2025,2025-12-01,AC,Roubo de veículo,0.0,31.0,0.0,0.0,0.0,0.0,31.0,ocorrencias
2025,2025-12-01,AC,Roubo seguido de morte (latrocínio),1.0,0.0,0.0,1.0,0.0,0.0,1.0,vitimas
2025,2025-12-01,AC,Suicídio,10.0,0.0,0.0,10.0,0.0,0.0,10.0,vitimas
2025,2025-12-01,AC,Suicídio de Agente do Estado,1.0,0.0,0.0,1.0,0.0,0.0,1.0,vitimas
2025,2025-12-01,AC,Tentativa de feminicídio,3.0,0.0,1.0,2.0,0.0,0.0,3.0,vitimas
2025,2025-12-01,AC,Tentativa de homicídio,20.0,0.0,0.0,20.0,0.0,0.0,20.0,vitimas
2025,2025-12-01,AC,Tráfico de drogas,0.0,58.0,0.0,0.0,0.0,0.0,58.0,ocorrencias
2025,2025-12-01,AL,Apreensão de Cocaína,0.0,0.0,0.0,0.0,0.0,30766.0,30766.0,kg
2025,2025-12-01,AL,Apreensão de Maconha,0.0,0.0,0.0,0.0,0.0,161023.0,161023.0,kg
2025,2025-12-01,AL,Arma de Fogo Apreendida,0.0,148.0,0.0,0.0,0.0,0.0,148.0,ocorrencias
2025,2025-12-01,AL,Atendimento pré-hospitalar,0.0,487.0,0.0,0.0,0.0,0.0,487.0,ocorrencias
2025,2025-12-01,AL,Busca e salvamento,0.0,327.0,0.0,0.0,0.0,0.0,327.0,ocorrencias
2025,2025-12-01,AL,Combate a incêndios,0.0,278.0,0.0,0.0,0.0,0.0,278.0,ocorrencias
2025,2025-12-01,AL,Emissão de Alvarás de licença,0.0,734.0,0.0,0.0,0.0,0.0,734.0,ocorrencias
2025,2025-12-01,AL,Estupro,14.0,0.0,12.0,2.0,0.0,0.0,14.0,vitimas
2025,2025-12-01,AL,Estupro de vulnerável,35.0,0.0,26.0,9.0,0.0,0.0,35.0,vitimas
2025,2025-12-01,AL,Feminicídio,4.0,0.0,4.0,0.0,0.0,0.0,4.0,vitimas
2025,2025-12-01,AL,Furto de veículo,0.0,142.0,0.0,0.0,0.0,0.0,142.0,ocorrencias
2025,2025-12-01,AL,Homicídio doloso,75.0,0.0,8.0,67.0,0.0,0.0,75.0,vitimas
2025,2025-12-01,AL,Lesão corporal seguida de morte,2.0,0.0,0.0,2.0,0.0,0.0,2.0,vitimas
2025,2025-12-01,AL,Mandado de prisão cumprido,0.0,333.0,0.0,0.0,0.0,0.0,333.0,ocorrencias
2025,2025-12-01,AL,Morte de Agente do Estado,0.0,0.0,0.0,0.0,0.0,0.0,0.0,vitimas
2025,2025-12-01,AL,Morte no trânsito ou em decorrência dele (exceto homicídio doloso),27.0,0.0,2.0,18.0,7.0,0.0,27.0,vitimas
2025,2025-12-01,AL,Morte por intervenção de Agente do Estado,5.0,0.0,0.0,5.0,0.0,0.0,5.0,vitimas
2025,2025-12-01,AL,Mortes a esclarecer (sem indício de crime),83.0,0.0,23.0,42.0,18.0,0.0,83.0,vitimas
2025,2025-12-01,AL,Mortes no trânsito,10.0,0.0,1.0,9.0,0.0,0.0,10.0,vitimas
2025,2025-12-01,AL,Pessoa Desaparecida,68.0,0.0,20.0,46.0,2.0,0.0,68.0,vitimas
2025,2025-12-01,AL,Pessoa Localizada,53.0,0.0,14.0,38.0,1.0,0.0,53.0,vitimas
2025,2025-12-01,AL,Realização de vistorias,0.0,1279.0,0.0,0.0,0.0,0.0,1279.0,ocorrencias
2025,2025-12-01,AL,Roubo a instituição financeira,0.0,0.0,0.0,0.0,0.0,0.0,0.0,ocorrencias
2025,2025-12-01,AL,Roubo de carga,0.0,2.0,0.0,0.0,0.0,0.0,2.0,ocorrencias
2025,2025-12-01,AL,Roubo de veículo,0.0,134.0,0.0,0.0,0.0,0.0,134.0,ocorrencias
2025,2025-12-01,AL,Roubo seguido de morte (latrocínio),0.0,0.0,0.0,0.0,0.0,0.0,0.0,vitimas
2025,2025-12-01,AL,Suicídio,22.0,0.0,1.0,21.0,0.0,0.0,22.0,vitimas
2025,2025-12-01,AL,Suicídio de Agente do Estado,0.0,0.0,0.0,0.0,0.0,0.0,0.0,vitimas
2025,2025-12-01,AL,Tentativa de feminicídio,7.0,0.0,7.0,0.0,0.0,0.0,7.0,vitimas
2025,2025-12-01,AL,Tentativa de homicídio,75.0,0.0,12.0,61.0,2.0,0.0,75.0,vitimas
2025,2025-12-01,AL,Tráfico de drogas,0.0,146.0,0.0,0.0,0.0,0.0,146.0,ocorrencias
2025,2025-12-01,AM,Apreensão de Cocaína,0.0,0.0,0.0,0.0,0.0,495478.0,495478.0,kg
2025,2025-12-01,AM,Apreensão de Maconha,0.0,0.0,0.0,0.0,0.0,4518843.0,4518843.0,kg
2025,2025-12-01,AM,Arma de Fogo Apreendida,0.0,133.0,0.0,0.0,0.0,0.0,133.0,ocorrencias
2025,2025-12-01,AM,Atendimento pré-hospitalar,0.0,112.0,0.0,0.0,0.0,0.0,112.0,ocorrencias
2025,2025-12-01,AM,Busca e salvamento,0.0,18.0,0.0,0.0,0.0,0.0,18.0,ocorrencias
2025,2025-12-01,AM,Combate a incêndios,0.0,125.0,0.0,0.0,0.0,0.0,125.0,ocorrencias
2025,2025-12-01,AM,Emissão de Alvarás de licença,0.0,328.0,0.0,0.0,0.0,0.0,328.0,ocorrencias
2025,2025-12-01,AM,Estupro,31.0,0.0,31.0,0.0,0.0,0.0,31.0,vitimas
2025,2025-12-01,AM,Estupro de vulnerável,111.0,0.0,93.0,13.0,5.0,0.0,111.0,vitimas
2025,2025-12-01,AM,Feminicídio,3.0,0.0,3.0,0.0,0.0,0.0,3.0,vitimas
2025,2025-12-01,AM,Furto de veículo,0.0,153.0,0.0,0.0,0.0,0.0,153.0,ocorrencias
2025,2025-12-01,AM,Homicídio doloso,51.0,0.0,4.0,47.0,0.0,0.0,51.0,vitimas
2025,2025-12-01,AM,Lesão corporal seguida de morte,2.0,0.0,0.0,2.0,0.0,0.0,2.0,vitimas
2025,2025-12-01,AM,Mandado de prisão cumprido,0.0,356.0,0.0,0.0,0.0,0.0,356.0,ocorrencias
2025,2025-12-01,AM,Morte de Agente do Estado,0.0,0.0,0.0,0.0,0.0,0.0,0.0,vitimas
2025,2025-12-01,AM,Morte no trânsito ou em decorrência dele (exceto homicídio doloso),15.0,0.0,4.0,11.0,0.0,0.0,15.0,vitimas
2025,2025-12-01,AM,Morte por intervenção de Agente do Estado,2.0,0.0,0.0,2.0,0.0,0.0,2.0,vitimas
2025,2025-12-01,AM,Mortes a esclarecer (sem indício de crime),0.0,0.0,0.0,0.0,0.0,0.0,0.0,vitimas
2025,2025-12-01,AM,Mortes no trânsito,2.0,0.0,0.0,2.0,0.0,0.0,2.0,vitimas
2025,2025-12-01,AM,Pessoa Desaparecida,73.0,0.0,29.0,44.0,0.0,0.0,73.0,vitimas
2025,2025-12-01,AM,Pessoa Localizada,53.0,0.0,25.0,28.0,0.0,0.0,53.0,vitimas
2025,2025-12-01,AM,Realização de vistorias,0.0,332.0,0.0,0.0,0.0,0.0,332.0,ocorrencias
2025,2025-12-01,AM,Roubo a instituição financeira,0.0,0.0,0.0,0.0,0.0,0.0,0.0,ocorrencias
2025,2025-12-01,AM,Roubo de carga,0.0,2.0,0.0,0.0,0.0,0.0,2.0,ocorrencias
2025,2025-12-01,AM,Roubo de veículo,0.0,36.0,0.0,0.0,0.0,0.0,36.0,ocorrencias
2025,2025-12-01,AM,Roubo seguido de morte (latrocínio),2.0,0.0,0.0,2.0,0.0,0.0,2.0,vitimas
2025,2025-12-01,AM,Suicídio,20.0,0.0,6.0,14.0,0.0,0.0,20.0,vitimas
2025,2025-12-01,AM,Suicídio de Agente do Estado,0.0,0.0,0.0,0.0,0.0,0.0,0.0,vitimas
2025,2025-12-01,AM,Tentativa de feminicídio,11.0,0.0,11.0,0.0,0.0,0.0,11.0,vitimas
2025,2025-12-01,AM,Tentativa de homicídio,58.0,0.0,6.0,48.0,4.0,0.0,58.0,vitimas
2025,2025-12-01,AM,Tráfico de drogas,0.0,302.0,0.0,0.0,0.0,0.0,302.0,ocorrencias
2025,2025-12-01,AP,Apreensão de Cocaína,0.0,0.0,0.0,0.0,0.0,165.0,165.0,kg
2025,2025-12-01,AP,Apreensão de Maconha,0.0,0.0,0.0,0.0,0.0,88.0,88.0,kg
2025,2025-12-01,AP,Arma de Fogo Apreendida,0.0,37.0,0.0,0.0,0.0,0.0,37.0,ocorrencias
2025,2025-12-01,AP,Atendimento pré-hospitalar,0.0,819.0,0.0,0.0,0.0,0.0,819.0,ocorrencias
2025,2025-12-01,AP,Busca e salvamento,0.0,258.0,0.0,0.0,0.0,0.0,258.0,ocorrencias
2025,2025-12-01,AP,Combate a incêndios,0.0,221.0,0.0,0.0,0.0,0.0,221.0,ocorrencias
2025,2025-12-01,AP,Emissão de Alvarás de licença,0.0,196.0,0.0,0.0,0.0,0.0,196.0,ocorrencias
2025,2025-12-01,AP,Estupro,8.0,0.0,8.0,0.0,0.0,0.0,8.0,vitimas
2025,2025-12-01,AP,Estupro de vulnerável,38.0,0.0,34.0,4.0,0.0,0.0,38.0,vitimas
2025,2025-12-01,AP,Feminicídio,1.0,0.0,1.0,0.0,0.0,0.0,1.0,vitimas
2025,2025-12-01,AP,Furto de veículo,0.0,21.0,0.0,0.0,0.0,0.0,21.0,ocorrencias
2025,2025-12-01,AP,Homicídio doloso,16.0,0.0,2.0,14.0,0.0,0.0,16.0,vitimas
2025,2025-12-01,AP,Lesão corporal seguida de morte,0.0,0.0,0.0,0.0,0.0,0.0,0.0,vitimas
2025,2025-12-01,AP,Mandado de prisão cumprido,0.0,145.0,0.0,0.0,0.0,0.0,145.0,ocorrencias
2025,2025-12-01,AP,Morte de Agente do Estado,0.0,0.0,0.0,0.0,0.0,0.0,0.0,vitimas
2025,2025-12-01,AP,Morte no trânsito ou em decorrência dele (exceto homicídio doloso),6.0,0.0,1.0,5.0,0.0,0.0,6.0,vitimas
2025,2025-12-01,AP,Morte por intervenção de Agente do Estado,7.0,0.0,0.0,7.0,0.0,0.0,7.0,vitimas
2025,2025-12-01,AP,Mortes a esclarecer (sem indício de crime),2.0,0.0,0.0,2.0,0.0,0.0,2.0,vitimas
2025,2025-12-01,AP,Mortes no trânsito,0.0,0.0,0.0,0.0,0.0,0.0,0.0,vitimas
2025,2025-12-01,AP,Pessoa Desaparecida,29.0,0.0,14.0,15.0,0.0,0.0,29.0,vitimas
2025,2025-12-01,AP,Pessoa Localizada,23.0,0.0,10.0,13.0,0.0,0.0,23.0,vitimas
2025,2025-12-01,AP,Realização de vistorias,0.0,492.0,0.0,0.0,0.0,0.0,492.0,ocorrencias
2025,2025-12-01,AP,Roubo a instituição financeira,0.0,0.0,0.0,0.0,0.0,0.0,0.0,ocorrencias
2025,2025-12-01,AP,Roubo de carga,0.0,0.0,0.0,0.0,0.0,0.0,0.0,ocorrencias
2025,2025-12-01,AP,Roubo de veículo,0.0,4.0,0.0,0.0,0.0,0.0,4.0,ocorrencias
2025,2025-12-01,AP,Roubo seguido de morte (latrocínio),0.0,0.0,0.0,0.0,0.0,0.0,0.0,vitimas
2025,2025-12-01,AP,Suicídio,6.0,0.0,0.0,6.0,0.0,0.0,6.0,vitimas
2025,2025-12-01,AP,Suicídio de Agente do Estado,0.0,0.0,0.0,0.0,0.0,0.0,0.0,vitimas
2025,2025-12-01,AP,Tentativa de feminicídio,3.0,0.0,3.0,0.0,0.0,0.0,3.0,vitimas
2025,2025-12-01,AP,Tentativa de homicídio,27.0,0.0,3.0,20.0,4.0,0.0,27.0,vitimas
2025,2025-12-01,AP,Tráfico de drogas,0.0,100.0,0.0,0.0,0.0,0.0,100.0,ocorrencias
2025,2025-12-01,BA,Apreensão de Cocaína,0.0,0.0,0.0,0.0,0.0,72144.0,72144.0,kg
2025,2025-12-01,BA,Apreensão de Maconha,0.0,0.0,0.0,0.0,0.0,6774694.0,6774694.0,kg
2025,2025-12-01,BA,Arma de Fogo Apreendida,0.0,743.0,0.0,0.0,0.0,0.0,743.0,ocorrencias
2025,2025-12-01,BA,Atendimento pré-hospitalar,0.0,490.0,0.0,0.0,0.0,0.0,490.0,ocorrencias
2025,2025-12-01,BA,Busca e salvamento,0.0,782.0,0.0,0.0,0.0,0.0,782.0,ocorrencias
2025,2025-12-01,BA,Combate a incêndios,0.0,872.0,0.0,0.0,0.0,0.0,872.0,ocorrencias
2025,2025-12-01,BA,Emissão de Alvarás de licença,0.0,3463.0,0.0,0.0,0.0,0.0,3463.0,ocorrencias
2025,2025-12-01,BA,Estupro,96.0,0.0,83.0,10.0,3.0,0.0,96.0,vitimas
2025,2025-12-01,BA,Estupro de vulnerável,270.0,0.0,227.0,35.0,8.0,0.0,270.0,vitimas
2025,2025-12-01,BA,Feminicídio,8.0,0.0,8.0,0.0,0.0,0.0,8.0,vitimas
2025,2025-12-01,BA,Furto de veículo,0.0,590.0,0.0,0.0,0.0,0.0,590.0,ocorrencias
2025,2025-12-01,BA,Homicídio doloso,293.0,0.0,17.0,275.0,1.0,0.0,293.0,vitimas
2025,2025-12-01,BA,Lesão corporal seguida de morte,7.0,0.0,1.0,6.0,0.0,0.0,7.0,vitimas
2025,2025-12-01,BA,Mandado de prisão cumprido,0.0,978.0,0.0,0.0,0.0,0.0,978.0,ocorrencias
2025,2025-12-01,BA,Morte de Agente do Estado,0.0,0.0,0.0,0.0,0.0,0.0,0.0,vitimas
2025,2025-12-01,BA,Morte no trânsito ou em decorrência dele (exceto homicídio doloso),65.0,0.0,16.0,41.0,8.0,0.0,65.0,vitimas
2025,2025-12-01,BA,Morte por intervenção de Agente do Estado,79.0,0.0,0.0,79.0,0.0,0.0,79.0,vitimas
2025,2025-12-01,BA,Mortes a esclarecer (sem indício de crime),94.0,0.0,25.0,54.0,15.0,0.0,94.0,vitimas
2025,2025-12-01,BA,Mortes no trânsito,54.0,0.0,12.0,42.0,0.0,0.0,54.0,vitimas
2025,2025-12-01,BA,Pessoa Desaparecida,372.0,0.0,123.0,238.0,11.0,0.0,372.0,vitimas
2025,2025-12-01,BA,Pessoa Localizada,76.0,0.0,19.0,56.0,1.0,0.0,76.0,vitimas
2025,2025-12-01,BA,Realização de vistorias,0.0,1406.0,0.0,0.0,0.0,0.0,1406.0,ocorrencias
2025,2025-12-01,BA,Roubo a instituição financeira,0.0,0.0,0.0,0.0,0.0,0.0,0.0,ocorrencias
2025,2025-12-01,BA,Roubo de carga,0.0,17.0,0.0,0.0,0.0,0.0,17.0,ocorrencias
2025,2025-12-01,BA,Roubo de veículo,0.0,690.0,0.0,0.0,0.0,0.0,690.0,ocorrencias
2025,2025-12-01,BA,Roubo seguido de morte (latrocínio),4.0,0.0,0.0,4.0,0.0,0.0,4.0,vitimas
2025,2025-12-01,BA,Suicídio,64.0,0.0,8.0,56.0,0.0,0.0,64.0,vitimas
2025,2025-12-01,BA,Suicídio de Agente do Estado,1.0,0.0,0.0,1.0,0.0,0.0,1.0,vitimas
2025,2025-12-01,BA,Tentativa de feminicídio,18.0,0.0,18.0,0.0,0.0,0.0,18.0,vitimas
2025,2025-12-01,BA,Tentativa de homicídio,294.0,0.0,41.0,235.0,18.0,0.0,294.0,vitimas
2025,2025-12-01,BA,Tráfico de drogas,0.0,768.0,0.0,0.0,0.0,0.0,768.0,ocorrencias
2025,2025-12-01,CE,Apreensão de Cocaína,0.0,0.0,0.0,0.0,0.0,9266.0,9266.0,kg
2025,2025-12-01,CE,Apreensão de Maconha,0.0,0.0,0.0,0.0,0.0,408962.0,408962.0,kg
2025,2025-12-01,CE,Arma de Fogo Apreendida,0.0,590.0,0.0,0.0,0.0,0.0,590.0,ocorrencias
2025,2025-12-01,CE,Atendimento pré-hospitalar,0.0,56.0,0.0,0.0,0.0,0.0,56.0,ocorrencias
2025,2025-12-01,CE,Busca e salvamento,0.0,1507.0,0.0,0.0,0.0,0.0,1507.0,ocorrencias
2025,2025-12-01,CE,Combate a incêndios,0.0,1261.0,0.0,0.0,0.0,0.0,1261.0,ocorrencias
2025,2025-12-01,CE,Emissão de Alvarás de licença,0.0,2309.0,0.0,0.0,0.0,0.0,2309.0,ocorrencias
2025,2025-12-01,CE,Estupro,32.0,0.0,29.0,3.0,0.0,0.0,32.0,vitimas
2025,2025-12-01,CE,Estupro de vulnerável,100.0,0.0,82.0,18.0,0.0,0.0,100.0,vitimas
2025,2025-12-01,CE,Feminicídio,5.0,0.0,5.0,0.0,0.0,0.0,5.0,vitimas
2025,2025-12-01,CE,Furto de veículo,0.0,519.0,0.0,0.0,0.0,0.0,519.0,ocorrencias
2025,2025-12-01,CE,Homicídio doloso,228.0,0.0,24.0,204.0,0.0,0.0,228.0,vitimas
2025,2025-12-01,CE,Lesão corporal seguida de morte,1.0,0.0,0.0,1.0,0.0,0.0,1.0,vitimas
2025,2025-12-01,CE,Mandado de prisão cumprido,0.0,648.0,0.0,0.0,0.0,0.0,648.0,ocorrencias
2025,2025-12-01,CE,Morte de Agente do Estado,1.0,0.0,1.0,0.0,0.0,0.0,1.0,vitimas
2025,2025-12-01,CE,Morte no trânsito ou em decorrência dele (exceto homicídio doloso),187.0,0.0,25.0,162.0,0.0,0.0,187.0,vitimas
2025,2025-12-01,CE,Morte por intervenção de Agente do Estado,13.0,0.0,0.0,13.0,0.0,0.0,13.0,vitimas
2025,2025-12-01,CE,Mortes a esclarecer (sem indício de crime),32.0,0.0,9.0,23.0,0.0,0.0,32.0,vitimas
2025,2025-12-01,CE,Mortes no trânsito,17.0,0.0,6.0,11.0,0.0,0.0,17.0,vitimas
2025,2025-12-01,CE,Pessoa Desaparecida,202.0,0.0,55.0,147.0,0.0,0.0,202.0,vitimas
2025,2025-12-01,CE,Pessoa Localizada,134.0,0.0,40.0,94.0,0.0,0.0,134.0,vitimas
2025,2025-12-01,CE,Realização de vistorias,0.0,3337.0,0.0,0.0,0.0,0.0,3337.0,ocorrencias
2025,2025-12-01,CE,Roubo a instituição financeira,0.0,0.0,0.0,0.0,0.0,0.0,0.0,ocorrencias
2025,2025-12-01,CE,Roubo de carga,0.0,5.0,0.0,0.0,0.0,0.0,5.0,ocorrencias
2025,2025-12-01,CE,Roubo de veículo,0.0,334.0,0.0,0.0,0.0,0.0,334.0,ocorrencias
2025,2025-12-01,CE,Roubo seguido de morte (latrocínio),1.0,0.0,0.0,1.0,0.0,0.0,1.0,vitimas
2025,2025-12-01,CE,Suicídio,66.0,0.0,11.0,55.0,0.0,0.0,66.0,vitimas
2025,2025-12-01,CE,Suicídio de Agente do Estado,1.0,0.0,0.0,1.0,0.0,0.0,1.0,vitimas
2025,2025-12-01,CE,Tentativa de feminicídio,11.0,0.0,11.0,0.0,0.0,0.0,11.0,vitimas
2025,2025-12-01,CE,Tentativa de homicídio,102.0,0.0,14.0,88.0,0.0,0.0,102.0,vitimas
2025,2025-12-01,CE,Tráfico de drogas,0.0,707.0,0.0,0.0,0.0,0.0,707.0,ocorrencias
2025,2025-12-01,DF,Apreensão de Cocaína,0.0,0.0,0.0,0.0,0.0,1468.0,1468.0,kg
2025,2025-12-01,DF,Apreensão de Maconha,0.0,0.0,0.0,0.0,0.0,581.0,581.0,kg
2025,2025-12-01,DF,Arma de Fogo Apreendida,0.0,170.0,0.0,0.0,0.0,0.0,170.0,ocorrencias
2025,2025-12-01,DF,Atendimento pré-hospitalar,0.0,8061.0,0.0,0.0,0.0,0.0,8061.0,ocorrencias
2025,2025-12-01,DF,Busca e salvamento,0.0,6340.0,0.0,0.0,0.0,0.0,6340.0,ocorrencias
2025,2025-12-01,DF,Combate a incêndios,0.0,2894.0,0.0,0.0,0.0,0.0,2894.0,ocorrencias
2025,2025-12-01,DF,Emissão de Alvarás de licença,0.0,628.0,0.0,0.0,0.0,0.0,628.0,ocorrencias
2025,2025-12-01,DF,Estupro,25.0,0.0,25.0,0.0,0.0,0.0,25.0,vitimas
2025,2025-12-01,DF,Estupro de vulnerável,45.0,0.0,35.0,10.0,0.0,0.0,45.0,vitimas
2025,2025-12-01,DF,Feminicídio,3.0,0.0,3.0,0.0,0.0,0.0,3.0,vitimas
2025,2025-12-01,DF,Furto de veículo,0.0,249.0,0.0,0.0,0.0,0.0,249.0,ocorrencias
2025,2025-12-01,DF,Homicídio doloso,24.0,0.0,0.0,24.0,0.0,0.0,24.0,vitimas
2025,2025-12-01,DF,Lesão corporal seguida de morte,0.0,0.0,0.0,0.0,0.0,0.0,0.0,vitimas
2025,2025-12-01,DF,Mandado de prisão cumprido,0.0,660.0,0.0,0.0,0.0,0.0,660.0,ocorrencias
2025,2025-12-01,DF,Morte de Agente do Estado,0.0,0.0,0.0,0.0,0.0,0.0,0.0,vitimas
2025,2025-12-01,DF,Morte no trânsito ou em decorrência dele (exceto homicídio doloso),20.0,0.0,3.0,17.0,0.0,0.0,20.0,vitimas
2025,2025-12-01,DF,Morte por intervenção de Agente do Estado,0.0,0.0,0.0,0.0,0.0,0.0,0.0,vitimas
2025,2025-12-01,DF,Mortes a esclarecer (sem indício de crime),0.0,0.0,0.0,0.0,0.0,0.0,0.0,vitimas
2025,2025-12-01,DF,Mortes no trânsito,4.0,0.0,0.0,4.0,0.0,0.0,4.0,vitimas
2025,2025-12-01,DF,Pessoa Desaparecida,196.0,0.0,68.0,128.0,0.0,0.0,196.0,vitimas
2025,2025-12-01,DF,Pessoa Localizada,158.0,0.0,58.0,100.0,0.0,0.0,158.0,vitimas
2025,2025-12-01,DF,Realização de vistorias,0.0,1570.0,0.0,0.0,0.0,0.0,1570.0,ocorrencias
2025,2025-12-01,DF,Roubo a instituição financeira,0.0,0.0,0.0,0.0,0.0,0.0,0.0,ocorrencias
2025,2025-12-01,DF,Roubo de carga,0.0,1.0,0.0,0.0,0.0,0.0,1.0,ocorrencias
2025,2025-12-01,DF,Roubo de veículo,0.0,58.0,0.0,0.0,0.0,0.0,58.0,ocorrencias
2025,2025-12-01,DF,Roubo seguido de morte (latrocínio),1.0,0.0,0.0,1.0,0.0,0.0,1.0,vitimas
2025,2025-12-01,DF,Suicídio,28.0,0.0,10.0,18.0,0.0,0.0,28.0,vitimas
2025,2025-12-01,DF,Suicídio de Agente do Estado,0.0,0.0,0.0,0.0,0.0,0.0,0.0,vitimas
2025,2025-12-01,DF,Tentativa de feminicídio,13.0,0.0,13.0,0.0,0.0,0.0,13.0,vitimas
2025,2025-12-01,DF,Tentativa de homicídio,50.0,0.0,5.0,45.0,0.0,0.0,50.0,vitimas
2025,2025-12-01,DF,Tráfico de drogas,0.0,224.0,0.0,0.0,0.0,0.0,224.0,ocorrencias
2025,2025-12-01,ES,Apreensão de Cocaína,0.0,0.0,0.0,0.0,0.0,11842.0,11842.0,kg
2025,2025-12-01,ES,Apreensão de Maconha,0.0,0.0,0.0,0.0,0.0,10508.0,10508.0,kg
2025,2025-12-01,ES,Arma de Fogo Apreendida,0.0,301.0,0.0,0.0,0.0,0.0,301.0,ocorrencias
2025,2025-12-01,ES,Atendimento pré-hospitalar,0.0,737.0,0.0,0.0,0.0,0.0,737.0,ocorrencias
2025,2025-12-01,ES,Busca e salvamento,0.0,401.0,0.0,0.0,0.0,0.0,401.0,ocorrencias
2025,2025-12-01,ES,Combate a incêndios,0.0,485.0,0.0,0.0,0.0,0.0,485.0,ocorrencias
2025,2025-12-01,ES,Emissão de Alvarás de licença,0.0,2928.0,0.0,0.0,0.0,0.0,2928.0,ocorrencias
2025,2025-12-01,ES,Estupro,44.0,0.0,35.0,5.0,4.0,0.0,44.0,vitimas
2025,2025-12-01,ES,Estupro de vulnerável,92.0,0.0,77.0,8.0,7.0,0.0,92.0,vitimas
2025,2025-12-01,ES,Feminicídio,1.0,0.0,1.0,0.0,0.0,0.0,1.0,vitimas
2025,2025-12-01,ES,Furto de veículo,0.0,333.0,0.0,0.0,0.0,0.0,333.0,ocorrencias
2025,2025-12-01,ES,Homicídio doloso,71.0,0.0,3.0,63.0,5.0,0.0,71.0,vitimas
2025,2025-12-01,ES,Lesão corporal seguida de morte,0.0,0.0,0.0,0.0,0.0,0.0,0.0,vitimas
2025,2025-12-01,ES,Mandado de prisão cumprido,0.0,597.0,0.0,0.0,0.0,0.0,597.0,ocorrencias
2025,2025-12-01,ES,Morte de Agente do Estado,0.0,0.0,0.0,0.0,0.0,0.0,0.0,vitimas
2025,2025-12-01,ES,Morte no trânsito ou em decorrência dele (exceto homicídio doloso),98.0,0.0,14.0,84.0,0.0,0.0,98.0,vitimas
2025,2025-12-01,ES,Morte por intervenção de Agente do Estado,13.0,0.0,0.0,13.0,0.0,0.0,13.0,vitimas
2025,2025-12-01,ES,Mortes a esclarecer (sem indício de crime),8.0,0.0,1.0,4.0,3.0,0.0,8.0,vitimas
2025,2025-12-01,ES,Mortes no trânsito,15.0,0.0,3.0,12.0,0.0,0.0,15.0,vitimas
2025,2025-12-01,ES,Pessoa Desaparecida,211.0,0.0,77.0,123.0,11.0,0.0,211.0,vitimas
2025,2025-12-01,ES,Pessoa Localizada,29.0,0.0,7.0,22.0,0.0,0.0,29.0,vitimas
2025,2025-12-01,ES,Realização de vistorias,0.0,3590.0,0.0,0.0,0.0,0.0,3590.0,ocorrencias
2025,2025-12-01,ES,Roubo a instituição financeira,0.0,0.0,0.0,0.0,0.0,0.0,0.0,ocorrencias
2025,2025-12-01,ES,Roubo de carga,0.0,2.0,0.0,0.0,0.0,0.0,2.0,ocorrencias
2025,2025-12-01,ES,Roubo de veículo,0.0,98.0,0.0,0.0,0.0,0.0,98.0,ocorrencias
2025,2025-12-01,ES,Roubo seguido de morte (latrocínio),3.0,0.0,0.0,3.0,0.0,0.0,3.0,vitimas
2025,2025-12-01,ES,Suicídio,36.0,0.0,5.0,29.0,2.0,0.0,36.0,vitimas
2025,2025-12-01,ES,Suicídio de Agente do Estado,0.0,0.0,0.0,0.0,0.0,0.0,0.0,vitimas
2025,2025-12-01,ES,Tentativa de feminicídio,5.0,0.0,5.0,0.0,0.0,0.0,5.0,vitimas
2025,2025-12-01,ES,Tentativa de homicídio,97.0,0.0,29.0,65.0,3.0,0.0,97.0,vitimas
2025,2025-12-01,ES,Tráfico de drogas,0.0,492.0,0.0,0.0,0.0,0.0,492.0,ocorrencias
2025,2025-12-01,GO,Apreensão de Cocaína,0.0,0.0,0.0,0.0,0.0,1802843.0,1802843.0,kg
2025,2025-12-01,GO,Apreensão de Maconha,0.0,0.0,0.0,0.0,0.0,443130.0,443130.0,kg
2025,2025-12-01,GO,Arma de Fogo Apreendida,0.0,295.0,0.0,0.0,0.0,0.0,295.0,ocorrencias
2025,2025-12-01,GO,Atendimento pré-hospitalar,0.0,8500.0,0.0,0.0,0.0,0.0,8500.0,ocorrencias
2025,2025-12-01,GO,Busca e salvamento,0.0,2336.0,0.0,0.0,0.0,0.0,2336.0,ocorrencias
2025,2025-12-01,GO,Combate a incêndios,0.0,416.0,0.0,0.0,0.0,0.0,416.0,ocorrencias
2025,2025-12-01,GO,Emissão de Alvarás de licença,0.0,6315.0,0.0,0.0,0.0,0.0,6315.0,ocorrencias
2025,2025-12-01,GO,Estupro,49.0,0.0,45.0,4.0,0.0,0.0,49.0,vitimas
2025,2025-12-01,GO,Estupro de vulnerável,179.0,0.0,152.0,24.0,3.0,0.0,179.0,vitimas
2025,2025-12-01,GO,Feminicídio,8.0,0.0,8.0,0.0,0.0,0.0,8.0,vitimas
2025,2025-12-01,GO,Furto de veículo,0.0,270.0,0.0,0.0,0.0,0.0,270.0,ocorrencias
2025,2025-12-01,GO,Homicídio doloso,67.0,0.0,4.0,56.0,7.0,0.0,67.0,vitimas
2025,2025-12-01,GO,Lesão corporal seguida de morte,6.0,0.0,0.0,6.0,0.0,0.0,6.0,vitimas
2025,2025-12-01,GO,Mandado de prisão cumprido,0.0,753.0,0.0,0.0,0.0,0.0,753.0,ocorrencias
2025,2025-12-01,GO,Morte de Agente do Estado,0.0,0.0,0.0,0.0,0.0,0.0,0.0,vitimas
2025,2025-12-01,GO,Morte no trânsito ou em decorrência dele (exceto homicídio doloso),72.0,0.0,16.0,53.0,3.0,0.0,72.0,vitimas
2025,2025-12-01,GO,Morte por intervenção de Agente do Estado,38.0,0.0,0.0,32.0,6.0,0.0,38.0,vitimas
2025,2025-12-01,GO,Mortes a esclarecer (sem indício de crime),47.0,0.0,3.0,34.0,10.0,0.0,47.0,vitimas
2025,2025-12-01,GO,Mortes no trânsito,48.0,0.0,14.0,32.0,2.0,0.0,48.0,vitimas
2025,2025-12-01,GO,Pessoa Desaparecida,340.0,0.0,121.0,214.0,5.0,0.0,340.0,vitimas
2025,2025-12-01,GO,Pessoa Localizada,188.0,0.0,70.0,117.0,1.0,0.0,188.0,vitimas
2025,2025-12-01,GO,Realização de vistorias,0.0,3032.0,0.0,0.0,0.0,0.0,3032.0,ocorrencias
2025,2025-12-01,GO,Roubo a instituição financeira,0.0,0.0,0.0,0.0,0.0,0.0,0.0,ocorrencias
2025,2025-12-01,GO,Roubo de carga,0.0,1.0,0.0,0.0,0.0,0.0,1.0,ocorrencias
2025,2025-12-01,GO,Roubo de veículo,0.0,37.0,0.0,0.0,0.0,0.0,37.0,ocorrencias
2025,2025-12-01,GO,Roubo seguido de morte (latrocínio),2.0,0.0,0.0,2.0,0.0,0.0,2.0,vitimas
2025,2025-12-01,GO,Suicídio,82.0,0.0,22.0,57.0,3.0,0.0,82.0,vitimas
2025,2025-12-01,GO,Suicídio de Agente do Estado,0.0,0.0,0.0,0.0,0.0,0.0,0.0,vitimas
2025,2025-12-01,GO,Tentativa de feminicídio,27.0,0.0,26.0,1.0,0.0,0.0,27.0,vitimas
2025,2025-12-01,GO,Tentativa de homicídio,112.0,0.0,14.0,95.0,3.0,0.0,112.0,vitimas
2025,2025-12-01,GO,Tráfico de drogas,0.0,521.0,0.0,0.0,0.0,0.0,521.0,ocorrencias
2025,2025-12-01,MA,Apreensão de Cocaína,0.0,0.0,0.0,0.0,0.0,1041.0,1041.0,kg
2025,2025-12-01,MA,Apreensão de Maconha,0.0,0.0,0.0,0.0,0.0,52.0,52.0,kg
2025,2025-12-01,MA,Arma de Fogo Apreendida,0.0,313.0,0.0,0.0,0.0,0.0,313.0,ocorrencias
2025,2025-12-01,MA,Atendimento pré-hospitalar,0.0,1651.0,0.0,0.0,0.0,0.0,1651.0,ocorrencias
2025,2025-12-01,MA,Busca e salvamento,0.0,729.0,0.0,0.0,0.0,0.0,729.0,ocorrencias
2025,2025-12-01,MA,Combate a incêndios,0.0,890.0,0.0,0.0,0.0,0.0,890.0,ocorrencias
2025,2025-12-01,MA,Emissão de Alvarás de licença,0.0,905.0,0.0,0.0,0.0,0.0,905.0,ocorrencias
2025,2025-12-01,MA,Estupro,35.0,0.0,33.0,2.0,0.0,0.0,35.0,vitimas
2025,2025-12-01,MA,Estupro de vulnerável,112.0,0.0,101.0,11.0,0.0,0.0,112.0,vitimas
2025,2025-12-01,MA,Feminicídio,4.0,0.0,4.0,0.0,0.0,0.0,4.0,vitimas
2025,2025-12-01,MA,Furto de veículo,0.0,311.0,0.0,0.0,0.0,0.0,311.0,ocorrencias
2025,2025-12-01,MA,Homicídio doloso,161.0,0.0,6.0,155.0,0.0,0.0,161.0,vitimas
2025,2025-12-01,MA,Lesão corporal seguida de morte,2.0,0.0,0.0,2.0,0.0,0.0,2.0,vitimas
2025,2025-12-01,MA,Mandado de prisão cumprido,0.0,392.0,0.0,0.0,0.0,0.0,392.0,ocorrencias
2025,2025-12-01,MA,Morte de Agente do Estado,0.0,0.0,0.0,0.0,0.0,0.0,0.0,vitimas
2025,2025-12-01,MA,Morte no trânsito ou em decorrência dele (exceto homicídio doloso),108.0,0.0,21.0,87.0,0.0,0.0,108.0,vitimas
2025,2025-12-01,MA,Morte por intervenção de Agente do Estado,13.0,0.0,0.0,13.0,0.0,0.0,13.0,vitimas
2025,2025-12-01,MA,Mortes a esclarecer (sem indício de crime),14.0,0.0,2.0,12.0,0.0,0.0,14.0,vitimas
2025,2025-12-01,MA,Mortes no trânsito,35.0,0.0,8.0,27.0,0.0,0.0,35.0,vitimas
2025,2025-12-01,MA,Pessoa Desaparecida,81.0,0.0,38.0,40.0,3.0,0.0,81.0,vitimas
2025,2025-12-01,MA,Pessoa Localizada,20.0,0.0,13.0,6.0,1.0,0.0,20.0,vitimas
2025,2025-12-01,MA,Realização de vistorias,0.0,377.0,0.0,0.0,0.0,0.0,377.0,ocorrencias
2025,2025-12-01,MA,Roubo a instituição financeira,0.0,1.0,0.0,0.0,0.0,0.0,1.0,ocorrencias
2025,2025-12-01,MA,Roubo de carga,0.0,3.0,0.0,0.0,0.0,0.0,3.0,ocorrencias
2025,2025-12-01,MA,Roubo de veículo,0.0,308.0,0.0,0.0,0.0,0.0,308.0,ocorrencias
2025,2025-12-01,MA,Roubo seguido de morte (latrocínio),6.0,0.0,0.0,6.0,0.0,0.0,6.0,vitimas
2025,2025-12-01,MA,Suicídio,38.0,0.0,10.0,28.0,0.0,0.0,38.0,vitimas
2025,2025-12-01,MA,Suicídio de Agente do Estado,0.0,0.0,0.0,0.0,0.0,0.0,0.0,vitimas
2025,2025-12-01,MA,Tentativa de feminicídio,19.0,0.0,19.0,0.0,0.0,0.0,19.0,vitimas
2025,2025-12-01,MA,Tentativa de homicídio,129.0,0.0,16.0,113.0,0.0,0.0,129.0,vitimas
2025,2025-12-01,MA,Tráfico de drogas,0.0,214.0,0.0,0.0,0.0,0.0,214.0,ocorrencias
2025,2025-12-01,MG,Apreensão de Cocaína,0.0,0.0,0.0,0.0,0.0,165034.0,165034.0,kg
2025,2025-12-01,MG,Apreensão de Maconha,0.0,0.0,0.0,0.0,0.0,971274.0,971274.0,kg
2025,2025-12-01,MG,Arma de Fogo Apreendida,0.0,1224.0,0.0,0.0,0.0,0.0,1224.0,ocorrencias
2025,2025-12-01,MG,Atendimento pré-hospitalar,0.0,7272.0,0.0,0.0,0.0,0.0,7272.0,ocorrencias
2025,2025-12-01,MG,Busca e salvamento,0.0,7305.0,0.0,0.0,0.0,0.0,7305.0,ocorrencias
2025,2025-12-01,MG,Combate a incêndios,0.0,1221.0,0.0,0.0,0.0,0.0,1221.0,ocorrencias
2025,2025-12-01,MG,Emissão de Alvarás de licença,0.0,794.0,0.0,0.0,0.0,0.0,794.0,ocorrencias
2025,2025-12-01,MG,Estupro,107.0,0.0,101.0,6.0,0.0,0.0,107.0,vitimas
2025,2025-12-01,MG,Estupro de vulnerável,317.0,0.0,261.0,54.0,2.0,0.0,317.0,vitimas
2025,2025-12-01,MG,Feminicídio,18.0,0.0,18.0,0.0,0.0,0.0,18.0,vitimas
2025,2025-12-01,MG,Furto de veículo,0.0,1862.0,0.0,0.0,0.0,0.0,1862.0,ocorrencias
2025,2025-12-01,MG,Homicídio doloso,212.0,0.0,4.0,206.0,2.0,0.0,212.0,vitimas
2025,2025-12-01,MG,Lesão corporal seguida de morte,0.0,0.0,0.0,0.0,0.0,0.0,0.0,vitimas
2025,2025-12-01,MG,Mandado de prisão cumprido,0.0,1208.0,0.0,0.0,0.0,0.0,1208.0,ocorrencias
2025,2025-12-01,MG,Morte de Agente do Estado,0.0,0.0,0.0,0.0,0.0,0.0,0.0,vitimas
2025,2025-12-01,MG,Morte no trânsito ou em decorrência dele (exceto homicídio doloso),212.0,0.0,53.0,158.0,1.0,0.0,212.0,vitimas
2025,2025-12-01,MG,Morte por intervenção de Agente do Estado,17.0,0.0,0.0,17.0,0.0,0.0,17.0,vitimas
2025,2025-12-01,MG,Mortes a esclarecer (sem indício de crime),0.0,0.0,0.0,0.0,0.0,0.0,0.0,vitimas
2025,2025-12-01,MG,Mortes no trânsito,73.0,0.0,14.0,59.0,0.0,0.0,73.0,vitimas
2025,2025-12-01,MG,Pessoa Desaparecida,851.0,0.0,299.0,550.0,2.0,0.0,851.0,vitimas
2025,2025-12-01,MG,Pessoa Localizada,482.0,0.0,184.0,298.0,0.0,0.0,482.0,vitimas
2025,2025-12-01,MG,Realização de vistorias,0.0,2503.0,0.0,0.0,0.0,0.0,2503.0,ocorrencias
2025,2025-12-01,MG,Roubo a instituição financeira,0.0,1.0,0.0,0.0,0.0,0.0,1.0,ocorrencias
2025,2025-12-01,MG,Roubo de carga,0.0,9.0,0.0,0.0,0.0,0.0,9.0,ocorrencias
2025,2025-12-01,MG,Roubo de veículo,0.0,275.0,0.0,0.0,0.0,0.0,275.0,ocorrencias
2025,2025-12-01,MG,Roubo seguido de morte (latrocínio),4.0,0.0,0.0,4.0,0.0,0.0,4.0,vitimas
2025,2025-12-01,MG,Suicídio,183.0,0.0,40.0,143.0,0.0,0.0,183.0,vitimas
2025,2025-12-01,MG,Suicídio de Agente do Estado,4.0,0.0,1.0,1.0,2.0,0.0,4.0,vitimas
2025,2025-12-01,MG,Tentativa de feminicídio,38.0,0.0,38.0,0.0,0.0,0.0,38.0,vitimas
2025,2025-12-01,MG,Tentativa de homicídio,233.0,0.0,29.0,204.0,0.0,0.0,233.0,vitimas
2025,2025-12-01,MG,Tráfico de drogas,0.0,2488.0,0.0,0.0,0.0,0.0,2488.0,ocorrencias
2025,2025-12-01,MS,Apreensão de Cocaína,0.0,0.0,0.0,0.0,0.0,975788.0,975788.0,kg
2025,2025-12-01,MS,Apreensão de Maconha,0.0,0.0,0.0,0.0,0.0,27680531.0,27680531.0,kg
2025,2025-12-01,MS,Arma de Fogo Apreendida,0.0,55.0,0.0,0.0,0.0,0.0,55.0,ocorrencias
2025,2025-12-01,MS,Atendimento pré-hospitalar,0.0,869.0,0.0,0.0,0.0,0.0,869.0,ocorrencias
2025,2025-12-01,MS,Busca e salvamento,0.0,2484.0,0.0,0.0,0.0,0.0,2484.0,ocorrencias
2025,2025-12-01,MS,Combate a incêndios,0.0,150.0,0.0,0.0,0.0,0.0,150.0,ocorrencias
2025,2025-12-01,MS,Emissão de Alvarás de licença,0.0,0.0,0.0,0.0,0.0,0.0,0.0,ocorrencias
2025,2025-12-01,MS,Estupro,54.0,0.0,48.0,4.0,2.0,0.0,54.0,vitimas
2025,2025-12-01,MS,Estupro de vulnerável,42.0,0.0,36.0,4.0,2.0,0.0,42.0,vitimas
2025,2025-12-01,MS,Feminicídio,2.0,0.0,2.0,0.0,0.0,0.0,2.0,vitimas
2025,2025-12-01,MS,Furto de veículo,0.0,100.0,0.0,0.0,0.0,0.0,100.0,ocorrencias
2025,2025-12-01,MS,Homicídio doloso,13.0,0.0,1.0,11.0,1.0,0.0,13.0,vitimas
2025,2025-12-01,MS,Lesão corporal seguida de morte,0.0,0.0,0.0,0.0,0.0,0.0,0.0,vitimas
2025,2025-12-01,MS,Mandado de prisão cumprido,0.0,143.0,0.0,0.0,0.0,0.0,143.0,ocorrencias
2025,2025-12-01,MS,Morte de Agente do Estado,0.0,0.0,0.0,0.0,0.0,0.0,0.0,vitimas
2025,2025-12-01,MS,Morte no trânsito ou em decorrência dele (exceto homicídio doloso),9.0,0.0,5.0,3.0,1.0,0.0,9.0,vitimas
2025,2025-12-01,MS,Morte por intervenção de Agente do Estado,0.0,0.0,0.0,0.0,0.0,0.0,0.0,vitimas
2025,2025-12-01,MS,Mortes a esclarecer (sem indício de crime),13.0,0.0,6.0,7.0,0.0,0.0,13.0,vitimas
2025,2025-12-01,MS,Mortes no trânsito,19.0,0.0,9.0,10.0,0.0,0.0,19.0,vitimas
2025,2025-12-01,MS,Pessoa Desaparecida,22.0,0.0,5.0,17.0,0.0,0.0,22.0,vitimas
2025,2025-12-01,MS,Pessoa Localizada,43.0,0.0,16.0,27.0,0.0,0.0,43.0,vitimas
2025,2025-12-01,MS,Realização de vistorias,0.0,0.0,0.0,0.0,0.0,0.0,0.0,ocorrencias
2025,2025-12-01,MS,Roubo a instituição financeira,0.0,0.0,0.0,0.0,0.0,0.0,0.0,ocorrencias
2025,2025-12-01,MS,Roubo de carga,0.0,0.0,0.0,0.0,0.0,0.0,0.0,ocorrencias
2025,2025-12-01,MS,Roubo de veículo,0.0,7.0,0.0,0.0,0.0,0.0,7.0,ocorrencias
2025,2025-12-01,MS,Roubo seguido de morte (latrocínio),1.0,0.0,0.0,1.0,0.0,0.0,1.0,vitimas
2025,2025-12-01,MS,Suicídio,9.0,0.0,0.0,9.0,0.0,0.0,9.0,vitimas
2025,2025-12-01,MS,Suicídio de Agente do Estado,0.0,0.0,0.0,0.0,0.0,0.0,0.0,vitimas
2025,2025-12-01,MS,Tentativa de feminicídio,1.0,0.0,1.0,0.0,0.0,0.0,1.0,vitimas
2025,2025-12-01,MS,Tentativa de homicídio,29.0,0.0,2.0,25.0,2.0,0.0,29.0,vitimas
2025,2025-12-01,MS,Tráfico de drogas,0.0,188.0,0.0,0.0,0.0,0.0,188.0,ocorrencias
2025,2025-12-01,MT,Apreensão de Cocaína,0.0,0.0,0.0,0.0,0.0,347094.0,347094.0,kg
2025,2025-12-01,MT,Apreensão de Maconha,0.0,0.0,0.0,0.0,0.0,138088.0,138088.0,kg
2025,2025-12-01,MT,Arma de Fogo Apreendida,0.0,208.0,0.0,0.0,0.0,0.0,208.0,ocorrencias
2025,2025-12-01,MT,Atendimento pré-hospitalar,0.0,4003.0,0.0,0.0,0.0,0.0,4003.0,ocorrencias
2025,2025-12-01,MT,Busca e salvamento,0.0,932.0,0.0,0.0,0.0,0.0,932.0,ocorrencias
2025,2025-12-01,MT,Combate a incêndios,0.0,207.0,0.0,0.0,0.0,0.0,207.0,ocorrencias
2025,2025-12-01,MT,Emissão de Alvarás de licença,0.0,366.0,0.0,0.0,0.0,0.0,366.0,ocorrencias
2025,2025-12-01,MT,Estupro,62.0,0.0,55.0,7.0,0.0,0.0,62.0,vitimas
2025,2025-12-01,MT,Estupro de vulnerável,115.0,0.0,101.0,14.0,0.0,0.0,115.0,vitimas
2025,2025-12-01,MT,Feminicídio,3.0,0.0,3.0,0.0,0.0,0.0,3.0,vitimas
2025,2025-12-01,MT,Furto de veículo,0.0,202.0,0.0,0.0,0.0,0.0,202.0,ocorrencias
2025,2025-12-01,MT,Homicídio doloso,47.0,0.0,1.0,46.0,0.0,0.0,47.0,vitimas
2025,2025-12-01,MT,Lesão corporal seguida de morte,2.0,0.0,0.0,2.0,0.0,0.0,2.0,vitimas
2025,2025-12-01,MT,Mandado de prisão cumprido,0.0,687.0,0.0,0.0,0.0,0.0,687.0,ocorrencias
2025,2025-12-01,MT,Morte de Agente do Estado,0.0,0.0,0.0,0.0,0.0,0.0,0.0,vitimas
2025,2025-12-01,MT,Morte no trânsito ou em decorrência dele (exceto homicídio doloso),93.0,0.0,23.0,70.0,0.0,0.0,93.0,vitimas
2025,2025-12-01,MT,Morte por intervenção de Agente do Estado,13.0,0.0,0.0,13.0,0.0,0.0,13.0,vitimas
2025,2025-12-01,MT,Mortes a esclarecer (sem indício de crime),29.0,0.0,8.0,21.0,0.0,0.0,29.0,vitimas
2025,2025-12-01,MT,Mortes no trânsito,12.0,0.0,3.0,9.0,0.0,0.0,12.0,vitimas
2025,2025-12-01,MT,Pessoa Desaparecida,159.0,0.0,45.0,114.0,0.0,0.0,159.0,vitimas
2025,2025-12-01,MT,Pessoa Localizada,66.0,0.0,15.0,51.0,0.0,0.0,66.0,vitimas
2025,2025-12-01,MT,Realização de vistorias,0.0,1508.0,0.0,0.0,0.0,0.0,1508.0,ocorrencias
2025,2025-12-01,MT,Roubo a instituição financeira,0.0,0.0,0.0,0.0,0.0,0.0,0.0,ocorrencias
2025,2025-12-01,MT,Roubo de carga,0.0,4.0,0.0,0.0,0.0,0.0,4.0,ocorrencias
2025,2025-12-01,MT,Roubo de veículo,0.0,52.0,0.0,0.0,0.0,0.0,52.0,ocorrencias
2025,2025-12-01,MT,Roubo seguido de morte (latrocínio),0.0,0.0,0.0,0.0,0.0,0.0,0.0,vitimas
2025,2025-12-01,MT,Suicídio,24.0,0.0,4.0,20.0,0.0,0.0,24.0,vitimas
2025,2025-12-01,MT,Suicídio de Agente do Estado,0.0,0.0,0.0,0.0,0.0,0.0,0.0,vitimas
2025,2025-12-01,MT,Tentativa de feminicídio,20.0,0.0,20.0,0.0,0.0,0.0,20.0,vitimas
2025,2025-12-01,MT,Tentativa de homicídio,118.0,0.0,15.0,103.0,0.0,0.0,118.0,vitimas
2025,2025-12-01,MT,Tráfico de drogas,0.0,423.0,0.0,0.0,0.0,0.0,423.0,ocorrencias
2025,2025-12-01,PA,Apreensão de Cocaína,0.0,0.0,0.0,0.0,0.0,48827.0,48827.0,kg
2025,2025-12-01,PA,Apreensão de Maconha,0.0,0.0,0.0,0.0,0.0,1721942.0,1721942.0,kg
2025,2025-12-01,PA,Arma de Fogo Apreendida,0.0,184.0,0.0,0.0,0.0,0.0,184.0,ocorrencias
2025,2025-12-01,PA,Atendimento pré-hospitalar,0.0,1667.0,0.0,0.0,0.0,0.0,1667.0,ocorrencias
2025,2025-12-01,PA,Busca e salvamento,0.0,60.0,0.0,0.0,0.0,0.0,60.0,ocorrencias
2025,2025-12-01,PA,Combate a incêndios,0.0,718.0,0.0,0.0,0.0,0.0,718.0,ocorrencias
2025,2025-12-01,PA,Emissão de Alvarás de licença,0.0,713.0,0.0,0.0,0.0,0.0,713.0,ocorrencias
2025,2025-12-01,PA,Estupro,55.0,0.0,52.0,3.0,0.0,0.0,55.0,vitimas
2025,2025-12-01,PA,Estupro de vulnerável,253.0,0.0,212.0,28.0,13.0,0.0,253.0,vitimas
2025,2025-12-01,PA,Feminicídio,5.0,0.0,5.0,0.0,0.0,0.0,5.0,vitimas
2025,2025-12-01,PA,Furto de veículo,0.0,176.0,0.0,0.0,0.0,0.0,176.0,ocorrencias
2025,2025-12-01,PA,Homicídio doloso,133.0,0.0,8.0,124.0,1.0,0.0,133.0,vitimas
2025,2025-12-01,PA,Lesão corporal seguida de morte,1.0,0.0,0.0,1.0,0.0,0.0,1.0,vitimas
2025,2025-12-01,PA,Mandado de prisão cumprido,0.0,573.0,0.0,0.0,0.0,0.0,573.0,ocorrencias
2025,2025-12-01,PA,Morte de Agente do Estado,1.0,0.0,0.0,1.0,0.0,0.0,1.0,vitimas
2025,2025-12-01,PA,Morte no trânsito ou em decorrência dele (exceto homicídio doloso),100.0,0.0,25.0,72.0,3.0,0.0,100.0,vitimas
2025,2025-12-01,PA,Morte por intervenção de Agente do Estado,47.0,0.0,2.0,45.0,0.0,0.0,47.0,vitimas
2025,2025-12-01,PA,Mortes a esclarecer (sem indício de crime),47.0,0.0,8.0,28.0,11.0,0.0,47.0,vitimas
2025,2025-12-01,PA,Mortes no trânsito,21.0,0.0,6.0,15.0,0.0,0.0,21.0,vitimas
2025,2025-12-01,PA,Pessoa Desaparecida,167.0,0.0,55.0,112.0,0.0,0.0,167.0,vitimas
2025,2025-12-01,PA,Pessoa Localizada,22.0,0.0,3.0,19.0,0.0,0.0,22.0,vitimas
2025,2025-12-01,PA,Realização de vistorias,0.0,1810.0,0.0,0.0,0.0,0.0,1810.0,ocorrencias
2025,2025-12-01,PA,Roubo a instituição financeira,0.0,0.0,0.0,0.0,0.0,0.0,0.0,ocorrencias
2025,2025-12-01,PA,Roubo de carga,0.0,17.0,0.0,0.0,0.0,0.0,17.0,ocorrencias
2025,2025-12-01,PA,Roubo de veículo,0.0,74.0,0.0,0.0,0.0,0.0,74.0,ocorrencias
2025,2025-12-01,PA,Roubo seguido de morte (latrocínio),3.0,0.0,0.0,3.0,0.0,0.0,3.0,vitimas
2025,2025-12-01,PA,Suicídio,52.0,0.0,7.0,45.0,0.0,0.0,52.0,vitimas
2025,2025-12-01,PA,Suicídio de Agente do Estado,1.0,0.0,0.0,1.0,0.0,0.0,1.0,vitimas
2025,2025-12-01,PA,Tentativa de feminicídio,23.0,0.0,23.0,0.0,0.0,0.0,23.0,vitimas
2025,2025-12-01,PA,Tentativa de homicídio,90.0,0.0,12.0,77.0,1.0,0.0,90.0,vitimas
2025,2025-12-01,PA,Tráfico de drogas,0.0,478.0,0.0,0.0,0.0,0.0,478.0,ocorrencias
2025,2025-12-01,PB,Apreensão de Cocaína,0.0,0.0,0.0,0.0,0.0,22577.0,22577.0,kg
2025,2025-12-01,PB,Apreensão de Maconha,0.0,0.0,0.0,0.0,0.0,208487.0,208487.0,kg
2025,2025-12-01,PB,Arma de Fogo Apreendida,0.0,357.0,0.0,0.0,0.0,0.0,357.0,ocorrencias
2025,2025-12-01,PB,Atendimento pré-hospitalar,0.0,881.0,0.0,0.0,0.0,0.0,881.0,ocorrencias
2025,2025-12-01,PB,Busca e salvamento,0.0,596.0,0.0,0.0,0.0,0.0,596.0,ocorrencias
2025,2025-12-01,PB,Combate a incêndios,0.0,1006.0,0.0,0.0,0.0,0.0,1006.0,ocorrencias
2025,2025-12-01,PB,Emissão de Alvarás de licença,0.0,1604.0,0.0,0.0,0.0,0.0,1604.0,ocorrencias
2025,2025-12-01,PB,Estupro,10.0,0.0,10.0,0.0,0.0,0.0,10.0,vitimas
2025,2025-12-01,PB,Estupro de vulnerável,73.0,0.0,71.0,2.0,0.0,0.0,73.0,vitimas
2025,2025-12-01,PB,Feminicídio,4.0,0.0,4.0,0.0,0.0,0.0,4.0,vitimas
2025,2025-12-01,PB,Furto de veículo,0.0,186.0,0.0,0.0,0.0,0.0,186.0,ocorrencias
2025,2025-12-01,PB,Homicídio doloso,75.0,0.0,0.0,75.0,0.0,0.0,75.0,vitimas
2025,2025-12-01,PB,Lesão corporal seguida de morte,2.0,0.0,0.0,2.0,0.0,0.0,2.0,vitimas
2025,2025-12-01,PB,Mandado de prisão cumprido,0.0,464.0,0.0,0.0,0.0,0.0,464.0,ocorrencias
2025,2025-12-01,PB,Morte de Agente do Estado,1.0,0.0,0.0,1.0,0.0,0.0,1.0,vitimas
2025,2025-12-01,PB,Morte no trânsito ou em decorrência dele (exceto homicídio doloso),79.0,0.0,8.0,71.0,0.0,0.0,79.0,vitimas
2025,2025-12-01,PB,Morte por intervenção de Agente do Estado,7.0,0.0,0.0,7.0,0.0,0.0,7.0,vitimas
2025,2025-12-01,PB,Mortes a esclarecer (sem indício de crime),13.0,0.0,4.0,9.0,0.0,0.0,13.0,vitimas
2025,2025-12-01,PB,Mortes no trânsito,6.0,0.0,0.0,6.0,0.0,0.0,6.0,vitimas
2025,2025-12-01,PB,Pessoa Desaparecida,66.0,0.0,14.0,52.0,0.0,0.0,66.0,vitimas
2025,2025-12-01,PB,Pessoa Localizada,53.0,0.0,14.0,39.0,0.0,0.0,53.0,vitimas
2025,2025-12-01,PB,Realização de vistorias,0.0,1110.0,0.0,0.0,0.0,0.0,1110.0,ocorrencias
2025,2025-12-01,PB,Roubo a instituição financeira,0.0,0.0,0.0,0.0,0.0,0.0,0.0,ocorrencias
2025,2025-12-01,PB,Roubo de carga,0.0,0.0,0.0,0.0,0.0,0.0,0.0,ocorrencias
2025,2025-12-01,PB,Roubo de veículo,0.0,381.0,0.0,0.0,0.0,0.0,381.0,ocorrencias
2025,2025-12-01,PB,Roubo seguido de morte (latrocínio),3.0,0.0,0.0,3.0,0.0,0.0,3.0,vitimas
2025,2025-12-01,PB,Suicídio,33.0,0.0,5.0,28.0,0.0,0.0,33.0,vitimas
2025,2025-12-01,PB,Suicídio de Agente do Estado,1.0,0.0,0.0,1.0,0.0,0.0,1.0,vitimas
2025,2025-12-01,PB,Tentativa de feminicídio,5.0,0.0,5.0,0.0,0.0,0.0,5.0,vitimas
2025,2025-12-01,PB,Tentativa de homicídio,61.0,0.0,11.0,50.0,0.0,0.0,61.0,vitimas
2025,2025-12-01,PB,Tráfico de drogas,0.0,284.0,0.0,0.0,0.0,0.0,284.0,ocorrencias
2025,2025-12-01,PE,Apreensão de Cocaína,0.0,0.0,0.0,0.0,0.0,26214.0,26214.0,kg
2025,2025-12-01,PE,Apreensão de Maconha,0.0,0.0,0.0,0.0,0.0,436190.0,436190.0,kg
2025,2025-12-01,PE,Arma de Fogo Apreendida,0.0,650.0,0.0,0.0,0.0,0.0,650.0,ocorrencias
2025,2025-12-01,PE,Atendimento pré-hospitalar,0.0,1723.0,0.0,0.0,0.0,0.0,1723.0,ocorrencias
2025,2025-12-01,PE,Busca e salvamento,0.0,379.0,0.0,0.0,0.0,0.0,379.0,ocorrencias
2025,2025-12-01,PE,Combate a incêndios,0.0,439.0,0.0,0.0,0.0,0.0,439.0,ocorrencias
2025,2025-12-01,PE,Emissão de Alvarás de licença,0.0,7591.0,0.0,0.0,0.0,0.0,7591.0,ocorrencias
2025,2025-12-01,PE,Estupro,53.0,0.0,47.0,5.0,1.0,0.0,53.0,vitimas
2025,2025-12-01,PE,Estupro de vulnerável,142.0,0.0,124.0,15.0,3.0,0.0,142.0,vitimas
2025,2025-12-01,PE,Feminicídio,4.0,0.0,4.0,0.0,0.0,0.0,4.0,vitimas
2025,2025-12-01,PE,Furto de veículo,0.0,550.0,0.0,0.0,0.0,0.0,550.0,ocorrencias
2025,2025-12-01,PE,Homicídio doloso,267.0,0.0,11.0,256.0,0.0,0.0,267.0,vitimas
2025,2025-12-01,PE,Lesão corporal seguida de morte,2.0,0.0,0.0,2.0,0.0,0.0,2.0,vitimas
2025,2025-12-01,PE,Mandado de prisão cumprido,0.0,769.0,0.0,0.0,0.0,0.0,769.0,ocorrencias
2025,2025-12-01,PE,Morte de Agente do Estado,1.0,0.0,0.0,1.0,0.0,0.0,1.0,vitimas
2025,2025-12-01,PE,Morte no trânsito ou em decorrência dele (exceto homicídio doloso),166.0,0.0,22.0,144.0,0.0,0.0,166.0,vitimas
2025,2025-12-01,PE,Morte por intervenção de Agente do Estado,12.0,0.0,0.0,12.0,0.0,0.0,12.0,vitimas
2025,2025-12-01,PE,Mortes a esclarecer (sem indício de crime),30.0,0.0,12.0,16.0,2.0,0.0,30.0,vitimas
2025,2025-12-01,PE,Mortes no trânsito,27.0,0.0,5.0,22.0,0.0,0.0,27.0,vitimas
2025,2025-12-01,PE,Pessoa Desaparecida,252.0,0.0,73.0,163.0,16.0,0.0,252.0,vitimas
2025,2025-12-01,PE,Pessoa Localizada,89.0,0.0,33.0,53.0,3.0,0.0,89.0,vitimas
2025,2025-12-01,PE,Realização de vistorias,0.0,4447.0,0.0,0.0,0.0,0.0,4447.0,ocorrencias
2025,2025-12-01,PE,Roubo a instituição financeira,0.0,1.0,0.0,0.0,0.0,0.0,1.0,ocorrencias
2025,2025-12-01,PE,Roubo de carga,0.0,26.0,0.0,0.0,0.0,0.0,26.0,ocorrencias
2025,2025-12-01,PE,Roubo de veículo,0.0,1032.0,0.0,0.0,0.0,0.0,1032.0,ocorrencias
2025,2025-12-01,PE,Roubo seguido de morte (latrocínio),7.0,0.0,0.0,7.0,0.0,0.0,7.0,vitimas
2025,2025-12-01,PE,Suicídio,56.0,0.0,10.0,46.0,0.0,0.0,56.0,vitimas
2025,2025-12-01,PE,Suicídio de Agente do Estado,0.0,0.0,0.0,0.0,0.0,0.0,0.0,vitimas
2025,2025-12-01,PE,Tentativa de feminicídio,13.0,0.0,13.0,0.0,0.0,0.0,13.0,vitimas
2025,2025-12-01,PE,Tentativa de homicídio,178.0,0.0,21.0,156.0,1.0,0.0,178.0,vitimas
2025,2025-12-01,PE,Tráfico de drogas,0.0,866.0,0.0,0.0,0.0,0.0,866.0,ocorrencias
2025,2025-12-01,PI,Apreensão de Cocaína,0.0,0.0,0.0,0.0,0.0,128.0,128.0,kg
2025,2025-12-01,PI,Apreensão de Maconha,0.0,0.0,0.0,0.0,0.0,48.0,48.0,kg
2025,2025-12-01,PI,Arma de Fogo Apreendida,0.0,163.0,0.0,0.0,0.0,0.0,163.0,ocorrencias
2025,2025-12-01,PI,Atendimento pré-hospitalar,0.0,132.0,0.0,0.0,0.0,0.0,132.0,ocorrencias
2025,2025-12-01,PI,Busca e salvamento,0.0,231.0,0.0,0.0,0.0,0.0,231.0,ocorrencias
2025,2025-12-01,PI,Combate a incêndios,0.0,410.0,0.0,0.0,0.0,0.0,410.0,ocorrencias
2025,2025-12-01,PI,Emissão de Alvarás de licença,0.0,495.0,0.0,0.0,0.0,0.0,495.0,ocorrencias
2025,2025-12-01,PI,Estupro,19.0,0.0,16.0,3.0,0.0,0.0,19.0,vitimas
2025,2025-12-01,PI,Estupro de vulnerável,78.0,0.0,65.0,13.0,0.0,0.0,78.0,vitimas
2025,2025-12-01,PI,Feminicídio,3.0,0.0,3.0,0.0,0.0,0.0,3.0,vitimas
2025,2025-12-01,PI,Furto de veículo,0.0,177.0,0.0,0.0,0.0,0.0,177.0,ocorrencias
2025,2025-12-01,PI,Homicídio doloso,36.0,0.0,5.0,31.0,0.0,0.0,36.0,vitimas
2025,2025-12-01,PI,Lesão corporal seguida de morte,1.0,0.0,0.0,1.0,0.0,0.0,1.0,vitimas
2025,2025-12-01,PI,Mandado de prisão cumprido,0.0,375.0,0.0,0.0,0.0,0.0,375.0,ocorrencias
2025,2025-12-01,PI,Morte de Agente do Estado,0.0,0.0,0.0,0.0,0.0,0.0,0.0,vitimas
2025,2025-12-01,PI,Morte no trânsito ou em decorrência dele (exceto homicídio doloso),18.0,0.0,3.0,15.0,0.0,0.0,18.0,vitimas
2025,2025-12-01,PI,Morte por intervenção de Agente do Estado,0.0,0.0,0.0,0.0,0.0,0.0,0.0,vitimas
2025,2025-12-01,PI,Mortes a esclarecer (sem indício de crime),1.0,0.0,0.0,1.0,0.0,0.0,1.0,vitimas
2025,2025-12-01,PI,Mortes no trânsito,15.0,0.0,2.0,13.0,0.0,0.0,15.0,vitimas
2025,2025-12-01,PI,Pessoa Desaparecida,62.0,0.0,20.0,37.0,5.0,0.0,62.0,vitimas
2025,2025-12-01,PI,Pessoa Localizada,28.0,0.0,6.0,21.0,1.0,0.0,28.0,vitimas
2025,2025-12-01,PI,Realização de vistorias,0.0,521.0,0.0,0.0,0.0,0.0,521.0,ocorrencias
2025,2025-12-01,PI,Roubo a instituição financeira,0.0,0.0,0.0,0.0,0.0,0.0,0.0,ocorrencias
2025,2025-12-01,PI,Roubo de carga,0.0,1.0,0.0,0.0,0.0,0.0,1.0,ocorrencias
2025,2025-12-01,PI,Roubo de veículo,0.0,208.0,0.0,0.0,0.0,0.0,208.0,ocorrencias
2025,2025-12-01,PI,Roubo seguido de morte (latrocínio),3.0,0.0,1.0,2.0,0.0,0.0,3.0,vitimas
2025,2025-12-01,PI,Suicídio,44.0,0.0,9.0,35.0,0.0,0.0,44.0,vitimas
2025,2025-12-01,PI,Suicídio de Agente do Estado,0.0,0.0,0.0,0.0,0.0,0.0,0.0,vitimas
2025,2025-12-01,PI,Tentativa de feminicídio,10.0,0.0,10.0,0.0,0.0,0.0,10.0,vitimas
2025,2025-12-01,PI,Tentativa de homicídio,42.0,0.0,4.0,38.0,0.0,0.0,42.0,vitimas
2025,2025-12-01,PI,Tráfico de drogas,0.0,201.0,0.0,0.0,0.0,0.0,201.0,ocorrencias
2025,2025-12-01,PR,Apreensão de Cocaína,0.0,0.0,0.0,0.0,0.0,1670664.0,1670664.0,kg
2025,2025-12-01,PR,Apreensão de Maconha,0.0,0.0,0.0,0.0,0.0,76337071.0,76337071.0,kg
2025,2025-12-01,PR,Arma de Fogo Apreendida,0.0,479.0,0.0,0.0,0.0,0.0,479.0,ocorrencias
2025,2025-12-01,PR,Atendimento pré-hospitalar,0.0,3097.0,0.0,0.0,0.0,0.0,3097.0,ocorrencias
2025,2025-12-01,PR,Busca e salvamento,0.0,1773.0,0.0,0.0,0.0,0.0,1773.0,ocorrencias
2025,2025-12-01,PR,Combate a incêndios,0.0,859.0,0.0,0.0,0.0,0.0,859.0,ocorrencias
2025,2025-12-01,PR,Emissão de Alvarás de licença,0.0,12287.0,0.0,0.0,0.0,0.0,12287.0,ocorrencias
2025,2025-12-01,PR,Estupro,136.0,0.0,122.0,14.0,0.0,0.0,136.0,vitimas
2025,2025-12-01,PR,Estupro de vulnerável,365.0,0.0,305.0,60.0,0.0,0.0,365.0,vitimas
2025,2025-12-01,PR,Feminicídio,8.0,0.0,8.0,0.0,0.0,0.0,8.0,vitimas
2025,2025-12-01,PR,Furto de veículo,0.0,756.0,0.0,0.0,0.0,0.0,756.0,ocorrencias
2025,2025-12-01,PR,Homicídio doloso,112.0,0.0,8.0,102.0,2.0,0.0,112.0,vitimas
2025,2025-12-01,PR,Lesão corporal seguida de morte,7.0,0.0,1.0,6.0,0.0,0.0,7.0,vitimas
2025,2025-12-01,PR,Mandado de prisão cumprido,0.0,2939.0,0.0,0.0,0.0,0.0,2939.0,ocorrencias
2025,2025-12-01,PR,Morte de Agente do Estado,0.0,0.0,0.0,0.0,0.0,0.0,0.0,vitimas
2025,2025-12-01,PR,Morte no trânsito ou em decorrência dele (exceto homicídio doloso),21.0,0.0,4.0,15.0,2.0,0.0,21.0,vitimas
2025,2025-12-01,PR,Morte por intervenção de Agente do Estado,67.0,0.0,0.0,67.0,0.0,0.0,67.0,vitimas
2025,2025-12-01,PR,Mortes a esclarecer (sem indício de crime),6.0,0.0,0.0,6.0,0.0,0.0,6.0,vitimas
2025,2025-12-01,PR,Mortes no trânsito,41.0,0.0,8.0,33.0,0.0,0.0,41.0,vitimas
2025,2025-12-01,PR,Pessoa Desaparecida,565.0,0.0,217.0,348.0,0.0,0.0,565.0,vitimas
2025,2025-12-01,PR,Pessoa Localizada,308.0,0.0,127.0,181.0,0.0,0.0,308.0,vitimas
2025,2025-12-01,PR,Realização de vistorias,0.0,4098.0,0.0,0.0,0.0,0.0,4098.0,ocorrencias
2025,2025-12-01,PR,Roubo a instituição financeira,0.0,0.0,0.0,0.0,0.0,0.0,0.0,ocorrencias
2025,2025-12-01,PR,Roubo de carga,0.0,0.0,0.0,0.0,0.0,0.0,0.0,ocorrencias
2025,2025-12-01,PR,Roubo de veículo,0.0,128.0,0.0,0.0,0.0,0.0,128.0,ocorrencias
2025,2025-12-01,PR,Roubo seguido de morte (latrocínio),4.0,0.0,2.0,2.0,0.0,0.0,4.0,vitimas
2025,2025-12-01,PR,Suicídio,45.0,0.0,10.0,35.0,0.0,0.0,45.0,vitimas
2025,2025-12-01,PR,Suicídio de Agente do Estado,0.0,0.0,0.0,0.0,0.0,0.0,0.0,vitimas
2025,2025-12-01,PR,Tentativa de feminicídio,10.0,0.0,10.0,0.0,0.0,0.0,10.0,vitimas
2025,2025-12-01,PR,Tentativa de homicídio,60.0,0.0,11.0,48.0,1.0,0.0,60.0,vitimas
2025,2025-12-01,PR,Tráfico de drogas,0.0,1062.0,0.0,0.0,0.0,0.0,1062.0,ocorrencias
2025,2025-12-01,RJ,Apreensão de Cocaína,0.0,0.0,0.0,0.0,0.0,2685.0,2685.0,kg
2025,2025-12-01,RJ,Apreensão de Maconha,0.0,0.0,0.0,0.0,0.0,1045893.0,1045893.0,kg
2025,2025-12-01,RJ,Arma de Fogo Apreendida,0.0,459.0,0.0,0.0,0.0,0.0,459.0,ocorrencias
2025,2025-12-01,RJ,Atendimento pré-hospitalar,0.0,13276.0,0.0,0.0,0.0,0.0,13276.0,ocorrencias
2025,2025-12-01,RJ,Busca e salvamento,0.0,13316.0,0.0,0.0,0.0,0.0,13316.0,ocorrencias
2025,2025-12-01,RJ,Combate a incêndios,0.0,4191.0,0.0,0.0,0.0,0.0,4191.0,ocorrencias
2025,2025-12-01,RJ,Emissão de Alvarás de licença,0.0,3644.0,0.0,0.0,0.0,0.0,3644.0,ocorrencias
2025,2025-12-01,RJ,Estupro,120.0,0.0,114.0,5.0,1.0,0.0,120.0,vitimas
2025,2025-12-01,RJ,Estupro de vulnerável,352.0,0.0,294.0,51.0,7.0,0.0,352.0,vitimas
2025,2025-12-01,RJ,Feminicídio,17.0,0.0,17.0,0.0,0.0,0.0,17.0,vitimas
2025,2025-12-01,RJ,Furto de veículo,0.0,1505.0,0.0,0.0,0.0,0.0,1505.0,ocorrencias
2025,2025-12-01,RJ,Homicídio doloso,303.0,0.0,27.0,259.0,17.0,0.0,303.0,vitimas
2025,2025-12-01,RJ,Lesão corporal seguida de morte,2.0,0.0,0.0,2.0,0.0,0.0,2.0,vitimas
2025,2025-12-01,RJ,Mandado de prisão cumprido,0.0,868.0,0.0,0.0,0.0,0.0,868.0,ocorrencias
2025,2025-12-01,RJ,Morte de Agente do Estado,4.0,0.0,0.0,4.0,0.0,0.0,4.0,vitimas
2025,2025-12-01,RJ,Morte no trânsito ou em decorrência dele (exceto homicídio doloso),231.0,0.0,53.0,171.0,7.0,0.0,231.0,vitimas
2025,2025-12-01,RJ,Morte por intervenção de Agente do Estado,54.0,0.0,0.0,54.0,0.0,0.0,54.0,vitimas
2025,2025-12-01,RJ,Mortes a esclarecer (sem indício de crime),284.0,0.0,76.0,205.0,3.0,0.0,284.0,vitimas
2025,2025-12-01,RJ,Mortes no trânsito,26.0,0.0,5.0,21.0,0.0,0.0,26.0,vitimas
2025,2025-12-01,RJ,Pessoa Desaparecida,568.0,0.0,195.0,371.0,2.0,0.0,568.0,vitimas
2025,2025-12-01,RJ,Pessoa Localizada,217.0,0.0,1.0,14.0,202.0,0.0,217.0,vitimas
2025,2025-12-01,RJ,Realização de vistorias,0.0,198.0,0.0,0.0,0.0,0.0,198.0,ocorrencias
2025,2025-12-01,RJ,Roubo a instituição financeira,0.0,1.0,0.0,0.0,0.0,0.0,1.0,ocorrencias
2025,2025-12-01,RJ,Roubo de carga,0.0,584.0,0.0,0.0,0.0,0.0,584.0,ocorrencias
2025,2025-12-01,RJ,Roubo de veículo,0.0,3657.0,0.0,0.0,0.0,0.0,3657.0,ocorrencias
2025,2025-12-01,RJ,Roubo seguido de morte (latrocínio),13.0,0.0,1.0,12.0,0.0,0.0,13.0,vitimas
2025,2025-12-01,RJ,Suicídio,95.0,0.0,29.0,65.0,1.0,0.0,95.0,vitimas
2025,2025-12-01,RJ,Suicídio de Agente do Estado,0.0,0.0,0.0,0.0,0.0,0.0,0.0,vitimas
2025,2025-12-01,RJ,Tentativa de feminicídio,34.0,0.0,34.0,0.0,0.0,0.0,34.0,vitimas
2025,2025-12-01,RJ,Tentativa de homicídio,341.0,0.0,34.0,289.0,18.0,0.0,341.0,vitimas
2025,2025-12-01,RJ,Tráfico de drogas,0.0,1691.0,0.0,0.0,0.0,0.0,1691.0,ocorrencias
2025,2025-12-01,RN,Apreensão de Cocaína,0.0,0.0,0.0,0.0,0.0,15573.0,15573.0,kg
2025,2025-12-01,RN,Apreensão de Maconha,0.0,0.0,0.0,0.0,0.0,197218.0,197218.0,kg
2025,2025-12-01,RN,Arma de Fogo Apreendida,0.0,244.0,0.0,0.0,0.0,0.0,244.0,ocorrencias
2025,2025-12-01,RN,Atendimento pré-hospitalar,0.0,272.0,0.0,0.0,0.0,0.0,272.0,ocorrencias
2025,2025-12-01,RN,Busca e salvamento,0.0,483.0,0.0,0.0,0.0,0.0,483.0,ocorrencias
2025,2025-12-01,RN,Combate a incêndios,0.0,513.0,0.0,0.0,0.0,0.0,513.0,ocorrencias
2025,2025-12-01,RN,Emissão de Alvarás de licença,0.0,402.0,0.0,0.0,0.0,0.0,402.0,ocorrencias
2025,2025-12-01,RN,Estupro,23.0,0.0,18.0,1.0,4.0,0.0,23.0,vitimas
2025,2025-12-01,RN,Estupro de vulnerável,75.0,0.0,60.0,12.0,3.0,0.0,75.0,vitimas
2025,2025-12-01,RN,Feminicídio,0.0,0.0,0.0,0.0,0.0,0.0,0.0,vitimas
2025,2025-12-01,RN,Furto de veículo,0.0,109.0,0.0,0.0,0.0,0.0,109.0,ocorrencias
2025,2025-12-01,RN,Homicídio doloso,68.0,0.0,5.0,63.0,0.0,0.0,68.0,vitimas
2025,2025-12-01,RN,Lesão corporal seguida de morte,1.0,0.0,0.0,1.0,0.0,0.0,1.0,vitimas
2025,2025-12-01,RN,Mandado de prisão cumprido,0.0,337.0,0.0,0.0,0.0,0.0,337.0,ocorrencias
2025,2025-12-01,RN,Morte de Agente do Estado,0.0,0.0,0.0,0.0,0.0,0.0,0.0,vitimas
2025,2025-12-01,RN,Morte no trânsito ou em decorrência dele (exceto homicídio doloso),64.0,0.0,8.0,56.0,0.0,0.0,64.0,vitimas
2025,2025-12-01,RN,Morte por intervenção de Agente do Estado,14.0,0.0,0.0,14.0,0.0,0.0,14.0,vitimas
2025,2025-12-01,RN,Mortes a esclarecer (sem indício de crime),59.0,0.0,14.0,41.0,4.0,0.0,59.0,vitimas
2025,2025-12-01,RN,Mortes no trânsito,11.0,0.0,2.0,9.0,0.0,0.0,11.0,vitimas
2025,2025-12-01,RN,Pessoa Desaparecida,76.0,0.0,27.0,49.0,0.0,0.0,76.0,vitimas
2025,2025-12-01,RN,Pessoa Localizada,42.0,0.0,14.0,28.0,0.0,0.0,42.0,vitimas
2025,2025-12-01,RN,Realização de vistorias,0.0,595.0,0.0,0.0,0.0,0.0,595.0,ocorrencias
2025,2025-12-01,RN,Roubo a instituição financeira,0.0,0.0,0.0,0.0,0.0,0.0,0.0,ocorrencias
2025,2025-12-01,RN,Roubo de carga,0.0,0.0,0.0,0.0,0.0,0.0,0.0,ocorrencias
2025,2025-12-01,RN,Roubo de veículo,0.0,87.0,0.0,0.0,0.0,0.0,87.0,ocorrencias
2025,2025-12-01,RN,Roubo seguido de morte (latrocínio),0.0,0.0,0.0,0.0,0.0,0.0,0.0,vitimas
2025,2025-12-01,RN,Suicídio,16.0,0.0,3.0,13.0,0.0,0.0,16.0,vitimas
2025,2025-12-01,RN,Suicídio de Agente do Estado,0.0,0.0,0.0,0.0,0.0,0.0,0.0,vitimas
2025,2025-12-01,RN,Tentativa de feminicídio,8.0,0.0,8.0,0.0,0.0,0.0,8.0,vitimas
2025,2025-12-01,RN,Tentativa de homicídio,51.0,0.0,3.0,45.0,3.0,0.0,51.0,vitimas
2025,2025-12-01,RN,Tráfico de drogas,0.0,232.0,0.0,0.0,0.0,0.0,232.0,ocorrencias
2025,2025-12-01,RO,Apreensão de Cocaína,0.0,0.0,0.0,0.0,0.0,144256.0,144256.0,kg
2025,2025-12-01,RO,Apreensão de Maconha,0.0,0.0,0.0,0.0,0.0,484919.0,484919.0,kg
2025,2025-12-01,RO,Arma de Fogo Apreendida,0.0,122.0,0.0,0.0,0.0,0.0,122.0,ocorrencias
2025,2025-12-01,RO,Atendimento pré-hospitalar,0.0,1573.0,0.0,0.0,0.0,0.0,1573.0,ocorrencias
2025,2025-12-01,RO,Busca e salvamento,0.0,335.0,0.0,0.0,0.0,0.0,335.0,ocorrencias
2025,2025-12-01,RO,Combate a incêndios,0.0,73.0,0.0,0.0,0.0,0.0,73.0,ocorrencias
2025,2025-12-01,RO,Emissão de Alvarás de licença,0.0,1511.0,0.0,0.0,0.0,0.0,1511.0,ocorrencias
2025,2025-12-01,RO,Estupro,17.0,0.0,14.0,3.0,0.0,0.0,17.0,vitimas
2025,2025-12-01,RO,Estupro de vulnerável,78.0,0.0,66.0,9.0,3.0,0.0,78.0,vitimas
2025,2025-12-01,RO,Feminicídio,0.0,0.0,0.0,0.0,0.0,0.0,0.0,vitimas
2025,2025-12-01,RO,Furto de veículo,0.0,140.0,0.0,0.0,0.0,0.0,140.0,ocorrencias
2025,2025-12-01,RO,Homicídio doloso,30.0,0.0,1.0,28.0,1.0,0.0,30.0,vitimas
2025,2025-12-01,RO,Lesão corporal seguida de morte,0.0,0.0,0.0,0.0,0.0,0.0,0.0,vitimas
2025,2025-12-01,RO,Mandado de prisão cumprido,0.0,360.0,0.0,0.0,0.0,0.0,360.0,ocorrencias
2025,2025-12-01,RO,Morte de Agente do Estado,0.0,0.0,0.0,0.0,0.0,0.0,0.0,vitimas
2025,2025-12-01,RO,Morte no trânsito ou em decorrência dele (exceto homicídio doloso),27.0,0.0,6.0,21.0,0.0,0.0,27.0,vitimas
2025,2025-12-01,RO,Morte por intervenção de Agente do Estado,6.0,0.0,0.0,6.0,0.0,0.0,6.0,vitimas
2025,2025-12-01,RO,Mortes a esclarecer (sem indício de crime),38.0,0.0,7.0,31.0,0.0,0.0,38.0,vitimas
2025,2025-12-01,RO,Mortes no trânsito,8.0,0.0,1.0,7.0,0.0,0.0,8.0,vitimas
2025,2025-12-01,RO,Pessoa Desaparecida,83.0,0.0,33.0,50.0,0.0,0.0,83.0,vitimas
2025,2025-12-01,RO,Pessoa Localizada,4.0,0.0,1.0,3.0,0.0,0.0,4.0,vitimas
2025,2025-12-01,RO,Realização de vistorias,0.0,1248.0,0.0,0.0,0.0,0.0,1248.0,ocorrencias
2025,2025-12-01,RO,Roubo a instituição financeira,0.0,0.0,0.0,0.0,0.0,0.0,0.0,ocorrencias
2025,2025-12-01,RO,Roubo de carga,0.0,0.0,0.0,0.0,0.0,0.0,0.0,ocorrencias
2025,2025-12-01,RO,Roubo de veículo,0.0,66.0,0.0,0.0,0.0,0.0,66.0,ocorrencias
2025,2025-12-01,RO,Roubo seguido de morte (latrocínio),0.0,0.0,0.0,0.0,0.0,0.0,0.0,vitimas
2025,2025-12-01,RO,Suicídio,12.0,0.0,3.0,9.0,0.0,0.0,12.0,vitimas
2025,2025-12-01,RO,Suicídio de Agente do Estado,0.0,0.0,0.0,0.0,0.0,0.0,0.0,vitimas
2025,2025-12-01,RO,Tentativa de feminicídio,7.0,0.0,7.0,0.0,0.0,0.0,7.0,vitimas
2025,2025-12-01,RO,Tentativa de homicídio,44.0,0.0,6.0,38.0,0.0,0.0,44.0,vitimas
2025,2025-12-01,RO,Tráfico de drogas,0.0,175.0,0.0,0.0,0.0,0.0,175.0,ocorrencias
2025,2025-12-01,RR,Apreensão de Cocaína,0.0,0.0,0.0,0.0,0.0,2344.0,2344.0,kg
2025,2025-12-01,RR,Apreensão de Maconha,0.0,0.0,0.0,0.0,0.0,4268.0,4268.0,kg
2025,2025-12-01,RR,Arma de Fogo Apreendida,0.0,44.0,0.0,0.0,0.0,0.0,44.0,ocorrencias
2025,2025-12-01,RR,Atendimento pré-hospitalar,0.0,215.0,0.0,0.0,0.0,0.0,215.0,ocorrencias
2025,2025-12-01,RR,Busca e salvamento,0.0,184.0,0.0,0.0,0.0,0.0,184.0,ocorrencias
2025,2025-12-01,RR,Combate a incêndios,0.0,216.0,0.0,0.0,0.0,0.0,216.0,ocorrencias
2025,2025-12-01,RR,Emissão de Alvarás de licença,0.0,108.0,0.0,0.0,0.0,0.0,108.0,ocorrencias
2025,2025-12-01,RR,Estupro,8.0,0.0,8.0,0.0,0.0,0.0,8.0,vitimas
2025,2025-12-01,RR,Estupro de vulnerável,37.0,0.0,36.0,1.0,0.0,0.0,37.0,vitimas
2025,2025-12-01,RR,Feminicídio,0.0,0.0,0.0,0.0,0.0,0.0,0.0,vitimas
2025,2025-12-01,RR,Furto de veículo,0.0,52.0,0.0,0.0,0.0,0.0,52.0,ocorrencias
2025,2025-12-01,RR,Homicídio doloso,8.0,0.0,3.0,5.0,0.0,0.0,8.0,vitimas
2025,2025-12-01,RR,Lesão corporal seguida de morte,0.0,0.0,0.0,0.0,0.0,0.0,0.0,vitimas
2025,2025-12-01,RR,Mandado de prisão cumprido,0.0,109.0,0.0,0.0,0.0,0.0,109.0,ocorrencias
2025,2025-12-01,RR,Morte de Agente do Estado,0.0,0.0,0.0,0.0,0.0,0.0,0.0,vitimas
2025,2025-12-01,RR,Morte no trânsito ou em decorrência dele (exceto homicídio doloso),4.0,0.0,0.0,4.0,0.0,0.0,4.0,vitimas
2025,2025-12-01,RR,Morte por intervenção de Agente do Estado,0.0,0.0,0.0,0.0,0.0,0.0,0.0,vitimas
2025,2025-12-01,RR,Mortes a esclarecer (sem indício de crime),10.0,0.0,2.0,8.0,0.0,0.0,10.0,vitimas
2025,2025-12-01,RR,Mortes no trânsito,1.0,0.0,0.0,1.0,0.0,0.0,1.0,vitimas
2025,2025-12-01,RR,Pessoa Desaparecida,51.0,0.0,23.0,27.0,1.0,0.0,51.0,vitimas
2025,2025-12-01,RR,Pessoa Localizada,9.0,0.0,6.0,3.0,0.0,0.0,9.0,vitimas
2025,2025-12-01,RR,Realização de vistorias,0.0,55.0,0.0,0.0,0.0,0.0,55.0,ocorrencias
2025,2025-12-01,RR,Roubo a instituição financeira,0.0,0.0,0.0,0.0,0.0,0.0,0.0,ocorrencias
2025,2025-12-01,RR,Roubo de carga,0.0,0.0,0.0,0.0,0.0,0.0,0.0,ocorrencias
2025,2025-12-01,RR,Roubo de veículo,0.0,11.0,0.0,0.0,0.0,0.0,11.0,ocorrencias
2025,2025-12-01,RR,Roubo seguido de morte (latrocínio),0.0,0.0,0.0,0.0,0.0,0.0,0.0,vitimas
2025,2025-12-01,RR,Suicídio,6.0,0.0,1.0,5.0,0.0,0.0,6.0,vitimas
2025,2025-12-01,RR,Suicídio de Agente do Estado,0.0,0.0,0.0,0.0,0.0,0.0,0.0,vitimas
2025,2025-12-01,RR,Tentativa de feminicídio,1.0,0.0,1.0,0.0,0.0,0.0,1.0,vitimas
2025,2025-12-01,RR,Tentativa de homicídio,23.0,0.0,4.0,18.0,1.0,0.0,23.0,vitimas
2025,2025-12-01,RR,Tráfico de drogas,0.0,43.0,0.0,0.0,0.0,0.0,43.0,ocorrencias
2025,2025-12-01,RS,Apreensão de Cocaína,0.0,0.0,0.0,0.0,0.0,213459.0,213459.0,kg
2025,2025-12-01,RS,Apreensão de Maconha,0.0,0.0,0.0,0.0,0.0,1761112.0,1761112.0,kg
2025,2025-12-01,RS,Arma de Fogo Apreendida,0.0,801.0,0.0,0.0,0.0,0.0,801.0,ocorrencias
2025,2025-12-01,RS,Atendimento pré-hospitalar,0.0,2722.0,0.0,0.0,0.0,0.0,2722.0,ocorrencias
2025,2025-12-01,RS,Busca e salvamento,0.0,1645.0,0.0,0.0,0.0,0.0,1645.0,ocorrencias
2025,2025-12-01,RS,Combate a incêndios,0.0,2550.0,0.0,0.0,0.0,0.0,2550.0,ocorrencias
2025,2025-12-01,RS,Emissão de Alvarás de licença,0.0,3300.0,0.0,0.0,0.0,0.0,3300.0,ocorrencias
2025,2025-12-01,RS,Estupro,75.0,0.0,72.0,3.0,0.0,0.0,75.0,vitimas
2025,2025-12-01,RS,Estupro de vulnerável,252.0,0.0,211.0,41.0,0.0,0.0,252.0,vitimas
2025,2025-12-01,RS,Feminicídio,6.0,0.0,5.0,1.0,0.0,0.0,6.0,vitimas
2025,2025-12-01,RS,Furto de veículo,0.0,548.0,0.0,0.0,0.0,0.0,548.0,ocorrencias
2025,2025-12-01,RS,Homicídio doloso,56.0,0.0,3.0,53.0,0.0,0.0,56.0,vitimas
2025,2025-12-01,RS,Lesão corporal seguida de morte,0.0,0.0,0.0,0.0,0.0,0.0,0.0,vitimas
2025,2025-12-01,RS,Mandado de prisão cumprido,0.0,792.0,0.0,0.0,0.0,0.0,792.0,ocorrencias
2025,2025-12-01,RS,Morte de Agente do Estado,1.0,0.0,0.0,1.0,0.0,0.0,1.0,vitimas
2025,2025-12-01,RS,Morte no trânsito ou em decorrência dele (exceto homicídio doloso),125.0,0.0,30.0,95.0,0.0,0.0,125.0,vitimas
2025,2025-12-01,RS,Morte por intervenção de Agente do Estado,4.0,0.0,0.0,4.0,0.0,0.0,4.0,vitimas
2025,2025-12-01,RS,Mortes a esclarecer (sem indício de crime),115.0,0.0,30.0,85.0,0.0,0.0,115.0,vitimas
2025,2025-12-01,RS,Mortes no trânsito,41.0,0.0,6.0,35.0,0.0,0.0,41.0,vitimas
2025,2025-12-01,RS,Pessoa Desaparecida,632.0,0.0,252.0,380.0,0.0,0.0,632.0,vitimas
2025,2025-12-01,RS,Pessoa Localizada,572.0,0.0,258.0,314.0,0.0,0.0,572.0,vitimas
2025,2025-12-01,RS,Realização de vistorias,0.0,2653.0,0.0,0.0,0.0,0.0,2653.0,ocorrencias
2025,2025-12-01,RS,Roubo a instituição financeira,0.0,0.0,0.0,0.0,0.0,0.0,0.0,ocorrencias
2025,2025-12-01,RS,Roubo de carga,0.0,5.0,0.0,0.0,0.0,0.0,5.0,ocorrencias
2025,2025-12-01,RS,Roubo de veículo,0.0,116.0,0.0,0.0,0.0,0.0,116.0,ocorrencias
2025,2025-12-01,RS,Roubo seguido de morte (latrocínio),2.0,0.0,0.0,2.0,0.0,0.0,2.0,vitimas
2025,2025-12-01,RS,Suicídio,132.0,0.0,26.0,106.0,0.0,0.0,132.0,vitimas
2025,2025-12-01,RS,Suicídio de Agente do Estado,2.0,0.0,0.0,2.0,0.0,0.0,2.0,vitimas
2025,2025-12-01,RS,Tentativa de feminicídio,18.0,0.0,18.0,0.0,0.0,0.0,18.0,vitimas
2025,2025-12-01,RS,Tentativa de homicídio,179.0,0.0,26.0,153.0,0.0,0.0,179.0,vitimas
2025,2025-12-01,RS,Tráfico de drogas,0.0,1437.0,0.0,0.0,0.0,0.0,1437.0,ocorrencias
2025,2025-12-01,SC,Apreensão de Cocaína,0.0,0.0,0.0,0.0,0.0,670225.0,670225.0,kg
2025,2025-12-01,SC,Apreensão de Maconha,0.0,0.0,0.0,0.0,0.0,6194136.0,6194136.0,kg
2025,2025-12-01,SC,Arma de Fogo Apreendida,0.0,190.0,0.0,0.0,0.0,0.0,190.0,ocorrencias
2025,2025-12-01,SC,Atendimento pré-hospitalar,0.0,15225.0,0.0,0.0,0.0,0.0,15225.0,ocorrencias
2025,2025-12-01,SC,Busca e salvamento,0.0,1543.0,0.0,0.0,0.0,0.0,1543.0,ocorrencias
2025,2025-12-01,SC,Combate a incêndios,0.0,1053.0,0.0,0.0,0.0,0.0,1053.0,ocorrencias
2025,2025-12-01,SC,Emissão de Alvarás de licença,0.0,25512.0,0.0,0.0,0.0,0.0,25512.0,ocorrencias
2025,2025-12-01,SC,Estupro,100.0,0.0,89.0,11.0,0.0,0.0,100.0,vitimas
2025,2025-12-01,SC,Estupro de vulnerável,208.0,0.0,174.0,33.0,1.0,0.0,208.0,vitimas
2025,2025-12-01,SC,Feminicídio,4.0,0.0,4.0,0.0,0.0,0.0,4.0,vitimas
2025,2025-12-01,SC,Furto de veículo,0.0,517.0,0.0,0.0,0.0,0.0,517.0,ocorrencias
2025,2025-12-01,SC,Homicídio doloso,38.0,0.0,0.0,36.0,2.0,0.0,38.0,vitimas
2025,2025-12-01,SC,Lesão corporal seguida de morte,2.0,0.0,0.0,2.0,0.0,0.0,2.0,vitimas
2025,2025-12-01,SC,Mandado de prisão cumprido,0.0,1129.0,0.0,0.0,0.0,0.0,1129.0,ocorrencias
2025,2025-12-01,SC,Morte de Agente do Estado,0.0,0.0,0.0,0.0,0.0,0.0,0.0,vitimas
2025,2025-12-01,SC,Morte no trânsito ou em decorrência dele (exceto homicídio doloso),44.0,0.0,7.0,37.0,0.0,0.0,44.0,vitimas
2025,2025-12-01,SC,Morte por intervenção de Agente do Estado,9.0,0.0,0.0,9.0,0.0,0.0,9.0,vitimas
2025,2025-12-01,SC,Mortes a esclarecer (sem indício de crime),0.0,0.0,0.0,0.0,0.0,0.0,0.0,vitimas
2025,2025-12-01,SC,Mortes no trânsito,33.0,0.0,5.0,28.0,0.0,0.0,33.0,vitimas
2025,2025-12-01,SC,Pessoa Desaparecida,452.0,0.0,168.0,284.0,0.0,0.0,452.0,vitimas
2025,2025-12-01,SC,Pessoa Localizada,426.0,0.0,157.0,269.0,0.0,0.0,426.0,vitimas
2025,2025-12-01,SC,Realização de vistorias,0.0,3674.0,0.0,0.0,0.0,0.0,3674.0,ocorrencias
2025,2025-12-01,SC,Roubo a instituição financeira,0.0,1.0,0.0,0.0,0.0,0.0,1.0,ocorrencias
2025,2025-12-01,SC,Roubo de carga,0.0,1.0,0.0,0.0,0.0,0.0,1.0,ocorrencias
2025,2025-12-01,SC,Roubo de veículo,0.0,46.0,0.0,0.0,0.0,0.0,46.0,ocorrencias
2025,2025-12-01,SC,Roubo seguido de morte (latrocínio),0.0,0.0,0.0,0.0,0.0,0.0,0.0,vitimas
2025,2025-12-01,SC,Suicídio,96.0,0.0,14.0,82.0,0.0,0.0,96.0,vitimas
2025,2025-12-01,SC,Suicídio de Agente do Estado,0.0,0.0,0.0,0.0,0.0,0.0,0.0,vitimas
2025,2025-12-01,SC,Tentativa de feminicídio,21.0,0.0,21.0,0.0,0.0,0.0,21.0,vitimas
2025,2025-12-01,SC,Tentativa de homicídio,154.0,0.0,24.0,130.0,0.0,0.0,154.0,vitimas
2025,2025-12-01,SC,Tráfico de drogas,0.0,542.0,0.0,0.0,0.0,0.0,542.0,ocorrencias
2025,2025-12-01,SE,Apreensão de Cocaína,0.0,0.0,0.0,0.0,0.0,666.0,666.0,kg
2025,2025-12-01,SE,Apreensão de Maconha,0.0,0.0,0.0,0.0,0.0,15026.0,15026.0,kg
2025,2025-12-01,SE,Arma de Fogo Apreendida,0.0,58.0,0.0,0.0,0.0,0.0,58.0,ocorrencias
2025,2025-12-01,SE,Atendimento pré-hospitalar,0.0,81.0,0.0,0.0,0.0,0.0,81.0,ocorrencias
2025,2025-12-01,SE,Busca e salvamento,0.0,619.0,0.0,0.0,0.0,0.0,619.0,ocorrencias
2025,2025-12-01,SE,Combate a incêndios,0.0,528.0,0.0,0.0,0.0,0.0,528.0,ocorrencias
2025,2025-12-01,SE,Emissão de Alvarás de licença,0.0,818.0,0.0,0.0,0.0,0.0,818.0,ocorrencias
2025,2025-12-01,SE,Estupro,22.0,0.0,21.0,1.0,0.0,0.0,22.0,vitimas
2025,2025-12-01,SE,Estupro de vulnerável,49.0,0.0,33.0,9.0,7.0,0.0,49.0,vitimas
2025,2025-12-01,SE,Feminicídio,7.0,0.0,7.0,0.0,0.0,0.0,7.0,vitimas
2025,2025-12-01,SE,Furto de veículo,0.0,71.0,0.0,0.0,0.0,0.0,71.0,ocorrencias
2025,2025-12-01,SE,Homicídio doloso,30.0,0.0,1.0,29.0,0.0,0.0,30.0,vitimas
2025,2025-12-01,SE,Lesão corporal seguida de morte,1.0,0.0,0.0,1.0,0.0,0.0,1.0,vitimas
2025,2025-12-01,SE,Mandado de prisão cumprido,0.0,164.0,0.0,0.0,0.0,0.0,164.0,ocorrencias
2025,2025-12-01,SE,Morte de Agente do Estado,0.0,0.0,0.0,0.0,0.0,0.0,0.0,vitimas
2025,2025-12-01,SE,Morte no trânsito ou em decorrência dele (exceto homicídio doloso),30.0,0.0,5.0,24.0,1.0,0.0,30.0,vitimas
2025,2025-12-01,SE,Morte por intervenção de Agente do Estado,15.0,0.0,0.0,15.0,0.0,0.0,15.0,vitimas
2025,2025-12-01,SE,Mortes a esclarecer (sem indício de crime),20.0,0.0,8.0,12.0,0.0,0.0,20.0,vitimas
2025,2025-12-01,SE,Mortes no trânsito,5.0,0.0,0.0,5.0,0.0,0.0,5.0,vitimas
2025,2025-12-01,SE,Pessoa Desaparecida,56.0,0.0,25.0,31.0,0.0,0.0,56.0,vitimas
2025,2025-12-01,SE,Pessoa Localizada,33.0,0.0,12.0,21.0,0.0,0.0,33.0,vitimas
2025,2025-12-01,SE,Realização de vistorias,0.0,336.0,0.0,0.0,0.0,0.0,336.0,ocorrencias
2025,2025-12-01,SE,Roubo a instituição financeira,0.0,0.0,0.0,0.0,0.0,0.0,0.0,ocorrencias
2025,2025-12-01,SE,Roubo de carga,0.0,0.0,0.0,0.0,0.0,0.0,0.0,ocorrencias
2025,2025-12-01,SE,Roubo de veículo,0.0,28.0,0.0,0.0,0.0,0.0,28.0,ocorrencias
2025,2025-12-01,SE,Roubo seguido de morte (latrocínio),1.0,0.0,0.0,1.0,0.0,0.0,1.0,vitimas
2025,2025-12-01,SE,Suicídio,15.0,0.0,3.0,11.0,1.0,0.0,15.0,vitimas
2025,2025-12-01,SE,Suicídio de Agente do Estado,0.0,0.0,0.0,0.0,0.0,0.0,0.0,vitimas
2025,2025-12-01,SE,Tentativa de feminicídio,9.0,0.0,8.0,1.0,0.0,0.0,9.0,vitimas
2025,2025-12-01,SE,Tentativa de homicídio,65.0,0.0,8.0,55.0,2.0,0.0,65.0,vitimas
2025,2025-12-01,SE,Tráfico de drogas,0.0,99.0,0.0,0.0,0.0,0.0,99.0,ocorrencias
2025,2025-12-01,SP,Apreensão de Cocaína,0.0,0.0,0.0,0.0,0.0,2646497.0,2646497.0,kg
2025,2025-12-01,SP,Apreensão de Maconha,0.0,0.0,0.0,0.0,0.0,5328700.0,5328700.0,kg
2025,2025-12-01,SP,Arma de Fogo Apreendida,0.0,1136.0,0.0,0.0,0.0,0.0,1136.0,ocorrencias
2025,2025-12-01,SP,Atendimento pré-hospitalar,0.0,17866.0,0.0,0.0,0.0,0.0,17866.0,ocorrencias
2025,2025-12-01,SP,Busca e salvamento,0.0,8356.0,0.0,0.0,0.0,0.0,8356.0,ocorrencias
2025,2025-12-01,SP,Combate a incêndios,0.0,2762.0,0.0,0.0,0.0,0.0,2762.0,ocorrencias
2025,2025-12-01,SP,Emissão de Alvarás de licença,0.0,17643.0,0.0,0.0,0.0,0.0,17643.0,ocorrencias
2025,2025-12-01,SP,Estupro,316.0,0.0,289.0,27.0,0.0,0.0,316.0,vitimas
2025,2025-12-01,SP,Estupro de vulnerável,909.0,0.0,740.0,169.0,0.0,0.0,909.0,vitimas
2025,2025-12-01,SP,Feminicídio,37.0,0.0,36.0,1.0,0.0,0.0,37.0,vitimas
2025,2025-12-01,SP,Furto de veículo,0.0,6590.0,0.0,0.0,0.0,0.0,6590.0,ocorrencias
2025,2025-12-01,SP,Homicídio doloso,219.0,0.0,9.0,209.0,1.0,0.0,219.0,vitimas
2025,2025-12-01,SP,Lesão corporal seguida de morte,8.0,0.0,1.0,7.0,0.0,0.0,8.0,vitimas
2025,2025-12-01,SP,Mandado de prisão cumprido,0.0,6010.0,0.0,0.0,0.0,0.0,6010.0,ocorrencias
2025,2025-12-01,SP,Morte de Agente do Estado,3.0,0.0,0.0,3.0,0.0,0.0,3.0,vitimas
2025,2025-12-01,SP,Morte no trânsito ou em decorrência dele (exceto homicídio doloso),366.0,0.0,69.0,296.0,1.0,0.0,366.0,vitimas
2025,2025-12-01,SP,Morte por intervenção de Agente do Estado,83.0,0.0,2.0,81.0,0.0,0.0,83.0,vitimas
2025,2025-12-01,SP,Mortes a esclarecer (sem indício de crime),336.0,0.0,60.0,262.0,14.0,0.0,336.0,vitimas
2025,2025-12-01,SP,Mortes no trânsito,32.0,0.0,3.0,29.0,0.0,0.0,32.0,vitimas
2025,2025-12-01,SP,Pessoa Desaparecida,1759.0,0.0,622.0,1137.0,0.0,0.0,1759.0,vitimas
2025,2025-12-01,SP,Pessoa Localizada,1119.0,0.0,400.0,719.0,0.0,0.0,1119.0,vitimas
2025,2025-12-01,SP,Realização de vistorias,0.0,9171.0,0.0,0.0,0.0,0.0,9171.0,ocorrencias
2025,2025-12-01,SP,Roubo a instituição financeira,0.0,0.0,0.0,0.0,0.0,0.0,0.0,ocorrencias
2025,2025-12-01,SP,Roubo de carga,0.0,270.0,0.0,0.0,0.0,0.0,270.0,ocorrencias
2025,2025-12-01,SP,Roubo de veículo,0.0,1911.0,0.0,0.0,0.0,0.0,1911.0,ocorrencias
2025,2025-12-01,SP,Roubo seguido de morte (latrocínio),9.0,0.0,0.0,9.0,0.0,0.0,9.0,vitimas
2025,2025-12-01,SP,Suicídio,284.0,0.0,53.0,231.0,0.0,0.0,284.0,vitimas
2025,2025-12-01,SP,Suicídio de Agente do Estado,1.0,0.0,0.0,1.0,0.0,0.0,1.0,vitimas
2025,2025-12-01,SP,Tentativa de feminicídio,80.0,0.0,77.0,3.0,0.0,0.0,80.0,vitimas
2025,2025-12-01,SP,Tentativa de homicídio,352.0,0.0,66.0,286.0,0.0,0.0,352.0,vitimas
2025,2025-12-01,SP,Tráfico de drogas,0.0,3265.0,0.0,0.0,0.0,0.0,3265.0,ocorrencias
2025,2025-12-01,TO,Apreensão de Cocaína,0.0,0.0,0.0,0.0,0.0,5107.0,5107.0,kg
2025,2025-12-01,TO,Apreensão de Maconha,0.0,0.0,0.0,0.0,0.0,2045.0,2045.0,kg
2025,2025-12-01,TO,Arma de Fogo Apreendida,0.0,77.0,0.0,0.0,0.0,0.0,77.0,ocorrencias
2025,2025-12-01,TO,Atendimento pré-hospitalar,0.0,2666.0,0.0,0.0,0.0,0.0,2666.0,ocorrencias
2025,2025-12-01,TO,Busca e salvamento,0.0,718.0,0.0,0.0,0.0,0.0,718.0,ocorrencias
2025,2025-12-01,TO,Combate a incêndios,0.0,337.0,0.0,0.0,0.0,0.0,337.0,ocorrencias
2025,2025-12-01,TO,Emissão de Alvarás de licença,0.0,812.0,0.0,0.0,0.0,0.0,812.0,ocorrencias
2025,2025-12-01,TO,Estupro,14.0,0.0,14.0,0.0,0.0,0.0,14.0,vitimas
2025,2025-12-01,TO,Estupro de vulnerável,44.0,0.0,40.0,2.0,2.0,0.0,44.0,vitimas
2025,2025-12-01,TO,Feminicídio,2.0,0.0,2.0,0.0,0.0,0.0,2.0,vitimas
2025,2025-12-01,TO,Furto de veículo,0.0,118.0,0.0,0.0,0.0,0.0,118.0,ocorrencias
2025,2025-12-01,TO,Homicídio doloso,31.0,0.0,7.0,24.0,0.0,0.0,31.0,vitimas
2025,2025-12-01,TO,Lesão corporal seguida de morte,0.0,0.0,0.0,0.0,0.0,0.0,0.0,vitimas
2025,2025-12-01,TO,Mandado de prisão cumprido,0.0,218.0,0.0,0.0,0.0,0.0,218.0,ocorrencias
2025,2025-12-01,TO,Morte de Agente do Estado,0.0,0.0,0.0,0.0,0.0,0.0,0.0,vitimas
2025,2025-12-01,TO,Morte no trânsito ou em decorrência dele (exceto homicídio doloso),55.0,0.0,12.0,40.0,3.0,0.0,55.0,vitimas
2025,2025-12-01,TO,Morte por intervenção de Agente do Estado,0.0,0.0,0.0,0.0,0.0,0.0,0.0,vitimas
2025,2025-12-01,TO,Mortes a esclarecer (sem indício de crime),35.0,0.0,11.0,23.0,1.0,0.0,35.0,vitimas
2025,2025-12-01,TO,Mortes no trânsito,12.0,0.0,2.0,10.0,0.0,0.0,12.0,vitimas
2025,2025-12-01,TO,Pessoa Desaparecida,45.0,0.0,14.0,31.0,0.0,0.0,45.0,vitimas
2025,2025-12-01,TO,Pessoa Localizada,18.0,0.0,9.0,9.0,0.0,0.0,18.0,vitimas
2025,2025-12-01,TO,Realização de vistorias,0.0,1079.0,0.0,0.0,0.0,0.0,1079.0,ocorrencias
2025,2025-12-01,TO,Roubo a instituição financeira,0.0,0.0,0.0,0.0,0.0,0.0,0.0,ocorrencias
2025,2025-12-01,TO,Roubo de carga,0.0,0.0,0.0,0.0,0.0,0.0,0.0,ocorrencias
2025,2025-12-01,TO,Roubo de veículo,0.0,21.0,0.0,0.0,0.0,0.0,21.0,ocorrencias
2025,2025-12-01,TO,Roubo seguido de morte (latrocínio),1.0,0.0,0.0,1.0,0.0,0.0,1.0,vitimas
2025,2025-12-01,TO,Suicídio,9.0,0.0,4.0,5.0,0.0,0.0,9.0,vitimas
2025,2025-12-01,TO,Suicídio de Agente do Estado,0.0,0.0,0.0,0.0,0.0,0.0,0.0,vitimas
2025,2025-12-01,TO,Tentativa de feminicídio,6.0,0.0,6.0,0.0,0.0,0.0,6.0,vitimas
2025,2025-12-01,TO,Tentativa de homicídio,41.0,0.0,4.0,37.0,0.0,0.0,41.0,vitimas
2025,2025-12-01,TO,Tráfico de drogas,0.0,84.0,0.0,0.0,0.0,0.0,84.0,ocorrencias
