ano_arquivo,data_referencia,uf,evento,total_vitima,total,feminino,masculino,nao_informado,total_peso,valor_auto,valor_unidade
2026,2026-01-01,AC,Apreensão de Cocaína,0.0,0.0,0.0,0.0,0.0,2487.0,2487.0,kg
2026,2026-01-01,AC,Apreensão de Maconha,0.0,0.0,0.0,0.0,0.0,181283.0,181283.0,kg
2026,2026-01-01,AC,Arma de Fogo Apreendida,0.0,42.0,0.0,0.0,0.0,0.0,42.0,ocorrencias
2026,2026-01-01,AC,Atendimento pré-hospitalar,0.0,195.0,0.0,0.0,0.0,0.0,195.0,ocorrencias
2026,2026-01-01,AC,Busca e salvamento,0.0,34.0,0.0,0.0,0.0,0.0,34.0,ocorrencias
2026,2026-01-01,AC,Combate a incêndios,0.0,95.0,0.0,0.0,0.0,0.0,95.0,ocorrencias
2026,2026-01-01,AC,Emissão de Alvarás de licença,0.0,627.0,0.0,0.0,0.0,0.0,627.0,ocorrencias
2026,2026-01-01,AC,Estupro,12.0,0.0,12.0,0.0,0.0,0.0,12.0,vitimas
2026,2026-01-01,AC,Estupro de vulnerável,39.0,0.0,33.0,6.0,0.0,0.0,39.0,vitimas
2026,2026-01-01,AC,Feminicídio,0.0,0.0,0.0,0.0,0.0,0.0,0.0,vitimas
2026,2026-01-01,AC,Furto de veículo,0.0,61.0,0.0,0.0,0.0,0.0,61.0,ocorrencias
2026,2026-01-01,AC,Homicídio doloso,11.0,0.0,2.0,9.0,0.0,0.0,11.0,vitimas
2026,2026-01-01,AC,Lesão corporal seguida de morte,0.0,0.0,0.0,0.0,0.0,0.0,0.0,vitimas
2026,2026-01-01,AC,Mandado de prisão cumprido,0.0,158.0,0.0,0.0,0.0,0.0,158.0,ocorrencias
2026,2026-01-01,AC,Morte de Agente do Estado,0.0,0.0,0.0,0.0,0.0,0.0,0.0,vitimas
2026,2026-01-01,AC,Morte no trânsito ou em decorrência dele (exceto homicídio doloso),10.0,0.0,0.0,10.0,0.0,0.0,10.0,vitimas
2026,2026-01-01,AC,Morte por intervenção de Agente do Estado,0.0,0.0,0.0,0.0,0.0,0.0,0.0,vitimas
2026,2026-01-01,AC,Mortes a esclarecer (sem indício de crime),5.0,0.0,1.0,4.0,0.0,0.0,5.0,vitimas
2026,2026-01-01,AC,Mortes no trânsito,4.0,0.0,0.0,4.0,0.0,0.0,4.0,vitimas
2026,2026-01-01,AC,Pessoa Desaparecida,33.0,0.0,11.0,20.0,2.0,0.0,33.0,vitimas
2026,2026-01-01,AC,Pessoa Localizada,20.0,0.0,6.0,14.0,0.0,0.0,20.0,vitimas
2026,2026-01-01,AC,Realização de vistorias,0.0,820.0,0.0,0.0,0.0,0.0,820.0,ocorrencias
2026,2026-01-01,AC,Roubo a instituição financeira,0.0,0.0,0.0,0.0,0.0,0.0,0.0,ocorrencias
2026,2026-01-01,AC,Roubo de carga,0.0,0.0,0.0,0.0,0.0,0.0,0.0,ocorrencias
2026,2026-01-01,AC,Roubo de veículo,0.0,36.0,0.0,0.0,0.0,0.0,36.0,ocorrencias
2026,2026-01-01,AC,Roubo seguido de morte (latrocínio),0.0,0.0,0.0,0.0,0.0,0.0,0.0,vitimas
2026,2026-01-01,AC,Suicídio,9.0,0.0,3.0,6.0,0.0,0.0,9.0,vitimas
2026,2026-01-01,AC,Suicídio de Agente do Estado,1.0,0.0,0.0,1.0,0.0,0.0,1.0,vitimas
2026,2026-01-01,AC,Tentativa de feminicídio,1.0,0.0,1.0,0.0,0.0,0.0,1.0,vitimas
2026,2026-01-01,AC,Tentativa de homicídio,23.0,0.0,1.0,22.0,0.0,0.0,23.0,vitimas
2026,2026-01-01,AC,Tráfico de drogas,0.0,2.0,0.0,0.0,0.0,0.0,2.0,ocorrencias
2026,2026-01-01,AL,Apreensão de Cocaína,0.0,0.0,0.0,0.0,0.0,85229.0,85229.0,kg
2026,2026-01-01,AL,Apreensão de Maconha,0.0,0.0,0.0,0.0,0.0,171064.0,171064.0,kg
2026,2026-01-01,AL,Arma de Fogo Apreendida,0.0,209.0,0.0,0.0,0.0,0.0,209.0,ocorrencias
2026,2026-01-01,AL,Atendimento pré-hospitalar,0.0,860.0,0.0,0.0,0.0,0.0,860.0,ocorrencias
2026,2026-01-01,AL,Busca e salvamento,0.0,480.0,0.0,0.0,0.0,0.0,480.0,ocorrencias
2026,2026-01-01,AL,Combate a incêndios,0.0,334.0,0.0,0.0,0.0,0.0,334.0,ocorrencias
2026,2026-01-01,AL,Emissão de Alvarás de licença,0.0,739.0,0.0,0.0,0.0,0.0,739.0,ocorrencias
2026,2026-01-01,AL,Estupro,17.0,0.0,12.0,5.0,0.0,0.0,17.0,vitimas
2026,2026-01-01,AL,Estupro de vulnerável,55.0,0.0,43.0,12.0,0.0,0.0,55.0,vitimas
2026,2026-01-01,AL,Feminicídio,3.0,0.0,3.0,0.0,0.0,0.0,3.0,vitimas
2026,2026-01-01,AL,Furto de veículo,0.0,153.0,0.0,0.0,0.0,0.0,153.0,ocorrencias
2026,2026-01-01,AL,Homicídio doloso,88.0,0.0,9.0,79.0,0.0,0.0,88.0,vitimas
2026,2026-01-01,AL,Lesão corporal seguida de morte,1.0,0.0,0.0,1.0,0.0,0.0,1.0,vitimas
2026,2026-01-01,AL,Mandado de prisão cumprido,0.0,283.0,0.0,0.0,0.0,0.0,283.0,ocorrencias
2026,2026-01-01,AL,Morte de Agente do Estado,0.0,0.0,0.0,0.0,0.0,0.0,0.0,vitimas
2026,2026-01-01,AL,Morte no trânsito ou em decorrência dele (exceto homicídio doloso),35.0,0.0,4.0,28.0,3.0,0.0,35.0,vitimas
2026,2026-01-01,AL,Morte por intervenção de Agente do Estado,10.0,0.0,2.0,8.0,0.0,0.0,10.0,vitimas
2026,2026-01-01,AL,Mortes a esclarecer (sem indício de crime),70.0,0.0,24.0,35.0,11.0,0.0,70.0,vitimas
2026,2026-01-01,AL,Mortes no trânsito,10.0,0.0,1.0,9.0,0.0,0.0,10.0,vitimas
2026,2026-01-01,AL,Pessoa Desaparecida,58.0,0.0,16.0,42.0,0.0,0.0,58.0,vitimas
2026,2026-01-01,AL,Pessoa Localizada,41.0,0.0,10.0,31.0,0.0,0.0,41.0,vitimas
2026,2026-01-01,AL,Realização de vistorias,0.0,860.0,0.0,0.0,0.0,0.0,860.0,ocorrencias
2026,2026-01-01,AL,Roubo a instituição financeira,0.0,0.0,0.0,0.0,0.0,0.0,0.0,ocorrencias
2026,2026-01-01,AL,Roubo de carga,0.0,1.0,0.0,0.0,0.0,0.0,1.0,ocorrencias
2026,2026-01-01,AL,Roubo de veículo,0.0,109.0,0.0,0.0,0.0,0.0,109.0,ocorrencias
2026,2026-01-01,AL,Roubo seguido de morte (latrocínio),0.0,0.0,0.0,0.0,0.0,0.0,0.0,vitimas
2026,2026-01-01,AL,Suicídio,23.0,0.0,4.0,19.0,0.0,0.0,23.0,vitimas
2026,2026-01-01,AL,Suicídio de Agente do Estado,2.0,0.0,0.0,2.0,0.0,0.0,2.0,vitimas
2026,2026-01-01,AL,Tentativa de feminicídio,11.0,0.0,11.0,0.0,0.0,0.0,11.0,vitimas
2026,2026-01-01,AL,Tentativa de homicídio,58.0,0.0,8.0,48.0,2.0,0.0,58.0,vitimas
2026,2026-01-01,AL,Tráfico de drogas,0.0,155.0,0.0,0.0,0.0,0.0,155.0,ocorrencias
2026,2026-01-01,AM,Apreensão de Cocaína,0.0,0.0,0.0,0.0,0.0,590333.0,590333.0,kg
2026,2026-01-01,AM,Apreensão de Maconha,0.0,0.0,0.0,0.0,0.0,475738.0,475738.0,kg
2026,2026-01-01,AM,Arma de Fogo Apreendida,0.0,148.0,0.0,0.0,0.0,0.0,148.0,ocorrencias
2026,2026-01-01,AM,Atendimento pré-hospitalar,0.0,97.0,0.0,0.0,0.0,0.0,97.0,ocorrencias
2026,2026-01-01,AM,Busca e salvamento,0.0,9.0,0.0,0.0,0.0,0.0,9.0,ocorrencias
2026,2026-01-01,AM,Combate a incêndios,0.0,94.0,0.0,0.0,0.0,0.0,94.0,ocorrencias
2026,2026-01-01,AM,Emissão de Alvarás de licença,0.0,448.0,0.0,0.0,0.0,0.0,448.0,ocorrencias
2026,2026-01-01,AM,Estupro,42.0,0.0,39.0,3.0,0.0,0.0,42.0,vitimas
2026,2026-01-01,AM,Estupro de vulnerável,86.0,0.0,77.0,9.0,0.0,0.0,86.0,vitimas
2026,2026-01-01,AM,Feminicídio,3.0,0.0,3.0,0.0,0.0,0.0,3.0,vitimas
2026,2026-01-01,AM,Furto de veículo,0.0,134.0,0.0,0.0,0.0,0.0,134.0,ocorrencias
2026,2026-01-01,AM,Homicídio doloso,54.0,0.0,4.0,50.0,0.0,0.0,54.0,vitimas
2026,2026-01-01,AM,Lesão corporal seguida de morte,0.0,0.0,0.0,0.0,0.0,0.0,0.0,vitimas
2026,2026-01-01,AM,Mandado de prisão cumprido,0.0,400.0,0.0,0.0,0.0,0.0,400.0,ocorrencias
2026,2026-01-01,AM,Morte de Agente do Estado,0.0,0.0,0.0,0.0,0.0,0.0,0.0,vitimas
2026,2026-01-01,AM,Morte no trânsito ou em decorrência dele (exceto homicídio doloso),21.0,0.0,2.0,19.0,0.0,0.0,21.0,vitimas
2026,2026-01-01,AM,Morte por intervenção de Agente do Estado,3.0,0.0,0.0,3.0,0.0,0.0,3.0,vitimas
2026,2026-01-01,AM,Mortes a esclarecer (sem indício de crime),0.0,0.0,0.0,0.0,0.0,0.0,0.0,vitimas
2026,2026-01-01,AM,Mortes no trânsito,4.0,0.0,1.0,3.0,0.0,0.0,4.0,vitimas
2026,2026-01-01,AM,Pessoa Desaparecida,76.0,0.0,27.0,49.0,0.0,0.0,76.0,vitimas
2026,2026-01-01,AM,Pessoa Localizada,47.0,0.0,17.0,30.0,0.0,0.0,47.0,vitimas
2026,2026-01-01,AM,Realização de vistorias,0.0,497.0,0.0,0.0,0.0,0.0,497.0,ocorrencias
2026,2026-01-01,AM,Roubo a instituição financeira,0.0,0.0,0.0,0.0,0.0,0.0,0.0,ocorrencias
2026,2026-01-01,AM,Roubo de carga,0.0,0.0,0.0,0.0,0.0,0.0,0.0,ocorrencias
2026,2026-01-01,AM,Roubo de veículo,0.0,43.0,0.0,0.0,0.0,0.0,43.0,ocorrencias
2026,2026-01-01,AM,Roubo seguido de morte (latrocínio),2.0,0.0,0.0,2.0,0.0,0.0,2.0,vitimas
2026,2026-01-01,AM,Suicídio,11.0,0.0,2.0,9.0,0.0,0.0,11.0,vitimas
2026,2026-01-01,AM,Suicídio de Agente do Estado,0.0,0.0,0.0,0.0,0.0,0.0,0.0,vitimas
2026,2026-01-01,AM,Tentativa de feminicídio,6.0,0.0,6.0,0.0,0.0,0.0,6.0,vitimas
2026,2026-01-01,AM,Tentativa de homicídio,61.0,0.0,10.0,50.0,1.0,0.0,61.0,vitimas
2026,2026-01-01,AM,Tráfico de drogas,0.0,310.0,0.0,0.0,0.0,0.0,310.0,ocorrencias
2026,2026-01-01,AP,Apreensão de Cocaína,0.0,0.0,0.0,0.0,0.0,902.0,902.0,kg
2026,2026-01-01,AP,Apreensão de Maconha,0.0,0.0,0.0,0.0,0.0,4495.0,4495.0,kg
2026,2026-01-01,AP,Arma de Fogo Apreendida,0.0,27.0,0.0,0.0,0.0,0.0,27.0,ocorrencias
2026,2026-01-01,AP,Atendimento pré-hospitalar,0.0,742.0,0.0,0.0,0.0,0.0,742.0,ocorrencias
2026,2026-01-01,AP,Busca e salvamento,0.0,439.0,0.0,0.0,0.0,0.0,439.0,ocorrencias
2026,2026-01-01,AP,Combate a incêndios,0.0,155.0,0.0,0.0,0.0,0.0,155.0,ocorrencias
2026,2026-01-01,AP,Emissão de Alvarás de licença,0.0,174.0,0.0,0.0,0.0,0.0,174.0,ocorrencias
2026,2026-01-01,AP,Estupro,13.0,0.0,13.0,0.0,0.0,0.0,13.0,vitimas
2026,2026-01-01,AP,Estupro de vulnerável,36.0,0.0,28.0,5.0,3.0,0.0,36.0,vitimas
2026,2026-01-01,AP,Feminicídio,4.0,0.0,4.0,0.0,0.0,0.0,4.0,vitimas
2026,2026-01-01,AP,Furto de veículo,0.0,20.0,0.0,0.0,0.0,0.0,20.0,ocorrencias
2026,2026-01-01,AP,Homicídio doloso,11.0,0.0,2.0,9.0,0.0,0.0,11.0,vitimas
2026,2026-01-01,AP,Lesão corporal seguida de morte,0.0,0.0,0.0,0.0,0.0,0.0,0.0,vitimas
2026,2026-01-01,AP,Mandado de prisão cumprido,0.0,110.0,0.0,0.0,0.0,0.0,110.0,ocorrencias
2026,2026-01-01,AP,Morte de Agente do Estado,1.0,0.0,0.0,1.0,0.0,0.0,1.0,vitimas
2026,2026-01-01,AP,Morte no trânsito ou em decorrência dele (exceto homicídio doloso),9.0,0.0,1.0,8.0,0.0,0.0,9.0,vitimas
2026,2026-01-01,AP,Morte por intervenção de Agente do Estado,7.0,0.0,0.0,7.0,0.0,0.0,7.0,vitimas
2026,2026-01-01,AP,Mortes a esclarecer (sem indício de crime),0.0,0.0,0.0,0.0,0.0,0.0,0.0,vitimas
2026,2026-01-01,AP,Mortes no trânsito,3.0,0.0,1.0,2.0,0.0,0.0,3.0,vitimas
2026,2026-01-01,AP,Pessoa Desaparecida,45.0,0.0,20.0,25.0,0.0,0.0,45.0,vitimas
2026,2026-01-01,AP,Pessoa Localizada,38.0,0.0,18.0,20.0,0.0,0.0,38.0,vitimas
2026,2026-01-01,AP,Realização de vistorias,0.0,420.0,0.0,0.0,0.0,0.0,420.0,ocorrencias
2026,2026-01-01,AP,Roubo a instituição financeira,0.0,0.0,0.0,0.0,0.0,0.0,0.0,ocorrencias
2026,2026-01-01,AP,Roubo de carga,0.0,0.0,0.0,0.0,0.0,0.0,0.0,ocorrencias
2026,2026-01-01,AP,Roubo de veículo,0.0,1.0,0.0,0.0,0.0,0.0,1.0,ocorrencias
2026,2026-01-01,AP,Roubo seguido de morte (latrocínio),1.0,0.0,0.0,1.0,0.0,0.0,1.0,vitimas
2026,2026-01-01,AP,Suicídio,1.0,0.0,0.0,1.0,0.0,0.0,1.0,vitimas
2026,2026-01-01,AP,Suicídio de Agente do Estado,0.0,0.0,0.0,0.0,0.0,0.0,0.0,vitimas
2026,2026-01-01,AP,Tentativa de feminicídio,7.0,0.0,7.0,0.0,0.0,0.0,7.0,vitimas
2026,2026-01-01,AP,Tentativa de homicídio,24.0,0.0,7.0,16.0,1.0,0.0,24.0,vitimas
2026,2026-01-01,AP,Tráfico de drogas,0.0,110.0,0.0,0.0,0.0,0.0,110.0,ocorrencias
2026,2026-01-01,BA,Apreensão de Cocaína,0.0,0.0,0.0,0.0,0.0,32391.0,32391.0,kg
2026,2026-01-01,BA,Apreensão de Maconha,0.0,0.0,0.0,0.0,0.0,62898.0,62898.0,kg
2026,2026-01-01,BA,Arma de Fogo Apreendida,0.0,1396.0,0.0,0.0,0.0,0.0,1396.0,ocorrencias
2026,2026-01-01,BA,Atendimento pré-hospitalar,0.0,419.0,0.0,0.0,0.0,0.0,419.0,ocorrencias
2026,2026-01-01,BA,Busca e salvamento,0.0,931.0,0.0,0.0,0.0,0.0,931.0,ocorrencias
2026,2026-01-01,BA,Combate a incêndios,0.0,970.0,0.0,0.0,0.0,0.0,970.0,ocorrencias
2026,2026-01-01,BA,Emissão de Alvarás de licença,0.0,3721.0,0.0,0.0,0.0,0.0,3721.0,ocorrencias
2026,2026-01-01,BA,Estupro,97.0,0.0,89.0,8.0,0.0,0.0,97.0,vitimas
2026,2026-01-01,BA,Estupro de vulnerável,267.0,0.0,222.0,38.0,7.0,0.0,267.0,vitimas
2026,2026-01-01,BA,Feminicídio,10.0,0.0,10.0,0.0,0.0,0.0,10.0,vitimas
2026,2026-01-01,BA,Furto de veículo,0.0,566.0,0.0,0.0,0.0,0.0,566.0,ocorrencias
2026,2026-01-01,BA,Homicídio doloso,294.0,0.0,17.0,277.0,0.0,0.0,294.0,vitimas
2026,2026-01-01,BA,Lesão corporal seguida de morte,10.0,0.0,0.0,10.0,0.0,0.0,10.0,vitimas
2026,2026-01-01,BA,Mandado de prisão cumprido,0.0,860.0,0.0,0.0,0.0,0.0,860.0,ocorrencias
2026,2026-01-01,BA,Morte de Agente do Estado,2.0,0.0,0.0,2.0,0.0,0.0,2.0,vitimas
2026,2026-01-01,BA,Morte no trânsito ou em decorrência dele (exceto homicídio doloso),64.0,0.0,16.0,45.0,3.0,0.0,64.0,vitimas
2026,2026-01-01,BA,Morte por intervenção de Agente do Estado,124.0,0.0,0.0,124.0,0.0,0.0,124.0,vitimas
2026,2026-01-01,BA,Mortes a esclarecer (sem indício de crime),78.0,0.0,20.0,46.0,12.0,0.0,78.0,vitimas
2026,2026-01-01,BA,Mortes no trânsito,46.0,0.0,10.0,35.0,1.0,0.0,46.0,vitimas
2026,2026-01-01,BA,Pessoa Desaparecida,315.0,0.0,97.0,208.0,10.0,0.0,315.0,vitimas
2026,2026-01-01,BA,Pessoa Localizada,61.0,0.0,20.0,41.0,0.0,0.0,61.0,vitimas
2026,2026-01-01,BA,Realização de vistorias,0.0,1483.0,0.0,0.0,0.0,0.0,1483.0,ocorrencias
2026,2026-01-01,BA,Roubo a instituição financeira,0.0,0.0,0.0,0.0,0.0,0.0,0.0,ocorrencias
2026,2026-01-01,BA,Roubo de carga,0.0,14.0,0.0,0.0,0.0,0.0,14.0,ocorrencias
2026,2026-01-01,BA,Roubo de veículo,0.0,629.0,0.0,0.0,0.0,0.0,629.0,ocorrencias
2026,2026-01-01,BA,Roubo seguido de morte (latrocínio),2.0,0.0,0.0,2.0,0.0,0.0,2.0,vitimas
2026,2026-01-01,BA,Suicídio,84.0,0.0,18.0,60.0,6.0,0.0,84.0,vitimas
2026,2026-01-01,BA,Suicídio de Agente do Estado,1.0,0.0,0.0,1.0,0.0,0.0,1.0,vitimas
2026,2026-01-01,BA,Tentativa de feminicídio,26.0,0.0,26.0,0.0,0.0,0.0,26.0,vitimas
2026,2026-01-01,BA,Tentativa de homicídio,264.0,0.0,56.0,193.0,15.0,0.0,264.0,vitimas
2026,2026-01-01,BA,Tráfico de drogas,0.0,777.0,0.0,0.0,0.0,0.0,777.0,ocorrencias
2026,2026-01-01,CE,Apreensão de Cocaína,0.0,0.0,0.0,0.0,0.0,12463.0,12463.0,kg
2026,2026-01-01,CE,Apreensão de Maconha,0.0,0.0,0.0,0.0,0.0,38528.0,38528.0,kg
2026,2026-01-01,CE,Arma de Fogo Apreendida,0.0,540.0,0.0,0.0,0.0,0.0,540.0,ocorrencias
2026,2026-01-01,CE,Atendimento pré-hospitalar,0.0,56.0,0.0,0.0,0.0,0.0,56.0,ocorrencias
2026,2026-01-01,CE,Busca e salvamento,0.0,1801.0,0.0,0.0,0.0,0.0,1801.0,ocorrencias
2026,2026-01-01,CE,Combate a incêndios,0.0,1111.0,0.0,0.0,0.0,0.0,1111.0,ocorrencias
2026,2026-01-01,CE,Emissão de Alvarás de licença,0.0,4306.0,0.0,0.0,0.0,0.0,4306.0,ocorrencias
2026,2026-01-01,CE,Estupro,25.0,0.0,25.0,0.0,0.0,0.0,25.0,vitimas
2026,2026-01-01,CE,Estupro de vulnerável,96.0,0.0,85.0,11.0,0.0,0.0,96.0,vitimas
2026,2026-01-01,CE,Feminicídio,3.0,0.0,3.0,0.0,0.0,0.0,3.0,vitimas
2026,2026-01-01,CE,Furto de veículo,0.0,371.0,0.0,0.0,0.0,0.0,371.0,ocorrencias
2026,2026-01-01,CE,Homicídio doloso,183.0,0.0,17.0,166.0,0.0,0.0,183.0,vitimas
2026,2026-01-01,CE,Lesão corporal seguida de morte,2.0,0.0,0.0,2.0,0.0,0.0,2.0,vitimas
2026,2026-01-01,CE,Mandado de prisão cumprido,0.0,606.0,0.0,0.0,0.0,0.0,606.0,ocorrencias
2026,2026-01-01,CE,Morte de Agente do Estado,2.0,0.0,0.0,2.0,0.0,0.0,2.0,vitimas
2026,2026-01-01,CE,Morte no trânsito ou em decorrência dele (exceto homicídio doloso),148.0,0.0,22.0,124.0,2.0,0.0,148.0,vitimas
2026,2026-01-01,CE,Morte por intervenção de Agente do Estado,26.0,0.0,1.0,25.0,0.0,0.0,26.0,vitimas
2026,2026-01-01,CE,Mortes a esclarecer (sem indício de crime),32.0,0.0,10.0,22.0,0.0,0.0,32.0,vitimas
2026,2026-01-01,CE,Mortes no trânsito,16.0,0.0,6.0,9.0,1.0,0.0,16.0,vitimas
2026,2026-01-01,CE,Pessoa Desaparecida,191.0,0.0,53.0,138.0,0.0,0.0,191.0,vitimas
2026,2026-01-01,CE,Pessoa Localizada,131.0,0.0,39.0,92.0,0.0,0.0,131.0,vitimas
2026,2026-01-01,CE,Realização de vistorias,0.0,2985.0,0.0,0.0,0.0,0.0,2985.0,ocorrencias
2026,2026-01-01,CE,Roubo a instituição financeira,0.0,0.0,0.0,0.0,0.0,0.0,0.0,ocorrencias
2026,2026-01-01,CE,Roubo de carga,0.0,3.0,0.0,0.0,0.0,0.0,3.0,ocorrencias
2026,2026-01-01,CE,Roubo de veículo,0.0,213.0,0.0,0.0,0.0,0.0,213.0,ocorrencias
2026,2026-01-01,CE,Roubo seguido de morte (latrocínio),3.0,0.0,0.0,3.0,0.0,0.0,3.0,vitimas
2026,2026-01-01,CE,Suicídio,64.0,0.0,14.0,50.0,0.0,0.0,64.0,vitimas
2026,2026-01-01,CE,Suicídio de Agente do Estado,2.0,0.0,0.0,2.0,0.0,0.0,2.0,vitimas
2026,2026-01-01,CE,Tentativa de feminicídio,12.0,0.0,11.0,1.0,0.0,0.0,12.0,vitimas
2026,2026-01-01,CE,Tentativa de homicídio,108.0,0.0,18.0,90.0,0.0,0.0,108.0,vitimas
2026,2026-01-01,CE,Tráfico de drogas,0.0,735.0,0.0,0.0,0.0,0.0,735.0,ocorrencias
2026,2026-01-01,DF,Apreensão de Cocaína,0.0,0.0,0.0,0.0,0.0,4835.0,4835.0,kg
2026,2026-01-01,DF,Apreensão de Maconha,0.0,0.0,0.0,0.0,0.0,340.0,340.0,kg
2026,2026-01-01,DF,Arma de Fogo Apreendida,0.0,156.0,0.0,0.0,0.0,0.0,156.0,ocorrencias
2026,2026-01-01,DF,Atendimento pré-hospitalar,0.0,7469.0,0.0,0.0,0.0,0.0,7469.0,ocorrencias
2026,2026-01-01,DF,Busca e salvamento,0.0,5872.0,0.0,0.0,0.0,0.0,5872.0,ocorrencias
2026,2026-01-01,DF,Combate a incêndios,0.0,2737.0,0.0,0.0,0.0,0.0,2737.0,ocorrencias
2026,2026-01-01,DF,Emissão de Alvarás de licença,0.0,716.0,0.0,0.0,0.0,0.0,716.0,ocorrencias
2026,2026-01-01,DF,Estupro,29.0,0.0,27.0,2.0,0.0,0.0,29.0,vitimas
2026,2026-01-01,DF,Estupro de vulnerável,43.0,0.0,32.0,11.0,0.0,0.0,43.0,vitimas
2026,2026-01-01,DF,Feminicídio,3.0,0.0,3.0,0.0,0.0,0.0,3.0,vitimas
2026,2026-01-01,DF,Furto de veículo,0.0,282.0,0.0,0.0,0.0,0.0,282.0,ocorrencias
2026,2026-01-01,DF,Homicídio doloso,17.0,0.0,0.0,17.0,0.0,0.0,17.0,vitimas
2026,2026-01-01,DF,Lesão corporal seguida de morte,0.0,0.0,0.0,0.0,0.0,0.0,0.0,vitimas
2026,2026-01-01,DF,Mandado de prisão cumprido,0.0,668.0,0.0,0.0,0.0,0.0,668.0,ocorrencias
2026,2026-01-01,DF,Morte de Agente do Estado,0.0,0.0,0.0,0.0,0.0,0.0,0.0,vitimas
2026,2026-01-01,DF,Morte no trânsito ou em decorrência dele (exceto homicídio doloso),14.0,0.0,4.0,10.0,0.0,0.0,14.0,vitimas
2026,2026-01-01,DF,Morte por intervenção de Agente do Estado,3.0,0.0,0.0,3.0,0.0,0.0,3.0,vitimas
2026,2026-01-01,DF,Mortes a esclarecer (sem indício de crime),0.0,0.0,0.0,0.0,0.0,0.0,0.0,vitimas
2026,2026-01-01,DF,Mortes no trânsito,0.0,0.0,0.0,0.0,0.0,0.0,0.0,vitimas
2026,2026-01-01,DF,Pessoa Desaparecida,182.0,0.0,62.0,120.0,0.0,0.0,182.0,vitimas
2026,2026-01-01,DF,Pessoa Localizada,173.0,0.0,61.0,112.0,0.0,0.0,173.0,vitimas
2026,2026-01-01,DF,Realização de vistorias,0.0,1790.0,0.0,0.0,0.0,0.0,1790.0,ocorrencias
2026,2026-01-01,DF,Roubo a instituição financeira,0.0,0.0,0.0,0.0,0.0,0.0,0.0,ocorrencias
2026,2026-01-01,DF,Roubo de carga,0.0,0.0,0.0,0.0,0.0,0.0,0.0,ocorrencias
2026,2026-01-01,DF,Roubo de veículo,0.0,60.0,0.0,0.0,0.0,0.0,60.0,ocorrencias
2026,2026-01-01,DF,Roubo seguido de morte (latrocínio),0.0,0.0,0.0,0.0,0.0,0.0,0.0,vitimas
2026,2026-01-01,DF,Suicídio,22.0,0.0,5.0,17.0,0.0,0.0,22.0,vitimas
2026,2026-01-01,DF,Suicídio de Agente do Estado,0.0,0.0,0.0,0.0,0.0,0.0,0.0,vitimas
2026,2026-01-01,DF,Tentativa de feminicídio,4.0,0.0,4.0,0.0,0.0,0.0,4.0,vitimas
2026,2026-01-01,DF,Tentativa de homicídio,52.0,0.0,3.0,49.0,0.0,0.0,52.0,vitimas
2026,2026-01-01,DF,Tráfico de drogas,0.0,311.0,0.0,0.0,0.0,0.0,311.0,ocorrencias
2026,2026-01-01,ES,Apreensão de Cocaína,0.0,0.0,0.0,0.0,0.0,2305.0,2305.0,kg
2026,2026-01-01,ES,Apreensão de Maconha,0.0,0.0,0.0,0.0,0.0,7979.0,7979.0,kg
2026,2026-01-01,ES,Arma de Fogo Apreendida,0.0,355.0,0.0,0.0,0.0,0.0,355.0,ocorrencias
2026,2026-01-01,ES,Atendimento pré-hospitalar,0.0,593.0,0.0,0.0,0.0,0.0,593.0,ocorrencias
2026,2026-01-01,ES,Busca e salvamento,0.0,483.0,0.0,0.0,0.0,0.0,483.0,ocorrencias
2026,2026-01-01,ES,Combate a incêndios,0.0,380.0,0.0,0.0,0.0,0.0,380.0,ocorrencias
2026,2026-01-01,ES,Emissão de Alvarás de licença,0.0,2995.0,0.0,0.0,0.0,0.0,2995.0,ocorrencias
2026,2026-01-01,ES,Estupro,36.0,0.0,30.0,3.0,3.0,0.0,36.0,vitimas
2026,2026-01-01,ES,Estupro de vulnerável,90.0,0.0,73.0,13.0,4.0,0.0,90.0,vitimas
2026,2026-01-01,ES,Feminicídio,2.0,0.0,2.0,0.0,0.0,0.0,2.0,vitimas
2026,2026-01-01,ES,Furto de veículo,0.0,259.0,0.0,0.0,0.0,0.0,259.0,ocorrencias
2026,2026-01-01,ES,Homicídio doloso,90.0,0.0,5.0,75.0,10.0,0.0,90.0,vitimas
2026,2026-01-01,ES,Lesão corporal seguida de morte,0.0,0.0,0.0,0.0,0.0,0.0,0.0,vitimas
2026,2026-01-01,ES,Mandado de prisão cumprido,0.0,594.0,0.0,0.0,0.0,0.0,594.0,ocorrencias
2026,2026-01-01,ES,Morte de Agente do Estado,1.0,0.0,0.0,1.0,0.0,0.0,1.0,vitimas
2026,2026-01-01,ES,Morte no trânsito ou em decorrência dele (exceto homicídio doloso),108.0,0.0,12.0,92.0,4.0,0.0,108.0,vitimas
2026,2026-01-01,ES,Morte por intervenção de Agente do Estado,8.0,0.0,0.0,8.0,0.0,0.0,8.0,vitimas
2026,2026-01-01,ES,Mortes a esclarecer (sem indício de crime),5.0,0.0,1.0,3.0,1.0,0.0,5.0,vitimas
2026,2026-01-01,ES,Mortes no trânsito,10.0,0.0,2.0,8.0,0.0,0.0,10.0,vitimas
2026,2026-01-01,ES,Pessoa Desaparecida,216.0,0.0,79.0,124.0,13.0,0.0,216.0,vitimas
2026,2026-01-01,ES,Pessoa Localizada,33.0,0.0,3.0,29.0,1.0,0.0,33.0,vitimas
2026,2026-01-01,ES,Realização de vistorias,0.0,3325.0,0.0,0.0,0.0,0.0,3325.0,ocorrencias
2026,2026-01-01,ES,Roubo a instituição financeira,0.0,0.0,0.0,0.0,0.0,0.0,0.0,ocorrencias
2026,2026-01-01,ES,Roubo de carga,0.0,1.0,0.0,0.0,0.0,0.0,1.0,ocorrencias
2026,2026-01-01,ES,Roubo de veículo,0.0,109.0,0.0,0.0,0.0,0.0,109.0,ocorrencias
2026,2026-01-01,ES,Roubo seguido de morte (latrocínio),0.0,0.0,0.0,0.0,0.0,0.0,0.0,vitimas
2026,2026-01-01,ES,Suicídio,32.0,0.0,8.0,23.0,1.0,0.0,32.0,vitimas
2026,2026-01-01,ES,Suicídio de Agente do Estado,0.0,0.0,0.0,0.0,0.0,0.0,0.0,vitimas
2026,2026-01-01,ES,Tentativa de feminicídio,4.0,0.0,4.0,0.0,0.0,0.0,4.0,vitimas
2026,2026-01-01,ES,Tentativa de homicídio,111.0,0.0,24.0,82.0,5.0,0.0,111.0,vitimas
2026,2026-01-01,ES,Tráfico de drogas,0.0,500.0,0.0,0.0,0.0,0.0,500.0,ocorrencias
2026,2026-01-01,GO,Apreensão de Cocaína,0.0,0.0,0.0,0.0,0.0,12423.0,12423.0,kg
2026,2026-01-01,GO,Apreensão de Maconha,0.0,0.0,0.0,0.0,0.0,1649661.0,1649661.0,kg
2026,2026-01-01,GO,Arma de Fogo Apreendida,0.0,253.0,0.0,0.0,0.0,0.0,253.0,ocorrencias
2026,2026-01-01,GO,Atendimento pré-hospitalar,0.0,7833.0,0.0,0.0,0.0,0.0,7833.0,ocorrencias
2026,2026-01-01,GO,Busca e salvamento,0.0,2229.0,0.0,0.0,0.0,0.0,2229.0,ocorrencias
2026,2026-01-01,GO,Combate a incêndios,0.0,354.0,0.0,0.0,0.0,0.0,354.0,ocorrencias
2026,2026-01-01,GO,Emissão de Alvarás de licença,0.0,11772.0,0.0,0.0,0.0,0.0,11772.0,ocorrencias
2026,2026-01-01,GO,Estupro,51.0,0.0,42.0,9.0,0.0,0.0,51.0,vitimas
2026,2026-01-01,GO,Estupro de vulnerável,199.0,0.0,175.0,24.0,0.0,0.0,199.0,vitimas
2026,2026-01-01,GO,Feminicídio,4.0,0.0,3.0,0.0,1.0,0.0,4.0,vitimas
2026,2026-01-01,GO,Furto de veículo,0.0,227.0,0.0,0.0,0.0,0.0,227.0,ocorrencias
2026,2026-01-01,GO,Homicídio doloso,50.0,0.0,2.0,43.0,5.0,0.0,50.0,vitimas
2026,2026-01-01,GO,Lesão corporal seguida de morte,2.0,0.0,0.0,2.0,0.0,0.0,2.0,vitimas
2026,2026-01-01,GO,Mandado de prisão cumprido,0.0,643.0,0.0,0.0,0.0,0.0,643.0,ocorrencias
2026,2026-01-01,GO,Morte de Agente do Estado,0.0,0.0,0.0,0.0,0.0,0.0,0.0,vitimas
2026,2026-01-01,GO,Morte no trânsito ou em decorrência dele (exceto homicídio doloso),54.0,0.0,11.0,40.0,3.0,0.0,54.0,vitimas
2026,2026-01-01,GO,Morte por intervenção de Agente do Estado,35.0,0.0,0.0,25.0,10.0,0.0,35.0,vitimas
2026,2026-01-01,GO,Mortes a esclarecer (sem indício de crime),39.0,0.0,1.0,32.0,6.0,0.0,39.0,vitimas
2026,2026-01-01,GO,Mortes no trânsito,23.0,0.0,4.0,19.0,0.0,0.0,23.0,vitimas
2026,2026-01-01,GO,Pessoa Desaparecida,287.0,0.0,88.0,196.0,3.0,0.0,287.0,vitimas
2026,2026-01-01,GO,Pessoa Localizada,136.0,0.0,38.0,96.0,2.0,0.0,136.0,vitimas
2026,2026-01-01,GO,Realização de vistorias,0.0,4278.0,0.0,0.0,0.0,0.0,4278.0,ocorrencias
2026,2026-01-01,GO,Roubo a instituição financeira,0.0,0.0,0.0,0.0,0.0,0.0,0.0,ocorrencias
2026,2026-01-01,GO,Roubo de carga,0.0,0.0,0.0,0.0,0.0,0.0,0.0,ocorrencias
2026,2026-01-01,GO,Roubo de veículo,0.0,31.0,0.0,0.0,0.0,0.0,31.0,ocorrencias
2026,2026-01-01,GO,Roubo seguido de morte (latrocínio),2.0,0.0,1.0,1.0,0.0,0.0,2.0,vitimas
2026,2026-01-01,GO,Suicídio,79.0,0.0,18.0,60.0,1.0,0.0,79.0,vitimas
2026,2026-01-01,GO,Suicídio de Agente do Estado,0.0,0.0,0.0,0.0,0.0,0.0,0.0,vitimas
2026,2026-01-01,GO,Tentativa de feminicídio,24.0,0.0,23.0,0.0,1.0,0.0,24.0,vitimas
2026,2026-01-01,GO,Tentativa de homicídio,101.0,0.0,8.0,92.0,1.0,0.0,101.0,vitimas
2026,2026-01-01,GO,Tráfico de drogas,0.0,595.0,0.0,0.0,0.0,0.0,595.0,ocorrencias
2026,2026-01-01,MA,Apreensão de Cocaína,0.0,0.0,0.0,0.0,0.0,12921.0,12921.0,kg
2026,2026-01-01,MA,Apreensão de Maconha,0.0,0.0,0.0,0.0,0.0,2005.0,2005.0,kg
2026,2026-01-01,MA,Arma de Fogo Apreendida,0.0,278.0,0.0,0.0,0.0,0.0,278.0,ocorrencias
2026,2026-01-01,MA,Atendimento pré-hospitalar,0.0,174.0,0.0,0.0,0.0,0.0,174.0,ocorrencias
2026,2026-01-01,MA,Busca e salvamento,0.0,377.0,0.0,0.0,0.0,0.0,377.0,ocorrencias
2026,2026-01-01,MA,Combate a incêndios,0.0,225.0,0.0,0.0,0.0,0.0,225.0,ocorrencias
2026,2026-01-01,MA,Emissão de Alvarás de licença,0.0,1527.0,0.0,0.0,0.0,0.0,1527.0,ocorrencias
2026,2026-01-01,MA,Estupro,32.0,0.0,30.0,2.0,0.0,0.0,32.0,vitimas
2026,2026-01-01,MA,Estupro de vulnerável,139.0,0.0,117.0,22.0,0.0,0.0,139.0,vitimas
2026,2026-01-01,MA,Feminicídio,1.0,0.0,1.0,0.0,0.0,0.0,1.0,vitimas
2026,2026-01-01,MA,Furto de veículo,0.0,213.0,0.0,0.0,0.0,0.0,213.0,ocorrencias
2026,2026-01-01,MA,Homicídio doloso,163.0,0.0,7.0,156.0,0.0,0.0,163.0,vitimas
2026,2026-01-01,MA,Lesão corporal seguida de morte,1.0,0.0,0.0,1.0,0.0,0.0,1.0,vitimas
2026,2026-01-01,MA,Mandado de prisão cumprido,0.0,340.0,0.0,0.0,0.0,0.0,340.0,ocorrencias
2026,2026-01-01,MA,Morte de Agente do Estado,2.0,0.0,0.0,2.0,0.0,0.0,2.0,vitimas
2026,2026-01-01,MA,Morte no trânsito ou em decorrência dele (exceto homicídio doloso),87.0,0.0,21.0,66.0,0.0,0.0,87.0,vitimas
2026,2026-01-01,MA,Morte por intervenção de Agente do Estado,16.0,0.0,0.0,16.0,0.0,0.0,16.0,vitimas
2026,2026-01-01,MA,Mortes a esclarecer (sem indício de crime),9.0,0.0,1.0,8.0,0.0,0.0,9.0,vitimas
2026,2026-01-01,MA,Mortes no trânsito,24.0,0.0,4.0,20.0,0.0,0.0,24.0,vitimas
2026,2026-01-01,MA,Pessoa Desaparecida,96.0,0.0,27.0,64.0,5.0,0.0,96.0,vitimas
2026,2026-01-01,MA,Pessoa Localizada,19.0,0.0,4.0,15.0,0.0,0.0,19.0,vitimas
2026,2026-01-01,MA,Realização de vistorias,0.0,508.0,0.0,0.0,0.0,0.0,508.0,ocorrencias
2026,2026-01-01,MA,Roubo a instituição financeira,0.0,0.0,0.0,0.0,0.0,0.0,0.0,ocorrencias
2026,2026-01-01,MA,Roubo de carga,0.0,3.0,0.0,0.0,0.0,0.0,3.0,ocorrencias
2026,2026-01-01,MA,Roubo de veículo,0.0,248.0,0.0,0.0,0.0,0.0,248.0,ocorrencias
2026,2026-01-01,MA,Roubo seguido de morte (latrocínio),5.0,0.0,0.0,5.0,0.0,0.0,5.0,vitimas
2026,2026-01-01,MA,Suicídio,33.0,0.0,8.0,25.0,0.0,0.0,33.0,vitimas
2026,2026-01-01,MA,Suicídio de Agente do Estado,0.0,0.0,0.0,0.0,0.0,0.0,0.0,vitimas
2026,2026-01-01,MA,Tentativa de feminicídio,13.0,0.0,13.0,0.0,0.0,0.0,13.0,vitimas
2026,2026-01-01,MA,Tentativa de homicídio,155.0,0.0,20.0,135.0,0.0,0.0,155.0,vitimas
2026,2026-01-01,MA,Tráfico de drogas,0.0,195.0,0.0,0.0,0.0,0.0,195.0,ocorrencias
2026,2026-01-01,MG,Apreensão de Cocaína,0.0,0.0,0.0,0.0,0.0,0.0,0.0,kg
2026,2026-01-01,MG,Apreensão de Maconha,0.0,0.0,0.0,0.0,0.0,0.0,0.0,kg
2026,2026-01-01,MG,Arma de Fogo Apreendida,0.0,1354.0,0.0,0.0,0.0,0.0,1354.0,ocorrencias
2026,2026-01-01,MG,Atendimento pré-hospitalar,0.0,6779.0,0.0,0.0,0.0,0.0,6779.0,ocorrencias
2026,2026-01-01,MG,Busca e salvamento,0.0,6990.0,0.0,0.0,0.0,0.0,6990.0,ocorrencias
2026,2026-01-01,MG,Combate a incêndios,0.0,1006.0,0.0,0.0,0.0,0.0,1006.0,ocorrencias
2026,2026-01-01,MG,Emissão de Alvarás de licença,0.0,295.0,0.0,0.0,0.0,0.0,295.0,ocorrencias
2026,2026-01-01,MG,Estupro,124.0,0.0,118.0,5.0,1.0,0.0,124.0,vitimas
2026,2026-01-01,MG,Estupro de vulnerável,315.0,0.0,270.0,42.0,3.0,0.0,315.0,vitimas
2026,2026-01-01,MG,Feminicídio,14.0,0.0,14.0,0.0,0.0,0.0,14.0,vitimas
2026,2026-01-01,MG,Furto de veículo,0.0,1856.0,0.0,0.0,0.0,0.0,1856.0,ocorrencias
2026,2026-01-01,MG,Homicídio doloso,178.0,0.0,18.0,160.0,0.0,0.0,178.0,vitimas
2026,2026-01-01,MG,Lesão corporal seguida de morte,0.0,0.0,0.0,0.0,0.0,0.0,0.0,vitimas
2026,2026-01-01,MG,Mandado de prisão cumprido,0.0,1124.0,0.0,0.0,0.0,0.0,1124.0,ocorrencias
2026,2026-01-01,MG,Morte de Agente do Estado,0.0,0.0,0.0,0.0,0.0,0.0,0.0,vitimas
2026,2026-01-01,MG,Morte no trânsito ou em decorrência dele (exceto homicídio doloso),169.0,0.0,32.0,136.0,1.0,0.0,169.0,vitimas
2026,2026-01-01,MG,Morte por intervenção de Agente do Estado,16.0,0.0,0.0,16.0,0.0,0.0,16.0,vitimas
2026,2026-01-01,MG,Mortes a esclarecer (sem indício de crime),0.0,0.0,0.0,0.0,0.0,0.0,0.0,vitimas
2026,2026-01-01,MG,Mortes no trânsito,67.0,0.0,17.0,48.0,2.0,0.0,67.0,vitimas
2026,2026-01-01,MG,Pessoa Desaparecida,811.0,0.0,284.0,527.0,0.0,0.0,811.0,vitimas
2026,2026-01-01,MG,Pessoa Localizada,537.0,0.0,204.0,332.0,1.0,0.0,537.0,vitimas
2026,2026-01-01,MG,Realização de vistorias,0.0,2646.0,0.0,0.0,0.0,0.0,2646.0,ocorrencias
2026,2026-01-01,MG,Roubo a instituição financeira,0.0,0.0,0.0,0.0,0.0,0.0,0.0,ocorrencias
2026,2026-01-01,MG,Roubo de carga,0.0,9.0,0.0,0.0,0.0,0.0,9.0,ocorrencias
2026,2026-01-01,MG,Roubo de veículo,0.0,238.0,0.0,0.0,0.0,0.0,238.0,ocorrencias
2026,2026-01-01,MG,Roubo seguido de morte (latrocínio),2.0,0.0,0.0,2.0,0.0,0.0,2.0,vitimas
2026,2026-01-01,MG,Suicídio,167.0,0.0,23.0,144.0,0.0,0.0,167.0,vitimas
2026,2026-01-01,MG,Suicídio de Agente do Estado,0.0,0.0,0.0,0.0,0.0,0.0,0.0,vitimas
2026,2026-01-01,MG,Tentativa de feminicídio,14.0,0.0,14.0,0.0,0.0,0.0,14.0,vitimas
2026,2026-01-01,MG,Tentativa de homicídio,187.0,0.0,14.0,173.0,0.0,0.0,187.0,vitimas
2026,2026-01-01,MG,Tráfico de drogas,0.0,3068.0,0.0,0.0,0.0,0.0,3068.0,ocorrencias
2026,2026-01-01,MS,Apreensão de Cocaína,0.0,0.0,0.0,0.0,0.0,137937.0,137937.0,kg
2026,2026-01-01,MS,Apreensão de Maconha,0.0,0.0,0.0,0.0,0.0,17780810.0,17780810.0,kg
2026,2026-01-01,MS,Arma de Fogo Apreendida,0.0,84.0,0.0,0.0,0.0,0.0,84.0,ocorrencias
2026,2026-01-01,MS,Atendimento pré-hospitalar,0.0,951.0,0.0,0.0,0.0,0.0,951.0,ocorrencias
2026,2026-01-01,MS,Busca e salvamento,0.0,2326.0,0.0,0.0,0.0,0.0,2326.0,ocorrencias
2026,2026-01-01,MS,Combate a incêndios,0.0,151.0,0.0,0.0,0.0,0.0,151.0,ocorrencias
2026,2026-01-01,MS,Emissão de Alvarás de licença,0.0,8316.0,0.0,0.0,0.0,0.0,8316.0,ocorrencias
2026,2026-01-01,MS,Estupro,60.0,0.0,51.0,5.0,4.0,0.0,60.0,vitimas
2026,2026-01-01,MS,Estupro de vulnerável,55.0,0.0,47.0,5.0,3.0,0.0,55.0,vitimas
2026,2026-01-01,MS,Feminicídio,2.0,0.0,2.0,0.0,0.0,0.0,2.0,vitimas
2026,2026-01-01,MS,Furto de veículo,0.0,84.0,0.0,0.0,0.0,0.0,84.0,ocorrencias
2026,2026-01-01,MS,Homicídio doloso,14.0,0.0,0.0,14.0,0.0,0.0,14.0,vitimas
2026,2026-01-01,MS,Lesão corporal seguida de morte,0.0,0.0,0.0,0.0,0.0,0.0,0.0,vitimas
2026,2026-01-01,MS,Mandado de prisão cumprido,0.0,119.0,0.0,0.0,0.0,0.0,119.0,ocorrencias
2026,2026-01-01,MS,Morte de Agente do Estado,0.0,0.0,0.0,0.0,0.0,0.0,0.0,vitimas
2026,2026-01-01,MS,Morte no trânsito ou em decorrência dele (exceto homicídio doloso),11.0,0.0,6.0,5.0,0.0,0.0,11.0,vitimas
2026,2026-01-01,MS,Morte por intervenção de Agente do Estado,8.0,0.0,0.0,8.0,0.0,0.0,8.0,vitimas
2026,2026-01-01,MS,Mortes a esclarecer (sem indício de crime),11.0,0.0,2.0,7.0,2.0,0.0,11.0,vitimas
2026,2026-01-01,MS,Mortes no trânsito,13.0,0.0,2.0,11.0,0.0,0.0,13.0,vitimas
2026,2026-01-01,MS,Pessoa Desaparecida,18.0,0.0,5.0,13.0,0.0,0.0,18.0,vitimas
2026,2026-01-01,MS,Pessoa Localizada,32.0,0.0,6.0,26.0,0.0,0.0,32.0,vitimas
2026,2026-01-01,MS,Realização de vistorias,0.0,1135.0,0.0,0.0,0.0,0.0,1135.0,ocorrencias
2026,2026-01-01,MS,Roubo a instituição financeira,0.0,0.0,0.0,0.0,0.0,0.0,0.0,ocorrencias
2026,2026-01-01,MS,Roubo de carga,0.0,0.0,0.0,0.0,0.0,0.0,0.0,ocorrencias
2026,2026-01-01,MS,Roubo de veículo,0.0,6.0,0.0,0.0,0.0,0.0,6.0,ocorrencias
2026,2026-01-01,MS,Roubo seguido de morte (latrocínio),0.0,0.0,0.0,0.0,0.0,0.0,0.0,vitimas
2026,2026-01-01,MS,Suicídio,24.0,0.0,9.0,15.0,0.0,0.0,24.0,vitimas
2026,2026-01-01,MS,Suicídio de Agente do Estado,0.0,0.0,0.0,0.0,0.0,0.0,0.0,vitimas
2026,2026-01-01,MS,Tentativa de feminicídio,1.0,0.0,1.0,0.0,0.0,0.0,1.0,vitimas
2026,2026-01-01,MS,Tentativa de homicídio,26.0,0.0,1.0,22.0,3.0,0.0,26.0,vitimas
2026,2026-01-01,MS,Tráfico de drogas,0.0,168.0,0.0,0.0,0.0,0.0,168.0,ocorrencias
2026,2026-01-01,MT,Apreensão de Cocaína,0.0,0.0,0.0,0.0,0.0,1320866.0,1320866.0,kg
2026,2026-01-01,MT,Apreensão de Maconha,0.0,0.0,0.0,0.0,0.0,798156.0,798156.0,kg
2026,2026-01-01,MT,Arma de Fogo Apreendida,0.0,198.0,0.0,0.0,0.0,0.0,198.0,ocorrencias
2026,2026-01-01,MT,Atendimento pré-hospitalar,0.0,4049.0,0.0,0.0,0.0,0.0,4049.0,ocorrencias
2026,2026-01-01,MT,Busca e salvamento,0.0,1086.0,0.0,0.0,0.0,0.0,1086.0,ocorrencias
2026,2026-01-01,MT,Combate a incêndios,0.0,256.0,0.0,0.0,0.0,0.0,256.0,ocorrencias
2026,2026-01-01,MT,Emissão de Alvarás de licença,0.0,5042.0,0.0,0.0,0.0,0.0,5042.0,ocorrencias
2026,2026-01-01,MT,Estupro,68.0,0.0,63.0,5.0,0.0,0.0,68.0,vitimas
2026,2026-01-01,MT,Estupro de vulnerável,108.0,0.0,98.0,10.0,0.0,0.0,108.0,vitimas
2026,2026-01-01,MT,Feminicídio,2.0,0.0,2.0,0.0,0.0,0.0,2.0,vitimas
2026,2026-01-01,MT,Furto de veículo,0.0,150.0,0.0,0.0,0.0,0.0,150.0,ocorrencias
2026,2026-01-01,MT,Homicídio doloso,58.0,0.0,3.0,54.0,1.0,0.0,58.0,vitimas
2026,2026-01-01,MT,Lesão corporal seguida de morte,1.0,0.0,1.0,0.0,0.0,0.0,1.0,vitimas
2026,2026-01-01,MT,Mandado de prisão cumprido,0.0,775.0,0.0,0.0,0.0,0.0,775.0,ocorrencias
2026,2026-01-01,MT,Morte de Agente do Estado,0.0,0.0,0.0,0.0,0.0,0.0,0.0,vitimas
2026,2026-01-01,MT,Morte no trânsito ou em decorrência dele (exceto homicídio doloso),82.0,0.0,18.0,64.0,0.0,0.0,82.0,vitimas
2026,2026-01-01,MT,Morte por intervenção de Agente do Estado,8.0,0.0,0.0,8.0,0.0,0.0,8.0,vitimas
2026,2026-01-01,MT,Mortes a esclarecer (sem indício de crime),26.0,0.0,7.0,19.0,0.0,0.0,26.0,vitimas
2026,2026-01-01,MT,Mortes no trânsito,19.0,0.0,5.0,14.0,0.0,0.0,19.0,vitimas
2026,2026-01-01,MT,Pessoa Desaparecida,169.0,0.0,45.0,124.0,0.0,0.0,169.0,vitimas
2026,2026-01-01,MT,Pessoa Localizada,96.0,0.0,21.0,75.0,0.0,0.0,96.0,vitimas
2026,2026-01-01,MT,Realização de vistorias,0.0,2080.0,0.0,0.0,0.0,0.0,2080.0,ocorrencias
2026,2026-01-01,MT,Roubo a instituição financeira,0.0,0.0,0.0,0.0,0.0,0.0,0.0,ocorrencias
2026,2026-01-01,MT,Roubo de carga,0.0,2.0,0.0,0.0,0.0,0.0,2.0,ocorrencias
2026,2026-01-01,MT,Roubo de veículo,0.0,46.0,0.0,0.0,0.0,0.0,46.0,ocorrencias
2026,2026-01-01,MT,Roubo seguido de morte (latrocínio),1.0,0.0,0.0,1.0,0.0,0.0,1.0,vitimas
2026,2026-01-01,MT,Suicídio,53.0,0.0,11.0,42.0,0.0,0.0,53.0,vitimas
2026,2026-01-01,MT,Suicídio de Agente do Estado,0.0,0.0,0.0,0.0,0.0,0.0,0.0,vitimas
2026,2026-01-01,MT,Tentativa de feminicídio,19.0,0.0,19.0,0.0,0.0,0.0,19.0,vitimas
2026,2026-01-01,MT,Tentativa de homicídio,127.0,0.0,11.0,116.0,0.0,0.0,127.0,vitimas
2026,2026-01-01,MT,Tráfico de drogas,0.0,471.0,0.0,0.0,0.0,0.0,471.0,ocorrencias
2026,2026-01-01,PA,Apreensão de Cocaína,0.0,0.0,0.0,0.0,0.0,61411.0,61411.0,kg
2026,2026-01-01,PA,Apreensão de Maconha,0.0,0.0,0.0,0.0,0.0,253912.0,253912.0,kg
2026,2026-01-01,PA,Arma de Fogo Apreendida,0.0,204.0,0.0,0.0,0.0,0.0,204.0,ocorrencias
2026,2026-01-01,PA,Atendimento pré-hospitalar,0.0,1542.0,0.0,0.0,0.0,0.0,1542.0,ocorrencias
2026,2026-01-01,PA,Busca e salvamento,0.0,56.0,0.0,0.0,0.0,0.0,56.0,ocorrencias
2026,2026-01-01,PA,Combate a incêndios,0.0,325.0,0.0,0.0,0.0,0.0,325.0,ocorrencias
2026,2026-01-01,PA,Emissão de Alvarás de licença,0.0,0.0,0.0,0.0,0.0,0.0,0.0,ocorrencias
2026,2026-01-01,PA,Estupro,73.0,0.0,68.0,4.0,1.0,0.0,73.0,vitimas
2026,2026-01-01,PA,Estupro de vulnerável,298.0,0.0,253.0,29.0,16.0,0.0,298.0,vitimas
2026,2026-01-01,PA,Feminicídio,6.0,0.0,6.0,0.0,0.0,0.0,6.0,vitimas
2026,2026-01-01,PA,Furto de veículo,0.0,250.0,0.0,0.0,0.0,0.0,250.0,ocorrencias
2026,2026-01-01,PA,Homicídio doloso,143.0,0.0,8.0,135.0,0.0,0.0,143.0,vitimas
2026,2026-01-01,PA,Lesão corporal seguida de morte,4.0,0.0,0.0,4.0,0.0,0.0,4.0,vitimas
2026,2026-01-01,PA,Mandado de prisão cumprido,0.0,459.0,0.0,0.0,0.0,0.0,459.0,ocorrencias
2026,2026-01-01,PA,Morte de Agente do Estado,1.0,0.0,0.0,1.0,0.0,0.0,1.0,vitimas
2026,2026-01-01,PA,Morte no trânsito ou em decorrência dele (exceto homicídio doloso),83.0,0.0,18.0,61.0,4.0,0.0,83.0,vitimas
2026,2026-01-01,PA,Morte por intervenção de Agente do Estado,66.0,0.0,0.0,66.0,0.0,0.0,66.0,vitimas
2026,2026-01-01,PA,Mortes a esclarecer (sem indício de crime),42.0,0.0,4.0,36.0,2.0,0.0,42.0,vitimas
2026,2026-01-01,PA,Mortes no trânsito,9.0,0.0,2.0,7.0,0.0,0.0,9.0,vitimas
2026,2026-01-01,PA,Pessoa Desaparecida,113.0,0.0,46.0,67.0,0.0,0.0,113.0,vitimas
2026,2026-01-01,PA,Pessoa Localizada,46.0,0.0,20.0,26.0,0.0,0.0,46.0,vitimas
2026,2026-01-01,PA,Realização de vistorias,0.0,0.0,0.0,0.0,0.0,0.0,0.0,ocorrencias
2026,2026-01-01,PA,Roubo a instituição financeira,0.0,0.0,0.0,0.0,0.0,0.0,0.0,ocorrencias
2026,2026-01-01,PA,Roubo de carga,0.0,8.0,0.0,0.0,0.0,0.0,8.0,ocorrencias
2026,2026-01-01,PA,Roubo de veículo,0.0,82.0,0.0,0.0,0.0,0.0,82.0,ocorrencias
2026,2026-01-01,PA,Roubo seguido de morte (latrocínio),5.0,0.0,0.0,5.0,0.0,0.0,5.0,vitimas
2026,2026-01-01,PA,Suicídio,48.0,0.0,15.0,33.0,0.0,0.0,48.0,vitimas
2026,2026-01-01,PA,Suicídio de Agente do Estado,1.0,0.0,0.0,1.0,0.0,0.0,1.0,vitimas
2026,2026-01-01,PA,Tentativa de feminicídio,21.0,0.0,20.0,1.0,0.0,0.0,21.0,vitimas
2026,2026-01-01,PA,Tentativa de homicídio,115.0,0.0,14.0,99.0,2.0,0.0,115.0,vitimas
2026,2026-01-01,PA,Tráfico de drogas,0.0,489.0,0.0,0.0,0.0,0.0,489.0,ocorrencias
2026,2026-01-01,PB,Apreensão de Cocaína,0.0,0.0,0.0,0.0,0.0,1696.0,1696.0,kg
2026,2026-01-01,PB,Apreensão de Maconha,0.0,0.0,0.0,0.0,0.0,14699.0,14699.0,kg
2026,2026-01-01,PB,Arma de Fogo Apreendida,0.0,292.0,0.0,0.0,0.0,0.0,292.0,ocorrencias
2026,2026-01-01,PB,Atendimento pré-hospitalar,0.0,401.0,0.0,0.0,0.0,0.0,401.0,ocorrencias
2026,2026-01-01,PB,Busca e salvamento,0.0,390.0,0.0,0.0,0.0,0.0,390.0,ocorrencias
2026,2026-01-01,PB,Combate a incêndios,0.0,588.0,0.0,0.0,0.0,0.0,588.0,ocorrencias
2026,2026-01-01,PB,Emissão de Alvarás de licença,0.0,2190.0,0.0,0.0,0.0,0.0,2190.0,ocorrencias
2026,2026-01-01,PB,Estupro,20.0,0.0,19.0,1.0,0.0,0.0,20.0,vitimas
2026,2026-01-01,PB,Estupro de vulnerável,76.0,0.0,66.0,10.0,0.0,0.0,76.0,vitimas
2026,2026-01-01,PB,Feminicídio,4.0,0.0,4.0,0.0,0.0,0.0,4.0,vitimas
2026,2026-01-01,PB,Furto de veículo,0.0,154.0,0.0,0.0,0.0,0.0,154.0,ocorrencias
2026,2026-01-01,PB,Homicídio doloso,66.0,0.0,3.0,63.0,0.0,0.0,66.0,vitimas
2026,2026-01-01,PB,Lesão corporal seguida de morte,3.0,0.0,0.0,3.0,0.0,0.0,3.0,vitimas
2026,2026-01-01,PB,Mandado de prisão cumprido,0.0,341.0,0.0,0.0,0.0,0.0,341.0,ocorrencias
2026,2026-01-01,PB,Morte de Agente do Estado,0.0,0.0,0.0,0.0,0.0,0.0,0.0,vitimas
2026,2026-01-01,PB,Morte no trânsito ou em decorrência dele (exceto homicídio doloso),87.0,0.0,9.0,78.0,0.0,0.0,87.0,vitimas
2026,2026-01-01,PB,Morte por intervenção de Agente do Estado,9.0,0.0,0.0,9.0,0.0,0.0,9.0,vitimas
2026,2026-01-01,PB,Mortes a esclarecer (sem indício de crime),0.0,0.0,0.0,0.0,0.0,0.0,0.0,vitimas
2026,2026-01-01,PB,Mortes no trânsito,10.0,0.0,3.0,7.0,0.0,0.0,10.0,vitimas
2026,2026-01-01,PB,Pessoa Desaparecida,79.0,0.0,19.0,60.0,0.0,0.0,79.0,vitimas
2026,2026-01-01,PB,Pessoa Localizada,64.0,0.0,18.0,46.0,0.0,0.0,64.0,vitimas
2026,2026-01-01,PB,Realização de vistorias,0.0,1208.0,0.0,0.0,0.0,0.0,1208.0,ocorrencias
2026,2026-01-01,PB,Roubo a instituição financeira,0.0,0.0,0.0,0.0,0.0,0.0,0.0,ocorrencias
2026,2026-01-01,PB,Roubo de carga,0.0,1.0,0.0,0.0,0.0,0.0,1.0,ocorrencias
2026,2026-01-01,PB,Roubo de veículo,0.0,372.0,0.0,0.0,0.0,0.0,372.0,ocorrencias
2026,2026-01-01,PB,Roubo seguido de morte (latrocínio),2.0,0.0,0.0,2.0,0.0,0.0,2.0,vitimas
2026,2026-01-01,PB,Suicídio,39.0,0.0,5.0,34.0,0.0,0.0,39.0,vitimas
2026,2026-01-01,PB,Suicídio de Agente do Estado,0.0,0.0,0.0,0.0,0.0,0.0,0.0,vitimas
2026,2026-01-01,PB,Tentativa de feminicídio,3.0,0.0,3.0,0.0,0.0,0.0,3.0,vitimas
2026,2026-01-01,PB,Tentativa de homicídio,72.0,0.0,6.0,66.0,0.0,0.0,72.0,vitimas
2026,2026-01-01,PB,Tráfico de drogas,0.0,270.0,0.0,0.0,0.0,0.0,270.0,ocorrencias
2026,2026-01-01,PE,Apreensão de Cocaína,0.0,0.0,0.0,0.0,0.0,3591.0,3591.0,kg
2026,2026-01-01,PE,Apreensão de Maconha,0.0,0.0,0.0,0.0,0.0,44797.0,44797.0,kg
2026,2026-01-01,PE,Arma de Fogo Apreendida,0.0,494.0,0.0,0.0,0.0,0.0,494.0,ocorrencias
2026,2026-01-01,PE,Atendimento pré-hospitalar,0.0,1704.0,0.0,0.0,0.0,0.0,1704.0,ocorrencias
2026,2026-01-01,PE,Busca e salvamento,0.0,424.0,0.0,0.0,0.0,0.0,424.0,ocorrencias
2026,2026-01-01,PE,Combate a incêndios,0.0,871.0,0.0,0.0,0.0,0.0,871.0,ocorrencias
2026,2026-01-01,PE,Emissão de Alvarás de licença,0.0,10759.0,0.0,0.0,0.0,0.0,10759.0,ocorrencias
2026,2026-01-01,PE,Estupro,58.0,0.0,55.0,3.0,0.0,0.0,58.0,vitimas
2026,2026-01-01,PE,Estupro de vulnerável,135.0,0.0,107.0,28.0,0.0,0.0,135.0,vitimas
2026,2026-01-01,PE,Feminicídio,10.0,0.0,10.0,0.0,0.0,0.0,10.0,vitimas
2026,2026-01-01,PE,Furto de veículo,0.0,521.0,0.0,0.0,0.0,0.0,521.0,ocorrencias
2026,2026-01-01,PE,Homicídio doloso,237.0,0.0,6.0,231.0,0.0,0.0,237.0,vitimas
2026,2026-01-01,PE,Lesão corporal seguida de morte,2.0,0.0,0.0,2.0,0.0,0.0,2.0,vitimas
2026,2026-01-01,PE,Mandado de prisão cumprido,0.0,677.0,0.0,0.0,0.0,0.0,677.0,ocorrencias
2026,2026-01-01,PE,Morte de Agente do Estado,0.0,0.0,0.0,0.0,0.0,0.0,0.0,vitimas
2026,2026-01-01,PE,Morte no trânsito ou em decorrência dele (exceto homicídio doloso),154.0,0.0,30.0,123.0,1.0,0.0,154.0,vitimas
2026,2026-01-01,PE,Morte por intervenção de Agente do Estado,5.0,0.0,0.0,5.0,0.0,0.0,5.0,vitimas
2026,2026-01-01,PE,Mortes a esclarecer (sem indício de crime),39.0,0.0,14.0,24.0,1.0,0.0,39.0,vitimas
2026,2026-01-01,PE,Mortes no trânsito,23.0,0.0,3.0,20.0,0.0,0.0,23.0,vitimas
2026,2026-01-01,PE,Pessoa Desaparecida,230.0,0.0,76.0,143.0,11.0,0.0,230.0,vitimas
2026,2026-01-01,PE,Pessoa Localizada,69.0,0.0,24.0,43.0,2.0,0.0,69.0,vitimas
2026,2026-01-01,PE,Realização de vistorias,0.0,4398.0,0.0,0.0,0.0,0.0,4398.0,ocorrencias
2026,2026-01-01,PE,Roubo a instituição financeira,0.0,0.0,0.0,0.0,0.0,0.0,0.0,ocorrencias
2026,2026-01-01,PE,Roubo de carga,0.0,28.0,0.0,0.0,0.0,0.0,28.0,ocorrencias
2026,2026-01-01,PE,Roubo de veículo,0.0,768.0,0.0,0.0,0.0,0.0,768.0,ocorrencias
2026,2026-01-01,PE,Roubo seguido de morte (latrocínio),4.0,0.0,0.0,4.0,0.0,0.0,4.0,vitimas
2026,2026-01-01,PE,Suicídio,60.0,0.0,16.0,44.0,0.0,0.0,60.0,vitimas
2026,2026-01-01,PE,Suicídio de Agente do Estado,1.0,0.0,0.0,1.0,0.0,0.0,1.0,vitimas
2026,2026-01-01,PE,Tentativa de feminicídio,17.0,0.0,17.0,0.0,0.0,0.0,17.0,vitimas
2026,2026-01-01,PE,Tentativa de homicídio,178.0,0.0,16.0,162.0,0.0,0.0,178.0,vitimas
2026,2026-01-01,PE,Tráfico de drogas,0.0,895.0,0.0,0.0,0.0,0.0,895.0,ocorrencias
2026,2026-01-01,PI,Apreensão de Cocaína,0.0,0.0,0.0,0.0,0.0,7.0,7.0,kg
2026,2026-01-01,PI,Apreensão de Maconha,0.0,0.0,0.0,0.0,0.0,506.0,506.0,kg
2026,2026-01-01,PI,Arma de Fogo Apreendida,0.0,128.0,0.0,0.0,0.0,0.0,128.0,ocorrencias
2026,2026-01-01,PI,Atendimento pré-hospitalar,0.0,53.0,0.0,0.0,0.0,0.0,53.0,ocorrencias
2026,2026-01-01,PI,Busca e salvamento,0.0,221.0,0.0,0.0,0.0,0.0,221.0,ocorrencias
2026,2026-01-01,PI,Combate a incêndios,0.0,245.0,0.0,0.0,0.0,0.0,245.0,ocorrencias
2026,2026-01-01,PI,Emissão de Alvarás de licença,0.0,589.0,0.0,0.0,0.0,0.0,589.0,ocorrencias
2026,2026-01-01,PI,Estupro,17.0,0.0,17.0,0.0,0.0,0.0,17.0,vitimas
2026,2026-01-01,PI,Estupro de vulnerável,54.0,0.0,48.0,6.0,0.0,0.0,54.0,vitimas
2026,2026-01-01,PI,Feminicídio,3.0,0.0,3.0,0.0,0.0,0.0,3.0,vitimas
2026,2026-01-01,PI,Furto de veículo,0.0,161.0,0.0,0.0,0.0,0.0,161.0,ocorrencias
2026,2026-01-01,PI,Homicídio doloso,41.0,0.0,2.0,39.0,0.0,0.0,41.0,vitimas
2026,2026-01-01,PI,Lesão corporal seguida de morte,2.0,0.0,0.0,2.0,0.0,0.0,2.0,vitimas
2026,2026-01-01,PI,Mandado de prisão cumprido,0.0,316.0,0.0,0.0,0.0,0.0,316.0,ocorrencias
2026,2026-01-01,PI,Morte de Agente do Estado,0.0,0.0,0.0,0.0,0.0,0.0,0.0,vitimas
2026,2026-01-01,PI,Morte no trânsito ou em decorrência dele (exceto homicídio doloso),19.0,0.0,4.0,15.0,0.0,0.0,19.0,vitimas
2026,2026-01-01,PI,Morte por intervenção de Agente do Estado,6.0,0.0,1.0,5.0,0.0,0.0,6.0,vitimas
2026,2026-01-01,PI,Mortes a esclarecer (sem indício de crime),14.0,0.0,5.0,9.0,0.0,0.0,14.0,vitimas
2026,2026-01-01,PI,Mortes no trânsito,15.0,0.0,2.0,12.0,1.0,0.0,15.0,vitimas
2026,2026-01-01,PI,Pessoa Desaparecida,67.0,0.0,16.0,48.0,3.0,0.0,67.0,vitimas
2026,2026-01-01,PI,Pessoa Localizada,38.0,0.0,10.0,28.0,0.0,0.0,38.0,vitimas
2026,2026-01-01,PI,Realização de vistorias,0.0,955.0,0.0,0.0,0.0,0.0,955.0,ocorrencias
2026,2026-01-01,PI,Roubo a instituição financeira,0.0,0.0,0.0,0.0,0.0,0.0,0.0,ocorrencias
2026,2026-01-01,PI,Roubo de carga,0.0,1.0,0.0,0.0,0.0,0.0,1.0,ocorrencias
2026,2026-01-01,PI,Roubo de veículo,0.0,242.0,0.0,0.0,0.0,0.0,242.0,ocorrencias
2026,2026-01-01,PI,Roubo seguido de morte (latrocínio),0.0,0.0,0.0,0.0,0.0,0.0,0.0,vitimas
2026,2026-01-01,PI,Suicídio,31.0,0.0,8.0,23.0,0.0,0.0,31.0,vitimas
2026,2026-01-01,PI,Suicídio de Agente do Estado,0.0,0.0,0.0,0.0,0.0,0.0,0.0,vitimas
2026,2026-01-01,PI,Tentativa de feminicídio,3.0,0.0,3.0,0.0,0.0,0.0,3.0,vitimas
2026,2026-01-01,PI,Tentativa de homicídio,49.0,0.0,9.0,38.0,2.0,0.0,49.0,vitimas
2026,2026-01-01,PI,Tráfico de drogas,0.0,238.0,0.0,0.0,0.0,0.0,238.0,ocorrencias
2026,2026-01-01,PR,Apreensão de Cocaína,0.0,0.0,0.0,0.0,0.0,571676.0,571676.0,kg
2026,2026-01-01,PR,Apreensão de Maconha,0.0,0.0,0.0,0.0,0.0,19835727.0,19835727.0,kg
2026,2026-01-01,PR,Arma de Fogo Apreendida,0.0,452.0,0.0,0.0,0.0,0.0,452.0,ocorrencias
2026,2026-01-01,PR,Atendimento pré-hospitalar,0.0,2877.0,0.0,0.0,0.0,0.0,2877.0,ocorrencias
2026,2026-01-01,PR,Busca e salvamento,0.0,1923.0,0.0,0.0,0.0,0.0,1923.0,ocorrencias
2026,2026-01-01,PR,Combate a incêndios,0.0,1249.0,0.0,0.0,0.0,0.0,1249.0,ocorrencias
2026,2026-01-01,PR,Emissão de Alvarás de licença,0.0,21363.0,0.0,0.0,0.0,0.0,21363.0,ocorrencias
2026,2026-01-01,PR,Estupro,117.0,0.0,109.0,8.0,0.0,0.0,117.0,vitimas
2026,2026-01-01,PR,Estupro de vulnerável,345.0,0.0,284.0,60.0,1.0,0.0,345.0,vitimas
2026,2026-01-01,PR,Feminicídio,11.0,0.0,11.0,0.0,0.0,0.0,11.0,vitimas
2026,2026-01-01,PR,Furto de veículo,0.0,698.0,0.0,0.0,0.0,0.0,698.0,ocorrencias
2026,2026-01-01,PR,Homicídio doloso,109.0,0.0,4.0,103.0,2.0,0.0,109.0,vitimas
2026,2026-01-01,PR,Lesão corporal seguida de morte,3.0,0.0,0.0,3.0,0.0,0.0,3.0,vitimas
2026,2026-01-01,PR,Mandado de prisão cumprido,0.0,3011.0,0.0,0.0,0.0,0.0,3011.0,ocorrencias
2026,2026-01-01,PR,Morte de Agente do Estado,0.0,0.0,0.0,0.0,0.0,0.0,0.0,vitimas
2026,2026-01-01,PR,Morte no trânsito ou em decorrência dele (exceto homicídio doloso),65.0,0.0,14.0,51.0,0.0,0.0,65.0,vitimas
2026,2026-01-01,PR,Morte por intervenção de Agente do Estado,53.0,0.0,3.0,50.0,0.0,0.0,53.0,vitimas
2026,2026-01-01,PR,Mortes a esclarecer (sem indício de crime),3.0,0.0,1.0,2.0,0.0,0.0,3.0,vitimas
2026,2026-01-01,PR,Mortes no trânsito,54.0,0.0,9.0,45.0,0.0,0.0,54.0,vitimas
2026,2026-01-01,PR,Pessoa Desaparecida,523.0,0.0,211.0,312.0,0.0,0.0,523.0,vitimas
2026,2026-01-01,PR,Pessoa Localizada,361.0,0.0,154.0,207.0,0.0,0.0,361.0,vitimas
2026,2026-01-01,PR,Realização de vistorias,0.0,3991.0,0.0,0.0,0.0,0.0,3991.0,ocorrencias
2026,2026-01-01,PR,Roubo a instituição financeira,0.0,0.0,0.0,0.0,0.0,0.0,0.0,ocorrencias
2026,2026-01-01,PR,Roubo de carga,0.0,0.0,0.0,0.0,0.0,0.0,0.0,ocorrencias
2026,2026-01-01,PR,Roubo de veículo,0.0,126.0,0.0,0.0,0.0,0.0,126.0,ocorrencias
2026,2026-01-01,PR,Roubo seguido de morte (latrocínio),5.0,0.0,1.0,4.0,0.0,0.0,5.0,vitimas
2026,2026-01-01,PR,Suicídio,49.0,0.0,8.0,41.0,0.0,0.0,49.0,vitimas
2026,2026-01-01,PR,Suicídio de Agente do Estado,2.0,0.0,1.0,1.0,0.0,0.0,2.0,vitimas
2026,2026-01-01,PR,Tentativa de feminicídio,7.0,0.0,7.0,0.0,0.0,0.0,7.0,vitimas
2026,2026-01-01,PR,Tentativa de homicídio,82.0,0.0,13.0,69.0,0.0,0.0,82.0,vitimas
2026,2026-01-01,PR,Tráfico de drogas,0.0,1257.0,0.0,0.0,0.0,0.0,1257.0,ocorrencias
2026,2026-01-01,RJ,Apreensão de Cocaína,0.0,0.0,0.0,0.0,0.0,4.0,4.0,kg
2026,2026-01-01,RJ,Apreensão de Maconha,0.0,0.0,0.0,0.0,0.0,697.0,697.0,kg
2026,2026-01-01,RJ,Arma de Fogo Apreendida,0.0,586.0,0.0,0.0,0.0,0.0,586.0,ocorrencias
2026,2026-01-01,RJ,Atendimento pré-hospitalar,0.0,11630.0,0.0,0.0,0.0,0.0,11630.0,ocorrencias
2026,2026-01-01,RJ,Busca e salvamento,0.0,12837.0,0.0,0.0,0.0,0.0,12837.0,ocorrencias
2026,2026-01-01,RJ,Combate a incêndios,0.0,4227.0,0.0,0.0,0.0,0.0,4227.0,ocorrencias
2026,2026-01-01,RJ,Emissão de Alvarás de licença,0.0,3528.0,0.0,0.0,0.0,0.0,3528.0,ocorrencias
2026,2026-01-01,RJ,Estupro,493.0,0.0,410.0,69.0,14.0,0.0,493.0,vitimas
2026,2026-01-01,RJ,Estupro de vulnerável,0.0,0.0,0.0,0.0,0.0,0.0,0.0,vitimas
2026,2026-01-01,RJ,Feminicídio,9.0,0.0,8.0,0.0,1.0,0.0,9.0,vitimas
2026,2026-01-01,RJ,Furto de veículo,0.0,1306.0,0.0,0.0,0.0,0.0,1306.0,ocorrencias
2026,2026-01-01,RJ,Homicídio doloso,309.0,0.0,35.0,254.0,20.0,0.0,309.0,vitimas
2026,2026-01-01,RJ,Lesão corporal seguida de morte,3.0,0.0,0.0,3.0,0.0,0.0,3.0,vitimas
2026,2026-01-01,RJ,Mandado de prisão cumprido,0.0,961.0,0.0,0.0,0.0,0.0,961.0,ocorrencias
2026,2026-01-01,RJ,Morte de Agente do Estado,5.0,0.0,0.0,5.0,0.0,0.0,5.0,vitimas
2026,2026-01-01,RJ,Morte no trânsito ou em decorrência dele (exceto homicídio doloso),189.0,0.0,37.0,145.0,7.0,0.0,189.0,vitimas
2026,2026-01-01,RJ,Morte por intervenção de Agente do Estado,73.0,0.0,0.0,72.0,1.0,0.0,73.0,vitimas
2026,2026-01-01,RJ,Mortes a esclarecer (sem indício de crime),238.0,0.0,84.0,152.0,2.0,0.0,238.0,vitimas
2026,2026-01-01,RJ,Mortes no trânsito,32.0,0.0,8.0,24.0,0.0,0.0,32.0,vitimas
2026,2026-01-01,RJ,Pessoa Desaparecida,596.0,0.0,184.0,411.0,1.0,0.0,596.0,vitimas
2026,2026-01-01,RJ,Pessoa Localizada,241.0,0.0,1.0,11.0,229.0,0.0,241.0,vitimas
2026,2026-01-01,RJ,Realização de vistorias,0.0,427.0,0.0,0.0,0.0,0.0,427.0,ocorrencias
2026,2026-01-01,RJ,Roubo a instituição financeira,0.0,2.0,0.0,0.0,0.0,0.0,2.0,ocorrencias
2026,2026-01-01,RJ,Roubo de carga,0.0,425.0,0.0,0.0,0.0,0.0,425.0,ocorrencias
2026,2026-01-01,RJ,Roubo de veículo,0.0,3265.0,0.0,0.0,0.0,0.0,3265.0,ocorrencias
2026,2026-01-01,RJ,Roubo seguido de morte (latrocínio),11.0,0.0,1.0,10.0,0.0,0.0,11.0,vitimas
2026,2026-01-01,RJ,Suicídio,88.0,0.0,25.0,63.0,0.0,0.0,88.0,vitimas
2026,2026-01-01,RJ,Suicídio de Agente do Estado,0.0,0.0,0.0,0.0,0.0,0.0,0.0,vitimas
2026,2026-01-01,RJ,Tentativa de feminicídio,0.0,0.0,0.0,0.0,0.0,0.0,0.0,vitimas
2026,2026-01-01,RJ,Tentativa de homicídio,412.0,0.0,57.0,339.0,16.0,0.0,412.0,vitimas
2026,2026-01-01,RJ,Tráfico de drogas,0.0,1889.0,0.0,0.0,0.0,0.0,1889.0,ocorrencias
2026,2026-01-01,RN,Apreensão de Cocaína,0.0,0.0,0.0,0.0,0.0,15623.0,15623.0,kg
2026,2026-01-01,RN,Apreensão de Maconha,0.0,0.0,0.0,0.0,0.0,54364.0,54364.0,kg
2026,2026-01-01,RN,Arma de Fogo Apreendida,0.0,179.0,0.0,0.0,0.0,0.0,179.0,ocorrencias
2026,2026-01-01,RN,Atendimento pré-hospitalar,0.0,168.0,0.0,0.0,0.0,0.0,168.0,ocorrencias
2026,2026-01-01,RN,Busca e salvamento,0.0,488.0,0.0,0.0,0.0,0.0,488.0,ocorrencias
2026,2026-01-01,RN,Combate a incêndios,0.0,404.0,0.0,0.0,0.0,0.0,404.0,ocorrencias
2026,2026-01-01,RN,Emissão de Alvarás de licença,0.0,536.0,0.0,0.0,0.0,0.0,536.0,ocorrencias
2026,2026-01-01,RN,Estupro,54.0,0.0,19.0,35.0,0.0,0.0,54.0,vitimas
2026,2026-01-01,RN,Estupro de vulnerável,9.0,0.0,1.0,8.0,0.0,0.0,9.0,vitimas
2026,2026-01-01,RN,Feminicídio,3.0,0.0,3.0,0.0,0.0,0.0,3.0,vitimas
2026,2026-01-01,RN,Furto de veículo,0.0,134.0,0.0,0.0,0.0,0.0,134.0,ocorrencias
2026,2026-01-01,RN,Homicídio doloso,81.0,0.0,5.0,76.0,0.0,0.0,81.0,vitimas
2026,2026-01-01,RN,Lesão corporal seguida de morte,0.0,0.0,0.0,0.0,0.0,0.0,0.0,vitimas
2026,2026-01-01,RN,Mandado de prisão cumprido,0.0,256.0,0.0,0.0,0.0,0.0,256.0,ocorrencias
2026,2026-01-01,RN,Morte de Agente do Estado,0.0,0.0,0.0,0.0,0.0,0.0,0.0,vitimas
2026,2026-01-01,RN,Morte no trânsito ou em decorrência dele (exceto homicídio doloso),48.0,0.0,10.0,37.0,1.0,0.0,48.0,vitimas
2026,2026-01-01,RN,Morte por intervenção de Agente do Estado,20.0,0.0,1.0,19.0,0.0,0.0,20.0,vitimas
2026,2026-01-01,RN,Mortes a esclarecer (sem indício de crime),41.0,0.0,18.0,21.0,2.0,0.0,41.0,vitimas
2026,2026-01-01,RN,Mortes no trânsito,10.0,0.0,1.0,9.0,0.0,0.0,10.0,vitimas
2026,2026-01-01,RN,Pessoa Desaparecida,64.0,0.0,14.0,50.0,0.0,0.0,64.0,vitimas
2026,2026-01-01,RN,Pessoa Localizada,40.0,0.0,7.0,33.0,0.0,0.0,40.0,vitimas
2026,2026-01-01,RN,Realização de vistorias,0.0,523.0,0.0,0.0,0.0,0.0,523.0,ocorrencias
2026,2026-01-01,RN,Roubo a instituição financeira,0.0,0.0,0.0,0.0,0.0,0.0,0.0,ocorrencias
2026,2026-01-01,RN,Roubo de carga,0.0,0.0,0.0,0.0,0.0,0.0,0.0,ocorrencias
2026,2026-01-01,RN,Roubo de veículo,0.0,87.0,0.0,0.0,0.0,0.0,87.0,ocorrencias
2026,2026-01-01,RN,Roubo seguido de morte (latrocínio),1.0,0.0,0.0,1.0,0.0,0.0,1.0,vitimas
2026,2026-01-01,RN,Suicídio,21.0,0.0,6.0,15.0,0.0,0.0,21.0,vitimas
2026,2026-01-01,RN,Suicídio de Agente do Estado,0.0,0.0,0.0,0.0,0.0,0.0,0.0,vitimas
2026,2026-01-01,RN,Tentativa de feminicídio,5.0,0.0,5.0,0.0,0.0,0.0,5.0,vitimas
2026,2026-01-01,RN,Tentativa de homicídio,69.0,0.0,12.0,53.0,4.0,0.0,69.0,vitimas
2026,2026-01-01,RN,Tráfico de drogas,0.0,228.0,0.0,0.0,0.0,0.0,228.0,ocorrencias
2026,2026-01-01,RO,Apreensão de Cocaína,0.0,0.0,0.0,0.0,0.0,6.0,6.0,kg
2026,2026-01-01,RO,Apreensão de Maconha,0.0,0.0,0.0,0.0,0.0,256.0,256.0,kg
2026,2026-01-01,RO,Arma de Fogo Apreendida,0.0,121.0,0.0,0.0,0.0,0.0,121.0,ocorrencias
2026,2026-01-01,RO,Atendimento pré-hospitalar,0.0,0.0,0.0,0.0,0.0,0.0,0.0,ocorrencias
2026,2026-01-01,RO,Busca e salvamento,0.0,0.0,0.0,0.0,0.0,0.0,0.0,ocorrencias
2026,2026-01-01,RO,Combate a incêndios,0.0,0.0,0.0,0.0,0.0,0.0,0.0,ocorrencias
2026,2026-01-01,RO,Emissão de Alvarás de licença,0.0,0.0,0.0,0.0,0.0,0.0,0.0,ocorrencias
2026,2026-01-01,RO,Estupro,29.0,0.0,25.0,3.0,1.0,0.0,29.0,vitimas
2026,2026-01-01,RO,Estupro de vulnerável,69.0,0.0,59.0,7.0,3.0,0.0,69.0,vitimas
2026,2026-01-01,RO,Feminicídio,0.0,0.0,0.0,0.0,0.0,0.0,0.0,vitimas
2026,2026-01-01,RO,Furto de veículo,0.0,116.0,0.0,0.0,0.0,0.0,116.0,ocorrencias
2026,2026-01-01,RO,Homicídio doloso,29.0,0.0,0.0,28.0,1.0,0.0,29.0,vitimas
2026,2026-01-01,RO,Lesão corporal seguida de morte,0.0,0.0,0.0,0.0,0.0,0.0,0.0,vitimas
2026,2026-01-01,RO,Mandado de prisão cumprido,0.0,218.0,0.0,0.0,0.0,0.0,218.0,ocorrencias
2026,2026-01-01,RO,Morte de Agente do Estado,0.0,0.0,0.0,0.0,0.0,0.0,0.0,vitimas
2026,2026-01-01,RO,Morte no trânsito ou em decorrência dele (exceto homicídio doloso),35.0,0.0,4.0,31.0,0.0,0.0,35.0,vitimas
2026,2026-01-01,RO,Morte por intervenção de Agente do Estado,0.0,0.0,0.0,0.0,0.0,0.0,0.0,vitimas
2026,2026-01-01,RO,Mortes a esclarecer (sem indício de crime),40.0,0.0,3.0,37.0,0.0,0.0,40.0,vitimas
2026,2026-01-01,RO,Mortes no trânsito,9.0,0.0,1.0,8.0,0.0,0.0,9.0,vitimas
2026,2026-01-01,RO,Pessoa Desaparecida,87.0,0.0,23.0,64.0,0.0,0.0,87.0,vitimas
2026,2026-01-01,RO,Pessoa Localizada,2.0,0.0,1.0,1.0,0.0,0.0,2.0,vitimas
2026,2026-01-01,RO,Realização de vistorias,0.0,0.0,0.0,0.0,0.0,0.0,0.0,ocorrencias
2026,2026-01-01,RO,Roubo a instituição financeira,0.0,0.0,0.0,0.0,0.0,0.0,0.0,ocorrencias
2026,2026-01-01,RO,Roubo de carga,0.0,0.0,0.0,0.0,0.0,0.0,0.0,ocorrencias
2026,2026-01-01,RO,Roubo de veículo,0.0,38.0,0.0,0.0,0.0,0.0,38.0,ocorrencias
2026,2026-01-01,RO,Roubo seguido de morte (latrocínio),0.0,0.0,0.0,0.0,0.0,0.0,0.0,vitimas
2026,2026-01-01,RO,Suicídio,13.0,0.0,5.0,8.0,0.0,0.0,13.0,vitimas
2026,2026-01-01,RO,Suicídio de Agente do Estado,0.0,0.0,0.0,0.0,0.0,0.0,0.0,vitimas
2026,2026-01-01,RO,Tentativa de feminicídio,4.0,0.0,4.0,0.0,0.0,0.0,4.0,vitimas
2026,2026-01-01,RO,Tentativa de homicídio,65.0,0.0,7.0,58.0,0.0,0.0,65.0,vitimas
2026,2026-01-01,RO,Tráfico de drogas,0.0,191.0,0.0,0.0,0.0,0.0,191.0,ocorrencias
2026,2026-01-01,RR,Apreensão de Cocaína,0.0,0.0,0.0,0.0,0.0,518.0,518.0,kg
2026,2026-01-01,RR,Apreensão de Maconha,0.0,0.0,0.0,0.0,0.0,2458.0,2458.0,kg
2026,2026-01-01,RR,Arma de Fogo Apreendida,0.0,22.0,0.0,0.0,0.0,0.0,22.0,ocorrencias
2026,2026-01-01,RR,Atendimento pré-hospitalar,0.0,206.0,0.0,0.0,0.0,0.0,206.0,ocorrencias
2026,2026-01-01,RR,Busca e salvamento,0.0,186.0,0.0,0.0,0.0,0.0,186.0,ocorrencias
2026,2026-01-01,RR,Combate a incêndios,0.0,293.0,0.0,0.0,0.0,0.0,293.0,ocorrencias
2026,2026-01-01,RR,Emissão de Alvarás de licença,0.0,130.0,0.0,0.0,0.0,0.0,130.0,ocorrencias
2026,2026-01-01,RR,Estupro,8.0,0.0,6.0,1.0,1.0,0.0,8.0,vitimas
2026,2026-01-01,RR,Estupro de vulnerável,31.0,0.0,27.0,2.0,2.0,0.0,31.0,vitimas
2026,2026-01-01,RR,Feminicídio,0.0,0.0,0.0,0.0,0.0,0.0,0.0,vitimas
2026,2026-01-01,RR,Furto de veículo,0.0,41.0,0.0,0.0,0.0,0.0,41.0,ocorrencias
2026,2026-01-01,RR,Homicídio doloso,11.0,0.0,1.0,10.0,0.0,0.0,11.0,vitimas
2026,2026-01-01,RR,Lesão corporal seguida de morte,0.0,0.0,0.0,0.0,0.0,0.0,0.0,vitimas
2026,2026-01-01,RR,Mandado de prisão cumprido,0.0,76.0,0.0,0.0,0.0,0.0,76.0,ocorrencias
2026,2026-01-01,RR,Morte de Agente do Estado,0.0,0.0,0.0,0.0,0.0,0.0,0.0,vitimas
2026,2026-01-01,RR,Morte no trânsito ou em decorrência dele (exceto homicídio doloso),17.0,0.0,3.0,14.0,0.0,0.0,17.0,vitimas
2026,2026-01-01,RR,Morte por intervenção de Agente do Estado,0.0,0.0,0.0,0.0,0.0,0.0,0.0,vitimas
2026,2026-01-01,RR,Mortes a esclarecer (sem indício de crime),8.0,0.0,3.0,5.0,0.0,0.0,8.0,vitimas
2026,2026-01-01,RR,Mortes no trânsito,3.0,0.0,0.0,3.0,0.0,0.0,3.0,vitimas
2026,2026-01-01,RR,Pessoa Desaparecida,55.0,0.0,18.0,36.0,1.0,0.0,55.0,vitimas
2026,2026-01-01,RR,Pessoa Localizada,31.0,0.0,9.0,22.0,0.0,0.0,31.0,vitimas
2026,2026-01-01,RR,Realização de vistorias,0.0,50.0,0.0,0.0,0.0,0.0,50.0,ocorrencias
2026,2026-01-01,RR,Roubo a instituição financeira,0.0,0.0,0.0,0.0,0.0,0.0,0.0,ocorrencias
2026,2026-01-01,RR,Roubo de carga,0.0,0.0,0.0,0.0,0.0,0.0,0.0,ocorrencias
2026,2026-01-01,RR,Roubo de veículo,0.0,8.0,0.0,0.0,0.0,0.0,8.0,ocorrencias
2026,2026-01-01,RR,Roubo seguido de morte (latrocínio),0.0,0.0,0.0,0.0,0.0,0.0,0.0,vitimas
2026,2026-01-01,RR,Suicídio,8.0,0.0,2.0,6.0,0.0,0.0,8.0,vitimas
2026,2026-01-01,RR,Suicídio de Agente do Estado,0.0,0.0,0.0,0.0,0.0,0.0,0.0,vitimas
2026,2026-01-01,RR,Tentativa de feminicídio,3.0,0.0,3.0,0.0,0.0,0.0,3.0,vitimas
2026,2026-01-01,RR,Tentativa de homicídio,21.0,0.0,5.0,16.0,0.0,0.0,21.0,vitimas
2026,2026-01-01,RR,Tráfico de drogas,0.0,33.0,0.0,0.0,0.0,0.0,33.0,ocorrencias
2026,2026-01-01,RS,Apreensão de Cocaína,0.0,0.0,0.0,0.0,0.0,226208.0,226208.0,kg
2026,2026-01-01,RS,Apreensão de Maconha,0.0,0.0,0.0,0.0,0.0,5268981.0,5268981.0,kg
2026,2026-01-01,RS,Arma de Fogo Apreendida,0.0,665.0,0.0,0.0,0.0,0.0,665.0,ocorrencias
2026,2026-01-01,RS,Atendimento pré-hospitalar,0.0,2639.0,0.0,0.0,0.0,0.0,2639.0,ocorrencias
2026,2026-01-01,RS,Busca e salvamento,0.0,1440.0,0.0,0.0,0.0,0.0,1440.0,ocorrencias
2026,2026-01-01,RS,Combate a incêndios,0.0,2403.0,0.0,0.0,0.0,0.0,2403.0,ocorrencias
2026,2026-01-01,RS,Emissão de Alvarás de licença,0.0,2670.0,0.0,0.0,0.0,0.0,2670.0,ocorrencias
2026,2026-01-01,RS,Estupro,113.0,0.0,103.0,10.0,0.0,0.0,113.0,vitimas
2026,2026-01-01,RS,Estupro de vulnerável,383.0,0.0,320.0,63.0,0.0,0.0,383.0,vitimas
2026,2026-01-01,RS,Feminicídio,11.0,0.0,11.0,0.0,0.0,0.0,11.0,vitimas
2026,2026-01-01,RS,Furto de veículo,0.0,459.0,0.0,0.0,0.0,0.0,459.0,ocorrencias
2026,2026-01-01,RS,Homicídio doloso,89.0,0.0,4.0,85.0,0.0,0.0,89.0,vitimas
2026,2026-01-01,RS,Lesão corporal seguida de morte,3.0,0.0,0.0,3.0,0.0,0.0,3.0,vitimas
2026,2026-01-01,RS,Mandado de prisão cumprido,0.0,681.0,0.0,0.0,0.0,0.0,681.0,ocorrencias
2026,2026-01-01,RS,Morte de Agente do Estado,0.0,0.0,0.0,0.0,0.0,0.0,0.0,vitimas
2026,2026-01-01,RS,Morte no trânsito ou em decorrência dele (exceto homicídio doloso),102.0,0.0,29.0,73.0,0.0,0.0,102.0,vitimas
2026,2026-01-01,RS,Morte por intervenção de Agente do Estado,15.0,0.0,0.0,15.0,0.0,0.0,15.0,vitimas
2026,2026-01-01,RS,Mortes a esclarecer (sem indício de crime),88.0,0.0,16.0,72.0,0.0,0.0,88.0,vitimas
2026,2026-01-01,RS,Mortes no trânsito,28.0,0.0,10.0,18.0,0.0,0.0,28.0,vitimas
2026,2026-01-01,RS,Pessoa Desaparecida,824.0,0.0,322.0,502.0,0.0,0.0,824.0,vitimas
2026,2026-01-01,RS,Pessoa Localizada,757.0,0.0,302.0,455.0,0.0,0.0,757.0,vitimas
2026,2026-01-01,RS,Realização de vistorias,0.0,1704.0,0.0,0.0,0.0,0.0,1704.0,ocorrencias
2026,2026-01-01,RS,Roubo a instituição financeira,0.0,0.0,0.0,0.0,0.0,0.0,0.0,ocorrencias
2026,2026-01-01,RS,Roubo de carga,0.0,1.0,0.0,0.0,0.0,0.0,1.0,ocorrencias
2026,2026-01-01,RS,Roubo de veículo,0.0,111.0,0.0,0.0,0.0,0.0,111.0,ocorrencias
2026,2026-01-01,RS,Roubo seguido de morte (latrocínio),2.0,0.0,0.0,2.0,0.0,0.0,2.0,vitimas
2026,2026-01-01,RS,Suicídio,128.0,0.0,25.0,103.0,0.0,0.0,128.0,vitimas
2026,2026-01-01,RS,Suicídio de Agente do Estado,0.0,0.0,0.0,0.0,0.0,0.0,0.0,vitimas
2026,2026-01-01,RS,Tentativa de feminicídio,30.0,0.0,30.0,0.0,0.0,0.0,30.0,vitimas
2026,2026-01-01,RS,Tentativa de homicídio,140.0,0.0,10.0,130.0,0.0,0.0,140.0,vitimas
2026,2026-01-01,RS,Tráfico de drogas,0.0,1501.0,0.0,0.0,0.0,0.0,1501.0,ocorrencias
2026,2026-01-01,SC,Apreensão de Cocaína,0.0,0.0,0.0,0.0,0.0,4164.0,4164.0,kg
2026,2026-01-01,SC,Apreensão de Maconha,0.0,0.0,0.0,0.0,0.0,462372.0,462372.0,kg
2026,2026-01-01,SC,Arma de Fogo Apreendida,0.0,209.0,0.0,0.0,0.0,0.0,209.0,ocorrencias
2026,2026-01-01,SC,Atendimento pré-hospitalar,0.0,28804.0,0.0,0.0,0.0,0.0,28804.0,ocorrencias
2026,2026-01-01,SC,Busca e salvamento,0.0,3054.0,0.0,0.0,0.0,0.0,3054.0,ocorrencias
2026,2026-01-01,SC,Combate a incêndios,0.0,1894.0,0.0,0.0,0.0,0.0,1894.0,ocorrencias
2026,2026-01-01,SC,Emissão de Alvarás de licença,0.0,30279.0,0.0,0.0,0.0,0.0,30279.0,ocorrencias
2026,2026-01-01,SC,Estupro,100.0,0.0,91.0,9.0,0.0,0.0,100.0,vitimas
2026,2026-01-01,SC,Estupro de vulnerável,243.0,0.0,196.0,47.0,0.0,0.0,243.0,vitimas
2026,2026-01-01,SC,Feminicídio,5.0,0.0,5.0,0.0,0.0,0.0,5.0,vitimas
2026,2026-01-01,SC,Furto de veículo,0.0,551.0,0.0,0.0,0.0,0.0,551.0,ocorrencias
2026,2026-01-01,SC,Homicídio doloso,42.0,0.0,4.0,37.0,1.0,0.0,42.0,vitimas
2026,2026-01-01,SC,Lesão corporal seguida de morte,3.0,0.0,0.0,3.0,0.0,0.0,3.0,vitimas
2026,2026-01-01,SC,Mandado de prisão cumprido,0.0,1243.0,0.0,0.0,0.0,0.0,1243.0,ocorrencias
2026,2026-01-01,SC,Morte de Agente do Estado,0.0,0.0,0.0,0.0,0.0,0.0,0.0,vitimas
2026,2026-01-01,SC,Morte no trânsito ou em decorrência dele (exceto homicídio doloso),34.0,0.0,11.0,23.0,0.0,0.0,34.0,vitimas
2026,2026-01-01,SC,Morte por intervenção de Agente do Estado,15.0,0.0,0.0,15.0,0.0,0.0,15.0,vitimas
2026,2026-01-01,SC,Mortes a esclarecer (sem indício de crime),0.0,0.0,0.0,0.0,0.0,0.0,0.0,vitimas
2026,2026-01-01,SC,Mortes no trânsito,27.0,0.0,9.0,18.0,0.0,0.0,27.0,vitimas
2026,2026-01-01,SC,Pessoa Desaparecida,418.0,0.0,140.0,278.0,0.0,0.0,418.0,vitimas
2026,2026-01-01,SC,Pessoa Localizada,537.0,0.0,184.0,353.0,0.0,0.0,537.0,vitimas
2026,2026-01-01,SC,Realização de vistorias,0.0,3857.0,0.0,0.0,0.0,0.0,3857.0,ocorrencias
2026,2026-01-01,SC,Roubo a instituição financeira,0.0,1.0,0.0,0.0,0.0,0.0,1.0,ocorrencias
2026,2026-01-01,SC,Roubo de carga,0.0,2.0,0.0,0.0,0.0,0.0,2.0,ocorrencias
2026,2026-01-01,SC,Roubo de veículo,0.0,43.0,0.0,0.0,0.0,0.0,43.0,ocorrencias
2026,2026-01-01,SC,Roubo seguido de morte (latrocínio),4.0,0.0,0.0,4.0,0.0,0.0,4.0,vitimas
2026,2026-01-01,SC,Suicídio,80.0,0.0,13.0,67.0,0.0,0.0,80.0,vitimas
2026,2026-01-01,SC,Suicídio de Agente do Estado,1.0,0.0,0.0,1.0,0.0,0.0,1.0,vitimas
2026,2026-01-01,SC,Tentativa de feminicídio,27.0,0.0,27.0,0.0,0.0,0.0,27.0,vitimas
2026,2026-01-01,SC,Tentativa de homicídio,168.0,0.0,23.0,145.0,0.0,0.0,168.0,vitimas
2026,2026-01-01,SC,Tráfico de drogas,0.0,664.0,0.0,0.0,0.0,0.0,664.0,ocorrencias
2026,2026-01-01,SE,Apreensão de Cocaína,0.0,0.0,0.0,0.0,0.0,2155.0,2155.0,kg
2026,2026-01-01,SE,Apreensão de Maconha,0.0,0.0,0.0,0.0,0.0,14984.0,14984.0,kg
2026,2026-01-01,SE,Arma de Fogo Apreendida,0.0,55.0,0.0,0.0,0.0,0.0,55.0,ocorrencias
2026,2026-01-01,SE,Atendimento pré-hospitalar,0.0,178.0,0.0,0.0,0.0,0.0,178.0,ocorrencias
2026,2026-01-01,SE,Busca e salvamento,0.0,781.0,0.0,0.0,0.0,0.0,781.0,ocorrencias
2026,2026-01-01,SE,Combate a incêndios,0.0,420.0,0.0,0.0,0.0,0.0,420.0,ocorrencias
2026,2026-01-01,SE,Emissão de Alvarás de licença,0.0,1393.0,0.0,0.0,0.0,0.0,1393.0,ocorrencias
2026,2026-01-01,SE,Estupro,22.0,0.0,20.0,2.0,0.0,0.0,22.0,vitimas
2026,2026-01-01,SE,Estupro de vulnerável,52.0,0.0,38.0,13.0,1.0,0.0,52.0,vitimas
2026,2026-01-01,SE,Feminicídio,0.0,0.0,0.0,0.0,0.0,0.0,0.0,vitimas
2026,2026-01-01,SE,Furto de veículo,0.0,60.0,0.0,0.0,0.0,0.0,60.0,ocorrencias
2026,2026-01-01,SE,Homicídio doloso,23.0,0.0,0.0,23.0,0.0,0.0,23.0,vitimas
2026,2026-01-01,SE,Lesão corporal seguida de morte,0.0,0.0,0.0,0.0,0.0,0.0,0.0,vitimas
2026,2026-01-01,SE,Mandado de prisão cumprido,0.0,133.0,0.0,0.0,0.0,0.0,133.0,ocorrencias
2026,2026-01-01,SE,Morte de Agente do Estado,0.0,0.0,0.0,0.0,0.0,0.0,0.0,vitimas
2026,2026-01-01,SE,Morte no trânsito ou em decorrência dele (exceto homicídio doloso),15.0,0.0,6.0,9.0,0.0,0.0,15.0,vitimas
2026,2026-01-01,SE,Morte por intervenção de Agente do Estado,12.0,0.0,0.0,12.0,0.0,0.0,12.0,vitimas
2026,2026-01-01,SE,Mortes a esclarecer (sem indício de crime),30.0,0.0,8.0,22.0,0.0,0.0,30.0,vitimas
2026,2026-01-01,SE,Mortes no trânsito,9.0,0.0,1.0,8.0,0.0,0.0,9.0,vitimas
2026,2026-01-01,SE,Pessoa Desaparecida,68.0,0.0,26.0,42.0,0.0,0.0,68.0,vitimas
2026,2026-01-01,SE,Pessoa Localizada,55.0,0.0,24.0,31.0,0.0,0.0,55.0,vitimas
2026,2026-01-01,SE,Realização de vistorias,0.0,288.0,0.0,0.0,0.0,0.0,288.0,ocorrencias
2026,2026-01-01,SE,Roubo a instituição financeira,0.0,0.0,0.0,0.0,0.0,0.0,0.0,ocorrencias
2026,2026-01-01,SE,Roubo de carga,0.0,0.0,0.0,0.0,0.0,0.0,0.0,ocorrencias
2026,2026-01-01,SE,Roubo de veículo,0.0,24.0,0.0,0.0,0.0,0.0,24.0,ocorrencias
2026,2026-01-01,SE,Roubo seguido de morte (latrocínio),2.0,0.0,0.0,2.0,0.0,0.0,2.0,vitimas
2026,2026-01-01,SE,Suicídio,15.0,0.0,4.0,11.0,0.0,0.0,15.0,vitimas
2026,2026-01-01,SE,Suicídio de Agente do Estado,0.0,0.0,0.0,0.0,0.0,0.0,0.0,vitimas
2026,2026-01-01,SE,Tentativa de feminicídio,9.0,0.0,8.0,1.0,0.0,0.0,9.0,vitimas
2026,2026-01-01,SE,Tentativa de homicídio,49.0,0.0,6.0,41.0,2.0,0.0,49.0,vitimas
2026,2026-01-01,SE,Tráfico de drogas,0.0,116.0,0.0,0.0,0.0,0.0,116.0,ocorrencias
2026,2026-01-01,SP,Apreensão de Cocaína,0.0,0.0,0.0,0.0,0.0,1515457.0,1515457.0,kg
2026,2026-01-01,SP,Apreensão de Maconha,0.0,0.0,0.0,0.0,0.0,4699317.0,4699317.0,kg
2026,2026-01-01,SP,Arma de Fogo Apreendida,0.0,1086.0,0.0,0.0,0.0,0.0,1086.0,ocorrencias
2026,2026-01-01,SP,Atendimento pré-hospitalar,0.0,16256.0,0.0,0.0,0.0,0.0,16256.0,ocorrencias
2026,2026-01-01,SP,Busca e salvamento,0.0,7566.0,0.0,0.0,0.0,0.0,7566.0,ocorrencias
2026,2026-01-01,SP,Combate a incêndios,0.0,2081.0,0.0,0.0,0.0,0.0,2081.0,ocorrencias
2026,2026-01-01,SP,Emissão de Alvarás de licença,0.0,17004.0,0.0,0.0,0.0,0.0,17004.0,ocorrencias
2026,2026-01-01,SP,Estupro,292.0,0.0,278.0,14.0,0.0,0.0,292.0,vitimas
2026,2026-01-01,SP,Estupro de vulnerável,972.0,0.0,839.0,131.0,2.0,0.0,972.0,vitimas
2026,2026-01-01,SP,Feminicídio,27.0,0.0,27.0,0.0,0.0,0.0,27.0,vitimas
2026,2026-01-01,SP,Furto de veículo,0.0,6726.0,0.0,0.0,0.0,0.0,6726.0,ocorrencias
2026,2026-01-01,SP,Homicídio doloso,190.0,0.0,38.0,149.0,3.0,0.0,190.0,vitimas
2026,2026-01-01,SP,Lesão corporal seguida de morte,11.0,0.0,1.0,10.0,0.0,0.0,11.0,vitimas
2026,2026-01-01,SP,Mandado de prisão cumprido,0.0,6235.0,0.0,0.0,0.0,0.0,6235.0,ocorrencias
2026,2026-01-01,SP,Morte de Agente do Estado,4.0,0.0,0.0,4.0,0.0,0.0,4.0,vitimas
2026,2026-01-01,SP,Morte no trânsito ou em decorrência dele (exceto homicídio doloso),289.0,0.0,64.0,222.0,3.0,0.0,289.0,vitimas
2026,2026-01-01,SP,Morte por intervenção de Agente do Estado,78.0,0.0,0.0,78.0,0.0,0.0,78.0,vitimas
2026,2026-01-01,SP,Mortes a esclarecer (sem indício de crime),336.0,0.0,54.0,261.0,21.0,0.0,336.0,vitimas
2026,2026-01-01,SP,Mortes no trânsito,11.0,0.0,1.0,10.0,0.0,0.0,11.0,vitimas
2026,2026-01-01,SP,Pessoa Desaparecida,1700.0,0.0,526.0,1169.0,5.0,0.0,1700.0,vitimas
2026,2026-01-01,SP,Pessoa Localizada,1289.0,0.0,464.0,823.0,2.0,0.0,1289.0,vitimas
2026,2026-01-01,SP,Realização de vistorias,0.0,7825.0,0.0,0.0,0.0,0.0,7825.0,ocorrencias
2026,2026-01-01,SP,Roubo a instituição financeira,0.0,0.0,0.0,0.0,0.0,0.0,0.0,ocorrencias
2026,2026-01-01,SP,Roubo de carga,0.0,251.0,0.0,0.0,0.0,0.0,251.0,ocorrencias
2026,2026-01-01,SP,Roubo de veículo,0.0,1361.0,0.0,0.0,0.0,0.0,1361.0,ocorrencias
2026,2026-01-01,SP,Roubo seguido de morte (latrocínio),7.0,0.0,0.0,7.0,0.0,0.0,7.0,vitimas
2026,2026-01-01,SP,Suicídio,278.0,0.0,60.0,217.0,1.0,0.0,278.0,vitimas
2026,2026-01-01,SP,Suicídio de Agente do Estado,0.0,0.0,0.0,0.0,0.0,0.0,0.0,vitimas
2026,2026-01-01,SP,Tentativa de feminicídio,66.0,0.0,66.0,0.0,0.0,0.0,66.0,vitimas
2026,2026-01-01,SP,Tentativa de homicídio,345.0,0.0,45.0,298.0,2.0,0.0,345.0,vitimas
2026,2026-01-01,SP,Tráfico de drogas,0.0,4186.0,0.0,0.0,0.0,0.0,4186.0,ocorrencias
2026,2026-01-01,TO,Apreensão de Cocaína,0.0,0.0,0.0,0.0,0.0,518.0,518.0,kg
2026,2026-01-01,TO,Apreensão de Maconha,0.0,0.0,0.0,0.0,0.0,2067.0,2067.0,kg
2026,2026-01-01,TO,Arma de Fogo Apreendida,0.0,25.0,0.0,0.0,0.0,0.0,25.0,ocorrencias
2026,2026-01-01,TO,Atendimento pré-hospitalar,0.0,841.0,0.0,0.0,0.0,0.0,841.0,ocorrencias
2026,2026-01-01,TO,Busca e salvamento,0.0,267.0,0.0,0.0,0.0,0.0,267.0,ocorrencias
2026,2026-01-01,TO,Combate a incêndios,0.0,59.0,0.0,0.0,0.0,0.0,59.0,ocorrencias
2026,2026-01-01,TO,Emissão de Alvarás de licença,0.0,297.0,0.0,0.0,0.0,0.0,297.0,ocorrencias
2026,2026-01-01,TO,Estupro,12.0,0.0,12.0,0.0,0.0,0.0,12.0,vitimas
2026,2026-01-01,TO,Estupro de vulnerável,47.0,0.0,44.0,3.0,0.0,0.0,47.0,vitimas
2026,2026-01-01,TO,Feminicídio,3.0,0.0,3.0,0.0,0.0,0.0,3.0,vitimas
2026,2026-01-01,TO,Furto de veículo,0.0,118.0,0.0,0.0,0.0,0.0,118.0,ocorrencias
2026,2026-01-01,TO,Homicídio doloso,16.0,0.0,1.0,15.0,0.0,0.0,16.0,vitimas
2026,2026-01-01,TO,Lesão corporal seguida de morte,1.0,0.0,0.0,1.0,0.0,0.0,1.0,vitimas
2026,2026-01-01,TO,Mandado de prisão cumprido,0.0,165.0,0.0,0.0,0.0,0.0,165.0,ocorrencias
2026,2026-01-01,TO,Morte de Agente do Estado,0.0,0.0,0.0,0.0,0.0,0.0,0.0,vitimas
2026,2026-01-01,TO,Morte no trânsito ou em decorrência dele (exceto homicídio doloso),55.0,0.0,10.0,43.0,2.0,0.0,55.0,vitimas
2026,2026-01-01,TO,Morte por intervenção de Agente do Estado,1.0,0.0,0.0,1.0,0.0,0.0,1.0,vitimas
2026,2026-01-01,TO,Mortes a esclarecer (sem indício de crime),14.0,0.0,5.0,8.0,1.0,0.0,14.0,vitimas
2026,2026-01-01,TO,Mortes no trânsito,15.0,0.0,2.0,13.0,0.0,0.0,15.0,vitimas
2026,2026-01-01,TO,Pessoa Desaparecida,47.0,0.0,17.0,30.0,0.0,0.0,47.0,vitimas
2026,2026-01-01,TO,Pessoa Localizada,20.0,0.0,7.0,13.0,0.0,0.0,20.0,vitimas
2026,2026-01-01,TO,Realização de vistorias,0.0,1321.0,0.0,0.0,0.0,0.0,1321.0,ocorrencias
2026,2026-01-01,TO,Roubo a instituição financeira,0.0,0.0,0.0,0.0,0.0,0.0,0.0,ocorrencias
2026,2026-01-01,TO,Roubo de carga,0.0,0.0,0.0,0.0,0.0,0.0,0.0,ocorrencias
2026,2026-01-01,TO,Roubo de veículo,0.0,16.0,0.0,0.0,0.0,0.0,16.0,ocorrencias
2026,2026-01-01,TO,Roubo seguido de morte (latrocínio),0.0,0.0,0.0,0.0,0.0,0.0,0.0,vitimas
2026,2026-01-01,TO,Suicídio,16.0,0.0,3.0,13.0,0.0,0.0,16.0,vitimas
2026,2026-01-01,TO,Suicídio de Agente do Estado,1.0,0.0,0.0,1.0,0.0,0.0,1.0,vitimas
2026,2026-01-01,TO,Tentativa de feminicídio,4.0,0.0,4.0,0.0,0.0,0.0,4.0,vitimas
2026,2026-01-01,TO,Tentativa de homicídio,24.0,0.0,4.0,20.0,0.0,0.0,24.0,vitimas
2026,2026-01-01,TO,Tráfico de drogas,0.0,75.0,0.0,0.0,0.0,0.0,75.0,ocorrencias
2026,2026-02-01,AC,Apreensão de Cocaína,0.0,0.0,0.0,0.0,0.0,41772.0,41772.0,kg
2026,2026-02-01,AC,Apreensão de Maconha,0.0,0.0,0.0,0.0,0.0,376006.0,376006.0,kg
2026,2026-02-01,AC,Arma de Fogo Apreendida,0.0,58.0,0.0,0.0,0.0,0.0,58.0,ocorrencias
2026,2026-02-01,AC,Atendimento pré-hospitalar,0.0,102.0,0.0,0.0,0.0,0.0,102.0,ocorrencias
2026,2026-02-01,AC,Busca e salvamento,0.0,11.0,0.0,0.0,0.0,0.0,11.0,ocorrencias
2026,2026-02-01,AC,Combate a incêndios,0.0,110.0,0.0,0.0,0.0,0.0,110.0,ocorrencias
2026,2026-02-01,AC,Emissão de Alvarás de licença,0.0,639.0,0.0,0.0,0.0,0.0,639.0,ocorrencias
2026,2026-02-01,AC,Estupro,12.0,0.0,12.0,0.0,0.0,0.0,12.0,vitimas
2026,2026-02-01,AC,Estupro de vulnerável,32.0,0.0,30.0,2.0,0.0,0.0,32.0,vitimas
2026,2026-02-01,AC,Feminicídio,0.0,0.0,0.0,0.0,0.0,0.0,0.0,vitimas
2026,2026-02-01,AC,Furto de veículo,0.0,66.0,0.0,0.0,0.0,0.0,66.0,ocorrencias
2026,2026-02-01,AC,Homicídio doloso,15.0,0.0,1.0,14.0,0.0,0.0,15.0,vitimas
2026,2026-02-01,AC,Lesão corporal seguida de morte,0.0,0.0,0.0,0.0,0.0,0.0,0.0,vitimas
2026,2026-02-01,AC,Mandado de prisão cumprido,0.0,161.0,0.0,0.0,0.0,0.0,161.0,ocorrencias
2026,2026-02-01,AC,Morte de Agente do Estado,0.0,0.0,0.0,0.0,0.0,0.0,0.0,vitimas
2026,2026-02-01,AC,Morte no trânsito ou em decorrência dele (exceto homicídio doloso),5.0,0.0,1.0,4.0,0.0,0.0,5.0,vitimas
2026,2026-02-01,AC,Morte por intervenção de Agente do Estado,0.0,0.0,0.0,0.0,0.0,0.0,0.0,vitimas
2026,2026-02-01,AC,Mortes a esclarecer (sem indício de crime),7.0,0.0,3.0,4.0,0.0,0.0,7.0,vitimas
2026,2026-02-01,AC,Mortes no trânsito,1.0,0.0,0.0,1.0,0.0,0.0,1.0,vitimas
2026,2026-02-01,AC,Pessoa Desaparecida,43.0,0.0,11.0,28.0,4.0,0.0,43.0,vitimas
2026,2026-02-01,AC,Pessoa Localizada,29.0,0.0,7.0,19.0,3.0,0.0,29.0,vitimas
2026,2026-02-01,AC,Realização de vistorias,0.0,832.0,0.0,0.0,0.0,0.0,832.0,ocorrencias
2026,2026-02-01,AC,Roubo a instituição financeira,0.0,0.0,0.0,0.0,0.0,0.0,0.0,ocorrencias
2026,2026-02-01,AC,Roubo de carga,0.0,0.0,0.0,0.0,0.0,0.0,0.0,ocorrencias
2026,2026-02-01,AC,Roubo de veículo,0.0,38.0,0.0,0.0,0.0,0.0,38.0,ocorrencias
2026,2026-02-01,AC,Roubo seguido de morte (latrocínio),0.0,0.0,0.0,0.0,0.0,0.0,0.0,vitimas
2026,2026-02-01,AC,Suicídio,7.0,0.0,0.0,7.0,0.0,0.0,7.0,vitimas
2026,2026-02-01,AC,Suicídio de Agente do Estado,1.0,0.0,0.0,1.0,0.0,0.0,1.0,vitimas
2026,2026-02-01,AC,Tentativa de feminicídio,4.0,0.0,4.0,0.0,0.0,0.0,4.0,vitimas
2026,2026-02-01,AC,Tentativa de homicídio,16.0,0.0,3.0,13.0,0.0,0.0,16.0,vitimas
2026,2026-02-01,AC,Tráfico de drogas,0.0,82.0,0.0,0.0,0.0,0.0,82.0,ocorrencias
2026,2026-02-01,AL,Apreensão de Cocaína,0.0,0.0,0.0,0.0,0.0,1299.0,1299.0,kg
2026,2026-02-01,AL,Apreensão de Maconha,0.0,0.0,0.0,0.0,0.0,111211.0,111211.0,kg
2026,2026-02-01,AL,Arma de Fogo Apreendida,0.0,164.0,0.0,0.0,0.0,0.0,164.0,ocorrencias
2026,2026-02-01,AL,Atendimento pré-hospitalar,0.0,660.0,0.0,0.0,0.0,0.0,660.0,ocorrencias
2026,2026-02-01,AL,Busca e salvamento,0.0,368.0,0.0,0.0,0.0,0.0,368.0,ocorrencias
2026,2026-02-01,AL,Combate a incêndios,0.0,252.0,0.0,0.0,0.0,0.0,252.0,ocorrencias
2026,2026-02-01,AL,Emissão de Alvarás de licença,0.0,524.0,0.0,0.0,0.0,0.0,524.0,ocorrencias
2026,2026-02-01,AL,Estupro,14.0,0.0,14.0,0.0,0.0,0.0,14.0,vitimas
2026,2026-02-01,AL,Estupro de vulnerável,49.0,0.0,43.0,4.0,2.0,0.0,49.0,vitimas
2026,2026-02-01,AL,Feminicídio,2.0,0.0,2.0,0.0,0.0,0.0,2.0,vitimas
2026,2026-02-01,AL,Furto de veículo,0.0,123.0,0.0,0.0,0.0,0.0,123.0,ocorrencias
2026,2026-02-01,AL,Homicídio doloso,65.0,0.0,3.0,62.0,0.0,0.0,65.0,vitimas
2026,2026-02-01,AL,Lesão corporal seguida de morte,0.0,0.0,0.0,0.0,0.0,0.0,0.0,vitimas
2026,2026-02-01,AL,Mandado de prisão cumprido,0.0,364.0,0.0,0.0,0.0,0.0,364.0,ocorrencias
2026,2026-02-01,AL,Morte de Agente do Estado,0.0,0.0,0.0,0.0,0.0,0.0,0.0,vitimas
2026,2026-02-01,AL,Morte no trânsito ou em decorrência dele (exceto homicídio doloso),33.0,0.0,7.0,16.0,10.0,0.0,33.0,vitimas
2026,2026-02-01,AL,Morte por intervenção de Agente do Estado,7.0,0.0,0.0,7.0,0.0,0.0,7.0,vitimas
2026,2026-02-01,AL,Mortes a esclarecer (sem indício de crime),67.0,0.0,17.0,34.0,16.0,0.0,67.0,vitimas
2026,2026-02-01,AL,Mortes no trânsito,7.0,0.0,2.0,5.0,0.0,0.0,7.0,vitimas
2026,2026-02-01,AL,Pessoa Desaparecida,60.0,0.0,18.0,42.0,0.0,0.0,60.0,vitimas
2026,2026-02-01,AL,Pessoa Localizada,37.0,0.0,15.0,22.0,0.0,0.0,37.0,vitimas
2026,2026-02-01,AL,Realização de vistorias,0.0,910.0,0.0,0.0,0.0,0.0,910.0,ocorrencias
2026,2026-02-01,AL,Roubo a instituição financeira,0.0,0.0,0.0,0.0,0.0,0.0,0.0,ocorrencias
2026,2026-02-01,AL,Roubo de carga,0.0,1.0,0.0,0.0,0.0,0.0,1.0,ocorrencias
2026,2026-02-01,AL,Roubo de veículo,0.0,77.0,0.0,0.0,0.0,0.0,77.0,ocorrencias
2026,2026-02-01,AL,Roubo seguido de morte (latrocínio),1.0,0.0,0.0,1.0,0.0,0.0,1.0,vitimas
2026,2026-02-01,AL,Suicídio,13.0,0.0,2.0,11.0,0.0,0.0,13.0,vitimas
2026,2026-02-01,AL,Suicídio de Agente do Estado,0.0,0.0,0.0,0.0,0.0,0.0,0.0,vitimas
2026,2026-02-01,AL,Tentativa de feminicídio,7.0,0.0,7.0,0.0,0.0,0.0,7.0,vitimas
2026,2026-02-01,AL,Tentativa de homicídio,46.0,0.0,8.0,38.0,0.0,0.0,46.0,vitimas
2026,2026-02-01,AL,Tráfico de drogas,0.0,159.0,0.0,0.0,0.0,0.0,159.0,ocorrencias
2026,2026-02-01,AM,Apreensão de Cocaína,0.0,0.0,0.0,0.0,0.0,133295.0,133295.0,kg
2026,2026-02-01,AM,Apreensão de Maconha,0.0,0.0,0.0,0.0,0.0,5019991.0,5019991.0,kg
2026,2026-02-01,AM,Arma de Fogo Apreendida,0.0,163.0,0.0,0.0,0.0,0.0,163.0,ocorrencias
2026,2026-02-01,AM,Atendimento pré-hospitalar,0.0,122.0,0.0,0.0,0.0,0.0,122.0,ocorrencias
2026,2026-02-01,AM,Busca e salvamento,0.0,14.0,0.0,0.0,0.0,0.0,14.0,ocorrencias
2026,2026-02-01,AM,Combate a incêndios,0.0,132.0,0.0,0.0,0.0,0.0,132.0,ocorrencias
2026,2026-02-01,AM,Emissão de Alvarás de licença,0.0,552.0,0.0,0.0,0.0,0.0,552.0,ocorrencias
2026,2026-02-01,AM,Estupro,48.0,0.0,43.0,4.0,1.0,0.0,48.0,vitimas
2026,2026-02-01,AM,Estupro de vulnerável,99.0,0.0,86.0,13.0,0.0,0.0,99.0,vitimas
2026,2026-02-01,AM,Feminicídio,1.0,0.0,1.0,0.0,0.0,0.0,1.0,vitimas
2026,2026-02-01,AM,Furto de veículo,0.0,125.0,0.0,0.0,0.0,0.0,125.0,ocorrencias
2026,2026-02-01,AM,Homicídio doloso,57.0,0.0,1.0,56.0,0.0,0.0,57.0,vitimas
2026,2026-02-01,AM,Lesão corporal seguida de morte,1.0,0.0,0.0,1.0,0.0,0.0,1.0,vitimas
2026,2026-02-01,AM,Mandado de prisão cumprido,0.0,430.0,0.0,0.0,0.0,0.0,430.0,ocorrencias
2026,2026-02-01,AM,Morte de Agente do Estado,1.0,0.0,0.0,1.0,0.0,0.0,1.0,vitimas
2026,2026-02-01,AM,Morte no trânsito ou em decorrência dele (exceto homicídio doloso),24.0,0.0,13.0,11.0,0.0,0.0,24.0,vitimas
2026,2026-02-01,AM,Morte por intervenção de Agente do Estado,4.0,0.0,0.0,4.0,0.0,0.0,4.0,vitimas
2026,2026-02-01,AM,Mortes a esclarecer (sem indício de crime),0.0,0.0,0.0,0.0,0.0,0.0,0.0,vitimas
2026,2026-02-01,AM,Mortes no trânsito,3.0,0.0,2.0,1.0,0.0,0.0,3.0,vitimas
2026,2026-02-01,AM,Pessoa Desaparecida,58.0,0.0,22.0,36.0,0.0,0.0,58.0,vitimas
2026,2026-02-01,AM,Pessoa Localizada,44.0,0.0,18.0,26.0,0.0,0.0,44.0,vitimas
2026,2026-02-01,AM,Realização de vistorias,0.0,570.0,0.0,0.0,0.0,0.0,570.0,ocorrencias
2026,2026-02-01,AM,Roubo a instituição financeira,0.0,0.0,0.0,0.0,0.0,0.0,0.0,ocorrencias
2026,2026-02-01,AM,Roubo de carga,0.0,0.0,0.0,0.0,0.0,0.0,0.0,ocorrencias
2026,2026-02-01,AM,Roubo de veículo,0.0,38.0,0.0,0.0,0.0,0.0,38.0,ocorrencias
2026,2026-02-01,AM,Roubo seguido de morte (latrocínio),2.0,0.0,0.0,2.0,0.0,0.0,2.0,vitimas
2026,2026-02-01,AM,Suicídio,15.0,0.0,4.0,11.0,0.0,0.0,15.0,vitimas
2026,2026-02-01,AM,Suicídio de Agente do Estado,0.0,0.0,0.0,0.0,0.0,0.0,0.0,vitimas
2026,2026-02-01,AM,Tentativa de feminicídio,8.0,0.0,8.0,0.0,0.0,0.0,8.0,vitimas
2026,2026-02-01,AM,Tentativa de homicídio,37.0,0.0,10.0,26.0,1.0,0.0,37.0,vitimas
2026,2026-02-01,AM,Tráfico de drogas,0.0,329.0,0.0,0.0,0.0,0.0,329.0,ocorrencias
2026,2026-02-01,AP,Apreensão de Cocaína,0.0,0.0,0.0,0.0,0.0,1658.0,1658.0,kg
2026,2026-02-01,AP,Apreensão de Maconha,0.0,0.0,0.0,0.0,0.0,871.0,871.0,kg
2026,2026-02-01,AP,Arma de Fogo Apreendida,0.0,30.0,0.0,0.0,0.0,0.0,30.0,ocorrencias
2026,2026-02-01,AP,Atendimento pré-hospitalar,0.0,782.0,0.0,0.0,0.0,0.0,782.0,ocorrencias
2026,2026-02-01,AP,Busca e salvamento,0.0,212.0,0.0,0.0,0.0,0.0,212.0,ocorrencias
2026,2026-02-01,AP,Combate a incêndios,0.0,78.0,0.0,0.0,0.0,0.0,78.0,ocorrencias
2026,2026-02-01,AP,Emissão de Alvarás de licença,0.0,171.0,0.0,0.0,0.0,0.0,171.0,ocorrencias
2026,2026-02-01,AP,Estupro,15.0,0.0,15.0,0.0,0.0,0.0,15.0,vitimas
2026,2026-02-01,AP,Estupro de vulnerável,28.0,0.0,26.0,2.0,0.0,0.0,28.0,vitimas
2026,2026-02-01,AP,Feminicídio,1.0,0.0,1.0,0.0,0.0,0.0,1.0,vitimas
2026,2026-02-01,AP,Furto de veículo,0.0,16.0,0.0,0.0,0.0,0.0,16.0,ocorrencias
2026,2026-02-01,AP,Homicídio doloso,17.0,0.0,0.0,17.0,0.0,0.0,17.0,vitimas
2026,2026-02-01,AP,Lesão corporal seguida de morte,1.0,0.0,0.0,1.0,0.0,0.0,1.0,vitimas
2026,2026-02-01,AP,Mandado de prisão cumprido,0.0,115.0,0.0,0.0,0.0,0.0,115.0,ocorrencias
2026,2026-02-01,AP,Morte de Agente do Estado,1.0,0.0,0.0,1.0,0.0,0.0,1.0,vitimas
2026,2026-02-01,AP,Morte no trânsito ou em decorrência dele (exceto homicídio doloso),5.0,0.0,0.0,5.0,0.0,0.0,5.0,vitimas
2026,2026-02-01,AP,Morte por intervenção de Agente do Estado,7.0,0.0,0.0,7.0,0.0,0.0,7.0,vitimas
2026,2026-02-01,AP,Mortes a esclarecer (sem indício de crime),1.0,0.0,0.0,1.0,0.0,0.0,1.0,vitimas
2026,2026-02-01,AP,Mortes no trânsito,0.0,0.0,0.0,0.0,0.0,0.0,0.0,vitimas
2026,2026-02-01,AP,Pessoa Desaparecida,26.0,0.0,14.0,12.0,0.0,0.0,26.0,vitimas
2026,2026-02-01,AP,Pessoa Localizada,17.0,0.0,10.0,7.0,0.0,0.0,17.0,vitimas
2026,2026-02-01,AP,Realização de vistorias,0.0,357.0,0.0,0.0,0.0,0.0,357.0,ocorrencias
2026,2026-02-01,AP,Roubo a instituição financeira,0.0,0.0,0.0,0.0,0.0,0.0,0.0,ocorrencias
2026,2026-02-01,AP,Roubo de carga,0.0,0.0,0.0,0.0,0.0,0.0,0.0,ocorrencias
2026,2026-02-01,AP,Roubo de veículo,0.0,3.0,0.0,0.0,0.0,0.0,3.0,ocorrencias
2026,2026-02-01,AP,Roubo seguido de morte (latrocínio),0.0,0.0,0.0,0.0,0.0,0.0,0.0,vitimas
2026,2026-02-01,AP,Suicídio,7.0,0.0,1.0,6.0,0.0,0.0,7.0,vitimas
2026,2026-02-01,AP,Suicídio de Agente do Estado,0.0,0.0,0.0,0.0,0.0,0.0,0.0,vitimas
2026,2026-02-01,AP,Tentativa de feminicídio,6.0,0.0,6.0,0.0,0.0,0.0,6.0,vitimas
2026,2026-02-01,AP,Tentativa de homicídio,15.0,0.0,5.0,9.0,1.0,0.0,15.0,vitimas
2026,2026-02-01,AP,Tráfico de drogas,0.0,104.0,0.0,0.0,0.0,0.0,104.0,ocorrencias
2026,2026-02-01,BA,Apreensão de Cocaína,0.0,0.0,0.0,0.0,0.0,14224.0,14224.0,kg
2026,2026-02-01,BA,Apreensão de Maconha,0.0,0.0,0.0,0.0,0.0,564709.0,564709.0,kg
2026,2026-02-01,BA,Arma de Fogo Apreendida,0.0,697.0,0.0,0.0,0.0,0.0,697.0,ocorrencias
2026,2026-02-01,BA,Atendimento pré-hospitalar,0.0,492.0,0.0,0.0,0.0,0.0,492.0,ocorrencias
2026,2026-02-01,BA,Busca e salvamento,0.0,886.0,0.0,0.0,0.0,0.0,886.0,ocorrencias
2026,2026-02-01,BA,Combate a incêndios,0.0,720.0,0.0,0.0,0.0,0.0,720.0,ocorrencias
2026,2026-02-01,BA,Emissão de Alvarás de licença,0.0,2196.0,0.0,0.0,0.0,0.0,2196.0,ocorrencias
2026,2026-02-01,BA,Estupro,92.0,0.0,85.0,5.0,2.0,0.0,92.0,vitimas
2026,2026-02-01,BA,Estupro de vulnerável,293.0,0.0,233.0,52.0,8.0,0.0,293.0,vitimas
2026,2026-02-01,BA,Feminicídio,8.0,0.0,8.0,0.0,0.0,0.0,8.0,vitimas
2026,2026-02-01,BA,Furto de veículo,0.0,512.0,0.0,0.0,0.0,0.0,512.0,ocorrencias
2026,2026-02-01,BA,Homicídio doloso,240.0,0.0,19.0,221.0,0.0,0.0,240.0,vitimas
2026,2026-02-01,BA,Lesão corporal seguida de morte,11.0,0.0,0.0,11.0,0.0,0.0,11.0,vitimas
2026,2026-02-01,BA,Mandado de prisão cumprido,0.0,1166.0,0.0,0.0,0.0,0.0,1166.0,ocorrencias
2026,2026-02-01,BA,Morte de Agente do Estado,1.0,0.0,0.0,1.0,0.0,0.0,1.0,vitimas
2026,2026-02-01,BA,Morte no trânsito ou em decorrência dele (exceto homicídio doloso),73.0,0.0,15.0,54.0,4.0,0.0,73.0,vitimas
2026,2026-02-01,BA,Morte por intervenção de Agente do Estado,115.0,0.0,0.0,115.0,0.0,0.0,115.0,vitimas
2026,2026-02-01,BA,Mortes a esclarecer (sem indício de crime),91.0,0.0,23.0,58.0,10.0,0.0,91.0,vitimas
2026,2026-02-01,BA,Mortes no trânsito,30.0,0.0,7.0,23.0,0.0,0.0,30.0,vitimas
2026,2026-02-01,BA,Pessoa Desaparecida,318.0,0.0,89.0,225.0,4.0,0.0,318.0,vitimas
2026,2026-02-01,BA,Pessoa Localizada,76.0,0.0,22.0,53.0,1.0,0.0,76.0,vitimas
2026,2026-02-01,BA,Realização de vistorias,0.0,911.0,0.0,0.0,0.0,0.0,911.0,ocorrencias
2026,2026-02-01,BA,Roubo a instituição financeira,0.0,0.0,0.0,0.0,0.0,0.0,0.0,ocorrencias
2026,2026-02-01,BA,Roubo de carga,0.0,10.0,0.0,0.0,0.0,0.0,10.0,ocorrencias
2026,2026-02-01,BA,Roubo de veículo,0.0,581.0,0.0,0.0,0.0,0.0,581.0,ocorrencias
2026,2026-02-01,BA,Roubo seguido de morte (latrocínio),5.0,0.0,0.0,5.0,0.0,0.0,5.0,vitimas
2026,2026-02-01,BA,Suicídio,70.0,0.0,14.0,55.0,1.0,0.0,70.0,vitimas
2026,2026-02-01,BA,Suicídio de Agente do Estado,0.0,0.0,0.0,0.0,0.0,0.0,0.0,vitimas
2026,2026-02-01,BA,Tentativa de feminicídio,34.0,0.0,34.0,0.0,0.0,0.0,34.0,vitimas
2026,2026-02-01,BA,Tentativa de homicídio,235.0,0.0,39.0,174.0,22.0,0.0,235.0,vitimas
2026,2026-02-01,BA,Tráfico de drogas,0.0,720.0,0.0,0.0,0.0,0.0,720.0,ocorrencias
2026,2026-02-01,CE,Apreensão de Cocaína,0.0,0.0,0.0,0.0,0.0,9015.0,9015.0,kg
2026,2026-02-01,CE,Apreensão de Maconha,0.0,0.0,0.0,0.0,0.0,33615.0,33615.0,kg
2026,2026-02-01,CE,Arma de Fogo Apreendida,0.0,479.0,0.0,0.0,0.0,0.0,479.0,ocorrencias
2026,2026-02-01,CE,Atendimento pré-hospitalar,0.0,51.0,0.0,0.0,0.0,0.0,51.0,ocorrencias
2026,2026-02-01,CE,Busca e salvamento,0.0,1887.0,0.0,0.0,0.0,0.0,1887.0,ocorrencias
2026,2026-02-01,CE,Combate a incêndios,0.0,389.0,0.0,0.0,0.0,0.0,389.0,ocorrencias
2026,2026-02-01,CE,Emissão de Alvarás de licença,0.0,2979.0,0.0,0.0,0.0,0.0,2979.0,ocorrencias
2026,2026-02-01,CE,Estupro,23.0,0.0,20.0,2.0,1.0,0.0,23.0,vitimas
2026,2026-02-01,CE,Estupro de vulnerável,106.0,0.0,95.0,11.0,0.0,0.0,106.0,vitimas
2026,2026-02-01,CE,Feminicídio,4.0,0.0,4.0,0.0,0.0,0.0,4.0,vitimas
2026,2026-02-01,CE,Furto de veículo,0.0,318.0,0.0,0.0,0.0,0.0,318.0,ocorrencias
2026,2026-02-01,CE,Homicídio doloso,134.0,0.0,12.0,122.0,0.0,0.0,134.0,vitimas
2026,2026-02-01,CE,Lesão corporal seguida de morte,3.0,0.0,0.0,3.0,0.0,0.0,3.0,vitimas
2026,2026-02-01,CE,Mandado de prisão cumprido,0.0,627.0,0.0,0.0,0.0,0.0,627.0,ocorrencias
2026,2026-02-01,CE,Morte de Agente do Estado,0.0,0.0,0.0,0.0,0.0,0.0,0.0,vitimas
2026,2026-02-01,CE,Morte no trânsito ou em decorrência dele (exceto homicídio doloso),110.0,0.0,13.0,96.0,1.0,0.0,110.0,vitimas
2026,2026-02-01,CE,Morte por intervenção de Agente do Estado,32.0,0.0,0.0,32.0,0.0,0.0,32.0,vitimas
2026,2026-02-01,CE,Mortes a esclarecer (sem indício de crime),35.0,0.0,10.0,25.0,0.0,0.0,35.0,vitimas
2026,2026-02-01,CE,Mortes no trânsito,7.0,0.0,1.0,6.0,0.0,0.0,7.0,vitimas
2026,2026-02-01,CE,Pessoa Desaparecida,167.0,0.0,44.0,123.0,0.0,0.0,167.0,vitimas
2026,2026-02-01,CE,Pessoa Localizada,112.0,0.0,33.0,79.0,0.0,0.0,112.0,vitimas
2026,2026-02-01,CE,Realização de vistorias,0.0,4003.0,0.0,0.0,0.0,0.0,4003.0,ocorrencias
2026,2026-02-01,CE,Roubo a instituição financeira,0.0,0.0,0.0,0.0,0.0,0.0,0.0,ocorrencias
2026,2026-02-01,CE,Roubo de carga,0.0,5.0,0.0,0.0,0.0,0.0,5.0,ocorrencias
2026,2026-02-01,CE,Roubo de veículo,0.0,183.0,0.0,0.0,0.0,0.0,183.0,ocorrencias
2026,2026-02-01,CE,Roubo seguido de morte (latrocínio),0.0,0.0,0.0,0.0,0.0,0.0,0.0,vitimas
2026,2026-02-01,CE,Suicídio,53.0,0.0,10.0,43.0,0.0,0.0,53.0,vitimas
2026,2026-02-01,CE,Suicídio de Agente do Estado,1.0,0.0,0.0,1.0,0.0,0.0,1.0,vitimas
2026,2026-02-01,CE,Tentativa de feminicídio,8.0,0.0,8.0,0.0,0.0,0.0,8.0,vitimas
2026,2026-02-01,CE,Tentativa de homicídio,94.0,0.0,14.0,80.0,0.0,0.0,94.0,vitimas
2026,2026-02-01,CE,Tráfico de drogas,0.0,635.0,0.0,0.0,0.0,0.0,635.0,ocorrencias
2026,2026-02-01,DF,Apreensão de Cocaína,0.0,0.0,0.0,0.0,0.0,106925.0,106925.0,kg
2026,2026-02-01,DF,Apreensão de Maconha,0.0,0.0,0.0,0.0,0.0,284.0,284.0,kg
2026,2026-02-01,DF,Arma de Fogo Apreendida,0.0,123.0,0.0,0.0,0.0,0.0,123.0,ocorrencias
2026,2026-02-01,DF,Atendimento pré-hospitalar,0.0,7521.0,0.0,0.0,0.0,0.0,7521.0,ocorrencias
2026,2026-02-01,DF,Busca e salvamento,0.0,5442.0,0.0,0.0,0.0,0.0,5442.0,ocorrencias
2026,2026-02-01,DF,Combate a incêndios,0.0,2654.0,0.0,0.0,0.0,0.0,2654.0,ocorrencias
2026,2026-02-01,DF,Emissão de Alvarás de licença,0.0,712.0,0.0,0.0,0.0,0.0,712.0,ocorrencias
2026,2026-02-01,DF,Estupro,33.0,0.0,31.0,2.0,0.0,0.0,33.0,vitimas
2026,2026-02-01,DF,Estupro de vulnerável,55.0,0.0,48.0,7.0,0.0,0.0,55.0,vitimas
2026,2026-02-01,DF,Feminicídio,3.0,0.0,3.0,0.0,0.0,0.0,3.0,vitimas
2026,2026-02-01,DF,Furto de veículo,0.0,198.0,0.0,0.0,0.0,0.0,198.0,ocorrencias
2026,2026-02-01,DF,Homicídio doloso,5.0,0.0,0.0,5.0,0.0,0.0,5.0,vitimas
2026,2026-02-01,DF,Lesão corporal seguida de morte,0.0,0.0,0.0,0.0,0.0,0.0,0.0,vitimas
2026,2026-02-01,DF,Mandado de prisão cumprido,0.0,898.0,0.0,0.0,0.0,0.0,898.0,ocorrencias
2026,2026-02-01,DF,Morte de Agente do Estado,0.0,0.0,0.0,0.0,0.0,0.0,0.0,vitimas
2026,2026-02-01,DF,Morte no trânsito ou em decorrência dele (exceto homicídio doloso),27.0,0.0,4.0,23.0,0.0,0.0,27.0,vitimas
2026,2026-02-01,DF,Morte por intervenção de Agente do Estado,3.0,0.0,0.0,3.0,0.0,0.0,3.0,vitimas
2026,2026-02-01,DF,Mortes a esclarecer (sem indício de crime),0.0,0.0,0.0,0.0,0.0,0.0,0.0,vitimas
2026,2026-02-01,DF,Mortes no trânsito,8.0,0.0,3.0,5.0,0.0,0.0,8.0,vitimas
2026,2026-02-01,DF,Pessoa Desaparecida,184.0,0.0,57.0,127.0,0.0,0.0,184.0,vitimas
2026,2026-02-01,DF,Pessoa Localizada,176.0,0.0,55.0,121.0,0.0,0.0,176.0,vitimas
2026,2026-02-01,DF,Realização de vistorias,0.0,1780.0,0.0,0.0,0.0,0.0,1780.0,ocorrencias
2026,2026-02-01,DF,Roubo a instituição financeira,0.0,0.0,0.0,0.0,0.0,0.0,0.0,ocorrencias
2026,2026-02-01,DF,Roubo de carga,0.0,0.0,0.0,0.0,0.0,0.0,0.0,ocorrencias
2026,2026-02-01,DF,Roubo de veículo,0.0,53.0,0.0,0.0,0.0,0.0,53.0,ocorrencias
2026,2026-02-01,DF,Roubo seguido de morte (latrocínio),0.0,0.0,0.0,0.0,0.0,0.0,0.0,vitimas
2026,2026-02-01,DF,Suicídio,14.0,0.0,4.0,10.0,0.0,0.0,14.0,vitimas
2026,2026-02-01,DF,Suicídio de Agente do Estado,0.0,0.0,0.0,0.0,0.0,0.0,0.0,vitimas
2026,2026-02-01,DF,Tentativa de feminicídio,9.0,0.0,9.0,0.0,0.0,0.0,9.0,vitimas
2026,2026-02-01,DF,Tentativa de homicídio,40.0,0.0,4.0,36.0,0.0,0.0,40.0,vitimas
2026,2026-02-01,DF,Tráfico de drogas,0.0,305.0,0.0,0.0,0.0,0.0,305.0,ocorrencias
2026,2026-02-01,ES,Apreensão de Cocaína,0.0,0.0,0.0,0.0,0.0,1735.0,1735.0,kg
2026,2026-02-01,ES,Apreensão de Maconha,0.0,0.0,0.0,0.0,0.0,8183.0,8183.0,kg
2026,2026-02-01,ES,Arma de Fogo Apreendida,0.0,278.0,0.0,0.0,0.0,0.0,278.0,ocorrencias
2026,2026-02-01,ES,Atendimento pré-hospitalar,0.0,577.0,0.0,0.0,0.0,0.0,577.0,ocorrencias
2026,2026-02-01,ES,Busca e salvamento,0.0,410.0,0.0,0.0,0.0,0.0,410.0,ocorrencias
2026,2026-02-01,ES,Combate a incêndios,0.0,363.0,0.0,0.0,0.0,0.0,363.0,ocorrencias
2026,2026-02-01,ES,Emissão de Alvarás de licença,0.0,2946.0,0.0,0.0,0.0,0.0,2946.0,ocorrencias
2026,2026-02-01,ES,Estupro,36.0,0.0,32.0,1.0,3.0,0.0,36.0,vitimas
2026,2026-02-01,ES,Estupro de vulnerável,64.0,0.0,53.0,7.0,4.0,0.0,64.0,vitimas
2026,2026-02-01,ES,Feminicídio,0.0,0.0,0.0,0.0,0.0,0.0,0.0,vitimas
2026,2026-02-01,ES,Furto de veículo,0.0,284.0,0.0,0.0,0.0,0.0,284.0,ocorrencias
2026,2026-02-01,ES,Homicídio doloso,62.0,0.0,3.0,54.0,5.0,0.0,62.0,vitimas
2026,2026-02-01,ES,Lesão corporal seguida de morte,2.0,0.0,0.0,2.0,0.0,0.0,2.0,vitimas
2026,2026-02-01,ES,Mandado de prisão cumprido,0.0,543.0,0.0,0.0,0.0,0.0,543.0,ocorrencias
2026,2026-02-01,ES,Morte de Agente do Estado,0.0,0.0,0.0,0.0,0.0,0.0,0.0,vitimas
2026,2026-02-01,ES,Morte no trânsito ou em decorrência dele (exceto homicídio doloso),81.0,0.0,9.0,72.0,0.0,0.0,81.0,vitimas
2026,2026-02-01,ES,Morte por intervenção de Agente do Estado,7.0,0.0,0.0,7.0,0.0,0.0,7.0,vitimas
2026,2026-02-01,ES,Mortes a esclarecer (sem indício de crime),7.0,0.0,1.0,6.0,0.0,0.0,7.0,vitimas
2026,2026-02-01,ES,Mortes no trânsito,15.0,0.0,4.0,11.0,0.0,0.0,15.0,vitimas
2026,2026-02-01,ES,Pessoa Desaparecida,193.0,0.0,59.0,125.0,9.0,0.0,193.0,vitimas
2026,2026-02-01,ES,Pessoa Localizada,35.0,0.0,9.0,25.0,1.0,0.0,35.0,vitimas
2026,2026-02-01,ES,Realização de vistorias,0.0,3153.0,0.0,0.0,0.0,0.0,3153.0,ocorrencias
2026,2026-02-01,ES,Roubo a instituição financeira,0.0,0.0,0.0,0.0,0.0,0.0,0.0,ocorrencias
2026,2026-02-01,ES,Roubo de carga,0.0,1.0,0.0,0.0,0.0,0.0,1.0,ocorrencias
2026,2026-02-01,ES,Roubo de veículo,0.0,89.0,0.0,0.0,0.0,0.0,89.0,ocorrencias
2026,2026-02-01,ES,Roubo seguido de morte (latrocínio),1.0,0.0,0.0,1.0,0.0,0.0,1.0,vitimas
2026,2026-02-01,ES,Suicídio,32.0,0.0,6.0,24.0,2.0,0.0,32.0,vitimas
2026,2026-02-01,ES,Suicídio de Agente do Estado,0.0,0.0,0.0,0.0,0.0,0.0,0.0,vitimas
2026,2026-02-01,ES,Tentativa de feminicídio,6.0,0.0,6.0,0.0,0.0,0.0,6.0,vitimas
2026,2026-02-01,ES,Tentativa de homicídio,88.0,0.0,16.0,65.0,7.0,0.0,88.0,vitimas
2026,2026-02-01,ES,Tráfico de drogas,0.0,478.0,0.0,0.0,0.0,0.0,478.0,ocorrencias
2026,2026-02-01,GO,Apreensão de Cocaína,0.0,0.0,0.0,0.0,0.0,7759.0,7759.0,kg
2026,2026-02-01,GO,Apreensão de Maconha,0.0,0.0,0.0,0.0,0.0,30376.0,30376.0,kg
2026,2026-02-01,GO,Arma de Fogo Apreendida,0.0,251.0,0.0,0.0,0.0,0.0,251.0,ocorrencias
2026,2026-02-01,GO,Atendimento pré-hospitalar,0.0,7648.0,0.0,0.0,0.0,0.0,7648.0,ocorrencias
2026,2026-02-01,GO,Busca e salvamento,0.0,1977.0,0.0,0.0,0.0,0.0,1977.0,ocorrencias
2026,2026-02-01,GO,Combate a incêndios,0.0,344.0,0.0,0.0,0.0,0.0,344.0,ocorrencias
2026,2026-02-01,GO,Emissão de Alvarás de licença,0.0,13011.0,0.0,0.0,0.0,0.0,13011.0,ocorrencias
2026,2026-02-01,GO,Estupro,52.0,0.0,49.0,2.0,1.0,0.0,52.0,vitimas
2026,2026-02-01,GO,Estupro de vulnerável,218.0,0.0,167.0,44.0,7.0,0.0,218.0,vitimas
2026,2026-02-01,GO,Feminicídio,6.0,0.0,5.0,0.0,1.0,0.0,6.0,vitimas
2026,2026-02-01,GO,Furto de veículo,0.0,202.0,0.0,0.0,0.0,0.0,202.0,ocorrencias
2026,2026-02-01,GO,Homicídio doloso,69.0,0.0,5.0,55.0,9.0,0.0,69.0,vitimas
2026,2026-02-01,GO,Lesão corporal seguida de morte,2.0,0.0,0.0,2.0,0.0,0.0,2.0,vitimas
2026,2026-02-01,GO,Mandado de prisão cumprido,0.0,857.0,0.0,0.0,0.0,0.0,857.0,ocorrencias
2026,2026-02-01,GO,Morte de Agente do Estado,0.0,0.0,0.0,0.0,0.0,0.0,0.0,vitimas
2026,2026-02-01,GO,Morte no trânsito ou em decorrência dele (exceto homicídio doloso),56.0,0.0,12.0,40.0,4.0,0.0,56.0,vitimas
2026,2026-02-01,GO,Morte por intervenção de Agente do Estado,34.0,0.0,0.0,29.0,5.0,0.0,34.0,vitimas
2026,2026-02-01,GO,Mortes a esclarecer (sem indício de crime),37.0,0.0,7.0,26.0,4.0,0.0,37.0,vitimas
2026,2026-02-01,GO,Mortes no trânsito,30.0,0.0,10.0,20.0,0.0,0.0,30.0,vitimas
2026,2026-02-01,GO,Pessoa Desaparecida,275.0,0.0,109.0,165.0,1.0,0.0,275.0,vitimas
2026,2026-02-01,GO,Pessoa Localizada,124.0,0.0,46.0,78.0,0.0,0.0,124.0,vitimas
2026,2026-02-01,GO,Realização de vistorias,0.0,3970.0,0.0,0.0,0.0,0.0,3970.0,ocorrencias
2026,2026-02-01,GO,Roubo a instituição financeira,0.0,0.0,0.0,0.0,0.0,0.0,0.0,ocorrencias
2026,2026-02-01,GO,Roubo de carga,0.0,1.0,0.0,0.0,0.0,0.0,1.0,ocorrencias
2026,2026-02-01,GO,Roubo de veículo,0.0,34.0,0.0,0.0,0.0,0.0,34.0,ocorrencias
2026,2026-02-01,GO,Roubo seguido de morte (latrocínio),0.0,0.0,0.0,0.0,0.0,0.0,0.0,vitimas
2026,2026-02-01,GO,Suicídio,65.0,0.0,17.0,48.0,0.0,0.0,65.0,vitimas
2026,2026-02-01,GO,Suicídio de Agente do Estado,1.0,0.0,0.0,1.0,0.0,0.0,1.0,vitimas
2026,2026-02-01,GO,Tentativa de feminicídio,9.0,0.0,8.0,1.0,0.0,0.0,9.0,vitimas
2026,2026-02-01,GO,Tentativa de homicídio,114.0,0.0,12.0,99.0,3.0,0.0,114.0,vitimas
2026,2026-02-01,GO,Tráfico de drogas,0.0,588.0,0.0,0.0,0.0,0.0,588.0,ocorrencias
2026,2026-02-01,MA,Apreensão de Cocaína,0.0,0.0,0.0,0.0,0.0,54823.0,54823.0,kg
2026,2026-02-01,MA,Apreensão de Maconha,0.0,0.0,0.0,0.0,0.0,2664.0,2664.0,kg
2026,2026-02-01,MA,Arma de Fogo Apreendida,0.0,240.0,0.0,0.0,0.0,0.0,240.0,ocorrencias
2026,2026-02-01,MA,Atendimento pré-hospitalar,0.0,164.0,0.0,0.0,0.0,0.0,164.0,ocorrencias
2026,2026-02-01,MA,Busca e salvamento,0.0,344.0,0.0,0.0,0.0,0.0,344.0,ocorrencias
2026,2026-02-01,MA,Combate a incêndios,0.0,102.0,0.0,0.0,0.0,0.0,102.0,ocorrencias
2026,2026-02-01,MA,Emissão de Alvarás de licença,0.0,1583.0,0.0,0.0,0.0,0.0,1583.0,ocorrencias
2026,2026-02-01,MA,Estupro,43.0,0.0,38.0,5.0,0.0,0.0,43.0,vitimas
2026,2026-02-01,MA,Estupro de vulnerável,116.0,0.0,107.0,9.0,0.0,0.0,116.0,vitimas
2026,2026-02-01,MA,Feminicídio,4.0,0.0,4.0,0.0,0.0,0.0,4.0,vitimas
2026,2026-02-01,MA,Furto de veículo,0.0,238.0,0.0,0.0,0.0,0.0,238.0,ocorrencias
2026,2026-02-01,MA,Homicídio doloso,148.0,0.0,5.0,143.0,0.0,0.0,148.0,vitimas
2026,2026-02-01,MA,Lesão corporal seguida de morte,0.0,0.0,0.0,0.0,0.0,0.0,0.0,vitimas
2026,2026-02-01,MA,Mandado de prisão cumprido,0.0,484.0,0.0,0.0,0.0,0.0,484.0,ocorrencias
2026,2026-02-01,MA,Morte de Agente do Estado,0.0,0.0,0.0,0.0,0.0,0.0,0.0,vitimas
2026,2026-02-01,MA,Morte no trânsito ou em decorrência dele (exceto homicídio doloso),67.0,0.0,14.0,53.0,0.0,0.0,67.0,vitimas
2026,2026-02-01,MA,Morte por intervenção de Agente do Estado,10.0,0.0,0.0,10.0,0.0,0.0,10.0,vitimas
2026,2026-02-01,MA,Mortes a esclarecer (sem indício de crime),15.0,0.0,5.0,10.0,0.0,0.0,15.0,vitimas
2026,2026-02-01,MA,Mortes no trânsito,14.0,0.0,4.0,10.0,0.0,0.0,14.0,vitimas
2026,2026-02-01,MA,Pessoa Desaparecida,111.0,0.0,34.0,60.0,17.0,0.0,111.0,vitimas
2026,2026-02-01,MA,Pessoa Localizada,22.0,0.0,7.0,15.0,0.0,0.0,22.0,vitimas
2026,2026-02-01,MA,Realização de vistorias,0.0,499.0,0.0,0.0,0.0,0.0,499.0,ocorrencias
2026,2026-02-01,MA,Roubo a instituição financeira,0.0,0.0,0.0,0.0,0.0,0.0,0.0,ocorrencias
2026,2026-02-01,MA,Roubo de carga,0.0,3.0,0.0,0.0,0.0,0.0,3.0,ocorrencias
2026,2026-02-01,MA,Roubo de veículo,0.0,242.0,0.0,0.0,0.0,0.0,242.0,ocorrencias
2026,2026-02-01,MA,Roubo seguido de morte (latrocínio),5.0,0.0,1.0,4.0,0.0,0.0,5.0,vitimas
2026,2026-02-01,MA,Suicídio,36.0,0.0,13.0,23.0,0.0,0.0,36.0,vitimas
2026,2026-02-01,MA,Suicídio de Agente do Estado,0.0,0.0,0.0,0.0,0.0,0.0,0.0,vitimas
2026,2026-02-01,MA,Tentativa de feminicídio,13.0,0.0,13.0,0.0,0.0,0.0,13.0,vitimas
2026,2026-02-01,MA,Tentativa de homicídio,100.0,0.0,14.0,86.0,0.0,0.0,100.0,vitimas
2026,2026-02-01,MA,Tráfico de drogas,0.0,238.0,0.0,0.0,0.0,0.0,238.0,ocorrencias
2026,2026-02-01,MG,Apreensão de Cocaína,0.0,0.0,0.0,0.0,0.0,1313.0,1313.0,kg
2026,2026-02-01,MG,Apreensão de Maconha,0.0,0.0,0.0,0.0,0.0,743621.0,743621.0,kg
2026,2026-02-01,MG,Arma de Fogo Apreendida,0.0,1231.0,0.0,0.0,0.0,0.0,1231.0,ocorrencias
2026,2026-02-01,MG,Atendimento pré-hospitalar,0.0,6457.0,0.0,0.0,0.0,0.0,6457.0,ocorrencias
2026,2026-02-01,MG,Busca e salvamento,0.0,6289.0,0.0,0.0,0.0,0.0,6289.0,ocorrencias
2026,2026-02-01,MG,Combate a incêndios,0.0,959.0,0.0,0.0,0.0,0.0,959.0,ocorrencias
2026,2026-02-01,MG,Emissão de Alvarás de licença,0.0,295.0,0.0,0.0,0.0,0.0,295.0,ocorrencias
2026,2026-02-01,MG,Estupro,109.0,0.0,101.0,7.0,1.0,0.0,109.0,vitimas
2026,2026-02-01,MG,Estupro de vulnerável,315.0,0.0,260.0,48.0,7.0,0.0,315.0,vitimas
2026,2026-02-01,MG,Feminicídio,17.0,0.0,17.0,0.0,0.0,0.0,17.0,vitimas
2026,2026-02-01,MG,Furto de veículo,0.0,1628.0,0.0,0.0,0.0,0.0,1628.0,ocorrencias
2026,2026-02-01,MG,Homicídio doloso,157.0,0.0,15.0,142.0,0.0,0.0,157.0,vitimas
2026,2026-02-01,MG,Lesão corporal seguida de morte,1.0,0.0,0.0,1.0,0.0,0.0,1.0,vitimas
2026,2026-02-01,MG,Mandado de prisão cumprido,0.0,1378.0,0.0,0.0,0.0,0.0,1378.0,ocorrencias
2026,2026-02-01,MG,Morte de Agente do Estado,0.0,0.0,0.0,0.0,0.0,0.0,0.0,vitimas
2026,2026-02-01,MG,Morte no trânsito ou em decorrência dele (exceto homicídio doloso),175.0,0.0,39.0,136.0,0.0,0.0,175.0,vitimas
2026,2026-02-01,MG,Morte por intervenção de Agente do Estado,0.0,0.0,0.0,0.0,0.0,0.0,0.0,vitimas
2026,2026-02-01,MG,Mortes a esclarecer (sem indício de crime),0.0,0.0,0.0,0.0,0.0,0.0,0.0,vitimas
2026,2026-02-01,MG,Mortes no trânsito,53.0,0.0,13.0,40.0,0.0,0.0,53.0,vitimas
2026,2026-02-01,MG,Pessoa Desaparecida,788.0,0.0,268.0,519.0,1.0,0.0,788.0,vitimas
2026,2026-02-01,MG,Pessoa Localizada,534.0,0.0,191.0,342.0,1.0,0.0,534.0,vitimas
2026,2026-02-01,MG,Realização de vistorias,0.0,3275.0,0.0,0.0,0.0,0.0,3275.0,ocorrencias
2026,2026-02-01,MG,Roubo a instituição financeira,0.0,0.0,0.0,0.0,0.0,0.0,0.0,ocorrencias
2026,2026-02-01,MG,Roubo de carga,0.0,7.0,0.0,0.0,0.0,0.0,7.0,ocorrencias
2026,2026-02-01,MG,Roubo de veículo,0.0,195.0,0.0,0.0,0.0,0.0,195.0,ocorrencias
2026,2026-02-01,MG,Roubo seguido de morte (latrocínio),1.0,0.0,1.0,0.0,0.0,0.0,1.0,vitimas
2026,2026-02-01,MG,Suicídio,168.0,0.0,34.0,134.0,0.0,0.0,168.0,vitimas
2026,2026-02-01,MG,Suicídio de Agente do Estado,1.0,0.0,0.0,0.0,1.0,0.0,1.0,vitimas
2026,2026-02-01,MG,Tentativa de feminicídio,19.0,0.0,19.0,0.0,0.0,0.0,19.0,vitimas
2026,2026-02-01,MG,Tentativa de homicídio,190.0,0.0,27.0,163.0,0.0,0.0,190.0,vitimas
2026,2026-02-01,MG,Tráfico de drogas,0.0,3074.0,0.0,0.0,0.0,0.0,3074.0,ocorrencias
2026,2026-02-01,MS,Apreensão de Cocaína,0.0,0.0,0.0,0.0,0.0,1118559.0,1118559.0,kg
2026,2026-02-01,MS,Apreensão de Maconha,0.0,0.0,0.0,0.0,0.0,15063174.0,15063174.0,kg
2026,2026-02-01,MS,Arma de Fogo Apreendida,0.0,66.0,0.0,0.0,0.0,0.0,66.0,ocorrencias
2026,2026-02-01,MS,Atendimento pré-hospitalar,0.0,999.0,0.0,0.0,0.0,0.0,999.0,ocorrencias
2026,2026-02-01,MS,Busca e salvamento,0.0,2490.0,0.0,0.0,0.0,0.0,2490.0,ocorrencias
2026,2026-02-01,MS,Combate a incêndios,0.0,132.0,0.0,0.0,0.0,0.0,132.0,ocorrencias
2026,2026-02-01,MS,Emissão de Alvarás de licença,0.0,7749.0,0.0,0.0,0.0,0.0,7749.0,ocorrencias
2026,2026-02-01,MS,Estupro,60.0,0.0,53.0,6.0,1.0,0.0,60.0,vitimas
2026,2026-02-01,MS,Estupro de vulnerável,98.0,0.0,79.0,14.0,5.0,0.0,98.0,vitimas
2026,2026-02-01,MS,Feminicídio,0.0,0.0,0.0,0.0,0.0,0.0,0.0,vitimas
2026,2026-02-01,MS,Furto de veículo,0.0,81.0,0.0,0.0,0.0,0.0,81.0,ocorrencias
2026,2026-02-01,MS,Homicídio doloso,11.0,0.0,1.0,10.0,0.0,0.0,11.0,vitimas
2026,2026-02-01,MS,Lesão corporal seguida de morte,1.0,0.0,0.0,1.0,0.0,0.0,1.0,vitimas
2026,2026-02-01,MS,Mandado de prisão cumprido,0.0,172.0,0.0,0.0,0.0,0.0,172.0,ocorrencias
2026,2026-02-01,MS,Morte de Agente do Estado,0.0,0.0,0.0,0.0,0.0,0.0,0.0,vitimas
2026,2026-02-01,MS,Morte no trânsito ou em decorrência dele (exceto homicídio doloso),12.0,0.0,1.0,11.0,0.0,0.0,12.0,vitimas
2026,2026-02-01,MS,Morte por intervenção de Agente do Estado,2.0,0.0,0.0,2.0,0.0,0.0,2.0,vitimas
2026,2026-02-01,MS,Mortes a esclarecer (sem indício de crime),9.0,0.0,2.0,6.0,1.0,0.0,9.0,vitimas
2026,2026-02-01,MS,Mortes no trânsito,7.0,0.0,0.0,7.0,0.0,0.0,7.0,vitimas
2026,2026-02-01,MS,Pessoa Desaparecida,42.0,0.0,14.0,28.0,0.0,0.0,42.0,vitimas
2026,2026-02-01,MS,Pessoa Localizada,45.0,0.0,18.0,27.0,0.0,0.0,45.0,vitimas
2026,2026-02-01,MS,Realização de vistorias,0.0,5690.0,0.0,0.0,0.0,0.0,5690.0,ocorrencias
2026,2026-02-01,MS,Roubo a instituição financeira,0.0,0.0,0.0,0.0,0.0,0.0,0.0,ocorrencias
2026,2026-02-01,MS,Roubo de carga,0.0,0.0,0.0,0.0,0.0,0.0,0.0,ocorrencias
2026,2026-02-01,MS,Roubo de veículo,0.0,12.0,0.0,0.0,0.0,0.0,12.0,ocorrencias
2026,2026-02-01,MS,Roubo seguido de morte (latrocínio),0.0,0.0,0.0,0.0,0.0,0.0,0.0,vitimas
2026,2026-02-01,MS,Suicídio,15.0,0.0,3.0,12.0,0.0,0.0,15.0,vitimas
2026,2026-02-01,MS,Suicídio de Agente do Estado,0.0,0.0,0.0,0.0,0.0,0.0,0.0,vitimas
2026,2026-02-01,MS,Tentativa de feminicídio,6.0,0.0,6.0,0.0,0.0,0.0,6.0,vitimas
2026,2026-02-01,MS,Tentativa de homicídio,32.0,0.0,7.0,24.0,1.0,0.0,32.0,vitimas
2026,2026-02-01,MS,Tráfico de drogas,0.0,177.0,0.0,0.0,0.0,0.0,177.0,ocorrencias
2026,2026-02-01,MT,Apreensão de Cocaína,0.0,0.0,0.0,0.0,0.0,102665.0,102665.0,kg
2026,2026-02-01,MT,Apreensão de Maconha,0.0,0.0,0.0,0.0,0.0,48344.0,48344.0,kg
2026,2026-02-01,MT,Arma de Fogo Apreendida,0.0,246.0,0.0,0.0,0.0,0.0,246.0,ocorrencias
2026,2026-02-01,MT,Atendimento pré-hospitalar,0.0,4159.0,0.0,0.0,0.0,0.0,4159.0,ocorrencias
2026,2026-02-01,MT,Busca e salvamento,0.0,1081.0,0.0,0.0,0.0,0.0,1081.0,ocorrencias
2026,2026-02-01,MT,Combate a incêndios,0.0,185.0,0.0,0.0,0.0,0.0,185.0,ocorrencias
2026,2026-02-01,MT,Emissão de Alvarás de licença,0.0,7853.0,0.0,0.0,0.0,0.0,7853.0,ocorrencias
2026,2026-02-01,MT,Estupro,51.0,0.0,45.0,6.0,0.0,0.0,51.0,vitimas
2026,2026-02-01,MT,Estupro de vulnerável,104.0,0.0,85.0,19.0,0.0,0.0,104.0,vitimas
2026,2026-02-01,MT,Feminicídio,2.0,0.0,2.0,0.0,0.0,0.0,2.0,vitimas
2026,2026-02-01,MT,Furto de veículo,0.0,141.0,0.0,0.0,0.0,0.0,141.0,ocorrencias
2026,2026-02-01,MT,Homicídio doloso,38.0,0.0,1.0,37.0,0.0,0.0,38.0,vitimas
2026,2026-02-01,MT,Lesão corporal seguida de morte,0.0,0.0,0.0,0.0,0.0,0.0,0.0,vitimas
2026,2026-02-01,MT,Mandado de prisão cumprido,0.0,805.0,0.0,0.0,0.0,0.0,805.0,ocorrencias
2026,2026-02-01,MT,Morte de Agente do Estado,0.0,0.0,0.0,0.0,0.0,0.0,0.0,vitimas
2026,2026-02-01,MT,Morte no trânsito ou em decorrência dele (exceto homicídio doloso),93.0,0.0,14.0,79.0,0.0,0.0,93.0,vitimas
2026,2026-02-01,MT,Morte por intervenção de Agente do Estado,12.0,0.0,0.0,12.0,0.0,0.0,12.0,vitimas
2026,2026-02-01,MT,Mortes a esclarecer (sem indício de crime),31.0,0.0,9.0,22.0,0.0,0.0,31.0,vitimas
2026,2026-02-01,MT,Mortes no trânsito,20.0,0.0,0.0,20.0,0.0,0.0,20.0,vitimas
2026,2026-02-01,MT,Pessoa Desaparecida,150.0,0.0,42.0,108.0,0.0,0.0,150.0,vitimas
2026,2026-02-01,MT,Pessoa Localizada,91.0,0.0,24.0,67.0,0.0,0.0,91.0,vitimas
2026,2026-02-01,MT,Realização de vistorias,0.0,2250.0,0.0,0.0,0.0,0.0,2250.0,ocorrencias
2026,2026-02-01,MT,Roubo a instituição financeira,0.0,0.0,0.0,0.0,0.0,0.0,0.0,ocorrencias
2026,2026-02-01,MT,Roubo de carga,0.0,2.0,0.0,0.0,0.0,0.0,2.0,ocorrencias
2026,2026-02-01,MT,Roubo de veículo,0.0,27.0,0.0,0.0,0.0,0.0,27.0,ocorrencias
2026,2026-02-01,MT,Roubo seguido de morte (latrocínio),1.0,0.0,0.0,1.0,0.0,0.0,1.0,vitimas
2026,2026-02-01,MT,Suicídio,31.0,0.0,8.0,23.0,0.0,0.0,31.0,vitimas
2026,2026-02-01,MT,Suicídio de Agente do Estado,0.0,0.0,0.0,0.0,0.0,0.0,0.0,vitimas
2026,2026-02-01,MT,Tentativa de feminicídio,18.0,0.0,18.0,0.0,0.0,0.0,18.0,vitimas
2026,2026-02-01,MT,Tentativa de homicídio,73.0,0.0,9.0,64.0,0.0,0.0,73.0,vitimas
2026,2026-02-01,MT,Tráfico de drogas,0.0,486.0,0.0,0.0,0.0,0.0,486.0,ocorrencias
2026,2026-02-01,PA,Apreensão de Cocaína,0.0,0.0,0.0,0.0,0.0,102284.0,102284.0,kg
2026,2026-02-01,PA,Apreensão de Maconha,0.0,0.0,0.0,0.0,0.0,1312611.0,1312611.0,kg
2026,2026-02-01,PA,Arma de Fogo Apreendida,0.0,240.0,0.0,0.0,0.0,0.0,240.0,ocorrencias
2026,2026-02-01,PA,Atendimento pré-hospitalar,0.0,1924.0,0.0,0.0,0.0,0.0,1924.0,ocorrencias
2026,2026-02-01,PA,Busca e salvamento,0.0,69.0,0.0,0.0,0.0,0.0,69.0,ocorrencias
2026,2026-02-01,PA,Combate a incêndios,0.0,254.0,0.0,0.0,0.0,0.0,254.0,ocorrencias
2026,2026-02-01,PA,Emissão de Alvarás de licença,0.0,0.0,0.0,0.0,0.0,0.0,0.0,ocorrencias
2026,2026-02-01,PA,Estupro,41.0,0.0,39.0,1.0,1.0,0.0,41.0,vitimas
2026,2026-02-01,PA,Estupro de vulnerável,276.0,0.0,238.0,31.0,7.0,0.0,276.0,vitimas
2026,2026-02-01,PA,Feminicídio,2.0,0.0,2.0,0.0,0.0,0.0,2.0,vitimas
2026,2026-02-01,PA,Furto de veículo,0.0,214.0,0.0,0.0,0.0,0.0,214.0,ocorrencias
2026,2026-02-01,PA,Homicídio doloso,115.0,0.0,5.0,109.0,1.0,0.0,115.0,vitimas
2026,2026-02-01,PA,Lesão corporal seguida de morte,5.0,0.0,1.0,4.0,0.0,0.0,5.0,vitimas
2026,2026-02-01,PA,Mandado de prisão cumprido,0.0,518.0,0.0,0.0,0.0,0.0,518.0,ocorrencias
2026,2026-02-01,PA,Morte de Agente do Estado,2.0,0.0,0.0,2.0,0.0,0.0,2.0,vitimas
2026,2026-02-01,PA,Morte no trânsito ou em decorrência dele (exceto homicídio doloso),86.0,0.0,17.0,67.0,2.0,0.0,86.0,vitimas
2026,2026-02-01,PA,Morte por intervenção de Agente do Estado,63.0,0.0,0.0,63.0,0.0,0.0,63.0,vitimas
2026,2026-02-01,PA,Mortes a esclarecer (sem indício de crime),33.0,0.0,5.0,28.0,0.0,0.0,33.0,vitimas
2026,2026-02-01,PA,Mortes no trânsito,13.0,0.0,4.0,9.0,0.0,0.0,13.0,vitimas
2026,2026-02-01,PA,Pessoa Desaparecida,103.0,0.0,45.0,58.0,0.0,0.0,103.0,vitimas
2026,2026-02-01,PA,Pessoa Localizada,50.0,0.0,18.0,31.0,1.0,0.0,50.0,vitimas
2026,2026-02-01,PA,Realização de vistorias,0.0,0.0,0.0,0.0,0.0,0.0,0.0,ocorrencias
2026,2026-02-01,PA,Roubo a instituição financeira,0.0,0.0,0.0,0.0,0.0,0.0,0.0,ocorrencias
2026,2026-02-01,PA,Roubo de carga,0.0,11.0,0.0,0.0,0.0,0.0,11.0,ocorrencias
2026,2026-02-01,PA,Roubo de veículo,0.0,80.0,0.0,0.0,0.0,0.0,80.0,ocorrencias
2026,2026-02-01,PA,Roubo seguido de morte (latrocínio),6.0,0.0,0.0,6.0,0.0,0.0,6.0,vitimas
2026,2026-02-01,PA,Suicídio,45.0,0.0,9.0,36.0,0.0,0.0,45.0,vitimas
2026,2026-02-01,PA,Suicídio de Agente do Estado,0.0,0.0,0.0,0.0,0.0,0.0,0.0,vitimas
2026,2026-02-01,PA,Tentativa de feminicídio,11.0,0.0,11.0,0.0,0.0,0.0,11.0,vitimas
2026,2026-02-01,PA,Tentativa de homicídio,93.0,0.0,9.0,83.0,1.0,0.0,93.0,vitimas
2026,2026-02-01,PA,Tráfico de drogas,0.0,460.0,0.0,0.0,0.0,0.0,460.0,ocorrencias
2026,2026-02-01,PB,Apreensão de Cocaína,0.0,0.0,0.0,0.0,0.0,11608.0,11608.0,kg
2026,2026-02-01,PB,Apreensão de Maconha,0.0,0.0,0.0,0.0,0.0,84932.0,84932.0,kg
2026,2026-02-01,PB,Arma de Fogo Apreendida,0.0,283.0,0.0,0.0,0.0,0.0,283.0,ocorrencias
2026,2026-02-01,PB,Atendimento pré-hospitalar,0.0,621.0,0.0,0.0,0.0,0.0,621.0,ocorrencias
2026,2026-02-01,PB,Busca e salvamento,0.0,521.0,0.0,0.0,0.0,0.0,521.0,ocorrencias
2026,2026-02-01,PB,Combate a incêndios,0.0,573.0,0.0,0.0,0.0,0.0,573.0,ocorrencias
2026,2026-02-01,PB,Emissão de Alvarás de licença,0.0,1870.0,0.0,0.0,0.0,0.0,1870.0,ocorrencias
2026,2026-02-01,PB,Estupro,15.0,0.0,14.0,1.0,0.0,0.0,15.0,vitimas
2026,2026-02-01,PB,Estupro de vulnerável,74.0,0.0,66.0,8.0,0.0,0.0,74.0,vitimas
2026,2026-02-01,PB,Feminicídio,1.0,0.0,1.0,0.0,0.0,0.0,1.0,vitimas
2026,2026-02-01,PB,Furto de veículo,0.0,123.0,0.0,0.0,0.0,0.0,123.0,ocorrencias
2026,2026-02-01,PB,Homicídio doloso,72.0,0.0,5.0,67.0,0.0,0.0,72.0,vitimas
2026,2026-02-01,PB,Lesão corporal seguida de morte,3.0,0.0,0.0,3.0,0.0,0.0,3.0,vitimas
2026,2026-02-01,PB,Mandado de prisão cumprido,0.0,344.0,0.0,0.0,0.0,0.0,344.0,ocorrencias
2026,2026-02-01,PB,Morte de Agente do Estado,1.0,0.0,0.0,1.0,0.0,0.0,1.0,vitimas
2026,2026-02-01,PB,Morte no trânsito ou em decorrência dele (exceto homicídio doloso),65.0,0.0,11.0,54.0,0.0,0.0,65.0,vitimas
2026,2026-02-01,PB,Morte por intervenção de Agente do Estado,10.0,0.0,0.0,10.0,0.0,0.0,10.0,vitimas
2026,2026-02-01,PB,Mortes a esclarecer (sem indício de crime),0.0,0.0,0.0,0.0,0.0,0.0,0.0,vitimas
2026,2026-02-01,PB,Mortes no trânsito,14.0,0.0,4.0,10.0,0.0,0.0,14.0,vitimas
2026,2026-02-01,PB,Pessoa Desaparecida,74.0,0.0,17.0,57.0,0.0,0.0,74.0,vitimas
2026,2026-02-01,PB,Pessoa Localizada,62.0,0.0,15.0,47.0,0.0,0.0,62.0,vitimas
2026,2026-02-01,PB,Realização de vistorias,0.0,1211.0,0.0,0.0,0.0,0.0,1211.0,ocorrencias
2026,2026-02-01,PB,Roubo a instituição financeira,0.0,0.0,0.0,0.0,0.0,0.0,0.0,ocorrencias
2026,2026-02-01,PB,Roubo de carga,0.0,1.0,0.0,0.0,0.0,0.0,1.0,ocorrencias
2026,2026-02-01,PB,Roubo de veículo,0.0,305.0,0.0,0.0,0.0,0.0,305.0,ocorrencias
2026,2026-02-01,PB,Roubo seguido de morte (latrocínio),0.0,0.0,0.0,0.0,0.0,0.0,0.0,vitimas
2026,2026-02-01,PB,Suicídio,24.0,0.0,10.0,14.0,0.0,0.0,24.0,vitimas
2026,2026-02-01,PB,Suicídio de Agente do Estado,0.0,0.0,0.0,0.0,0.0,0.0,0.0,vitimas
2026,2026-02-01,PB,Tentativa de feminicídio,2.0,0.0,2.0,0.0,0.0,0.0,2.0,vitimas
2026,2026-02-01,PB,Tentativa de homicídio,52.0,0.0,11.0,41.0,0.0,0.0,52.0,vitimas
2026,2026-02-01,PB,Tráfico de drogas,0.0,214.0,0.0,0.0,0.0,0.0,214.0,ocorrencias
2026,2026-02-01,PE,Apreensão de Cocaína,0.0,0.0,0.0,0.0,0.0,3910.0,3910.0,kg
2026,2026-02-01,PE,Apreensão de Maconha,0.0,0.0,0.0,0.0,0.0,173100930.0,173100930.0,kg
2026,2026-02-01,PE,Arma de Fogo Apreendida,0.0,499.0,0.0,0.0,0.0,0.0,499.0,ocorrencias
2026,2026-02-01,PE,Atendimento pré-hospitalar,0.0,1464.0,0.0,0.0,0.0,0.0,1464.0,ocorrencias
2026,2026-02-01,PE,Busca e salvamento,0.0,525.0,0.0,0.0,0.0,0.0,525.0,ocorrencias
2026,2026-02-01,PE,Combate a incêndios,0.0,396.0,0.0,0.0,0.0,0.0,396.0,ocorrencias
2026,2026-02-01,PE,Emissão de Alvarás de licença,0.0,8864.0,0.0,0.0,0.0,0.0,8864.0,ocorrencias
2026,2026-02-01,PE,Estupro,39.0,0.0,36.0,3.0,0.0,0.0,39.0,vitimas
2026,2026-02-01,PE,Estupro de vulnerável,126.0,0.0,96.0,25.0,5.0,0.0,126.0,vitimas
2026,2026-02-01,PE,Feminicídio,8.0,0.0,7.0,1.0,0.0,0.0,8.0,vitimas
2026,2026-02-01,PE,Furto de veículo,0.0,468.0,0.0,0.0,0.0,0.0,468.0,ocorrencias
2026,2026-02-01,PE,Homicídio doloso,208.0,0.0,15.0,193.0,0.0,0.0,208.0,vitimas
2026,2026-02-01,PE,Lesão corporal seguida de morte,2.0,0.0,0.0,2.0,0.0,0.0,2.0,vitimas
2026,2026-02-01,PE,Mandado de prisão cumprido,0.0,799.0,0.0,0.0,0.0,0.0,799.0,ocorrencias
2026,2026-02-01,PE,Morte de Agente do Estado,0.0,0.0,0.0,0.0,0.0,0.0,0.0,vitimas
2026,2026-02-01,PE,Morte no trânsito ou em decorrência dele (exceto homicídio doloso),149.0,0.0,22.0,127.0,0.0,0.0,149.0,vitimas
2026,2026-02-01,PE,Morte por intervenção de Agente do Estado,6.0,0.0,0.0,6.0,0.0,0.0,6.0,vitimas
2026,2026-02-01,PE,Mortes a esclarecer (sem indício de crime),163.0,0.0,51.0,110.0,2.0,0.0,163.0,vitimas
2026,2026-02-01,PE,Mortes no trânsito,34.0,0.0,7.0,27.0,0.0,0.0,34.0,vitimas
2026,2026-02-01,PE,Pessoa Desaparecida,209.0,0.0,67.0,135.0,7.0,0.0,209.0,vitimas
2026,2026-02-01,PE,Pessoa Localizada,80.0,0.0,28.0,50.0,2.0,0.0,80.0,vitimas
2026,2026-02-01,PE,Realização de vistorias,0.0,5275.0,0.0,0.0,0.0,0.0,5275.0,ocorrencias
2026,2026-02-01,PE,Roubo a instituição financeira,0.0,0.0,0.0,0.0,0.0,0.0,0.0,ocorrencias
2026,2026-02-01,PE,Roubo de carga,0.0,21.0,0.0,0.0,0.0,0.0,21.0,ocorrencias
2026,2026-02-01,PE,Roubo de veículo,0.0,809.0,0.0,0.0,0.0,0.0,809.0,ocorrencias
2026,2026-02-01,PE,Roubo seguido de morte (latrocínio),5.0,0.0,0.0,5.0,0.0,0.0,5.0,vitimas
2026,2026-02-01,PE,Suicídio,56.0,0.0,13.0,43.0,0.0,0.0,56.0,vitimas
2026,2026-02-01,PE,Suicídio de Agente do Estado,0.0,0.0,0.0,0.0,0.0,0.0,0.0,vitimas
2026,2026-02-01,PE,Tentativa de feminicídio,18.0,0.0,18.0,0.0,0.0,0.0,18.0,vitimas
2026,2026-02-01,PE,Tentativa de homicídio,189.0,0.0,23.0,166.0,0.0,0.0,189.0,vitimas
2026,2026-02-01,PE,Tráfico de drogas,0.0,845.0,0.0,0.0,0.0,0.0,845.0,ocorrencias
2026,2026-02-01,PI,Apreensão de Cocaína,0.0,0.0,0.0,0.0,0.0,34.0,34.0,kg
2026,2026-02-01,PI,Apreensão de Maconha,0.0,0.0,0.0,0.0,0.0,5058.0,5058.0,kg
2026,2026-02-01,PI,Arma de Fogo Apreendida,0.0,168.0,0.0,0.0,0.0,0.0,168.0,ocorrencias
2026,2026-02-01,PI,Atendimento pré-hospitalar,0.0,111.0,0.0,0.0,0.0,0.0,111.0,ocorrencias
2026,2026-02-01,PI,Busca e salvamento,0.0,323.0,0.0,0.0,0.0,0.0,323.0,ocorrencias
2026,2026-02-01,PI,Combate a incêndios,0.0,129.0,0.0,0.0,0.0,0.0,129.0,ocorrencias
2026,2026-02-01,PI,Emissão de Alvarás de licença,0.0,597.0,0.0,0.0,0.0,0.0,597.0,ocorrencias
2026,2026-02-01,PI,Estupro,17.0,0.0,17.0,0.0,0.0,0.0,17.0,vitimas
2026,2026-02-01,PI,Estupro de vulnerável,63.0,0.0,55.0,7.0,1.0,0.0,63.0,vitimas
2026,2026-02-01,PI,Feminicídio,1.0,0.0,1.0,0.0,0.0,0.0,1.0,vitimas
2026,2026-02-01,PI,Furto de veículo,0.0,156.0,0.0,0.0,0.0,0.0,156.0,ocorrencias
2026,2026-02-01,PI,Homicídio doloso,36.0,0.0,1.0,35.0,0.0,0.0,36.0,vitimas
2026,2026-02-01,PI,Lesão corporal seguida de morte,2.0,0.0,0.0,2.0,0.0,0.0,2.0,vitimas
2026,2026-02-01,PI,Mandado de prisão cumprido,0.0,401.0,0.0,0.0,0.0,0.0,401.0,ocorrencias
2026,2026-02-01,PI,Morte de Agente do Estado,0.0,0.0,0.0,0.0,0.0,0.0,0.0,vitimas
2026,2026-02-01,PI,Morte no trânsito ou em decorrência dele (exceto homicídio doloso),10.0,0.0,3.0,7.0,0.0,0.0,10.0,vitimas
2026,2026-02-01,PI,Morte por intervenção de Agente do Estado,4.0,0.0,0.0,4.0,0.0,0.0,4.0,vitimas
2026,2026-02-01,PI,Mortes a esclarecer (sem indício de crime),10.0,0.0,3.0,7.0,0.0,0.0,10.0,vitimas
2026,2026-02-01,PI,Mortes no trânsito,9.0,0.0,3.0,6.0,0.0,0.0,9.0,vitimas
2026,2026-02-01,PI,Pessoa Desaparecida,62.0,0.0,21.0,39.0,2.0,0.0,62.0,vitimas
2026,2026-02-01,PI,Pessoa Localizada,23.0,0.0,8.0,15.0,0.0,0.0,23.0,vitimas
2026,2026-02-01,PI,Realização de vistorias,0.0,673.0,0.0,0.0,0.0,0.0,673.0,ocorrencias
2026,2026-02-01,PI,Roubo a instituição financeira,0.0,0.0,0.0,0.0,0.0,0.0,0.0,ocorrencias
2026,2026-02-01,PI,Roubo de carga,0.0,2.0,0.0,0.0,0.0,0.0,2.0,ocorrencias
2026,2026-02-01,PI,Roubo de veículo,0.0,168.0,0.0,0.0,0.0,0.0,168.0,ocorrencias
2026,2026-02-01,PI,Roubo seguido de morte (latrocínio),0.0,0.0,0.0,0.0,0.0,0.0,0.0,vitimas
2026,2026-02-01,PI,Suicídio,25.0,0.0,3.0,22.0,0.0,0.0,25.0,vitimas
2026,2026-02-01,PI,Suicídio de Agente do Estado,0.0,0.0,0.0,0.0,0.0,0.0,0.0,vitimas
2026,2026-02-01,PI,Tentativa de feminicídio,7.0,0.0,7.0,0.0,0.0,0.0,7.0,vitimas
2026,2026-02-01,PI,Tentativa de homicídio,31.0,0.0,6.0,24.0,1.0,0.0,31.0,vitimas
2026,2026-02-01,PI,Tráfico de drogas,0.0,271.0,0.0,0.0,0.0,0.0,271.0,ocorrencias
2026,2026-02-01,PR,Apreensão de Cocaína,0.0,0.0,0.0,0.0,0.0,54606.0,54606.0,kg
2026,2026-02-01,PR,Apreensão de Maconha,0.0,0.0,0.0,0.0,0.0,11410943.0,11410943.0,kg
2026,2026-02-01,PR,Arma de Fogo Apreendida,0.0,344.0,0.0,0.0,0.0,0.0,344.0,ocorrencias
2026,2026-02-01,PR,Atendimento pré-hospitalar,0.0,2564.0,0.0,0.0,0.0,0.0,2564.0,ocorrencias
2026,2026-02-01,PR,Busca e salvamento,0.0,1617.0,0.0,0.0,0.0,0.0,1617.0,ocorrencias
2026,2026-02-01,PR,Combate a incêndios,0.0,1049.0,0.0,0.0,0.0,0.0,1049.0,ocorrencias
2026,2026-02-01,PR,Emissão de Alvarás de licença,0.0,21573.0,0.0,0.0,0.0,0.0,21573.0,ocorrencias
2026,2026-02-01,PR,Estupro,122.0,0.0,113.0,9.0,0.0,0.0,122.0,vitimas
2026,2026-02-01,PR,Estupro de vulnerável,338.0,0.0,284.0,54.0,0.0,0.0,338.0,vitimas
2026,2026-02-01,PR,Feminicídio,11.0,0.0,10.0,1.0,0.0,0.0,11.0,vitimas
2026,2026-02-01,PR,Furto de veículo,0.0,658.0,0.0,0.0,0.0,0.0,658.0,ocorrencias
2026,2026-02-01,PR,Homicídio doloso,95.0,0.0,8.0,86.0,1.0,0.0,95.0,vitimas
2026,2026-02-01,PR,Lesão corporal seguida de morte,2.0,0.0,0.0,2.0,0.0,0.0,2.0,vitimas
2026,2026-02-01,PR,Mandado de prisão cumprido,0.0,3168.0,0.0,0.0,0.0,0.0,3168.0,ocorrencias
2026,2026-02-01,PR,Morte de Agente do Estado,0.0,0.0,0.0,0.0,0.0,0.0,0.0,vitimas
2026,2026-02-01,PR,Morte no trânsito ou em decorrência dele (exceto homicídio doloso),64.0,0.0,14.0,50.0,0.0,0.0,64.0,vitimas
2026,2026-02-01,PR,Morte por intervenção de Agente do Estado,46.0,0.0,0.0,46.0,0.0,0.0,46.0,vitimas
2026,2026-02-01,PR,Mortes a esclarecer (sem indício de crime),6.0,0.0,0.0,6.0,0.0,0.0,6.0,vitimas
2026,2026-02-01,PR,Mortes no trânsito,47.0,0.0,13.0,34.0,0.0,0.0,47.0,vitimas
2026,2026-02-01,PR,Pessoa Desaparecida,460.0,0.0,162.0,298.0,0.0,0.0,460.0,vitimas
2026,2026-02-01,PR,Pessoa Localizada,342.0,0.0,142.0,200.0,0.0,0.0,342.0,vitimas
2026,2026-02-01,PR,Realização de vistorias,0.0,4179.0,0.0,0.0,0.0,0.0,4179.0,ocorrencias
2026,2026-02-01,PR,Roubo a instituição financeira,0.0,0.0,0.0,0.0,0.0,0.0,0.0,ocorrencias
2026,2026-02-01,PR,Roubo de carga,0.0,0.0,0.0,0.0,0.0,0.0,0.0,ocorrencias
2026,2026-02-01,PR,Roubo de veículo,0.0,103.0,0.0,0.0,0.0,0.0,103.0,ocorrencias
2026,2026-02-01,PR,Roubo seguido de morte (latrocínio),4.0,0.0,0.0,4.0,0.0,0.0,4.0,vitimas
2026,2026-02-01,PR,Suicídio,58.0,0.0,17.0,41.0,0.0,0.0,58.0,vitimas
2026,2026-02-01,PR,Suicídio de Agente do Estado,0.0,0.0,0.0,0.0,0.0,0.0,0.0,vitimas
2026,2026-02-01,PR,Tentativa de feminicídio,14.0,0.0,14.0,0.0,0.0,0.0,14.0,vitimas
2026,2026-02-01,PR,Tentativa de homicídio,69.0,0.0,12.0,57.0,0.0,0.0,69.0,vitimas
2026,2026-02-01,PR,Tráfico de drogas,0.0,1131.0,0.0,0.0,0.0,0.0,1131.0,ocorrencias
2026,2026-02-01,RJ,Apreensão de Cocaína,0.0,0.0,0.0,0.0,0.0,57036.0,57036.0,kg
2026,2026-02-01,RJ,Apreensão de Maconha,0.0,0.0,0.0,0.0,0.0,1571767.0,1571767.0,kg
2026,2026-02-01,RJ,Arma de Fogo Apreendida,0.0,413.0,0.0,0.0,0.0,0.0,413.0,ocorrencias
2026,2026-02-01,RJ,Atendimento pré-hospitalar,0.0,11217.0,0.0,0.0,0.0,0.0,11217.0,ocorrencias
2026,2026-02-01,RJ,Busca e salvamento,0.0,12294.0,0.0,0.0,0.0,0.0,12294.0,ocorrencias
2026,2026-02-01,RJ,Combate a incêndios,0.0,2821.0,0.0,0.0,0.0,0.0,2821.0,ocorrencias
2026,2026-02-01,RJ,Emissão de Alvarás de licença,0.0,3864.0,0.0,0.0,0.0,0.0,3864.0,ocorrencias
2026,2026-02-01,RJ,Estupro,471.0,0.0,406.0,60.0,5.0,0.0,471.0,vitimas
2026,2026-02-01,RJ,Estupro de vulnerável,0.0,0.0,0.0,0.0,0.0,0.0,0.0,vitimas
2026,2026-02-01,RJ,Feminicídio,3.0,0.0,3.0,0.0,0.0,0.0,3.0,vitimas
2026,2026-02-01,RJ,Furto de veículo,0.0,1170.0,0.0,0.0,0.0,0.0,1170.0,ocorrencias
2026,2026-02-01,RJ,Homicídio doloso,291.0,0.0,21.0,255.0,15.0,0.0,291.0,vitimas
2026,2026-02-01,RJ,Lesão corporal seguida de morte,8.0,0.0,1.0,7.0,0.0,0.0,8.0,vitimas
2026,2026-02-01,RJ,Mandado de prisão cumprido,0.0,1020.0,0.0,0.0,0.0,0.0,1020.0,ocorrencias
2026,2026-02-01,RJ,Morte de Agente do Estado,3.0,0.0,0.0,3.0,0.0,0.0,3.0,vitimas
2026,2026-02-01,RJ,Morte no trânsito ou em decorrência dele (exceto homicídio doloso),176.0,0.0,48.0,123.0,5.0,0.0,176.0,vitimas
2026,2026-02-01,RJ,Morte por intervenção de Agente do Estado,51.0,0.0,0.0,51.0,0.0,0.0,51.0,vitimas
2026,2026-02-01,RJ,Mortes a esclarecer (sem indício de crime),224.0,0.0,57.0,165.0,2.0,0.0,224.0,vitimas
2026,2026-02-01,RJ,Mortes no trânsito,29.0,0.0,11.0,18.0,0.0,0.0,29.0,vitimas
2026,2026-02-01,RJ,Pessoa Desaparecida,554.0,0.0,185.0,364.0,5.0,0.0,554.0,vitimas
2026,2026-02-01,RJ,Pessoa Localizada,198.0,0.0,0.0,4.0,194.0,0.0,198.0,vitimas
2026,2026-02-01,RJ,Realização de vistorias,0.0,367.0,0.0,0.0,0.0,0.0,367.0,ocorrencias
2026,2026-02-01,RJ,Roubo a instituição financeira,0.0,1.0,0.0,0.0,0.0,0.0,1.0,ocorrencias
2026,2026-02-01,RJ,Roubo de carga,0.0,345.0,0.0,0.0,0.0,0.0,345.0,ocorrencias
2026,2026-02-01,RJ,Roubo de veículo,0.0,2079.0,0.0,0.0,0.0,0.0,2079.0,ocorrencias
2026,2026-02-01,RJ,Roubo seguido de morte (latrocínio),8.0,0.0,2.0,6.0,0.0,0.0,8.0,vitimas
2026,2026-02-01,RJ,Suicídio,78.0,0.0,22.0,53.0,3.0,0.0,78.0,vitimas
2026,2026-02-01,RJ,Suicídio de Agente do Estado,1.0,0.0,0.0,1.0,0.0,0.0,1.0,vitimas
2026,2026-02-01,RJ,Tentativa de feminicídio,0.0,0.0,0.0,0.0,0.0,0.0,0.0,vitimas
2026,2026-02-01,RJ,Tentativa de homicídio,324.0,0.0,47.0,259.0,18.0,0.0,324.0,vitimas
2026,2026-02-01,RJ,Tráfico de drogas,0.0,1721.0,0.0,0.0,0.0,0.0,1721.0,ocorrencias
2026,2026-02-01,RN,Apreensão de Cocaína,0.0,0.0,0.0,0.0,0.0,21733.0,21733.0,kg
2026,2026-02-01,RN,Apreensão de Maconha,0.0,0.0,0.0,0.0,0.0,115178.0,115178.0,kg
2026,2026-02-01,RN,Arma de Fogo Apreendida,0.0,155.0,0.0,0.0,0.0,0.0,155.0,ocorrencias
2026,2026-02-01,RN,Atendimento pré-hospitalar,0.0,341.0,0.0,0.0,0.0,0.0,341.0,ocorrencias
2026,2026-02-01,RN,Busca e salvamento,0.0,677.0,0.0,0.0,0.0,0.0,677.0,ocorrencias
2026,2026-02-01,RN,Combate a incêndios,0.0,216.0,0.0,0.0,0.0,0.0,216.0,ocorrencias
2026,2026-02-01,RN,Emissão de Alvarás de licença,0.0,629.0,0.0,0.0,0.0,0.0,629.0,ocorrencias
2026,2026-02-01,RN,Estupro,16.0,0.0,15.0,1.0,0.0,0.0,16.0,vitimas
2026,2026-02-01,RN,Estupro de vulnerável,47.0,0.0,35.0,11.0,1.0,0.0,47.0,vitimas
2026,2026-02-01,RN,Feminicídio,4.0,0.0,4.0,0.0,0.0,0.0,4.0,vitimas
2026,2026-02-01,RN,Furto de veículo,0.0,94.0,0.0,0.0,0.0,0.0,94.0,ocorrencias
2026,2026-02-01,RN,Homicídio doloso,89.0,0.0,9.0,78.0,2.0,0.0,89.0,vitimas
2026,2026-02-01,RN,Lesão corporal seguida de morte,1.0,0.0,0.0,1.0,0.0,0.0,1.0,vitimas
2026,2026-02-01,RN,Mandado de prisão cumprido,0.0,322.0,0.0,0.0,0.0,0.0,322.0,ocorrencias
2026,2026-02-01,RN,Morte de Agente do Estado,0.0,0.0,0.0,0.0,0.0,0.0,0.0,vitimas
2026,2026-02-01,RN,Morte no trânsito ou em decorrência dele (exceto homicídio doloso),37.0,0.0,8.0,29.0,0.0,0.0,37.0,vitimas
2026,2026-02-01,RN,Morte por intervenção de Agente do Estado,17.0,0.0,0.0,17.0,0.0,0.0,17.0,vitimas
2026,2026-02-01,RN,Mortes a esclarecer (sem indício de crime),55.0,0.0,17.0,37.0,1.0,0.0,55.0,vitimas
2026,2026-02-01,RN,Mortes no trânsito,6.0,0.0,0.0,6.0,0.0,0.0,6.0,vitimas
2026,2026-02-01,RN,Pessoa Desaparecida,48.0,0.0,15.0,33.0,0.0,0.0,48.0,vitimas
2026,2026-02-01,RN,Pessoa Localizada,37.0,0.0,9.0,28.0,0.0,0.0,37.0,vitimas
2026,2026-02-01,RN,Realização de vistorias,0.0,622.0,0.0,0.0,0.0,0.0,622.0,ocorrencias
2026,2026-02-01,RN,Roubo a instituição financeira,0.0,0.0,0.0,0.0,0.0,0.0,0.0,ocorrencias
2026,2026-02-01,RN,Roubo de carga,0.0,3.0,0.0,0.0,0.0,0.0,3.0,ocorrencias
2026,2026-02-01,RN,Roubo de veículo,0.0,70.0,0.0,0.0,0.0,0.0,70.0,ocorrencias
2026,2026-02-01,RN,Roubo seguido de morte (latrocínio),1.0,0.0,0.0,1.0,0.0,0.0,1.0,vitimas
2026,2026-02-01,RN,Suicídio,25.0,0.0,4.0,21.0,0.0,0.0,25.0,vitimas
2026,2026-02-01,RN,Suicídio de Agente do Estado,0.0,0.0,0.0,0.0,0.0,0.0,0.0,vitimas
2026,2026-02-01,RN,Tentativa de feminicídio,6.0,0.0,6.0,0.0,0.0,0.0,6.0,vitimas
2026,2026-02-01,RN,Tentativa de homicídio,70.0,0.0,2.0,64.0,4.0,0.0,70.0,vitimas
2026,2026-02-01,RN,Tráfico de drogas,0.0,205.0,0.0,0.0,0.0,0.0,205.0,ocorrencias
2026,2026-02-01,RO,Apreensão de Cocaína,0.0,0.0,0.0,0.0,0.0,7728.0,7728.0,kg
2026,2026-02-01,RO,Apreensão de Maconha,0.0,0.0,0.0,0.0,0.0,462777.0,462777.0,kg
2026,2026-02-01,RO,Arma de Fogo Apreendida,0.0,230.0,0.0,0.0,0.0,0.0,230.0,ocorrencias
2026,2026-02-01,RO,Atendimento pré-hospitalar,0.0,0.0,0.0,0.0,0.0,0.0,0.0,ocorrencias
2026,2026-02-01,RO,Busca e salvamento,0.0,0.0,0.0,0.0,0.0,0.0,0.0,ocorrencias
2026,2026-02-01,RO,Combate a incêndios,0.0,0.0,0.0,0.0,0.0,0.0,0.0,ocorrencias
2026,2026-02-01,RO,Emissão de Alvarás de licença,0.0,0.0,0.0,0.0,0.0,0.0,0.0,ocorrencias
2026,2026-02-01,RO,Estupro,34.0,0.0,30.0,3.0,1.0,0.0,34.0,vitimas
2026,2026-02-01,RO,Estupro de vulnerável,56.0,0.0,34.0,14.0,8.0,0.0,56.0,vitimas
2026,2026-02-01,RO,Feminicídio,2.0,0.0,0.0,2.0,0.0,0.0,2.0,vitimas
2026,2026-02-01,RO,Furto de veículo,0.0,147.0,0.0,0.0,0.0,0.0,147.0,ocorrencias
2026,2026-02-01,RO,Homicídio doloso,25.0,0.0,2.0,23.0,0.0,0.0,25.0,vitimas
2026,2026-02-01,RO,Lesão corporal seguida de morte,0.0,0.0,0.0,0.0,0.0,0.0,0.0,vitimas
2026,2026-02-01,RO,Mandado de prisão cumprido,0.0,257.0,0.0,0.0,0.0,0.0,257.0,ocorrencias
2026,2026-02-01,RO,Morte de Agente do Estado,1.0,0.0,1.0,0.0,0.0,0.0,1.0,vitimas
2026,2026-02-01,RO,Morte no trânsito ou em decorrência dele (exceto homicídio doloso),31.0,0.0,4.0,27.0,0.0,0.0,31.0,vitimas
2026,2026-02-01,RO,Morte por intervenção de Agente do Estado,1.0,0.0,0.0,1.0,0.0,0.0,1.0,vitimas
2026,2026-02-01,RO,Mortes a esclarecer (sem indício de crime),45.0,0.0,15.0,30.0,0.0,0.0,45.0,vitimas
2026,2026-02-01,RO,Mortes no trânsito,11.0,0.0,2.0,9.0,0.0,0.0,11.0,vitimas
2026,2026-02-01,RO,Pessoa Desaparecida,87.0,0.0,35.0,52.0,0.0,0.0,87.0,vitimas
2026,2026-02-01,RO,Pessoa Localizada,5.0,0.0,1.0,4.0,0.0,0.0,5.0,vitimas
2026,2026-02-01,RO,Realização de vistorias,0.0,0.0,0.0,0.0,0.0,0.0,0.0,ocorrencias
2026,2026-02-01,RO,Roubo a instituição financeira,0.0,0.0,0.0,0.0,0.0,0.0,0.0,ocorrencias
2026,2026-02-01,RO,Roubo de carga,0.0,0.0,0.0,0.0,0.0,0.0,0.0,ocorrencias
2026,2026-02-01,RO,Roubo de veículo,0.0,24.0,0.0,0.0,0.0,0.0,24.0,ocorrencias
2026,2026-02-01,RO,Roubo seguido de morte (latrocínio),0.0,0.0,0.0,0.0,0.0,0.0,0.0,vitimas
2026,2026-02-01,RO,Suicídio,8.0,0.0,4.0,4.0,0.0,0.0,8.0,vitimas
2026,2026-02-01,RO,Suicídio de Agente do Estado,0.0,0.0,0.0,0.0,0.0,0.0,0.0,vitimas
2026,2026-02-01,RO,Tentativa de feminicídio,3.0,0.0,3.0,0.0,0.0,0.0,3.0,vitimas
2026,2026-02-01,RO,Tentativa de homicídio,62.0,0.0,6.0,56.0,0.0,0.0,62.0,vitimas
2026,2026-02-01,RO,Tráfico de drogas,0.0,209.0,0.0,0.0,0.0,0.0,209.0,ocorrencias
2026,2026-02-01,RR,Apreensão de Cocaína,0.0,0.0,0.0,0.0,0.0,1286.0,1286.0,kg
2026,2026-02-01,RR,Apreensão de Maconha,0.0,0.0,0.0,0.0,0.0,13535.0,13535.0,kg
2026,2026-02-01,RR,Arma de Fogo Apreendida,0.0,21.0,0.0,0.0,0.0,0.0,21.0,ocorrencias
2026,2026-02-01,RR,Atendimento pré-hospitalar,0.0,192.0,0.0,0.0,0.0,0.0,192.0,ocorrencias
2026,2026-02-01,RR,Busca e salvamento,0.0,180.0,0.0,0.0,0.0,0.0,180.0,ocorrencias
2026,2026-02-01,RR,Combate a incêndios,0.0,263.0,0.0,0.0,0.0,0.0,263.0,ocorrencias
2026,2026-02-01,RR,Emissão de Alvarás de licença,0.0,135.0,0.0,0.0,0.0,0.0,135.0,ocorrencias
2026,2026-02-01,RR,Estupro,12.0,0.0,11.0,0.0,1.0,0.0,12.0,vitimas
2026,2026-02-01,RR,Estupro de vulnerável,39.0,0.0,31.0,6.0,2.0,0.0,39.0,vitimas
2026,2026-02-01,RR,Feminicídio,0.0,0.0,0.0,0.0,0.0,0.0,0.0,vitimas
2026,2026-02-01,RR,Furto de veículo,0.0,40.0,0.0,0.0,0.0,0.0,40.0,ocorrencias
2026,2026-02-01,RR,Homicídio doloso,8.0,0.0,1.0,7.0,0.0,0.0,8.0,vitimas
2026,2026-02-01,RR,Lesão corporal seguida de morte,0.0,0.0,0.0,0.0,0.0,0.0,0.0,vitimas
2026,2026-02-01,RR,Mandado de prisão cumprido,0.0,85.0,0.0,0.0,0.0,0.0,85.0,ocorrencias
2026,2026-02-01,RR,Morte de Agente do Estado,0.0,0.0,0.0,0.0,0.0,0.0,0.0,vitimas
2026,2026-02-01,RR,Morte no trânsito ou em decorrência dele (exceto homicídio doloso),15.0,0.0,3.0,12.0,0.0,0.0,15.0,vitimas
2026,2026-02-01,RR,Morte por intervenção de Agente do Estado,0.0,0.0,0.0,0.0,0.0,0.0,0.0,vitimas
2026,2026-02-01,RR,Mortes a esclarecer (sem indício de crime),15.0,0.0,2.0,11.0,2.0,0.0,15.0,vitimas
2026,2026-02-01,RR,Mortes no trânsito,1.0,0.0,0.0,1.0,0.0,0.0,1.0,vitimas
2026,2026-02-01,RR,Pessoa Desaparecida,46.0,0.0,28.0,17.0,1.0,0.0,46.0,vitimas
2026,2026-02-01,RR,Pessoa Localizada,26.0,0.0,17.0,9.0,0.0,0.0,26.0,vitimas
2026,2026-02-01,RR,Realização de vistorias,0.0,42.0,0.0,0.0,0.0,0.0,42.0,ocorrencias
2026,2026-02-01,RR,Roubo a instituição financeira,0.0,0.0,0.0,0.0,0.0,0.0,0.0,ocorrencias
2026,2026-02-01,RR,Roubo de carga,0.0,0.0,0.0,0.0,0.0,0.0,0.0,ocorrencias
2026,2026-02-01,RR,Roubo de veículo,0.0,7.0,0.0,0.0,0.0,0.0,7.0,ocorrencias
2026,2026-02-01,RR,Roubo seguido de morte (latrocínio),2.0,0.0,0.0,2.0,0.0,0.0,2.0,vitimas
2026,2026-02-01,RR,Suicídio,5.0,0.0,1.0,4.0,0.0,0.0,5.0,vitimas
2026,2026-02-01,RR,Suicídio de Agente do Estado,0.0,0.0,0.0,0.0,0.0,0.0,0.0,vitimas
2026,2026-02-01,RR,Tentativa de feminicídio,2.0,0.0,2.0,0.0,0.0,0.0,2.0,vitimas
2026,2026-02-01,RR,Tentativa de homicídio,13.0,0.0,1.0,11.0,1.0,0.0,13.0,vitimas
2026,2026-02-01,RR,Tráfico de drogas,0.0,42.0,0.0,0.0,0.0,0.0,42.0,ocorrencias
2026,2026-02-01,RS,Apreensão de Cocaína,0.0,0.0,0.0,0.0,0.0,402786.0,402786.0,kg
2026,2026-02-01,RS,Apreensão de Maconha,0.0,0.0,0.0,0.0,0.0,15929.0,15929.0,kg
2026,2026-02-01,RS,Arma de Fogo Apreendida,0.0,672.0,0.0,0.0,0.0,0.0,672.0,ocorrencias
2026,2026-02-01,RS,Atendimento pré-hospitalar,0.0,2442.0,0.0,0.0,0.0,0.0,2442.0,ocorrencias
2026,2026-02-01,RS,Busca e salvamento,0.0,1265.0,0.0,0.0,0.0,0.0,1265.0,ocorrencias
2026,2026-02-01,RS,Combate a incêndios,0.0,2221.0,0.0,0.0,0.0,0.0,2221.0,ocorrencias
2026,2026-02-01,RS,Emissão de Alvarás de licença,0.0,2764.0,0.0,0.0,0.0,0.0,2764.0,ocorrencias
2026,2026-02-01,RS,Estupro,106.0,0.0,100.0,6.0,0.0,0.0,106.0,vitimas
2026,2026-02-01,RS,Estupro de vulnerável,321.0,0.0,261.0,60.0,0.0,0.0,321.0,vitimas
2026,2026-02-01,RS,Feminicídio,9.0,0.0,9.0,0.0,0.0,0.0,9.0,vitimas
2026,2026-02-01,RS,Furto de veículo,0.0,412.0,0.0,0.0,0.0,0.0,412.0,ocorrencias
2026,2026-02-01,RS,Homicídio doloso,75.0,0.0,6.0,69.0,0.0,0.0,75.0,vitimas
2026,2026-02-01,RS,Lesão corporal seguida de morte,0.0,0.0,0.0,0.0,0.0,0.0,0.0,vitimas
2026,2026-02-01,RS,Mandado de prisão cumprido,0.0,740.0,0.0,0.0,0.0,0.0,740.0,ocorrencias
2026,2026-02-01,RS,Morte de Agente do Estado,0.0,0.0,0.0,0.0,0.0,0.0,0.0,vitimas
2026,2026-02-01,RS,Morte no trânsito ou em decorrência dele (exceto homicídio doloso),78.0,0.0,22.0,56.0,0.0,0.0,78.0,vitimas
2026,2026-02-01,RS,Morte por intervenção de Agente do Estado,10.0,0.0,0.0,10.0,0.0,0.0,10.0,vitimas
2026,2026-02-01,RS,Mortes a esclarecer (sem indício de crime),100.0,0.0,24.0,76.0,0.0,0.0,100.0,vitimas
2026,2026-02-01,RS,Mortes no trânsito,22.0,0.0,6.0,16.0,0.0,0.0,22.0,vitimas
2026,2026-02-01,RS,Pessoa Desaparecida,645.0,0.0,231.0,414.0,0.0,0.0,645.0,vitimas
2026,2026-02-01,RS,Pessoa Localizada,588.0,0.0,223.0,365.0,0.0,0.0,588.0,vitimas
2026,2026-02-01,RS,Realização de vistorias,0.0,1839.0,0.0,0.0,0.0,0.0,1839.0,ocorrencias
2026,2026-02-01,RS,Roubo a instituição financeira,0.0,0.0,0.0,0.0,0.0,0.0,0.0,ocorrencias
2026,2026-02-01,RS,Roubo de carga,0.0,1.0,0.0,0.0,0.0,0.0,1.0,ocorrencias
2026,2026-02-01,RS,Roubo de veículo,0.0,98.0,0.0,0.0,0.0,0.0,98.0,ocorrencias
2026,2026-02-01,RS,Roubo seguido de morte (latrocínio),2.0,0.0,1.0,1.0,0.0,0.0,2.0,vitimas
2026,2026-02-01,RS,Suicídio,128.0,0.0,21.0,107.0,0.0,0.0,128.0,vitimas
2026,2026-02-01,RS,Suicídio de Agente do Estado,2.0,0.0,0.0,2.0,0.0,0.0,2.0,vitimas
2026,2026-02-01,RS,Tentativa de feminicídio,30.0,0.0,30.0,0.0,0.0,0.0,30.0,vitimas
2026,2026-02-01,RS,Tentativa de homicídio,146.0,0.0,21.0,125.0,0.0,0.0,146.0,vitimas
2026,2026-02-01,RS,Tráfico de drogas,0.0,1350.0,0.0,0.0,0.0,0.0,1350.0,ocorrencias
2026,2026-02-01,SC,Apreensão de Cocaína,0.0,0.0,0.0,0.0,0.0,4155.0,4155.0,kg
2026,2026-02-01,SC,Apreensão de Maconha,0.0,0.0,0.0,0.0,0.0,136859.0,136859.0,kg
2026,2026-02-01,SC,Arma de Fogo Apreendida,0.0,196.0,0.0,0.0,0.0,0.0,196.0,ocorrencias
2026,2026-02-01,SC,Atendimento pré-hospitalar,0.0,12935.0,0.0,0.0,0.0,0.0,12935.0,ocorrencias
2026,2026-02-01,SC,Busca e salvamento,0.0,1419.0,0.0,0.0,0.0,0.0,1419.0,ocorrencias
2026,2026-02-01,SC,Combate a incêndios,0.0,729.0,0.0,0.0,0.0,0.0,729.0,ocorrencias
2026,2026-02-01,SC,Emissão de Alvarás de licença,0.0,32757.0,0.0,0.0,0.0,0.0,32757.0,ocorrencias
2026,2026-02-01,SC,Estupro,113.0,0.0,98.0,15.0,0.0,0.0,113.0,vitimas
2026,2026-02-01,SC,Estupro de vulnerável,187.0,0.0,150.0,37.0,0.0,0.0,187.0,vitimas
2026,2026-02-01,SC,Feminicídio,3.0,0.0,3.0,0.0,0.0,0.0,3.0,vitimas
2026,2026-02-01,SC,Furto de veículo,0.0,504.0,0.0,0.0,0.0,0.0,504.0,ocorrencias
2026,2026-02-01,SC,Homicídio doloso,35.0,0.0,0.0,35.0,0.0,0.0,35.0,vitimas
2026,2026-02-01,SC,Lesão corporal seguida de morte,6.0,0.0,0.0,6.0,0.0,0.0,6.0,vitimas
2026,2026-02-01,SC,Mandado de prisão cumprido,0.0,1279.0,0.0,0.0,0.0,0.0,1279.0,ocorrencias
2026,2026-02-01,SC,Morte de Agente do Estado,0.0,0.0,0.0,0.0,0.0,0.0,0.0,vitimas
2026,2026-02-01,SC,Morte no trânsito ou em decorrência dele (exceto homicídio doloso),25.0,0.0,8.0,17.0,0.0,0.0,25.0,vitimas
2026,2026-02-01,SC,Morte por intervenção de Agente do Estado,9.0,0.0,0.0,9.0,0.0,0.0,9.0,vitimas
2026,2026-02-01,SC,Mortes a esclarecer (sem indício de crime),0.0,0.0,0.0,0.0,0.0,0.0,0.0,vitimas
2026,2026-02-01,SC,Mortes no trânsito,36.0,0.0,11.0,25.0,0.0,0.0,36.0,vitimas
2026,2026-02-01,SC,Pessoa Desaparecida,387.0,0.0,148.0,238.0,1.0,0.0,387.0,vitimas
2026,2026-02-01,SC,Pessoa Localizada,441.0,0.0,171.0,270.0,0.0,0.0,441.0,vitimas
2026,2026-02-01,SC,Realização de vistorias,0.0,3974.0,0.0,0.0,0.0,0.0,3974.0,ocorrencias
2026,2026-02-01,SC,Roubo a instituição financeira,0.0,0.0,0.0,0.0,0.0,0.0,0.0,ocorrencias
2026,2026-02-01,SC,Roubo de carga,0.0,3.0,0.0,0.0,0.0,0.0,3.0,ocorrencias
2026,2026-02-01,SC,Roubo de veículo,0.0,40.0,0.0,0.0,0.0,0.0,40.0,ocorrencias
2026,2026-02-01,SC,Roubo seguido de morte (latrocínio),2.0,0.0,1.0,1.0,0.0,0.0,2.0,vitimas
2026,2026-02-01,SC,Suicídio,78.0,0.0,13.0,65.0,0.0,0.0,78.0,vitimas
2026,2026-02-01,SC,Suicídio de Agente do Estado,0.0,0.0,0.0,0.0,0.0,0.0,0.0,vitimas
2026,2026-02-01,SC,Tentativa de feminicídio,13.0,0.0,13.0,0.0,0.0,0.0,13.0,vitimas
2026,2026-02-01,SC,Tentativa de homicídio,130.0,0.0,22.0,108.0,0.0,0.0,130.0,vitimas
2026,2026-02-01,SC,Tráfico de drogas,0.0,652.0,0.0,0.0,0.0,0.0,652.0,ocorrencias
2026,2026-02-01,SE,Apreensão de Cocaína,0.0,0.0,0.0,0.0,0.0,1851.0,1851.0,kg
2026,2026-02-01,SE,Apreensão de Maconha,0.0,0.0,0.0,0.0,0.0,121347.0,121347.0,kg
2026,2026-02-01,SE,Arma de Fogo Apreendida,0.0,54.0,0.0,0.0,0.0,0.0,54.0,ocorrencias
2026,2026-02-01,SE,Atendimento pré-hospitalar,0.0,114.0,0.0,0.0,0.0,0.0,114.0,ocorrencias
2026,2026-02-01,SE,Busca e salvamento,0.0,622.0,0.0,0.0,0.0,0.0,622.0,ocorrencias
2026,2026-02-01,SE,Combate a incêndios,0.0,267.0,0.0,0.0,0.0,0.0,267.0,ocorrencias
2026,2026-02-01,SE,Emissão de Alvarás de licença,0.0,1193.0,0.0,0.0,0.0,0.0,1193.0,ocorrencias
2026,2026-02-01,SE,Estupro,16.0,0.0,13.0,3.0,0.0,0.0,16.0,vitimas
2026,2026-02-01,SE,Estupro de vulnerável,41.0,0.0,32.0,5.0,4.0,0.0,41.0,vitimas
2026,2026-02-01,SE,Feminicídio,2.0,0.0,2.0,0.0,0.0,0.0,2.0,vitimas
2026,2026-02-01,SE,Furto de veículo,0.0,59.0,0.0,0.0,0.0,0.0,59.0,ocorrencias
2026,2026-02-01,SE,Homicídio doloso,19.0,0.0,1.0,18.0,0.0,0.0,19.0,vitimas
2026,2026-02-01,SE,Lesão corporal seguida de morte,0.0,0.0,0.0,0.0,0.0,0.0,0.0,vitimas
2026,2026-02-01,SE,Mandado de prisão cumprido,0.0,130.0,0.0,0.0,0.0,0.0,130.0,ocorrencias
2026,2026-02-01,SE,Morte de Agente do Estado,0.0,0.0,0.0,0.0,0.0,0.0,0.0,vitimas
2026,2026-02-01,SE,Morte no trânsito ou em decorrência dele (exceto homicídio doloso),15.0,0.0,3.0,12.0,0.0,0.0,15.0,vitimas
2026,2026-02-01,SE,Morte por intervenção de Agente do Estado,15.0,0.0,0.0,15.0,0.0,0.0,15.0,vitimas
2026,2026-02-01,SE,Mortes a esclarecer (sem indício de crime),33.0,0.0,8.0,24.0,1.0,0.0,33.0,vitimas
2026,2026-02-01,SE,Mortes no trânsito,1.0,0.0,0.0,1.0,0.0,0.0,1.0,vitimas
2026,2026-02-01,SE,Pessoa Desaparecida,62.0,0.0,25.0,36.0,1.0,0.0,62.0,vitimas
2026,2026-02-01,SE,Pessoa Localizada,7.0,0.0,3.0,4.0,0.0,0.0,7.0,vitimas
2026,2026-02-01,SE,Realização de vistorias,0.0,276.0,0.0,0.0,0.0,0.0,276.0,ocorrencias
2026,2026-02-01,SE,Roubo a instituição financeira,0.0,0.0,0.0,0.0,0.0,0.0,0.0,ocorrencias
2026,2026-02-01,SE,Roubo de carga,0.0,0.0,0.0,0.0,0.0,0.0,0.0,ocorrencias
2026,2026-02-01,SE,Roubo de veículo,0.0,21.0,0.0,0.0,0.0,0.0,21.0,ocorrencias
2026,2026-02-01,SE,Roubo seguido de morte (latrocínio),0.0,0.0,0.0,0.0,0.0,0.0,0.0,vitimas
2026,2026-02-01,SE,Suicídio,14.0,0.0,2.0,12.0,0.0,0.0,14.0,vitimas
2026,2026-02-01,SE,Suicídio de Agente do Estado,0.0,0.0,0.0,0.0,0.0,0.0,0.0,vitimas
2026,2026-02-01,SE,Tentativa de feminicídio,13.0,0.0,12.0,0.0,1.0,0.0,13.0,vitimas
2026,2026-02-01,SE,Tentativa de homicídio,49.0,0.0,10.0,36.0,3.0,0.0,49.0,vitimas
2026,2026-02-01,SE,Tráfico de drogas,0.0,102.0,0.0,0.0,0.0,0.0,102.0,ocorrencias
2026,2026-02-01,SP,Apreensão de Cocaína,0.0,0.0,0.0,0.0,0.0,4230566.0,4230566.0,kg
2026,2026-02-01,SP,Apreensão de Maconha,0.0,0.0,0.0,0.0,0.0,11340550.0,11340550.0,kg
2026,2026-02-01,SP,Arma de Fogo Apreendida,0.0,1086.0,0.0,0.0,0.0,0.0,1086.0,ocorrencias
2026,2026-02-01,SP,Atendimento pré-hospitalar,0.0,15858.0,0.0,0.0,0.0,0.0,15858.0,ocorrencias
2026,2026-02-01,SP,Busca e salvamento,0.0,7020.0,0.0,0.0,0.0,0.0,7020.0,ocorrencias
2026,2026-02-01,SP,Combate a incêndios,0.0,1598.0,0.0,0.0,0.0,0.0,1598.0,ocorrencias
2026,2026-02-01,SP,Emissão de Alvarás de licença,0.0,14209.0,0.0,0.0,0.0,0.0,14209.0,ocorrencias
2026,2026-02-01,SP,Estupro,307.0,0.0,286.0,21.0,0.0,0.0,307.0,vitimas
2026,2026-02-01,SP,Estupro de vulnerável,1000.0,0.0,806.0,193.0,1.0,0.0,1000.0,vitimas
2026,2026-02-01,SP,Feminicídio,29.0,0.0,29.0,0.0,0.0,0.0,29.0,vitimas
2026,2026-02-01,SP,Furto de veículo,0.0,6288.0,0.0,0.0,0.0,0.0,6288.0,ocorrencias
2026,2026-02-01,SP,Homicídio doloso,162.0,0.0,15.0,142.0,5.0,0.0,162.0,vitimas
2026,2026-02-01,SP,Lesão corporal seguida de morte,11.0,0.0,0.0,11.0,0.0,0.0,11.0,vitimas
2026,2026-02-01,SP,Mandado de prisão cumprido,0.0,6465.0,0.0,0.0,0.0,0.0,6465.0,ocorrencias
2026,2026-02-01,SP,Morte de Agente do Estado,1.0,0.0,1.0,0.0,0.0,0.0,1.0,vitimas
2026,2026-02-01,SP,Morte no trânsito ou em decorrência dele (exceto homicídio doloso),258.0,0.0,53.0,204.0,1.0,0.0,258.0,vitimas
2026,2026-02-01,SP,Morte por intervenção de Agente do Estado,53.0,0.0,3.0,50.0,0.0,0.0,53.0,vitimas
2026,2026-02-01,SP,Mortes a esclarecer (sem indício de crime),367.0,0.0,72.0,279.0,16.0,0.0,367.0,vitimas
2026,2026-02-01,SP,Mortes no trânsito,17.0,0.0,0.0,17.0,0.0,0.0,17.0,vitimas
2026,2026-02-01,SP,Pessoa Desaparecida,1580.0,0.0,527.0,1052.0,1.0,0.0,1580.0,vitimas
2026,2026-02-01,SP,Pessoa Localizada,1271.0,0.0,469.0,801.0,1.0,0.0,1271.0,vitimas
2026,2026-02-01,SP,Realização de vistorias,0.0,8103.0,0.0,0.0,0.0,0.0,8103.0,ocorrencias
2026,2026-02-01,SP,Roubo a instituição financeira,0.0,0.0,0.0,0.0,0.0,0.0,0.0,ocorrencias
2026,2026-02-01,SP,Roubo de carga,0.0,199.0,0.0,0.0,0.0,0.0,199.0,ocorrencias
2026,2026-02-01,SP,Roubo de veículo,0.0,1382.0,0.0,0.0,0.0,0.0,1382.0,ocorrencias
2026,2026-02-01,SP,Roubo seguido de morte (latrocínio),5.0,0.0,0.0,5.0,0.0,0.0,5.0,vitimas
2026,2026-02-01,SP,Suicídio,223.0,0.0,44.0,179.0,0.0,0.0,223.0,vitimas
2026,2026-02-01,SP,Suicídio de Agente do Estado,3.0,0.0,0.0,3.0,0.0,0.0,3.0,vitimas
2026,2026-02-01,SP,Tentativa de feminicídio,69.0,0.0,66.0,2.0,1.0,0.0,69.0,vitimas
2026,2026-02-01,SP,Tentativa de homicídio,345.0,0.0,41.0,301.0,3.0,0.0,345.0,vitimas
2026,2026-02-01,SP,Tráfico de drogas,0.0,3996.0,0.0,0.0,0.0,0.0,3996.0,ocorrencias
2026,2026-02-01,TO,Apreensão de Cocaína,0.0,0.0,0.0,0.0,0.0,7010.0,7010.0,kg
2026,2026-02-01,TO,Apreensão de Maconha,0.0,0.0,0.0,0.0,0.0,628167.0,628167.0,kg
2026,2026-02-01,TO,Arma de Fogo Apreendida,0.0,80.0,0.0,0.0,0.0,0.0,80.0,ocorrencias
2026,2026-02-01,TO,Atendimento pré-hospitalar,0.0,2567.0,0.0,0.0,0.0,0.0,2567.0,ocorrencias
2026,2026-02-01,TO,Busca e salvamento,0.0,714.0,0.0,0.0,0.0,0.0,714.0,ocorrencias
2026,2026-02-01,TO,Combate a incêndios,0.0,185.0,0.0,0.0,0.0,0.0,185.0,ocorrencias
2026,2026-02-01,TO,Emissão de Alvarás de licença,0.0,297.0,0.0,0.0,0.0,0.0,297.0,ocorrencias
2026,2026-02-01,TO,Estupro,17.0,0.0,15.0,1.0,1.0,0.0,17.0,vitimas
2026,2026-02-01,TO,Estupro de vulnerável,35.0,0.0,30.0,2.0,3.0,0.0,35.0,vitimas
2026,2026-02-01,TO,Feminicídio,0.0,0.0,0.0,0.0,0.0,0.0,0.0,vitimas
2026,2026-02-01,TO,Furto de veículo,0.0,109.0,0.0,0.0,0.0,0.0,109.0,ocorrencias
2026,2026-02-01,TO,Homicídio doloso,22.0,0.0,1.0,21.0,0.0,0.0,22.0,vitimas
2026,2026-02-01,TO,Lesão corporal seguida de morte,1.0,0.0,1.0,0.0,0.0,0.0,1.0,vitimas
2026,2026-02-01,TO,Mandado de prisão cumprido,0.0,195.0,0.0,0.0,0.0,0.0,195.0,ocorrencias
2026,2026-02-01,TO,Morte de Agente do Estado,0.0,0.0,0.0,0.0,0.0,0.0,0.0,vitimas
2026,2026-02-01,TO,Morte no trânsito ou em decorrência dele (exceto homicídio doloso),32.0,0.0,1.0,31.0,0.0,0.0,32.0,vitimas
2026,2026-02-01,TO,Morte por intervenção de Agente do Estado,10.0,0.0,0.0,5.0,5.0,0.0,10.0,vitimas
2026,2026-02-01,TO,Mortes a esclarecer (sem indício de crime),24.0,0.0,8.0,15.0,1.0,0.0,24.0,vitimas
2026,2026-02-01,TO,Mortes no trânsito,10.0,0.0,0.0,10.0,0.0,0.0,10.0,vitimas
2026,2026-02-01,TO,Pessoa Desaparecida,54.0,0.0,15.0,38.0,1.0,0.0,54.0,vitimas
2026,2026-02-01,TO,Pessoa Localizada,35.0,0.0,10.0,24.0,1.0,0.0,35.0,vitimas
2026,2026-02-01,TO,Realização de vistorias,0.0,1321.0,0.0,0.0,0.0,0.0,1321.0,ocorrencias
2026,2026-02-01,TO,Roubo a instituição financeira,0.0,0.0,0.0,0.0,0.0,0.0,0.0,ocorrencias
2026,2026-02-01,TO,Roubo de carga,0.0,0.0,0.0,0.0,0.0,0.0,0.0,ocorrencias
2026,2026-02-01,TO,Roubo de veículo,0.0,18.0,0.0,0.0,0.0,0.0,18.0,ocorrencias
2026,2026-02-01,TO,Roubo seguido de morte (latrocínio),0.0,0.0,0.0,0.0,0.0,0.0,0.0,vitimas
2026,2026-02-01,TO,Suicídio,13.0,0.0,1.0,12.0,0.0,0.0,13.0,vitimas
2026,2026-02-01,TO,Suicídio de Agente do Estado,0.0,0.0,0.0,0.0,0.0,0.0,0.0,vitimas
2026,2026-02-01,TO,Tentativa de feminicídio,2.0,0.0,2.0,0.0,0.0,0.0,2.0,vitimas
2026,2026-02-01,TO,Tentativa de homicídio,38.0,0.0,8.0,29.0,1.0,0.0,38.0,vitimas
2026,2026-02-01,TO,Tráfico de drogas,0.0,87.0,0.0,0.0,0.0,0.0,87.0,ocorrencias
2026,2026-03-01,AC,Apreensão de Cocaína,0.0,0.0,0.0,0.0,0.0,56079.0,56079.0,kg
2026,2026-03-01,AC,Apreensão de Maconha,0.0,0.0,0.0,0.0,0.0,922888.0,922888.0,kg
2026,2026-03-01,AC,Arma de Fogo Apreendida,0.0,61.0,0.0,0.0,0.0,0.0,61.0,ocorrencias
2026,2026-03-01,AC,Atendimento pré-hospitalar,0.0,79.0,0.0,0.0,0.0,0.0,79.0,ocorrencias
2026,2026-03-01,AC,Busca e salvamento,0.0,7.0,0.0,0.0,0.0,0.0,7.0,ocorrencias
2026,2026-03-01,AC,Combate a incêndios,0.0,122.0,0.0,0.0,0.0,0.0,122.0,ocorrencias
2026,2026-03-01,AC,Emissão de Alvarás de licença,0.0,714.0,0.0,0.0,0.0,0.0,714.0,ocorrencias
2026,2026-03-01,AC,Estupro,16.0,0.0,15.0,1.0,0.0,0.0,16.0,vitimas
2026,2026-03-01,AC,Estupro de vulnerável,49.0,0.0,43.0,6.0,0.0,0.0,49.0,vitimas
2026,2026-03-01,AC,Feminicídio,0.0,0.0,0.0,0.0,0.0,0.0,0.0,vitimas
2026,2026-03-01,AC,Furto de veículo,0.0,55.0,0.0,0.0,0.0,0.0,55.0,ocorrencias
2026,2026-03-01,AC,Homicídio doloso,13.0,0.0,0.0,13.0,0.0,0.0,13.0,vitimas
2026,2026-03-01,AC,Lesão corporal seguida de morte,0.0,0.0,0.0,0.0,0.0,0.0,0.0,vitimas
2026,2026-03-01,AC,Mandado de prisão cumprido,0.0,180.0,0.0,0.0,0.0,0.0,180.0,ocorrencias
2026,2026-03-01,AC,Morte de Agente do Estado,0.0,0.0,0.0,0.0,0.0,0.0,0.0,vitimas
2026,2026-03-01,AC,Morte no trânsito ou em decorrência dele (exceto homicídio doloso),7.0,0.0,1.0,6.0,0.0,0.0,7.0,vitimas
2026,2026-03-01,AC,Morte por intervenção de Agente do Estado,1.0,0.0,0.0,1.0,0.0,0.0,1.0,vitimas
2026,2026-03-01,AC,Mortes a esclarecer (sem indício de crime),7.0,0.0,3.0,4.0,0.0,0.0,7.0,vitimas
2026,2026-03-01,AC,Mortes no trânsito,1.0,0.0,0.0,1.0,0.0,0.0,1.0,vitimas
2026,2026-03-01,AC,Pessoa Desaparecida,36.0,0.0,15.0,18.0,3.0,0.0,36.0,vitimas
2026,2026-03-01,AC,Pessoa Localizada,26.0,0.0,11.0,12.0,3.0,0.0,26.0,vitimas
2026,2026-03-01,AC,Realização de vistorias,0.0,918.0,0.0,0.0,0.0,0.0,918.0,ocorrencias
2026,2026-03-01,AC,Roubo a instituição financeira,0.0,0.0,0.0,0.0,0.0,0.0,0.0,ocorrencias
2026,2026-03-01,AC,Roubo de carga,0.0,0.0,0.0,0.0,0.0,0.0,0.0,ocorrencias
2026,2026-03-01,AC,Roubo de veículo,0.0,46.0,0.0,0.0,0.0,0.0,46.0,ocorrencias
2026,2026-03-01,AC,Roubo seguido de morte (latrocínio),1.0,0.0,0.0,1.0,0.0,0.0,1.0,vitimas
2026,2026-03-01,AC,Suicídio,6.0,0.0,0.0,6.0,0.0,0.0,6.0,vitimas
2026,2026-03-01,AC,Suicídio de Agente do Estado,0.0,0.0,0.0,0.0,0.0,0.0,0.0,vitimas
2026,2026-03-01,AC,Tentativa de feminicídio,3.0,0.0,3.0,0.0,0.0,0.0,3.0,vitimas
2026,2026-03-01,AC,Tentativa de homicídio,24.0,0.0,6.0,18.0,0.0,0.0,24.0,vitimas
2026,2026-03-01,AC,Tráfico de drogas,0.0,9.0,0.0,0.0,0.0,0.0,9.0,ocorrencias
2026,2026-03-01,AL,Apreensão de Cocaína,0.0,0.0,0.0,0.0,0.0,66978.0,66978.0,kg
2026,2026-03-01,AL,Apreensão de Maconha,0.0,0.0,0.0,0.0,0.0,689958.0,689958.0,kg
2026,2026-03-01,AL,Arma de Fogo Apreendida,0.0,163.0,0.0,0.0,0.0,0.0,163.0,ocorrencias
2026,2026-03-01,AL,Atendimento pré-hospitalar,0.0,818.0,0.0,0.0,0.0,0.0,818.0,ocorrencias
2026,2026-03-01,AL,Busca e salvamento,0.0,426.0,0.0,0.0,0.0,0.0,426.0,ocorrencias
2026,2026-03-01,AL,Combate a incêndios,0.0,187.0,0.0,0.0,0.0,0.0,187.0,ocorrencias
2026,2026-03-01,AL,Emissão de Alvarás de licença,0.0,986.0,0.0,0.0,0.0,0.0,986.0,ocorrencias
2026,2026-03-01,AL,Estupro,24.0,0.0,24.0,0.0,0.0,0.0,24.0,vitimas
2026,2026-03-01,AL,Estupro de vulnerável,61.0,0.0,54.0,7.0,0.0,0.0,61.0,vitimas
2026,2026-03-01,AL,Feminicídio,3.0,0.0,3.0,0.0,0.0,0.0,3.0,vitimas
2026,2026-03-01,AL,Furto de veículo,0.0,154.0,0.0,0.0,0.0,0.0,154.0,ocorrencias
2026,2026-03-01,AL,Homicídio doloso,60.0,0.0,3.0,57.0,0.0,0.0,60.0,vitimas
2026,2026-03-01,AL,Lesão corporal seguida de morte,0.0,0.0,0.0,0.0,0.0,0.0,0.0,vitimas
2026,2026-03-01,AL,Mandado de prisão cumprido,0.0,453.0,0.0,0.0,0.0,0.0,453.0,ocorrencias
2026,2026-03-01,AL,Morte de Agente do Estado,0.0,0.0,0.0,0.0,0.0,0.0,0.0,vitimas
2026,2026-03-01,AL,Morte no trânsito ou em decorrência dele (exceto homicídio doloso),24.0,0.0,3.0,17.0,4.0,0.0,24.0,vitimas
2026,2026-03-01,AL,Morte por intervenção de Agente do Estado,15.0,0.0,0.0,15.0,0.0,0.0,15.0,vitimas
2026,2026-03-01,AL,Mortes a esclarecer (sem indício de crime),50.0,0.0,13.0,32.0,5.0,0.0,50.0,vitimas
2026,2026-03-01,AL,Mortes no trânsito,7.0,0.0,0.0,7.0,0.0,0.0,7.0,vitimas
2026,2026-03-01,AL,Pessoa Desaparecida,69.0,0.0,19.0,50.0,0.0,0.0,69.0,vitimas
2026,2026-03-01,AL,Pessoa Localizada,62.0,0.0,17.0,45.0,0.0,0.0,62.0,vitimas
2026,2026-03-01,AL,Realização de vistorias,0.0,1235.0,0.0,0.0,0.0,0.0,1235.0,ocorrencias
2026,2026-03-01,AL,Roubo a instituição financeira,0.0,0.0,0.0,0.0,0.0,0.0,0.0,ocorrencias
2026,2026-03-01,AL,Roubo de carga,0.0,5.0,0.0,0.0,0.0,0.0,5.0,ocorrencias
2026,2026-03-01,AL,Roubo de veículo,0.0,60.0,0.0,0.0,0.0,0.0,60.0,ocorrencias
2026,2026-03-01,AL,Roubo seguido de morte (latrocínio),0.0,0.0,0.0,0.0,0.0,0.0,0.0,vitimas
2026,2026-03-01,AL,Suicídio,16.0,0.0,4.0,12.0,0.0,0.0,16.0,vitimas
2026,2026-03-01,AL,Suicídio de Agente do Estado,0.0,0.0,0.0,0.0,0.0,0.0,0.0,vitimas
2026,2026-03-01,AL,Tentativa de feminicídio,13.0,0.0,13.0,0.0,0.0,0.0,13.0,vitimas
2026,2026-03-01,AL,Tentativa de homicídio,54.0,0.0,7.0,46.0,1.0,0.0,54.0,vitimas
2026,2026-03-01,AL,Tráfico de drogas,0.0,119.0,0.0,0.0,0.0,0.0,119.0,ocorrencias
2026,2026-03-01,AM,Apreensão de Cocaína,0.0,0.0,0.0,0.0,0.0,91892.0,91892.0,kg
2026,2026-03-01,AM,Apreensão de Maconha,0.0,0.0,0.0,0.0,0.0,2656034.0,2656034.0,kg
2026,2026-03-01,AM,Arma de Fogo Apreendida,0.0,146.0,0.0,0.0,0.0,0.0,146.0,ocorrencias
2026,2026-03-01,AM,Atendimento pré-hospitalar,0.0,108.0,0.0,0.0,0.0,0.0,108.0,ocorrencias
2026,2026-03-01,AM,Busca e salvamento,0.0,5.0,0.0,0.0,0.0,0.0,5.0,ocorrencias
2026,2026-03-01,AM,Combate a incêndios,0.0,117.0,0.0,0.0,0.0,0.0,117.0,ocorrencias
2026,2026-03-01,AM,Emissão de Alvarás de licença,0.0,500.0,0.0,0.0,0.0,0.0,500.0,ocorrencias
2026,2026-03-01,AM,Estupro,52.0,0.0,49.0,3.0,0.0,0.0,52.0,vitimas
2026,2026-03-01,AM,Estupro de vulnerável,142.0,0.0,128.0,9.0,5.0,0.0,142.0,vitimas
2026,2026-03-01,AM,Feminicídio,2.0,0.0,2.0,0.0,0.0,0.0,2.0,vitimas
2026,2026-03-01,AM,Furto de veículo,0.0,108.0,0.0,0.0,0.0,0.0,108.0,ocorrencias
2026,2026-03-01,AM,Homicídio doloso,43.0,0.0,2.0,41.0,0.0,0.0,43.0,vitimas
2026,2026-03-01,AM,Lesão corporal seguida de morte,3.0,0.0,1.0,2.0,0.0,0.0,3.0,vitimas
2026,2026-03-01,AM,Mandado de prisão cumprido,0.0,550.0,0.0,0.0,0.0,0.0,550.0,ocorrencias
2026,2026-03-01,AM,Morte de Agente do Estado,0.0,0.0,0.0,0.0,0.0,0.0,0.0,vitimas
2026,2026-03-01,AM,Morte no trânsito ou em decorrência dele (exceto homicídio doloso),15.0,0.0,4.0,11.0,0.0,0.0,15.0,vitimas
2026,2026-03-01,AM,Morte por intervenção de Agente do Estado,1.0,0.0,0.0,1.0,0.0,0.0,1.0,vitimas
2026,2026-03-01,AM,Mortes a esclarecer (sem indício de crime),0.0,0.0,0.0,0.0,0.0,0.0,0.0,vitimas
2026,2026-03-01,AM,Mortes no trânsito,1.0,0.0,0.0,1.0,0.0,0.0,1.0,vitimas
2026,2026-03-01,AM,Pessoa Desaparecida,80.0,0.0,38.0,42.0,0.0,0.0,80.0,vitimas
2026,2026-03-01,AM,Pessoa Localizada,53.0,0.0,27.0,26.0,0.0,0.0,53.0,vitimas
2026,2026-03-01,AM,Realização de vistorias,0.0,537.0,0.0,0.0,0.0,0.0,537.0,ocorrencias
2026,2026-03-01,AM,Roubo a instituição financeira,0.0,0.0,0.0,0.0,0.0,0.0,0.0,ocorrencias
2026,2026-03-01,AM,Roubo de carga,0.0,0.0,0.0,0.0,0.0,0.0,0.0,ocorrencias
2026,2026-03-01,AM,Roubo de veículo,0.0,45.0,0.0,0.0,0.0,0.0,45.0,ocorrencias
2026,2026-03-01,AM,Roubo seguido de morte (latrocínio),5.0,0.0,1.0,4.0,0.0,0.0,5.0,vitimas
2026,2026-03-01,AM,Suicídio,18.0,0.0,4.0,14.0,0.0,0.0,18.0,vitimas
2026,2026-03-01,AM,Suicídio de Agente do Estado,0.0,0.0,0.0,0.0,0.0,0.0,0.0,vitimas
2026,2026-03-01,AM,Tentativa de feminicídio,10.0,0.0,10.0,0.0,0.0,0.0,10.0,vitimas
2026,2026-03-01,AM,Tentativa de homicídio,60.0,0.0,10.0,50.0,0.0,0.0,60.0,vitimas
2026,2026-03-01,AM,Tráfico de drogas,0.0,354.0,0.0,0.0,0.0,0.0,354.0,ocorrencias
2026,2026-03-01,AP,Apreensão de Cocaína,0.0,0.0,0.0,0.0,0.0,635.0,635.0,kg
2026,2026-03-01,AP,Apreensão de Maconha,0.0,0.0,0.0,0.0,0.0,3207.0,3207.0,kg
2026,2026-03-01,AP,Arma de Fogo Apreendida,0.0,40.0,0.0,0.0,0.0,0.0,40.0,ocorrencias
2026,2026-03-01,AP,Atendimento pré-hospitalar,0.0,0.0,0.0,0.0,0.0,0.0,0.0,ocorrencias
2026,2026-03-01,AP,Busca e salvamento,0.0,0.0,0.0,0.0,0.0,0.0,0.0,ocorrencias
2026,2026-03-01,AP,Combate a incêndios,0.0,0.0,0.0,0.0,0.0,0.0,0.0,ocorrencias
2026,2026-03-01,AP,Emissão de Alvarás de licença,0.0,0.0,0.0,0.0,0.0,0.0,0.0,ocorrencias
2026,2026-03-01,AP,Estupro,11.0,0.0,10.0,1.0,0.0,0.0,11.0,vitimas
2026,2026-03-01,AP,Estupro de vulnerável,43.0,0.0,38.0,3.0,2.0,0.0,43.0,vitimas
2026,2026-03-01,AP,Feminicídio,2.0,0.0,2.0,0.0,0.0,0.0,2.0,vitimas
2026,2026-03-01,AP,Furto de veículo,0.0,14.0,0.0,0.0,0.0,0.0,14.0,ocorrencias
2026,2026-03-01,AP,Homicídio doloso,15.0,0.0,2.0,13.0,0.0,0.0,15.0,vitimas
2026,2026-03-01,AP,Lesão corporal seguida de morte,0.0,0.0,0.0,0.0,0.0,0.0,0.0,vitimas
2026,2026-03-01,AP,Mandado de prisão cumprido,0.0,176.0,0.0,0.0,0.0,0.0,176.0,ocorrencias
2026,2026-03-01,AP,Morte de Agente do Estado,0.0,0.0,0.0,0.0,0.0,0.0,0.0,vitimas
2026,2026-03-01,AP,Morte no trânsito ou em decorrência dele (exceto homicídio doloso),10.0,0.0,2.0,8.0,0.0,0.0,10.0,vitimas
2026,2026-03-01,AP,Morte por intervenção de Agente do Estado,16.0,0.0,1.0,15.0,0.0,0.0,16.0,vitimas
2026,2026-03-01,AP,Mortes a esclarecer (sem indício de crime),1.0,0.0,0.0,1.0,0.0,0.0,1.0,vitimas
2026,2026-03-01,AP,Mortes no trânsito,2.0,0.0,0.0,2.0,0.0,0.0,2.0,vitimas
2026,2026-03-01,AP,Pessoa Desaparecida,44.0,0.0,18.0,26.0,0.0,0.0,44.0,vitimas
2026,2026-03-01,AP,Pessoa Localizada,30.0,0.0,12.0,18.0,0.0,0.0,30.0,vitimas
2026,2026-03-01,AP,Realização de vistorias,0.0,0.0,0.0,0.0,0.0,0.0,0.0,ocorrencias
2026,2026-03-01,AP,Roubo a instituição financeira,0.0,0.0,0.0,0.0,0.0,0.0,0.0,ocorrencias
2026,2026-03-01,AP,Roubo de carga,0.0,0.0,0.0,0.0,0.0,0.0,0.0,ocorrencias
2026,2026-03-01,AP,Roubo de veículo,0.0,4.0,0.0,0.0,0.0,0.0,4.0,ocorrencias
2026,2026-03-01,AP,Roubo seguido de morte (latrocínio),1.0,0.0,1.0,0.0,0.0,0.0,1.0,vitimas
2026,2026-03-01,AP,Suicídio,13.0,0.0,2.0,11.0,0.0,0.0,13.0,vitimas
2026,2026-03-01,AP,Suicídio de Agente do Estado,0.0,0.0,0.0,0.0,0.0,0.0,0.0,vitimas
2026,2026-03-01,AP,Tentativa de feminicídio,8.0,0.0,8.0,0.0,0.0,0.0,8.0,vitimas
2026,2026-03-01,AP,Tentativa de homicídio,24.0,0.0,5.0,17.0,2.0,0.0,24.0,vitimas
2026,2026-03-01,AP,Tráfico de drogas,0.0,103.0,0.0,0.0,0.0,0.0,103.0,ocorrencias
2026,2026-03-01,BA,Apreensão de Cocaína,0.0,0.0,0.0,0.0,0.0,445633.0,445633.0,kg
2026,2026-03-01,BA,Apreensão de Maconha,0.0,0.0,0.0,0.0,0.0,93149.0,93149.0,kg
2026,2026-03-01,BA,Arma de Fogo Apreendida,0.0,816.0,0.0,0.0,0.0,0.0,816.0,ocorrencias
2026,2026-03-01,BA,Atendimento pré-hospitalar,0.0,521.0,0.0,0.0,0.0,0.0,521.0,ocorrencias
2026,2026-03-01,BA,Busca e salvamento,0.0,1070.0,0.0,0.0,0.0,0.0,1070.0,ocorrencias
2026,2026-03-01,BA,Combate a incêndios,0.0,625.0,0.0,0.0,0.0,0.0,625.0,ocorrencias
2026,2026-03-01,BA,Emissão de Alvarás de licença,0.0,2821.0,0.0,0.0,0.0,0.0,2821.0,ocorrencias
2026,2026-03-01,BA,Estupro,99.0,0.0,93.0,6.0,0.0,0.0,99.0,vitimas
2026,2026-03-01,BA,Estupro de vulnerável,302.0,0.0,255.0,41.0,6.0,0.0,302.0,vitimas
2026,2026-03-01,BA,Feminicídio,7.0,0.0,7.0,0.0,0.0,0.0,7.0,vitimas
2026,2026-03-01,BA,Furto de veículo,0.0,507.0,0.0,0.0,0.0,0.0,507.0,ocorrencias
2026,2026-03-01,BA,Homicídio doloso,283.0,0.0,24.0,259.0,0.0,0.0,283.0,vitimas
2026,2026-03-01,BA,Lesão corporal seguida de morte,5.0,0.0,0.0,5.0,0.0,0.0,5.0,vitimas
2026,2026-03-01,BA,Mandado de prisão cumprido,0.0,1279.0,0.0,0.0,0.0,0.0,1279.0,ocorrencias
2026,2026-03-01,BA,Morte de Agente do Estado,1.0,0.0,0.0,1.0,0.0,0.0,1.0,vitimas
2026,2026-03-01,BA,Morte no trânsito ou em decorrência dele (exceto homicídio doloso),62.0,0.0,12.0,45.0,5.0,0.0,62.0,vitimas
2026,2026-03-01,BA,Morte por intervenção de Agente do Estado,146.0,0.0,0.0,146.0,0.0,0.0,146.0,vitimas
2026,2026-03-01,BA,Mortes a esclarecer (sem indício de crime),86.0,0.0,17.0,61.0,8.0,0.0,86.0,vitimas
2026,2026-03-01,BA,Mortes no trânsito,48.0,0.0,6.0,42.0,0.0,0.0,48.0,vitimas
2026,2026-03-01,BA,Pessoa Desaparecida,340.0,0.0,95.0,239.0,6.0,0.0,340.0,vitimas
2026,2026-03-01,BA,Pessoa Localizada,97.0,0.0,30.0,65.0,2.0,0.0,97.0,vitimas
2026,2026-03-01,BA,Realização de vistorias,0.0,1217.0,0.0,0.0,0.0,0.0,1217.0,ocorrencias
2026,2026-03-01,BA,Roubo a instituição financeira,0.0,0.0,0.0,0.0,0.0,0.0,0.0,ocorrencias
2026,2026-03-01,BA,Roubo de carga,0.0,20.0,0.0,0.0,0.0,0.0,20.0,ocorrencias
2026,2026-03-01,BA,Roubo de veículo,0.0,614.0,0.0,0.0,0.0,0.0,614.0,ocorrencias
2026,2026-03-01,BA,Roubo seguido de morte (latrocínio),3.0,0.0,0.0,3.0,0.0,0.0,3.0,vitimas
2026,2026-03-01,BA,Suicídio,60.0,0.0,12.0,44.0,4.0,0.0,60.0,vitimas
2026,2026-03-01,BA,Suicídio de Agente do Estado,0.0,0.0,0.0,0.0,0.0,0.0,0.0,vitimas
2026,2026-03-01,BA,Tentativa de feminicídio,29.0,0.0,29.0,0.0,0.0,0.0,29.0,vitimas
2026,2026-03-01,BA,Tentativa de homicídio,262.0,0.0,40.0,205.0,17.0,0.0,262.0,vitimas
2026,2026-03-01,BA,Tráfico de drogas,0.0,866.0,0.0,0.0,0.0,0.0,866.0,ocorrencias
2026,2026-03-01,CE,Apreensão de Cocaína,0.0,0.0,0.0,0.0,0.0,12269.0,12269.0,kg
2026,2026-03-01,CE,Apreensão de Maconha,0.0,0.0,0.0,0.0,0.0,33236.0,33236.0,kg
2026,2026-03-01,CE,Arma de Fogo Apreendida,0.0,433.0,0.0,0.0,0.0,0.0,433.0,ocorrencias
2026,2026-03-01,CE,Atendimento pré-hospitalar,0.0,61.0,0.0,0.0,0.0,0.0,61.0,ocorrencias
2026,2026-03-01,CE,Busca e salvamento,0.0,2408.0,0.0,0.0,0.0,0.0,2408.0,ocorrencias
2026,2026-03-01,CE,Combate a incêndios,0.0,341.0,0.0,0.0,0.0,0.0,341.0,ocorrencias
2026,2026-03-01,CE,Emissão de Alvarás de licença,0.0,3534.0,0.0,0.0,0.0,0.0,3534.0,ocorrencias
2026,2026-03-01,CE,Estupro,29.0,0.0,26.0,3.0,0.0,0.0,29.0,vitimas
2026,2026-03-01,CE,Estupro de vulnerável,99.0,0.0,90.0,9.0,0.0,0.0,99.0,vitimas
2026,2026-03-01,CE,Feminicídio,2.0,0.0,2.0,0.0,0.0,0.0,2.0,vitimas
2026,2026-03-01,CE,Furto de veículo,0.0,342.0,0.0,0.0,0.0,0.0,342.0,ocorrencias
2026,2026-03-01,CE,Homicídio doloso,136.0,0.0,11.0,125.0,0.0,0.0,136.0,vitimas
2026,2026-03-01,CE,Lesão corporal seguida de morte,2.0,0.0,0.0,2.0,0.0,0.0,2.0,vitimas
2026,2026-03-01,CE,Mandado de prisão cumprido,0.0,721.0,0.0,0.0,0.0,0.0,721.0,ocorrencias
2026,2026-03-01,CE,Morte de Agente do Estado,0.0,0.0,0.0,0.0,0.0,0.0,0.0,vitimas
2026,2026-03-01,CE,Morte no trânsito ou em decorrência dele (exceto homicídio doloso),139.0,0.0,21.0,118.0,0.0,0.0,139.0,vitimas
2026,2026-03-01,CE,Morte por intervenção de Agente do Estado,20.0,0.0,0.0,20.0,0.0,0.0,20.0,vitimas
2026,2026-03-01,CE,Mortes a esclarecer (sem indício de crime),29.0,0.0,5.0,24.0,0.0,0.0,29.0,vitimas
2026,2026-03-01,CE,Mortes no trânsito,8.0,0.0,1.0,7.0,0.0,0.0,8.0,vitimas
2026,2026-03-01,CE,Pessoa Desaparecida,200.0,0.0,54.0,146.0,0.0,0.0,200.0,vitimas
2026,2026-03-01,CE,Pessoa Localizada,124.0,0.0,38.0,86.0,0.0,0.0,124.0,vitimas
2026,2026-03-01,CE,Realização de vistorias,0.0,6113.0,0.0,0.0,0.0,0.0,6113.0,ocorrencias
2026,2026-03-01,CE,Roubo a instituição financeira,0.0,0.0,0.0,0.0,0.0,0.0,0.0,ocorrencias
2026,2026-03-01,CE,Roubo de carga,0.0,4.0,0.0,0.0,0.0,0.0,4.0,ocorrencias
2026,2026-03-01,CE,Roubo de veículo,0.0,178.0,0.0,0.0,0.0,0.0,178.0,ocorrencias
2026,2026-03-01,CE,Roubo seguido de morte (latrocínio),0.0,0.0,0.0,0.0,0.0,0.0,0.0,vitimas
2026,2026-03-01,CE,Suicídio,57.0,0.0,6.0,51.0,0.0,0.0,57.0,vitimas
2026,2026-03-01,CE,Suicídio de Agente do Estado,0.0,0.0,0.0,0.0,0.0,0.0,0.0,vitimas
2026,2026-03-01,CE,Tentativa de feminicídio,9.0,0.0,9.0,0.0,0.0,0.0,9.0,vitimas
2026,2026-03-01,CE,Tentativa de homicídio,78.0,0.0,12.0,66.0,0.0,0.0,78.0,vitimas
2026,2026-03-01,CE,Tráfico de drogas,0.0,689.0,0.0,0.0,0.0,0.0,689.0,ocorrencias
2026,2026-03-01,DF,Apreensão de Cocaína,0.0,0.0,0.0,0.0,0.0,252.0,252.0,kg
2026,2026-03-01,DF,Apreensão de Maconha,0.0,0.0,0.0,0.0,0.0,42976.0,42976.0,kg
2026,2026-03-01,DF,Arma de Fogo Apreendida,0.0,180.0,0.0,0.0,0.0,0.0,180.0,ocorrencias
2026,2026-03-01,DF,Atendimento pré-hospitalar,0.0,0.0,0.0,0.0,0.0,0.0,0.0,ocorrencias
2026,2026-03-01,DF,Busca e salvamento,0.0,0.0,0.0,0.0,0.0,0.0,0.0,ocorrencias
2026,2026-03-01,DF,Combate a incêndios,0.0,0.0,0.0,0.0,0.0,0.0,0.0,ocorrencias
2026,2026-03-01,DF,Emissão de Alvarás de licença,0.0,0.0,0.0,0.0,0.0,0.0,0.0,ocorrencias
2026,2026-03-01,DF,Estupro,24.0,0.0,23.0,1.0,0.0,0.0,24.0,vitimas
2026,2026-03-01,DF,Estupro de vulnerável,57.0,0.0,50.0,7.0,0.0,0.0,57.0,vitimas
2026,2026-03-01,DF,Feminicídio,1.0,0.0,1.0,0.0,0.0,0.0,1.0,vitimas
2026,2026-03-01,DF,Furto de veículo,0.0,209.0,0.0,0.0,0.0,0.0,209.0,ocorrencias
2026,2026-03-01,DF,Homicídio doloso,22.0,0.0,1.0,21.0,0.0,0.0,22.0,vitimas
2026,2026-03-01,DF,Lesão corporal seguida de morte,0.0,0.0,0.0,0.0,0.0,0.0,0.0,vitimas
2026,2026-03-01,DF,Mandado de prisão cumprido,0.0,933.0,0.0,0.0,0.0,0.0,933.0,ocorrencias
2026,2026-03-01,DF,Morte de Agente do Estado,0.0,0.0,0.0,0.0,0.0,0.0,0.0,vitimas
2026,2026-03-01,DF,Morte no trânsito ou em decorrência dele (exceto homicídio doloso),16.0,0.0,3.0,13.0,0.0,0.0,16.0,vitimas
2026,2026-03-01,DF,Morte por intervenção de Agente do Estado,6.0,0.0,0.0,6.0,0.0,0.0,6.0,vitimas
2026,2026-03-01,DF,Mortes a esclarecer (sem indício de crime),0.0,0.0,0.0,0.0,0.0,0.0,0.0,vitimas
2026,2026-03-01,DF,Mortes no trânsito,4.0,0.0,0.0,4.0,0.0,0.0,4.0,vitimas
2026,2026-03-01,DF,Pessoa Desaparecida,223.0,0.0,82.0,141.0,0.0,0.0,223.0,vitimas
2026,2026-03-01,DF,Pessoa Localizada,211.0,0.0,80.0,131.0,0.0,0.0,211.0,vitimas
2026,2026-03-01,DF,Realização de vistorias,0.0,0.0,0.0,0.0,0.0,0.0,0.0,ocorrencias
2026,2026-03-01,DF,Roubo a instituição financeira,0.0,0.0,0.0,0.0,0.0,0.0,0.0,ocorrencias
2026,2026-03-01,DF,Roubo de carga,0.0,0.0,0.0,0.0,0.0,0.0,0.0,ocorrencias
2026,2026-03-01,DF,Roubo de veículo,0.0,66.0,0.0,0.0,0.0,0.0,66.0,ocorrencias
2026,2026-03-01,DF,Roubo seguido de morte (latrocínio),0.0,0.0,0.0,0.0,0.0,0.0,0.0,vitimas
2026,2026-03-01,DF,Suicídio,20.0,0.0,6.0,14.0,0.0,0.0,20.0,vitimas
2026,2026-03-01,DF,Suicídio de Agente do Estado,0.0,0.0,0.0,0.0,0.0,0.0,0.0,vitimas
2026,2026-03-01,DF,Tentativa de feminicídio,9.0,0.0,9.0,0.0,0.0,0.0,9.0,vitimas
2026,2026-03-01,DF,Tentativa de homicídio,50.0,0.0,6.0,44.0,0.0,0.0,50.0,vitimas
2026,2026-03-01,DF,Tráfico de drogas,0.0,294.0,0.0,0.0,0.0,0.0,294.0,ocorrencias
2026,2026-03-01,ES,Apreensão de Cocaína,0.0,0.0,0.0,0.0,0.0,6593.0,6593.0,kg
2026,2026-03-01,ES,Apreensão de Maconha,0.0,0.0,0.0,0.0,0.0,1180.0,1180.0,kg
2026,2026-03-01,ES,Arma de Fogo Apreendida,0.0,362.0,0.0,0.0,0.0,0.0,362.0,ocorrencias
2026,2026-03-01,ES,Atendimento pré-hospitalar,0.0,701.0,0.0,0.0,0.0,0.0,701.0,ocorrencias
2026,2026-03-01,ES,Busca e salvamento,0.0,428.0,0.0,0.0,0.0,0.0,428.0,ocorrencias
2026,2026-03-01,ES,Combate a incêndios,0.0,359.0,0.0,0.0,0.0,0.0,359.0,ocorrencias
2026,2026-03-01,ES,Emissão de Alvarás de licença,0.0,3821.0,0.0,0.0,0.0,0.0,3821.0,ocorrencias
2026,2026-03-01,ES,Estupro,44.0,0.0,34.0,5.0,5.0,0.0,44.0,vitimas
2026,2026-03-01,ES,Estupro de vulnerável,103.0,0.0,78.0,13.0,12.0,0.0,103.0,vitimas
2026,2026-03-01,ES,Feminicídio,4.0,0.0,4.0,0.0,0.0,0.0,4.0,vitimas
2026,2026-03-01,ES,Furto de veículo,0.0,279.0,0.0,0.0,0.0,0.0,279.0,ocorrencias
2026,2026-03-01,ES,Homicídio doloso,56.0,0.0,3.0,50.0,3.0,0.0,56.0,vitimas
2026,2026-03-01,ES,Lesão corporal seguida de morte,3.0,0.0,0.0,3.0,0.0,0.0,3.0,vitimas
2026,2026-03-01,ES,Mandado de prisão cumprido,0.0,637.0,0.0,0.0,0.0,0.0,637.0,ocorrencias
2026,2026-03-01,ES,Morte de Agente do Estado,0.0,0.0,0.0,0.0,0.0,0.0,0.0,vitimas
2026,2026-03-01,ES,Morte no trânsito ou em decorrência dele (exceto homicídio doloso),78.0,0.0,8.0,70.0,0.0,0.0,78.0,vitimas
2026,2026-03-01,ES,Morte por intervenção de Agente do Estado,2.0,0.0,0.0,2.0,0.0,0.0,2.0,vitimas
2026,2026-03-01,ES,Mortes a esclarecer (sem indício de crime),9.0,0.0,3.0,6.0,0.0,0.0,9.0,vitimas
2026,2026-03-01,ES,Mortes no trânsito,8.0,0.0,1.0,7.0,0.0,0.0,8.0,vitimas
2026,2026-03-01,ES,Pessoa Desaparecida,174.0,0.0,53.0,114.0,7.0,0.0,174.0,vitimas
2026,2026-03-01,ES,Pessoa Localizada,28.0,0.0,5.0,22.0,1.0,0.0,28.0,vitimas
2026,2026-03-01,ES,Realização de vistorias,0.0,3941.0,0.0,0.0,0.0,0.0,3941.0,ocorrencias
2026,2026-03-01,ES,Roubo a instituição financeira,0.0,1.0,0.0,0.0,0.0,0.0,1.0,ocorrencias
2026,2026-03-01,ES,Roubo de carga,0.0,0.0,0.0,0.0,0.0,0.0,0.0,ocorrencias
2026,2026-03-01,ES,Roubo de veículo,0.0,98.0,0.0,0.0,0.0,0.0,98.0,ocorrencias
2026,2026-03-01,ES,Roubo seguido de morte (latrocínio),0.0,0.0,0.0,0.0,0.0,0.0,0.0,vitimas
2026,2026-03-01,ES,Suicídio,32.0,0.0,8.0,24.0,0.0,0.0,32.0,vitimas
2026,2026-03-01,ES,Suicídio de Agente do Estado,0.0,0.0,0.0,0.0,0.0,0.0,0.0,vitimas
2026,2026-03-01,ES,Tentativa de feminicídio,1.0,0.0,1.0,0.0,0.0,0.0,1.0,vitimas
2026,2026-03-01,ES,Tentativa de homicídio,106.0,0.0,27.0,68.0,11.0,0.0,106.0,vitimas
2026,2026-03-01,ES,Tráfico de drogas,0.0,524.0,0.0,0.0,0.0,0.0,524.0,ocorrencias
2026,2026-03-01,GO,Apreensão de Cocaína,0.0,0.0,0.0,0.0,0.0,240413.0,240413.0,kg
2026,2026-03-01,GO,Apreensão de Maconha,0.0,0.0,0.0,0.0,0.0,2507014.0,2507014.0,kg
2026,2026-03-01,GO,Arma de Fogo Apreendida,0.0,297.0,0.0,0.0,0.0,0.0,297.0,ocorrencias
2026,2026-03-01,GO,Atendimento pré-hospitalar,0.0,0.0,0.0,0.0,0.0,0.0,0.0,ocorrencias
2026,2026-03-01,GO,Busca e salvamento,0.0,0.0,0.0,0.0,0.0,0.0,0.0,ocorrencias
2026,2026-03-01,GO,Combate a incêndios,0.0,0.0,0.0,0.0,0.0,0.0,0.0,ocorrencias
2026,2026-03-01,GO,Emissão de Alvarás de licença,0.0,0.0,0.0,0.0,0.0,0.0,0.0,ocorrencias
2026,2026-03-01,GO,Estupro,71.0,0.0,66.0,5.0,0.0,0.0,71.0,vitimas
2026,2026-03-01,GO,Estupro de vulnerável,238.0,0.0,200.0,34.0,4.0,0.0,238.0,vitimas
2026,2026-03-01,GO,Feminicídio,8.0,0.0,8.0,0.0,0.0,0.0,8.0,vitimas
2026,2026-03-01,GO,Furto de veículo,0.0,226.0,0.0,0.0,0.0,0.0,226.0,ocorrencias
2026,2026-03-01,GO,Homicídio doloso,67.0,0.0,2.0,57.0,8.0,0.0,67.0,vitimas
2026,2026-03-01,GO,Lesão corporal seguida de morte,1.0,0.0,1.0,0.0,0.0,0.0,1.0,vitimas
2026,2026-03-01,GO,Mandado de prisão cumprido,0.0,960.0,0.0,0.0,0.0,0.0,960.0,ocorrencias
2026,2026-03-01,GO,Morte de Agente do Estado,0.0,0.0,0.0,0.0,0.0,0.0,0.0,vitimas
2026,2026-03-01,GO,Morte no trânsito ou em decorrência dele (exceto homicídio doloso),52.0,0.0,10.0,39.0,3.0,0.0,52.0,vitimas
2026,2026-03-01,GO,Morte por intervenção de Agente do Estado,35.0,0.0,1.0,26.0,8.0,0.0,35.0,vitimas
2026,2026-03-01,GO,Mortes a esclarecer (sem indício de crime),44.0,0.0,8.0,28.0,8.0,0.0,44.0,vitimas
2026,2026-03-01,GO,Mortes no trânsito,22.0,0.0,2.0,20.0,0.0,0.0,22.0,vitimas
2026,2026-03-01,GO,Pessoa Desaparecida,327.0,0.0,112.0,213.0,2.0,0.0,327.0,vitimas
2026,2026-03-01,GO,Pessoa Localizada,140.0,0.0,50.0,90.0,0.0,0.0,140.0,vitimas
2026,2026-03-01,GO,Realização de vistorias,0.0,0.0,0.0,0.0,0.0,0.0,0.0,ocorrencias
2026,2026-03-01,GO,Roubo a instituição financeira,0.0,0.0,0.0,0.0,0.0,0.0,0.0,ocorrencias
2026,2026-03-01,GO,Roubo de carga,0.0,0.0,0.0,0.0,0.0,0.0,0.0,ocorrencias
2026,2026-03-01,GO,Roubo de veículo,0.0,42.0,0.0,0.0,0.0,0.0,42.0,ocorrencias
2026,2026-03-01,GO,Roubo seguido de morte (latrocínio),3.0,0.0,1.0,2.0,0.0,0.0,3.0,vitimas
2026,2026-03-01,GO,Suicídio,71.0,0.0,10.0,58.0,3.0,0.0,71.0,vitimas
2026,2026-03-01,GO,Suicídio de Agente do Estado,2.0,0.0,0.0,2.0,0.0,0.0,2.0,vitimas
2026,2026-03-01,GO,Tentativa de feminicídio,15.0,0.0,15.0,0.0,0.0,0.0,15.0,vitimas
2026,2026-03-01,GO,Tentativa de homicídio,119.0,0.0,15.0,99.0,5.0,0.0,119.0,vitimas
2026,2026-03-01,GO,Tráfico de drogas,0.0,585.0,0.0,0.0,0.0,0.0,585.0,ocorrencias
2026,2026-03-01,MA,Apreensão de Cocaína,0.0,0.0,0.0,0.0,0.0,1024072.0,1024072.0,kg
2026,2026-03-01,MA,Apreensão de Maconha,0.0,0.0,0.0,0.0,0.0,26.0,26.0,kg
2026,2026-03-01,MA,Arma de Fogo Apreendida,0.0,273.0,0.0,0.0,0.0,0.0,273.0,ocorrencias
2026,2026-03-01,MA,Atendimento pré-hospitalar,0.0,214.0,0.0,0.0,0.0,0.0,214.0,ocorrencias
2026,2026-03-01,MA,Busca e salvamento,0.0,545.0,0.0,0.0,0.0,0.0,545.0,ocorrencias
2026,2026-03-01,MA,Combate a incêndios,0.0,78.0,0.0,0.0,0.0,0.0,78.0,ocorrencias
2026,2026-03-01,MA,Emissão de Alvarás de licença,0.0,1364.0,0.0,0.0,0.0,0.0,1364.0,ocorrencias
2026,2026-03-01,MA,Estupro,28.0,0.0,25.0,3.0,0.0,0.0,28.0,vitimas
2026,2026-03-01,MA,Estupro de vulnerável,159.0,0.0,141.0,18.0,0.0,0.0,159.0,vitimas
2026,2026-03-01,MA,Feminicídio,2.0,0.0,2.0,0.0,0.0,0.0,2.0,vitimas
2026,2026-03-01,MA,Furto de veículo,0.0,165.0,0.0,0.0,0.0,0.0,165.0,ocorrencias
2026,2026-03-01,MA,Homicídio doloso,141.0,0.0,7.0,134.0,0.0,0.0,141.0,vitimas
2026,2026-03-01,MA,Lesão corporal seguida de morte,2.0,0.0,0.0,2.0,0.0,0.0,2.0,vitimas
2026,2026-03-01,MA,Mandado de prisão cumprido,0.0,518.0,0.0,0.0,0.0,0.0,518.0,ocorrencias
2026,2026-03-01,MA,Morte de Agente do Estado,0.0,0.0,0.0,0.0,0.0,0.0,0.0,vitimas
2026,2026-03-01,MA,Morte no trânsito ou em decorrência dele (exceto homicídio doloso),92.0,0.0,11.0,81.0,0.0,0.0,92.0,vitimas
2026,2026-03-01,MA,Morte por intervenção de Agente do Estado,10.0,0.0,0.0,10.0,0.0,0.0,10.0,vitimas
2026,2026-03-01,MA,Mortes a esclarecer (sem indício de crime),7.0,0.0,2.0,5.0,0.0,0.0,7.0,vitimas
2026,2026-03-01,MA,Mortes no trânsito,19.0,0.0,4.0,15.0,0.0,0.0,19.0,vitimas
2026,2026-03-01,MA,Pessoa Desaparecida,127.0,0.0,39.0,85.0,3.0,0.0,127.0,vitimas
2026,2026-03-01,MA,Pessoa Localizada,29.0,0.0,7.0,22.0,0.0,0.0,29.0,vitimas
2026,2026-03-01,MA,Realização de vistorias,0.0,521.0,0.0,0.0,0.0,0.0,521.0,ocorrencias
2026,2026-03-01,MA,Roubo a instituição financeira,0.0,0.0,0.0,0.0,0.0,0.0,0.0,ocorrencias
2026,2026-03-01,MA,Roubo de carga,0.0,3.0,0.0,0.0,0.0,0.0,3.0,ocorrencias
2026,2026-03-01,MA,Roubo de veículo,0.0,152.0,0.0,0.0,0.0,0.0,152.0,ocorrencias
2026,2026-03-01,MA,Roubo seguido de morte (latrocínio),1.0,0.0,0.0,1.0,0.0,0.0,1.0,vitimas
2026,2026-03-01,MA,Suicídio,40.0,0.0,7.0,33.0,0.0,0.0,40.0,vitimas
2026,2026-03-01,MA,Suicídio de Agente do Estado,1.0,0.0,0.0,1.0,0.0,0.0,1.0,vitimas
2026,2026-03-01,MA,Tentativa de feminicídio,10.0,0.0,10.0,0.0,0.0,0.0,10.0,vitimas
2026,2026-03-01,MA,Tentativa de homicídio,134.0,0.0,30.0,104.0,0.0,0.0,134.0,vitimas
2026,2026-03-01,MA,Tráfico de drogas,0.0,226.0,0.0,0.0,0.0,0.0,226.0,ocorrencias
2026,2026-03-01,MG,Apreensão de Cocaína,0.0,0.0,0.0,0.0,0.0,162.0,162.0,kg
2026,2026-03-01,MG,Apreensão de Maconha,0.0,0.0,0.0,0.0,0.0,5657.0,5657.0,kg
2026,2026-03-01,MG,Arma de Fogo Apreendida,0.0,1261.0,0.0,0.0,0.0,0.0,1261.0,ocorrencias
2026,2026-03-01,MG,Atendimento pré-hospitalar,0.0,6748.0,0.0,0.0,0.0,0.0,6748.0,ocorrencias
2026,2026-03-01,MG,Busca e salvamento,0.0,6560.0,0.0,0.0,0.0,0.0,6560.0,ocorrencias
2026,2026-03-01,MG,Combate a incêndios,0.0,1187.0,0.0,0.0,0.0,0.0,1187.0,ocorrencias
2026,2026-03-01,MG,Emissão de Alvarás de licença,0.0,295.0,0.0,0.0,0.0,0.0,295.0,ocorrencias
2026,2026-03-01,MG,Estupro,145.0,0.0,133.0,11.0,1.0,0.0,145.0,vitimas
2026,2026-03-01,MG,Estupro de vulnerável,367.0,0.0,316.0,49.0,2.0,0.0,367.0,vitimas
2026,2026-03-01,MG,Feminicídio,11.0,0.0,11.0,0.0,0.0,0.0,11.0,vitimas
2026,2026-03-01,MG,Furto de veículo,0.0,1698.0,0.0,0.0,0.0,0.0,1698.0,ocorrencias
2026,2026-03-01,MG,Homicídio doloso,161.0,0.0,8.0,151.0,2.0,0.0,161.0,vitimas
2026,2026-03-01,MG,Lesão corporal seguida de morte,1.0,0.0,0.0,1.0,0.0,0.0,1.0,vitimas
2026,2026-03-01,MG,Mandado de prisão cumprido,0.0,1501.0,0.0,0.0,0.0,0.0,1501.0,ocorrencias
2026,2026-03-01,MG,Morte de Agente do Estado,1.0,0.0,0.0,1.0,0.0,0.0,1.0,vitimas
2026,2026-03-01,MG,Morte no trânsito ou em decorrência dele (exceto homicídio doloso),188.0,0.0,35.0,151.0,2.0,0.0,188.0,vitimas
2026,2026-03-01,MG,Morte por intervenção de Agente do Estado,0.0,0.0,0.0,0.0,0.0,0.0,0.0,vitimas
2026,2026-03-01,MG,Mortes a esclarecer (sem indício de crime),0.0,0.0,0.0,0.0,0.0,0.0,0.0,vitimas
2026,2026-03-01,MG,Mortes no trânsito,65.0,0.0,8.0,57.0,0.0,0.0,65.0,vitimas
2026,2026-03-01,MG,Pessoa Desaparecida,836.0,0.0,267.0,568.0,1.0,0.0,836.0,vitimas
2026,2026-03-01,MG,Pessoa Localizada,594.0,0.0,228.0,366.0,0.0,0.0,594.0,vitimas
2026,2026-03-01,MG,Realização de vistorias,0.0,3133.0,0.0,0.0,0.0,0.0,3133.0,ocorrencias
2026,2026-03-01,MG,Roubo a instituição financeira,0.0,1.0,0.0,0.0,0.0,0.0,1.0,ocorrencias
2026,2026-03-01,MG,Roubo de carga,0.0,6.0,0.0,0.0,0.0,0.0,6.0,ocorrencias
2026,2026-03-01,MG,Roubo de veículo,0.0,201.0,0.0,0.0,0.0,0.0,201.0,ocorrencias
2026,2026-03-01,MG,Roubo seguido de morte (latrocínio),0.0,0.0,0.0,0.0,0.0,0.0,0.0,vitimas
2026,2026-03-01,MG,Suicídio,176.0,0.0,43.0,133.0,0.0,0.0,176.0,vitimas
2026,2026-03-01,MG,Suicídio de Agente do Estado,0.0,0.0,0.0,0.0,0.0,0.0,0.0,vitimas
2026,2026-03-01,MG,Tentativa de feminicídio,18.0,0.0,18.0,0.0,0.0,0.0,18.0,vitimas
2026,2026-03-01,MG,Tentativa de homicídio,191.0,0.0,11.0,180.0,0.0,0.0,191.0,vitimas
2026,2026-03-01,MG,Tráfico de drogas,0.0,2926.0,0.0,0.0,0.0,0.0,2926.0,ocorrencias
2026,2026-03-01,MS,Apreensão de Cocaína,0.0,0.0,0.0,0.0,0.0,2112225.0,2112225.0,kg
2026,2026-03-01,MS,Apreensão de Maconha,0.0,0.0,0.0,0.0,0.0,45786072.0,45786072.0,kg
2026,2026-03-01,MS,Arma de Fogo Apreendida,0.0,186.0,0.0,0.0,0.0,0.0,186.0,ocorrencias
2026,2026-03-01,MS,Atendimento pré-hospitalar,0.0,2274.0,0.0,0.0,0.0,0.0,2274.0,ocorrencias
2026,2026-03-01,MS,Busca e salvamento,0.0,5798.0,0.0,0.0,0.0,0.0,5798.0,ocorrencias
2026,2026-03-01,MS,Combate a incêndios,0.0,463.0,0.0,0.0,0.0,0.0,463.0,ocorrencias
2026,2026-03-01,MS,Emissão de Alvarás de licença,0.0,6612.0,0.0,0.0,0.0,0.0,6612.0,ocorrencias
2026,2026-03-01,MS,Estupro,174.0,0.0,148.0,20.0,6.0,0.0,174.0,vitimas
2026,2026-03-01,MS,Estupro de vulnerável,139.0,0.0,113.0,20.0,6.0,0.0,139.0,vitimas
2026,2026-03-01,MS,Feminicídio,4.0,0.0,4.0,0.0,0.0,0.0,4.0,vitimas
2026,2026-03-01,MS,Furto de veículo,0.0,165.0,0.0,0.0,0.0,0.0,165.0,ocorrencias
2026,2026-03-01,MS,Homicídio doloso,42.0,0.0,4.0,35.0,3.0,0.0,42.0,vitimas
2026,2026-03-01,MS,Lesão corporal seguida de morte,1.0,0.0,0.0,1.0,0.0,0.0,1.0,vitimas
2026,2026-03-01,MS,Mandado de prisão cumprido,0.0,435.0,0.0,0.0,0.0,0.0,435.0,ocorrencias
2026,2026-03-01,MS,Morte de Agente do Estado,0.0,0.0,0.0,0.0,0.0,0.0,0.0,vitimas
2026,2026-03-01,MS,Morte no trânsito ou em decorrência dele (exceto homicídio doloso),39.0,0.0,14.0,24.0,1.0,0.0,39.0,vitimas
2026,2026-03-01,MS,Morte por intervenção de Agente do Estado,8.0,0.0,0.0,6.0,2.0,0.0,8.0,vitimas
2026,2026-03-01,MS,Mortes a esclarecer (sem indício de crime),30.0,0.0,5.0,25.0,0.0,0.0,30.0,vitimas
2026,2026-03-01,MS,Mortes no trânsito,11.0,0.0,6.0,5.0,0.0,0.0,11.0,vitimas
2026,2026-03-01,MS,Pessoa Desaparecida,95.0,0.0,39.0,56.0,0.0,0.0,95.0,vitimas
2026,2026-03-01,MS,Pessoa Localizada,94.0,0.0,43.0,51.0,0.0,0.0,94.0,vitimas
2026,2026-03-01,MS,Realização de vistorias,0.0,0.0,0.0,0.0,0.0,0.0,0.0,ocorrencias
2026,2026-03-01,MS,Roubo a instituição financeira,0.0,0.0,0.0,0.0,0.0,0.0,0.0,ocorrencias
2026,2026-03-01,MS,Roubo de carga,0.0,0.0,0.0,0.0,0.0,0.0,0.0,ocorrencias
2026,2026-03-01,MS,Roubo de veículo,0.0,26.0,0.0,0.0,0.0,0.0,26.0,ocorrencias
2026,2026-03-01,MS,Roubo seguido de morte (latrocínio),0.0,0.0,0.0,0.0,0.0,0.0,0.0,vitimas
2026,2026-03-01,MS,Suicídio,28.0,0.0,7.0,21.0,0.0,0.0,28.0,vitimas
2026,2026-03-01,MS,Suicídio de Agente do Estado,0.0,0.0,0.0,0.0,0.0,0.0,0.0,vitimas
2026,2026-03-01,MS,Tentativa de feminicídio,14.0,0.0,13.0,1.0,0.0,0.0,14.0,vitimas
2026,2026-03-01,MS,Tentativa de homicídio,59.0,0.0,10.0,47.0,2.0,0.0,59.0,vitimas
2026,2026-03-01,MS,Tráfico de drogas,0.0,413.0,0.0,0.0,0.0,0.0,413.0,ocorrencias
2026,2026-03-01,MT,Apreensão de Cocaína,0.0,0.0,0.0,0.0,0.0,102069.0,102069.0,kg
2026,2026-03-01,MT,Apreensão de Maconha,0.0,0.0,0.0,0.0,0.0,223606.0,223606.0,kg
2026,2026-03-01,MT,Arma de Fogo Apreendida,0.0,267.0,0.0,0.0,0.0,0.0,267.0,ocorrencias
2026,2026-03-01,MT,Atendimento pré-hospitalar,0.0,3601.0,0.0,0.0,0.0,0.0,3601.0,ocorrencias
2026,2026-03-01,MT,Busca e salvamento,0.0,891.0,0.0,0.0,0.0,0.0,891.0,ocorrencias
2026,2026-03-01,MT,Combate a incêndios,0.0,186.0,0.0,0.0,0.0,0.0,186.0,ocorrencias
2026,2026-03-01,MT,Emissão de Alvarás de licença,0.0,6374.0,0.0,0.0,0.0,0.0,6374.0,ocorrencias
2026,2026-03-01,MT,Estupro,51.0,0.0,45.0,6.0,0.0,0.0,51.0,vitimas
2026,2026-03-01,MT,Estupro de vulnerável,116.0,0.0,97.0,18.0,1.0,0.0,116.0,vitimas
2026,2026-03-01,MT,Feminicídio,6.0,0.0,6.0,0.0,0.0,0.0,6.0,vitimas
2026,2026-03-01,MT,Furto de veículo,0.0,163.0,0.0,0.0,0.0,0.0,163.0,ocorrencias
2026,2026-03-01,MT,Homicídio doloso,66.0,0.0,6.0,60.0,0.0,0.0,66.0,vitimas
2026,2026-03-01,MT,Lesão corporal seguida de morte,0.0,0.0,0.0,0.0,0.0,0.0,0.0,vitimas
2026,2026-03-01,MT,Mandado de prisão cumprido,0.0,974.0,0.0,0.0,0.0,0.0,974.0,ocorrencias
2026,2026-03-01,MT,Morte de Agente do Estado,0.0,0.0,0.0,0.0,0.0,0.0,0.0,vitimas
2026,2026-03-01,MT,Morte no trânsito ou em decorrência dele (exceto homicídio doloso),76.0,0.0,12.0,64.0,0.0,0.0,76.0,vitimas
2026,2026-03-01,MT,Morte por intervenção de Agente do Estado,14.0,0.0,0.0,14.0,0.0,0.0,14.0,vitimas
2026,2026-03-01,MT,Mortes a esclarecer (sem indício de crime),28.0,0.0,5.0,23.0,0.0,0.0,28.0,vitimas
2026,2026-03-01,MT,Mortes no trânsito,19.0,0.0,5.0,14.0,0.0,0.0,19.0,vitimas
2026,2026-03-01,MT,Pessoa Desaparecida,196.0,0.0,67.0,129.0,0.0,0.0,196.0,vitimas
2026,2026-03-01,MT,Pessoa Localizada,104.0,0.0,47.0,57.0,0.0,0.0,104.0,vitimas
2026,2026-03-01,MT,Realização de vistorias,0.0,2949.0,0.0,0.0,0.0,0.0,2949.0,ocorrencias
2026,2026-03-01,MT,Roubo a instituição financeira,0.0,0.0,0.0,0.0,0.0,0.0,0.0,ocorrencias
2026,2026-03-01,MT,Roubo de carga,0.0,6.0,0.0,0.0,0.0,0.0,6.0,ocorrencias
2026,2026-03-01,MT,Roubo de veículo,0.0,31.0,0.0,0.0,0.0,0.0,31.0,ocorrencias
2026,2026-03-01,MT,Roubo seguido de morte (latrocínio),1.0,0.0,0.0,1.0,0.0,0.0,1.0,vitimas
2026,2026-03-01,MT,Suicídio,34.0,0.0,8.0,26.0,0.0,0.0,34.0,vitimas
2026,2026-03-01,MT,Suicídio de Agente do Estado,0.0,0.0,0.0,0.0,0.0,0.0,0.0,vitimas
2026,2026-03-01,MT,Tentativa de feminicídio,26.0,0.0,26.0,0.0,0.0,0.0,26.0,vitimas
2026,2026-03-01,MT,Tentativa de homicídio,94.0,0.0,12.0,82.0,0.0,0.0,94.0,vitimas
2026,2026-03-01,MT,Tráfico de drogas,0.0,558.0,0.0,0.0,0.0,0.0,558.0,ocorrencias
2026,2026-03-01,PA,Apreensão de Cocaína,0.0,0.0,0.0,0.0,0.0,90818.0,90818.0,kg
2026,2026-03-01,PA,Apreensão de Maconha,0.0,0.0,0.0,0.0,0.0,473969.0,473969.0,kg
2026,2026-03-01,PA,Arma de Fogo Apreendida,0.0,172.0,0.0,0.0,0.0,0.0,172.0,ocorrencias
2026,2026-03-01,PA,Atendimento pré-hospitalar,0.0,1782.0,0.0,0.0,0.0,0.0,1782.0,ocorrencias
2026,2026-03-01,PA,Busca e salvamento,0.0,103.0,0.0,0.0,0.0,0.0,103.0,ocorrencias
2026,2026-03-01,PA,Combate a incêndios,0.0,270.0,0.0,0.0,0.0,0.0,270.0,ocorrencias
2026,2026-03-01,PA,Emissão de Alvarás de licença,0.0,0.0,0.0,0.0,0.0,0.0,0.0,ocorrencias
2026,2026-03-01,PA,Estupro,67.0,0.0,65.0,0.0,2.0,0.0,67.0,vitimas
2026,2026-03-01,PA,Estupro de vulnerável,367.0,0.0,326.0,29.0,12.0,0.0,367.0,vitimas
2026,2026-03-01,PA,Feminicídio,8.0,0.0,8.0,0.0,0.0,0.0,8.0,vitimas
2026,2026-03-01,PA,Furto de veículo,0.0,214.0,0.0,0.0,0.0,0.0,214.0,ocorrencias
2026,2026-03-01,PA,Homicídio doloso,119.0,0.0,6.0,113.0,0.0,0.0,119.0,vitimas
2026,2026-03-01,PA,Lesão corporal seguida de morte,4.0,0.0,0.0,4.0,0.0,0.0,4.0,vitimas
2026,2026-03-01,PA,Mandado de prisão cumprido,0.0,865.0,0.0,0.0,0.0,0.0,865.0,ocorrencias
2026,2026-03-01,PA,Morte de Agente do Estado,0.0,0.0,0.0,0.0,0.0,0.0,0.0,vitimas
2026,2026-03-01,PA,Morte no trânsito ou em decorrência dele (exceto homicídio doloso),93.0,0.0,17.0,74.0,2.0,0.0,93.0,vitimas
2026,2026-03-01,PA,Morte por intervenção de Agente do Estado,44.0,0.0,0.0,44.0,0.0,0.0,44.0,vitimas
2026,2026-03-01,PA,Mortes a esclarecer (sem indício de crime),35.0,0.0,5.0,24.0,6.0,0.0,35.0,vitimas
2026,2026-03-01,PA,Mortes no trânsito,15.0,0.0,2.0,13.0,0.0,0.0,15.0,vitimas
2026,2026-03-01,PA,Pessoa Desaparecida,206.0,0.0,69.0,136.0,1.0,0.0,206.0,vitimas
2026,2026-03-01,PA,Pessoa Localizada,49.0,0.0,21.0,28.0,0.0,0.0,49.0,vitimas
2026,2026-03-01,PA,Realização de vistorias,0.0,0.0,0.0,0.0,0.0,0.0,0.0,ocorrencias
2026,2026-03-01,PA,Roubo a instituição financeira,0.0,0.0,0.0,0.0,0.0,0.0,0.0,ocorrencias
2026,2026-03-01,PA,Roubo de carga,0.0,11.0,0.0,0.0,0.0,0.0,11.0,ocorrencias
2026,2026-03-01,PA,Roubo de veículo,0.0,82.0,0.0,0.0,0.0,0.0,82.0,ocorrencias
2026,2026-03-01,PA,Roubo seguido de morte (latrocínio),5.0,0.0,0.0,5.0,0.0,0.0,5.0,vitimas
2026,2026-03-01,PA,Suicídio,52.0,0.0,13.0,39.0,0.0,0.0,52.0,vitimas
2026,2026-03-01,PA,Suicídio de Agente do Estado,0.0,0.0,0.0,0.0,0.0,0.0,0.0,vitimas
2026,2026-03-01,PA,Tentativa de feminicídio,23.0,0.0,22.0,1.0,0.0,0.0,23.0,vitimas
2026,2026-03-01,PA,Tentativa de homicídio,93.0,0.0,11.0,82.0,0.0,0.0,93.0,vitimas
2026,2026-03-01,PA,Tráfico de drogas,0.0,513.0,0.0,0.0,0.0,0.0,513.0,ocorrencias
2026,2026-03-01,PB,Apreensão de Cocaína,0.0,0.0,0.0,0.0,0.0,2409.0,2409.0,kg
2026,2026-03-01,PB,Apreensão de Maconha,0.0,0.0,0.0,0.0,0.0,16062.0,16062.0,kg
2026,2026-03-01,PB,Arma de Fogo Apreendida,0.0,408.0,0.0,0.0,0.0,0.0,408.0,ocorrencias
2026,2026-03-01,PB,Atendimento pré-hospitalar,0.0,567.0,0.0,0.0,0.0,0.0,567.0,ocorrencias
2026,2026-03-01,PB,Busca e salvamento,0.0,780.0,0.0,0.0,0.0,0.0,780.0,ocorrencias
2026,2026-03-01,PB,Combate a incêndios,0.0,607.0,0.0,0.0,0.0,0.0,607.0,ocorrencias
2026,2026-03-01,PB,Emissão de Alvarás de licença,0.0,2488.0,0.0,0.0,0.0,0.0,2488.0,ocorrencias
2026,2026-03-01,PB,Estupro,28.0,0.0,26.0,2.0,0.0,0.0,28.0,vitimas
2026,2026-03-01,PB,Estupro de vulnerável,98.0,0.0,83.0,15.0,0.0,0.0,98.0,vitimas
2026,2026-03-01,PB,Feminicídio,3.0,0.0,3.0,0.0,0.0,0.0,3.0,vitimas
2026,2026-03-01,PB,Furto de veículo,0.0,155.0,0.0,0.0,0.0,0.0,155.0,ocorrencias
2026,2026-03-01,PB,Homicídio doloso,73.0,0.0,2.0,71.0,0.0,0.0,73.0,vitimas
2026,2026-03-01,PB,Lesão corporal seguida de morte,1.0,0.0,0.0,1.0,0.0,0.0,1.0,vitimas
2026,2026-03-01,PB,Mandado de prisão cumprido,0.0,448.0,0.0,0.0,0.0,0.0,448.0,ocorrencias
2026,2026-03-01,PB,Morte de Agente do Estado,0.0,0.0,0.0,0.0,0.0,0.0,0.0,vitimas
2026,2026-03-01,PB,Morte no trânsito ou em decorrência dele (exceto homicídio doloso),61.0,0.0,7.0,54.0,0.0,0.0,61.0,vitimas
2026,2026-03-01,PB,Morte por intervenção de Agente do Estado,6.0,0.0,0.0,6.0,0.0,0.0,6.0,vitimas
2026,2026-03-01,PB,Mortes a esclarecer (sem indício de crime),0.0,0.0,0.0,0.0,0.0,0.0,0.0,vitimas
2026,2026-03-01,PB,Mortes no trânsito,9.0,0.0,3.0,6.0,0.0,0.0,9.0,vitimas
2026,2026-03-01,PB,Pessoa Desaparecida,95.0,0.0,24.0,71.0,0.0,0.0,95.0,vitimas
2026,2026-03-01,PB,Pessoa Localizada,64.0,0.0,13.0,51.0,0.0,0.0,64.0,vitimas
2026,2026-03-01,PB,Realização de vistorias,0.0,1375.0,0.0,0.0,0.0,0.0,1375.0,ocorrencias
2026,2026-03-01,PB,Roubo a instituição financeira,0.0,0.0,0.0,0.0,0.0,0.0,0.0,ocorrencias
2026,2026-03-01,PB,Roubo de carga,0.0,3.0,0.0,0.0,0.0,0.0,3.0,ocorrencias
2026,2026-03-01,PB,Roubo de veículo,0.0,326.0,0.0,0.0,0.0,0.0,326.0,ocorrencias
2026,2026-03-01,PB,Roubo seguido de morte (latrocínio),0.0,0.0,0.0,0.0,0.0,0.0,0.0,vitimas
2026,2026-03-01,PB,Suicídio,37.0,0.0,10.0,27.0,0.0,0.0,37.0,vitimas
2026,2026-03-01,PB,Suicídio de Agente do Estado,0.0,0.0,0.0,0.0,0.0,0.0,0.0,vitimas
2026,2026-03-01,PB,Tentativa de feminicídio,3.0,0.0,3.0,0.0,0.0,0.0,3.0,vitimas
2026,2026-03-01,PB,Tentativa de homicídio,49.0,0.0,7.0,42.0,0.0,0.0,49.0,vitimas
2026,2026-03-01,PB,Tráfico de drogas,0.0,268.0,0.0,0.0,0.0,0.0,268.0,ocorrencias
2026,2026-03-01,PE,Apreensão de Cocaína,0.0,0.0,0.0,0.0,0.0,4353.0,4353.0,kg
2026,2026-03-01,PE,Apreensão de Maconha,0.0,0.0,0.0,0.0,0.0,270299.0,270299.0,kg
2026,2026-03-01,PE,Arma de Fogo Apreendida,0.0,559.0,0.0,0.0,0.0,0.0,559.0,ocorrencias
2026,2026-03-01,PE,Atendimento pré-hospitalar,0.0,1825.0,0.0,0.0,0.0,0.0,1825.0,ocorrencias
2026,2026-03-01,PE,Busca e salvamento,0.0,643.0,0.0,0.0,0.0,0.0,643.0,ocorrencias
2026,2026-03-01,PE,Combate a incêndios,0.0,366.0,0.0,0.0,0.0,0.0,366.0,ocorrencias
2026,2026-03-01,PE,Emissão de Alvarás de licença,0.0,14812.0,0.0,0.0,0.0,0.0,14812.0,ocorrencias
2026,2026-03-01,PE,Estupro,42.0,0.0,42.0,0.0,0.0,0.0,42.0,vitimas
2026,2026-03-01,PE,Estupro de vulnerável,150.0,0.0,123.0,25.0,2.0,0.0,150.0,vitimas
2026,2026-03-01,PE,Feminicídio,4.0,0.0,4.0,0.0,0.0,0.0,4.0,vitimas
2026,2026-03-01,PE,Furto de veículo,0.0,532.0,0.0,0.0,0.0,0.0,532.0,ocorrencias
2026,2026-03-01,PE,Homicídio doloso,229.0,0.0,13.0,216.0,0.0,0.0,229.0,vitimas
2026,2026-03-01,PE,Lesão corporal seguida de morte,3.0,0.0,0.0,3.0,0.0,0.0,3.0,vitimas
2026,2026-03-01,PE,Mandado de prisão cumprido,0.0,1076.0,0.0,0.0,0.0,0.0,1076.0,ocorrencias
2026,2026-03-01,PE,Morte de Agente do Estado,2.0,0.0,0.0,2.0,0.0,0.0,2.0,vitimas
2026,2026-03-01,PE,Morte no trânsito ou em decorrência dele (exceto homicídio doloso),167.0,0.0,18.0,149.0,0.0,0.0,167.0,vitimas
2026,2026-03-01,PE,Morte por intervenção de Agente do Estado,7.0,0.0,0.0,7.0,0.0,0.0,7.0,vitimas
2026,2026-03-01,PE,Mortes a esclarecer (sem indício de crime),202.0,0.0,65.0,135.0,2.0,0.0,202.0,vitimas
2026,2026-03-01,PE,Mortes no trânsito,32.0,0.0,2.0,30.0,0.0,0.0,32.0,vitimas
2026,2026-03-01,PE,Pessoa Desaparecida,219.0,0.0,81.0,122.0,16.0,0.0,219.0,vitimas
2026,2026-03-01,PE,Pessoa Localizada,91.0,0.0,35.0,52.0,4.0,0.0,91.0,vitimas
2026,2026-03-01,PE,Realização de vistorias,0.0,4656.0,0.0,0.0,0.0,0.0,4656.0,ocorrencias
2026,2026-03-01,PE,Roubo a instituição financeira,0.0,0.0,0.0,0.0,0.0,0.0,0.0,ocorrencias
2026,2026-03-01,PE,Roubo de carga,0.0,26.0,0.0,0.0,0.0,0.0,26.0,ocorrencias
2026,2026-03-01,PE,Roubo de veículo,0.0,832.0,0.0,0.0,0.0,0.0,832.0,ocorrencias
2026,2026-03-01,PE,Roubo seguido de morte (latrocínio),6.0,0.0,0.0,6.0,0.0,0.0,6.0,vitimas
2026,2026-03-01,PE,Suicídio,55.0,0.0,15.0,40.0,0.0,0.0,55.0,vitimas
2026,2026-03-01,PE,Suicídio de Agente do Estado,0.0,0.0,0.0,0.0,0.0,0.0,0.0,vitimas
2026,2026-03-01,PE,Tentativa de feminicídio,19.0,0.0,19.0,0.0,0.0,0.0,19.0,vitimas
2026,2026-03-01,PE,Tentativa de homicídio,162.0,0.0,22.0,140.0,0.0,0.0,162.0,vitimas
2026,2026-03-01,PE,Tráfico de drogas,0.0,946.0,0.0,0.0,0.0,0.0,946.0,ocorrencias
2026,2026-03-01,PI,Apreensão de Cocaína,0.0,0.0,0.0,0.0,0.0,61.0,61.0,kg
2026,2026-03-01,PI,Apreensão de Maconha,0.0,0.0,0.0,0.0,0.0,73.0,73.0,kg
2026,2026-03-01,PI,Arma de Fogo Apreendida,0.0,243.0,0.0,0.0,0.0,0.0,243.0,ocorrencias
2026,2026-03-01,PI,Atendimento pré-hospitalar,0.0,129.0,0.0,0.0,0.0,0.0,129.0,ocorrencias
2026,2026-03-01,PI,Busca e salvamento,0.0,386.0,0.0,0.0,0.0,0.0,386.0,ocorrencias
2026,2026-03-01,PI,Combate a incêndios,0.0,147.0,0.0,0.0,0.0,0.0,147.0,ocorrencias
2026,2026-03-01,PI,Emissão de Alvarás de licença,0.0,718.0,0.0,0.0,0.0,0.0,718.0,ocorrencias
2026,2026-03-01,PI,Estupro,24.0,0.0,20.0,3.0,1.0,0.0,24.0,vitimas
2026,2026-03-01,PI,Estupro de vulnerável,68.0,0.0,56.0,6.0,6.0,0.0,68.0,vitimas
2026,2026-03-01,PI,Feminicídio,1.0,0.0,1.0,0.0,0.0,0.0,1.0,vitimas
2026,2026-03-01,PI,Furto de veículo,0.0,147.0,0.0,0.0,0.0,0.0,147.0,ocorrencias
2026,2026-03-01,PI,Homicídio doloso,28.0,0.0,2.0,26.0,0.0,0.0,28.0,vitimas
2026,2026-03-01,PI,Lesão corporal seguida de morte,2.0,0.0,1.0,1.0,0.0,0.0,2.0,vitimas
2026,2026-03-01,PI,Mandado de prisão cumprido,0.0,484.0,0.0,0.0,0.0,0.0,484.0,ocorrencias
2026,2026-03-01,PI,Morte de Agente do Estado,0.0,0.0,0.0,0.0,0.0,0.0,0.0,vitimas
2026,2026-03-01,PI,Morte no trânsito ou em decorrência dele (exceto homicídio doloso),18.0,0.0,3.0,15.0,0.0,0.0,18.0,vitimas
2026,2026-03-01,PI,Morte por intervenção de Agente do Estado,2.0,0.0,0.0,2.0,0.0,0.0,2.0,vitimas
2026,2026-03-01,PI,Mortes a esclarecer (sem indício de crime),18.0,0.0,5.0,13.0,0.0,0.0,18.0,vitimas
2026,2026-03-01,PI,Mortes no trânsito,10.0,0.0,2.0,8.0,0.0,0.0,10.0,vitimas
2026,2026-03-01,PI,Pessoa Desaparecida,79.0,0.0,26.0,50.0,3.0,0.0,79.0,vitimas
2026,2026-03-01,PI,Pessoa Localizada,33.0,0.0,10.0,23.0,0.0,0.0,33.0,vitimas
2026,2026-03-01,PI,Realização de vistorias,0.0,619.0,0.0,0.0,0.0,0.0,619.0,ocorrencias
2026,2026-03-01,PI,Roubo a instituição financeira,0.0,0.0,0.0,0.0,0.0,0.0,0.0,ocorrencias
2026,2026-03-01,PI,Roubo de carga,0.0,4.0,0.0,0.0,0.0,0.0,4.0,ocorrencias
2026,2026-03-01,PI,Roubo de veículo,0.0,184.0,0.0,0.0,0.0,0.0,184.0,ocorrencias
2026,2026-03-01,PI,Roubo seguido de morte (latrocínio),1.0,0.0,0.0,1.0,0.0,0.0,1.0,vitimas
2026,2026-03-01,PI,Suicídio,31.0,0.0,8.0,23.0,0.0,0.0,31.0,vitimas
2026,2026-03-01,PI,Suicídio de Agente do Estado,0.0,0.0,0.0,0.0,0.0,0.0,0.0,vitimas
2026,2026-03-01,PI,Tentativa de feminicídio,15.0,0.0,15.0,0.0,0.0,0.0,15.0,vitimas
2026,2026-03-01,PI,Tentativa de homicídio,51.0,0.0,7.0,44.0,0.0,0.0,51.0,vitimas
2026,2026-03-01,PI,Tráfico de drogas,0.0,280.0,0.0,0.0,0.0,0.0,280.0,ocorrencias
2026,2026-03-01,PR,Apreensão de Cocaína,0.0,0.0,0.0,0.0,0.0,647877.0,647877.0,kg
2026,2026-03-01,PR,Apreensão de Maconha,0.0,0.0,0.0,0.0,0.0,55458810.0,55458810.0,kg
2026,2026-03-01,PR,Arma de Fogo Apreendida,0.0,534.0,0.0,0.0,0.0,0.0,534.0,ocorrencias
2026,2026-03-01,PR,Atendimento pré-hospitalar,0.0,3190.0,0.0,0.0,0.0,0.0,3190.0,ocorrencias
2026,2026-03-01,PR,Busca e salvamento,0.0,1425.0,0.0,0.0,0.0,0.0,1425.0,ocorrencias
2026,2026-03-01,PR,Combate a incêndios,0.0,1468.0,0.0,0.0,0.0,0.0,1468.0,ocorrencias
2026,2026-03-01,PR,Emissão de Alvarás de licença,0.0,26598.0,0.0,0.0,0.0,0.0,26598.0,ocorrencias
2026,2026-03-01,PR,Estupro,161.0,0.0,150.0,11.0,0.0,0.0,161.0,vitimas
2026,2026-03-01,PR,Estupro de vulnerável,491.0,0.0,408.0,83.0,0.0,0.0,491.0,vitimas
2026,2026-03-01,PR,Feminicídio,11.0,0.0,11.0,0.0,0.0,0.0,11.0,vitimas
2026,2026-03-01,PR,Furto de veículo,0.0,681.0,0.0,0.0,0.0,0.0,681.0,ocorrencias
2026,2026-03-01,PR,Homicídio doloso,105.0,0.0,5.0,100.0,0.0,0.0,105.0,vitimas
2026,2026-03-01,PR,Lesão corporal seguida de morte,2.0,0.0,0.0,2.0,0.0,0.0,2.0,vitimas
2026,2026-03-01,PR,Mandado de prisão cumprido,0.0,3615.0,0.0,0.0,0.0,0.0,3615.0,ocorrencias
2026,2026-03-01,PR,Morte de Agente do Estado,0.0,0.0,0.0,0.0,0.0,0.0,0.0,vitimas
2026,2026-03-01,PR,Morte no trânsito ou em decorrência dele (exceto homicídio doloso),68.0,0.0,14.0,54.0,0.0,0.0,68.0,vitimas
2026,2026-03-01,PR,Morte por intervenção de Agente do Estado,42.0,0.0,0.0,42.0,0.0,0.0,42.0,vitimas
2026,2026-03-01,PR,Mortes a esclarecer (sem indício de crime),8.0,0.0,2.0,6.0,0.0,0.0,8.0,vitimas
2026,2026-03-01,PR,Mortes no trânsito,41.0,0.0,8.0,33.0,0.0,0.0,41.0,vitimas
2026,2026-03-01,PR,Pessoa Desaparecida,550.0,0.0,228.0,322.0,0.0,0.0,550.0,vitimas
2026,2026-03-01,PR,Pessoa Localizada,401.0,0.0,179.0,222.0,0.0,0.0,401.0,vitimas
2026,2026-03-01,PR,Realização de vistorias,0.0,5658.0,0.0,0.0,0.0,0.0,5658.0,ocorrencias
2026,2026-03-01,PR,Roubo a instituição financeira,0.0,0.0,0.0,0.0,0.0,0.0,0.0,ocorrencias
2026,2026-03-01,PR,Roubo de carga,0.0,0.0,0.0,0.0,0.0,0.0,0.0,ocorrencias
2026,2026-03-01,PR,Roubo de veículo,0.0,131.0,0.0,0.0,0.0,0.0,131.0,ocorrencias
2026,2026-03-01,PR,Roubo seguido de morte (latrocínio),1.0,0.0,0.0,1.0,0.0,0.0,1.0,vitimas
2026,2026-03-01,PR,Suicídio,65.0,0.0,8.0,53.0,4.0,0.0,65.0,vitimas
2026,2026-03-01,PR,Suicídio de Agente do Estado,1.0,0.0,0.0,1.0,0.0,0.0,1.0,vitimas
2026,2026-03-01,PR,Tentativa de feminicídio,26.0,0.0,26.0,0.0,0.0,0.0,26.0,vitimas
2026,2026-03-01,PR,Tentativa de homicídio,59.0,0.0,11.0,47.0,1.0,0.0,59.0,vitimas
2026,2026-03-01,PR,Tráfico de drogas,0.0,1231.0,0.0,0.0,0.0,0.0,1231.0,ocorrencias
2026,2026-03-01,RJ,Apreensão de Cocaína,0.0,0.0,0.0,0.0,0.0,90008.0,90008.0,kg
2026,2026-03-01,RJ,Apreensão de Maconha,0.0,0.0,0.0,0.0,0.0,132004.0,132004.0,kg
2026,2026-03-01,RJ,Arma de Fogo Apreendida,0.0,559.0,0.0,0.0,0.0,0.0,559.0,ocorrencias
2026,2026-03-01,RJ,Atendimento pré-hospitalar,0.0,13018.0,0.0,0.0,0.0,0.0,13018.0,ocorrencias
2026,2026-03-01,RJ,Busca e salvamento,0.0,13453.0,0.0,0.0,0.0,0.0,13453.0,ocorrencias
2026,2026-03-01,RJ,Combate a incêndios,0.0,2987.0,0.0,0.0,0.0,0.0,2987.0,ocorrencias
2026,2026-03-01,RJ,Emissão de Alvarás de licença,0.0,4512.0,0.0,0.0,0.0,0.0,4512.0,ocorrencias
2026,2026-03-01,RJ,Estupro,207.0,0.0,196.0,9.0,2.0,0.0,207.0,vitimas
2026,2026-03-01,RJ,Estupro de vulnerável,464.0,0.0,379.0,73.0,12.0,0.0,464.0,vitimas
2026,2026-03-01,RJ,Feminicídio,8.0,0.0,8.0,0.0,0.0,0.0,8.0,vitimas
2026,2026-03-01,RJ,Furto de veículo,0.0,1279.0,0.0,0.0,0.0,0.0,1279.0,ocorrencias
2026,2026-03-01,RJ,Homicídio doloso,281.0,0.0,23.0,236.0,22.0,0.0,281.0,vitimas
2026,2026-03-01,RJ,Lesão corporal seguida de morte,4.0,0.0,0.0,4.0,0.0,0.0,4.0,vitimas
2026,2026-03-01,RJ,Mandado de prisão cumprido,0.0,1271.0,0.0,0.0,0.0,0.0,1271.0,ocorrencias
2026,2026-03-01,RJ,Morte de Agente do Estado,3.0,0.0,0.0,3.0,0.0,0.0,3.0,vitimas
2026,2026-03-01,RJ,Morte no trânsito ou em decorrência dele (exceto homicídio doloso),204.0,0.0,36.0,164.0,4.0,0.0,204.0,vitimas
2026,2026-03-01,RJ,Morte por intervenção de Agente do Estado,68.0,0.0,1.0,67.0,0.0,0.0,68.0,vitimas
2026,2026-03-01,RJ,Mortes a esclarecer (sem indício de crime),256.0,0.0,63.0,187.0,6.0,0.0,256.0,vitimas
2026,2026-03-01,RJ,Mortes no trânsito,25.0,0.0,4.0,21.0,0.0,0.0,25.0,vitimas
2026,2026-03-01,RJ,Pessoa Desaparecida,604.0,0.0,232.0,368.0,4.0,0.0,604.0,vitimas
2026,2026-03-01,RJ,Pessoa Localizada,262.0,0.0,4.0,14.0,244.0,0.0,262.0,vitimas
2026,2026-03-01,RJ,Realização de vistorias,0.0,424.0,0.0,0.0,0.0,0.0,424.0,ocorrencias
2026,2026-03-01,RJ,Roubo a instituição financeira,0.0,2.0,0.0,0.0,0.0,0.0,2.0,ocorrencias
2026,2026-03-01,RJ,Roubo de carga,0.0,490.0,0.0,0.0,0.0,0.0,490.0,ocorrencias
2026,2026-03-01,RJ,Roubo de veículo,0.0,2420.0,0.0,0.0,0.0,0.0,2420.0,ocorrencias
2026,2026-03-01,RJ,Roubo seguido de morte (latrocínio),11.0,0.0,3.0,8.0,0.0,0.0,11.0,vitimas
2026,2026-03-01,RJ,Suicídio,82.0,0.0,25.0,56.0,1.0,0.0,82.0,vitimas
2026,2026-03-01,RJ,Suicídio de Agente do Estado,0.0,0.0,0.0,0.0,0.0,0.0,0.0,vitimas
2026,2026-03-01,RJ,Tentativa de feminicídio,39.0,0.0,39.0,0.0,0.0,0.0,39.0,vitimas
2026,2026-03-01,RJ,Tentativa de homicídio,319.0,0.0,26.0,279.0,14.0,0.0,319.0,vitimas
2026,2026-03-01,RJ,Tráfico de drogas,0.0,2049.0,0.0,0.0,0.0,0.0,2049.0,ocorrencias
2026,2026-03-01,RN,Apreensão de Cocaína,0.0,0.0,0.0,0.0,0.0,12157.0,12157.0,kg
2026,2026-03-01,RN,Apreensão de Maconha,0.0,0.0,0.0,0.0,0.0,57005.0,57005.0,kg
2026,2026-03-01,RN,Arma de Fogo Apreendida,0.0,177.0,0.0,0.0,0.0,0.0,177.0,ocorrencias
2026,2026-03-01,RN,Atendimento pré-hospitalar,0.0,188.0,0.0,0.0,0.0,0.0,188.0,ocorrencias
2026,2026-03-01,RN,Busca e salvamento,0.0,864.0,0.0,0.0,0.0,0.0,864.0,ocorrencias
2026,2026-03-01,RN,Combate a incêndios,0.0,177.0,0.0,0.0,0.0,0.0,177.0,ocorrencias
2026,2026-03-01,RN,Emissão de Alvarás de licença,0.0,378.0,0.0,0.0,0.0,0.0,378.0,ocorrencias
2026,2026-03-01,RN,Estupro,18.0,0.0,16.0,2.0,0.0,0.0,18.0,vitimas
2026,2026-03-01,RN,Estupro de vulnerável,65.0,0.0,50.0,15.0,0.0,0.0,65.0,vitimas
2026,2026-03-01,RN,Feminicídio,3.0,0.0,3.0,0.0,0.0,0.0,3.0,vitimas
2026,2026-03-01,RN,Furto de veículo,0.0,101.0,0.0,0.0,0.0,0.0,101.0,ocorrencias
2026,2026-03-01,RN,Homicídio doloso,87.0,0.0,8.0,78.0,1.0,0.0,87.0,vitimas
2026,2026-03-01,RN,Lesão corporal seguida de morte,0.0,0.0,0.0,0.0,0.0,0.0,0.0,vitimas
2026,2026-03-01,RN,Mandado de prisão cumprido,0.0,383.0,0.0,0.0,0.0,0.0,383.0,ocorrencias
2026,2026-03-01,RN,Morte de Agente do Estado,0.0,0.0,0.0,0.0,0.0,0.0,0.0,vitimas
2026,2026-03-01,RN,Morte no trânsito ou em decorrência dele (exceto homicídio doloso),51.0,0.0,11.0,40.0,0.0,0.0,51.0,vitimas
2026,2026-03-01,RN,Morte por intervenção de Agente do Estado,29.0,0.0,2.0,27.0,0.0,0.0,29.0,vitimas
2026,2026-03-01,RN,Mortes a esclarecer (sem indício de crime),49.0,0.0,15.0,33.0,1.0,0.0,49.0,vitimas
2026,2026-03-01,RN,Mortes no trânsito,12.0,0.0,1.0,11.0,0.0,0.0,12.0,vitimas
2026,2026-03-01,RN,Pessoa Desaparecida,70.0,0.0,26.0,44.0,0.0,0.0,70.0,vitimas
2026,2026-03-01,RN,Pessoa Localizada,53.0,0.0,15.0,38.0,0.0,0.0,53.0,vitimas
2026,2026-03-01,RN,Realização de vistorias,0.0,613.0,0.0,0.0,0.0,0.0,613.0,ocorrencias
2026,2026-03-01,RN,Roubo a instituição financeira,0.0,0.0,0.0,0.0,0.0,0.0,0.0,ocorrencias
2026,2026-03-01,RN,Roubo de carga,0.0,1.0,0.0,0.0,0.0,0.0,1.0,ocorrencias
2026,2026-03-01,RN,Roubo de veículo,0.0,106.0,0.0,0.0,0.0,0.0,106.0,ocorrencias
2026,2026-03-01,RN,Roubo seguido de morte (latrocínio),0.0,0.0,0.0,0.0,0.0,0.0,0.0,vitimas
2026,2026-03-01,RN,Suicídio,35.0,0.0,7.0,28.0,0.0,0.0,35.0,vitimas
2026,2026-03-01,RN,Suicídio de Agente do Estado,3.0,0.0,1.0,2.0,0.0,0.0,3.0,vitimas
2026,2026-03-01,RN,Tentativa de feminicídio,10.0,0.0,10.0,0.0,0.0,0.0,10.0,vitimas
2026,2026-03-01,RN,Tentativa de homicídio,71.0,0.0,9.0,56.0,6.0,0.0,71.0,vitimas
2026,2026-03-01,RN,Tráfico de drogas,0.0,219.0,0.0,0.0,0.0,0.0,219.0,ocorrencias
2026,2026-03-01,RO,Apreensão de Cocaína,0.0,0.0,0.0,0.0,0.0,51439.0,51439.0,kg
2026,2026-03-01,RO,Apreensão de Maconha,0.0,0.0,0.0,0.0,0.0,583343.0,583343.0,kg
2026,2026-03-01,RO,Arma de Fogo Apreendida,0.0,136.0,0.0,0.0,0.0,0.0,136.0,ocorrencias
2026,2026-03-01,RO,Atendimento pré-hospitalar,0.0,0.0,0.0,0.0,0.0,0.0,0.0,ocorrencias
2026,2026-03-01,RO,Busca e salvamento,0.0,0.0,0.0,0.0,0.0,0.0,0.0,ocorrencias
2026,2026-03-01,RO,Combate a incêndios,0.0,0.0,0.0,0.0,0.0,0.0,0.0,ocorrencias
2026,2026-03-01,RO,Emissão de Alvarás de licença,0.0,0.0,0.0,0.0,0.0,0.0,0.0,ocorrencias
2026,2026-03-01,RO,Estupro,30.0,0.0,27.0,3.0,0.0,0.0,30.0,vitimas
2026,2026-03-01,RO,Estupro de vulnerável,96.0,0.0,76.0,14.0,6.0,0.0,96.0,vitimas
2026,2026-03-01,RO,Feminicídio,0.0,0.0,0.0,0.0,0.0,0.0,0.0,vitimas
2026,2026-03-01,RO,Furto de veículo,0.0,119.0,0.0,0.0,0.0,0.0,119.0,ocorrencias
2026,2026-03-01,RO,Homicídio doloso,26.0,0.0,0.0,26.0,0.0,0.0,26.0,vitimas
2026,2026-03-01,RO,Lesão corporal seguida de morte,0.0,0.0,0.0,0.0,0.0,0.0,0.0,vitimas
2026,2026-03-01,RO,Mandado de prisão cumprido,0.0,277.0,0.0,0.0,0.0,0.0,277.0,ocorrencias
2026,2026-03-01,RO,Morte de Agente do Estado,0.0,0.0,0.0,0.0,0.0,0.0,0.0,vitimas
2026,2026-03-01,RO,Morte no trânsito ou em decorrência dele (exceto homicídio doloso),26.0,0.0,1.0,25.0,0.0,0.0,26.0,vitimas
2026,2026-03-01,RO,Morte por intervenção de Agente do Estado,2.0,0.0,0.0,2.0,0.0,0.0,2.0,vitimas
2026,2026-03-01,RO,Mortes a esclarecer (sem indício de crime),37.0,0.0,11.0,25.0,1.0,0.0,37.0,vitimas
2026,2026-03-01,RO,Mortes no trânsito,7.0,0.0,1.0,6.0,0.0,0.0,7.0,vitimas
2026,2026-03-01,RO,Pessoa Desaparecida,102.0,0.0,44.0,58.0,0.0,0.0,102.0,vitimas
2026,2026-03-01,RO,Pessoa Localizada,5.0,0.0,4.0,1.0,0.0,0.0,5.0,vitimas
2026,2026-03-01,RO,Realização de vistorias,0.0,0.0,0.0,0.0,0.0,0.0,0.0,ocorrencias
2026,2026-03-01,RO,Roubo a instituição financeira,0.0,0.0,0.0,0.0,0.0,0.0,0.0,ocorrencias
2026,2026-03-01,RO,Roubo de carga,0.0,0.0,0.0,0.0,0.0,0.0,0.0,ocorrencias
2026,2026-03-01,RO,Roubo de veículo,0.0,33.0,0.0,0.0,0.0,0.0,33.0,ocorrencias
2026,2026-03-01,RO,Roubo seguido de morte (latrocínio),1.0,0.0,1.0,0.0,0.0,0.0,1.0,vitimas
2026,2026-03-01,RO,Suicídio,10.0,0.0,5.0,5.0,0.0,0.0,10.0,vitimas
2026,2026-03-01,RO,Suicídio de Agente do Estado,0.0,0.0,0.0,0.0,0.0,0.0,0.0,vitimas
2026,2026-03-01,RO,Tentativa de feminicídio,2.0,0.0,2.0,0.0,0.0,0.0,2.0,vitimas
2026,2026-03-01,RO,Tentativa de homicídio,64.0,0.0,5.0,59.0,0.0,0.0,64.0,vitimas
2026,2026-03-01,RO,Tráfico de drogas,0.0,224.0,0.0,0.0,0.0,0.0,224.0,ocorrencias
2026,2026-03-01,RR,Apreensão de Cocaína,0.0,0.0,0.0,0.0,0.0,4705.0,4705.0,kg
2026,2026-03-01,RR,Apreensão de Maconha,0.0,0.0,0.0,0.0,0.0,7753.0,7753.0,kg
2026,2026-03-01,RR,Arma de Fogo Apreendida,0.0,33.0,0.0,0.0,0.0,0.0,33.0,ocorrencias
2026,2026-03-01,RR,Atendimento pré-hospitalar,0.0,236.0,0.0,0.0,0.0,0.0,236.0,ocorrencias
2026,2026-03-01,RR,Busca e salvamento,0.0,192.0,0.0,0.0,0.0,0.0,192.0,ocorrencias
2026,2026-03-01,RR,Combate a incêndios,0.0,501.0,0.0,0.0,0.0,0.0,501.0,ocorrencias
2026,2026-03-01,RR,Emissão de Alvarás de licença,0.0,181.0,0.0,0.0,0.0,0.0,181.0,ocorrencias
2026,2026-03-01,RR,Estupro,13.0,0.0,12.0,0.0,1.0,0.0,13.0,vitimas
2026,2026-03-01,RR,Estupro de vulnerável,52.0,0.0,43.0,5.0,4.0,0.0,52.0,vitimas
2026,2026-03-01,RR,Feminicídio,0.0,0.0,0.0,0.0,0.0,0.0,0.0,vitimas
2026,2026-03-01,RR,Furto de veículo,0.0,29.0,0.0,0.0,0.0,0.0,29.0,ocorrencias
2026,2026-03-01,RR,Homicídio doloso,5.0,0.0,2.0,3.0,0.0,0.0,5.0,vitimas
2026,2026-03-01,RR,Lesão corporal seguida de morte,0.0,0.0,0.0,0.0,0.0,0.0,0.0,vitimas
2026,2026-03-01,RR,Mandado de prisão cumprido,0.0,88.0,0.0,0.0,0.0,0.0,88.0,ocorrencias
2026,2026-03-01,RR,Morte de Agente do Estado,0.0,0.0,0.0,0.0,0.0,0.0,0.0,vitimas
2026,2026-03-01,RR,Morte no trânsito ou em decorrência dele (exceto homicídio doloso),14.0,0.0,0.0,14.0,0.0,0.0,14.0,vitimas
2026,2026-03-01,RR,Morte por intervenção de Agente do Estado,0.0,0.0,0.0,0.0,0.0,0.0,0.0,vitimas
2026,2026-03-01,RR,Mortes a esclarecer (sem indício de crime),5.0,0.0,0.0,5.0,0.0,0.0,5.0,vitimas
2026,2026-03-01,RR,Mortes no trânsito,2.0,0.0,1.0,1.0,0.0,0.0,2.0,vitimas
2026,2026-03-01,RR,Pessoa Desaparecida,34.0,0.0,11.0,23.0,0.0,0.0,34.0,vitimas
2026,2026-03-01,RR,Pessoa Localizada,24.0,0.0,10.0,13.0,1.0,0.0,24.0,vitimas
2026,2026-03-01,RR,Realização de vistorias,0.0,51.0,0.0,0.0,0.0,0.0,51.0,ocorrencias
2026,2026-03-01,RR,Roubo a instituição financeira,0.0,0.0,0.0,0.0,0.0,0.0,0.0,ocorrencias
2026,2026-03-01,RR,Roubo de carga,0.0,0.0,0.0,0.0,0.0,0.0,0.0,ocorrencias
2026,2026-03-01,RR,Roubo de veículo,0.0,14.0,0.0,0.0,0.0,0.0,14.0,ocorrencias
2026,2026-03-01,RR,Roubo seguido de morte (latrocínio),1.0,0.0,0.0,1.0,0.0,0.0,1.0,vitimas
2026,2026-03-01,RR,Suicídio,10.0,0.0,2.0,8.0,0.0,0.0,10.0,vitimas
2026,2026-03-01,RR,Suicídio de Agente do Estado,0.0,0.0,0.0,0.0,0.0,0.0,0.0,vitimas
2026,2026-03-01,RR,Tentativa de feminicídio,1.0,0.0,1.0,0.0,0.0,0.0,1.0,vitimas
2026,2026-03-01,RR,Tentativa de homicídio,19.0,0.0,4.0,14.0,1.0,0.0,19.0,vitimas
2026,2026-03-01,RR,Tráfico de drogas,0.0,50.0,0.0,0.0,0.0,0.0,50.0,ocorrencias
2026,2026-03-01,RS,Apreensão de Cocaína,0.0,0.0,0.0,0.0,0.0,268176.0,268176.0,kg
2026,2026-03-01,RS,Apreensão de Maconha,0.0,0.0,0.0,0.0,0.0,1614235.0,1614235.0,kg
2026,2026-03-01,RS,Arma de Fogo Apreendida,0.0,744.0,0.0,0.0,0.0,0.0,744.0,ocorrencias
2026,2026-03-01,RS,Atendimento pré-hospitalar,0.0,2698.0,0.0,0.0,0.0,0.0,2698.0,ocorrencias
2026,2026-03-01,RS,Busca e salvamento,0.0,1330.0,0.0,0.0,0.0,0.0,1330.0,ocorrencias
2026,2026-03-01,RS,Combate a incêndios,0.0,2120.0,0.0,0.0,0.0,0.0,2120.0,ocorrencias
2026,2026-03-01,RS,Emissão de Alvarás de licença,0.0,3513.0,0.0,0.0,0.0,0.0,3513.0,ocorrencias
2026,2026-03-01,RS,Estupro,97.0,0.0,90.0,7.0,0.0,0.0,97.0,vitimas
2026,2026-03-01,RS,Estupro de vulnerável,349.0,0.0,299.0,50.0,0.0,0.0,349.0,vitimas
2026,2026-03-01,RS,Feminicídio,4.0,0.0,4.0,0.0,0.0,0.0,4.0,vitimas
2026,2026-03-01,RS,Furto de veículo,0.0,501.0,0.0,0.0,0.0,0.0,501.0,ocorrencias
2026,2026-03-01,RS,Homicídio doloso,70.0,0.0,8.0,62.0,0.0,0.0,70.0,vitimas
2026,2026-03-01,RS,Lesão corporal seguida de morte,1.0,0.0,0.0,1.0,0.0,0.0,1.0,vitimas
2026,2026-03-01,RS,Mandado de prisão cumprido,0.0,917.0,0.0,0.0,0.0,0.0,917.0,ocorrencias
2026,2026-03-01,RS,Morte de Agente do Estado,0.0,0.0,0.0,0.0,0.0,0.0,0.0,vitimas
2026,2026-03-01,RS,Morte no trânsito ou em decorrência dele (exceto homicídio doloso),113.0,0.0,27.0,86.0,0.0,0.0,113.0,vitimas
2026,2026-03-01,RS,Morte por intervenção de Agente do Estado,8.0,0.0,0.0,8.0,0.0,0.0,8.0,vitimas
2026,2026-03-01,RS,Mortes a esclarecer (sem indício de crime),102.0,0.0,30.0,72.0,0.0,0.0,102.0,vitimas
2026,2026-03-01,RS,Mortes no trânsito,26.0,0.0,6.0,20.0,0.0,0.0,26.0,vitimas
2026,2026-03-01,RS,Pessoa Desaparecida,683.0,0.0,276.0,407.0,0.0,0.0,683.0,vitimas
2026,2026-03-01,RS,Pessoa Localizada,705.0,0.0,283.0,422.0,0.0,0.0,705.0,vitimas
2026,2026-03-01,RS,Realização de vistorias,0.0,2562.0,0.0,0.0,0.0,0.0,2562.0,ocorrencias
2026,2026-03-01,RS,Roubo a instituição financeira,0.0,0.0,0.0,0.0,0.0,0.0,0.0,ocorrencias
2026,2026-03-01,RS,Roubo de carga,0.0,4.0,0.0,0.0,0.0,0.0,4.0,ocorrencias
2026,2026-03-01,RS,Roubo de veículo,0.0,145.0,0.0,0.0,0.0,0.0,145.0,ocorrencias
2026,2026-03-01,RS,Roubo seguido de morte (latrocínio),6.0,0.0,0.0,6.0,0.0,0.0,6.0,vitimas
2026,2026-03-01,RS,Suicídio,134.0,0.0,25.0,109.0,0.0,0.0,134.0,vitimas
2026,2026-03-01,RS,Suicídio de Agente do Estado,1.0,0.0,0.0,1.0,0.0,0.0,1.0,vitimas
2026,2026-03-01,RS,Tentativa de feminicídio,23.0,0.0,23.0,0.0,0.0,0.0,23.0,vitimas
2026,2026-03-01,RS,Tentativa de homicídio,179.0,0.0,26.0,153.0,0.0,0.0,179.0,vitimas
2026,2026-03-01,RS,Tráfico de drogas,0.0,1525.0,0.0,0.0,0.0,0.0,1525.0,ocorrencias
2026,2026-03-01,SC,Apreensão de Cocaína,0.0,0.0,0.0,0.0,0.0,77865.0,77865.0,kg
2026,2026-03-01,SC,Apreensão de Maconha,0.0,0.0,0.0,0.0,0.0,225783.0,225783.0,kg
2026,2026-03-01,SC,Arma de Fogo Apreendida,0.0,187.0,0.0,0.0,0.0,0.0,187.0,ocorrencias
2026,2026-03-01,SC,Atendimento pré-hospitalar,0.0,14925.0,0.0,0.0,0.0,0.0,14925.0,ocorrencias
2026,2026-03-01,SC,Busca e salvamento,0.0,1373.0,0.0,0.0,0.0,0.0,1373.0,ocorrencias
2026,2026-03-01,SC,Combate a incêndios,0.0,962.0,0.0,0.0,0.0,0.0,962.0,ocorrencias
2026,2026-03-01,SC,Emissão de Alvarás de licença,0.0,39816.0,0.0,0.0,0.0,0.0,39816.0,ocorrencias
2026,2026-03-01,SC,Estupro,119.0,0.0,103.0,16.0,0.0,0.0,119.0,vitimas
2026,2026-03-01,SC,Estupro de vulnerável,279.0,0.0,234.0,44.0,1.0,0.0,279.0,vitimas
2026,2026-03-01,SC,Feminicídio,4.0,0.0,4.0,0.0,0.0,0.0,4.0,vitimas
2026,2026-03-01,SC,Furto de veículo,0.0,577.0,0.0,0.0,0.0,0.0,577.0,ocorrencias
2026,2026-03-01,SC,Homicídio doloso,40.0,0.0,6.0,34.0,0.0,0.0,40.0,vitimas
2026,2026-03-01,SC,Lesão corporal seguida de morte,4.0,0.0,0.0,4.0,0.0,0.0,4.0,vitimas
2026,2026-03-01,SC,Mandado de prisão cumprido,0.0,1668.0,0.0,0.0,0.0,0.0,1668.0,ocorrencias
2026,2026-03-01,SC,Morte de Agente do Estado,0.0,0.0,0.0,0.0,0.0,0.0,0.0,vitimas
2026,2026-03-01,SC,Morte no trânsito ou em decorrência dele (exceto homicídio doloso),33.0,0.0,10.0,23.0,0.0,0.0,33.0,vitimas
2026,2026-03-01,SC,Morte por intervenção de Agente do Estado,15.0,0.0,0.0,15.0,0.0,0.0,15.0,vitimas
2026,2026-03-01,SC,Mortes a esclarecer (sem indício de crime),0.0,0.0,0.0,0.0,0.0,0.0,0.0,vitimas
2026,2026-03-01,SC,Mortes no trânsito,42.0,0.0,7.0,35.0,0.0,0.0,42.0,vitimas
2026,2026-03-01,SC,Pessoa Desaparecida,353.0,0.0,141.0,211.0,1.0,0.0,353.0,vitimas
2026,2026-03-01,SC,Pessoa Localizada,390.0,0.0,146.0,244.0,0.0,0.0,390.0,vitimas
2026,2026-03-01,SC,Realização de vistorias,0.0,5321.0,0.0,0.0,0.0,0.0,5321.0,ocorrencias
2026,2026-03-01,SC,Roubo a instituição financeira,0.0,0.0,0.0,0.0,0.0,0.0,0.0,ocorrencias
2026,2026-03-01,SC,Roubo de carga,0.0,1.0,0.0,0.0,0.0,0.0,1.0,ocorrencias
2026,2026-03-01,SC,Roubo de veículo,0.0,45.0,0.0,0.0,0.0,0.0,45.0,ocorrencias
2026,2026-03-01,SC,Roubo seguido de morte (latrocínio),0.0,0.0,0.0,0.0,0.0,0.0,0.0,vitimas
2026,2026-03-01,SC,Suicídio,77.0,0.0,18.0,59.0,0.0,0.0,77.0,vitimas
2026,2026-03-01,SC,Suicídio de Agente do Estado,0.0,0.0,0.0,0.0,0.0,0.0,0.0,vitimas
2026,2026-03-01,SC,Tentativa de feminicídio,24.0,0.0,24.0,0.0,0.0,0.0,24.0,vitimas
2026,2026-03-01,SC,Tentativa de homicídio,141.0,0.0,14.0,127.0,0.0,0.0,141.0,vitimas
2026,2026-03-01,SC,Tráfico de drogas,0.0,753.0,0.0,0.0,0.0,0.0,753.0,ocorrencias
2026,2026-03-01,SE,Apreensão de Cocaína,0.0,0.0,0.0,0.0,0.0,2266.0,2266.0,kg
2026,2026-03-01,SE,Apreensão de Maconha,0.0,0.0,0.0,0.0,0.0,4984.0,4984.0,kg
2026,2026-03-01,SE,Arma de Fogo Apreendida,0.0,72.0,0.0,0.0,0.0,0.0,72.0,ocorrencias
2026,2026-03-01,SE,Atendimento pré-hospitalar,0.0,150.0,0.0,0.0,0.0,0.0,150.0,ocorrencias
2026,2026-03-01,SE,Busca e salvamento,0.0,801.0,0.0,0.0,0.0,0.0,801.0,ocorrencias
2026,2026-03-01,SE,Combate a incêndios,0.0,154.0,0.0,0.0,0.0,0.0,154.0,ocorrencias
2026,2026-03-01,SE,Emissão de Alvarás de licença,0.0,1329.0,0.0,0.0,0.0,0.0,1329.0,ocorrencias
2026,2026-03-01,SE,Estupro,20.0,0.0,20.0,0.0,0.0,0.0,20.0,vitimas
2026,2026-03-01,SE,Estupro de vulnerável,84.0,0.0,69.0,10.0,5.0,0.0,84.0,vitimas
2026,2026-03-01,SE,Feminicídio,4.0,0.0,4.0,0.0,0.0,0.0,4.0,vitimas
2026,2026-03-01,SE,Furto de veículo,0.0,50.0,0.0,0.0,0.0,0.0,50.0,ocorrencias
2026,2026-03-01,SE,Homicídio doloso,31.0,0.0,0.0,31.0,0.0,0.0,31.0,vitimas
2026,2026-03-01,SE,Lesão corporal seguida de morte,0.0,0.0,0.0,0.0,0.0,0.0,0.0,vitimas
2026,2026-03-01,SE,Mandado de prisão cumprido,0.0,166.0,0.0,0.0,0.0,0.0,166.0,ocorrencias
2026,2026-03-01,SE,Morte de Agente do Estado,0.0,0.0,0.0,0.0,0.0,0.0,0.0,vitimas
2026,2026-03-01,SE,Morte no trânsito ou em decorrência dele (exceto homicídio doloso),16.0,0.0,1.0,15.0,0.0,0.0,16.0,vitimas
2026,2026-03-01,SE,Morte por intervenção de Agente do Estado,21.0,0.0,0.0,21.0,0.0,0.0,21.0,vitimas
2026,2026-03-01,SE,Mortes a esclarecer (sem indício de crime),38.0,0.0,13.0,24.0,1.0,0.0,38.0,vitimas
2026,2026-03-01,SE,Mortes no trânsito,2.0,0.0,0.0,2.0,0.0,0.0,2.0,vitimas
2026,2026-03-01,SE,Pessoa Desaparecida,71.0,0.0,27.0,44.0,0.0,0.0,71.0,vitimas
2026,2026-03-01,SE,Pessoa Localizada,56.0,0.0,23.0,33.0,0.0,0.0,56.0,vitimas
2026,2026-03-01,SE,Realização de vistorias,0.0,310.0,0.0,0.0,0.0,0.0,310.0,ocorrencias
2026,2026-03-01,SE,Roubo a instituição financeira,0.0,0.0,0.0,0.0,0.0,0.0,0.0,ocorrencias
2026,2026-03-01,SE,Roubo de carga,0.0,0.0,0.0,0.0,0.0,0.0,0.0,ocorrencias
2026,2026-03-01,SE,Roubo de veículo,0.0,29.0,0.0,0.0,0.0,0.0,29.0,ocorrencias
2026,2026-03-01,SE,Roubo seguido de morte (latrocínio),0.0,0.0,0.0,0.0,0.0,0.0,0.0,vitimas
2026,2026-03-01,SE,Suicídio,17.0,0.0,3.0,13.0,1.0,0.0,17.0,vitimas
2026,2026-03-01,SE,Suicídio de Agente do Estado,0.0,0.0,0.0,0.0,0.0,0.0,0.0,vitimas
2026,2026-03-01,SE,Tentativa de feminicídio,8.0,0.0,8.0,0.0,0.0,0.0,8.0,vitimas
2026,2026-03-01,SE,Tentativa de homicídio,70.0,0.0,12.0,55.0,3.0,0.0,70.0,vitimas
2026,2026-03-01,SE,Tráfico de drogas,0.0,128.0,0.0,0.0,0.0,0.0,128.0,ocorrencias
2026,2026-03-01,SP,Apreensão de Cocaína,0.0,0.0,0.0,0.0,0.0,2099142.0,2099142.0,kg
2026,2026-03-01,SP,Apreensão de Maconha,0.0,0.0,0.0,0.0,0.0,10007637.0,10007637.0,kg
2026,2026-03-01,SP,Arma de Fogo Apreendida,0.0,1082.0,0.0,0.0,0.0,0.0,1082.0,ocorrencias
2026,2026-03-01,SP,Atendimento pré-hospitalar,0.0,18808.0,0.0,0.0,0.0,0.0,18808.0,ocorrencias
2026,2026-03-01,SP,Busca e salvamento,0.0,7023.0,0.0,0.0,0.0,0.0,7023.0,ocorrencias
2026,2026-03-01,SP,Combate a incêndios,0.0,2718.0,0.0,0.0,0.0,0.0,2718.0,ocorrencias
2026,2026-03-01,SP,Emissão de Alvarás de licença,0.0,23434.0,0.0,0.0,0.0,0.0,23434.0,ocorrencias
2026,2026-03-01,SP,Estupro,336.0,0.0,314.0,22.0,0.0,0.0,336.0,vitimas
2026,2026-03-01,SP,Estupro de vulnerável,1241.0,0.0,1029.0,206.0,6.0,0.0,1241.0,vitimas
2026,2026-03-01,SP,Feminicídio,30.0,0.0,29.0,1.0,0.0,0.0,30.0,vitimas
2026,2026-03-01,SP,Furto de veículo,0.0,6984.0,0.0,0.0,0.0,0.0,6984.0,ocorrencias
2026,2026-03-01,SP,Homicídio doloso,210.0,0.0,7.0,200.0,3.0,0.0,210.0,vitimas
2026,2026-03-01,SP,Lesão corporal seguida de morte,5.0,0.0,0.0,5.0,0.0,0.0,5.0,vitimas
2026,2026-03-01,SP,Mandado de prisão cumprido,0.0,7176.0,0.0,0.0,0.0,0.0,7176.0,ocorrencias
2026,2026-03-01,SP,Morte de Agente do Estado,2.0,0.0,0.0,2.0,0.0,0.0,2.0,vitimas
2026,2026-03-01,SP,Morte no trânsito ou em decorrência dele (exceto homicídio doloso),353.0,0.0,70.0,282.0,1.0,0.0,353.0,vitimas
2026,2026-03-01,SP,Morte por intervenção de Agente do Estado,47.0,0.0,0.0,45.0,2.0,0.0,47.0,vitimas
2026,2026-03-01,SP,Mortes a esclarecer (sem indício de crime),451.0,0.0,84.0,349.0,18.0,0.0,451.0,vitimas
2026,2026-03-01,SP,Mortes no trânsito,17.0,0.0,4.0,13.0,0.0,0.0,17.0,vitimas
2026,2026-03-01,SP,Pessoa Desaparecida,1848.0,0.0,673.0,1173.0,2.0,0.0,1848.0,vitimas
2026,2026-03-01,SP,Pessoa Localizada,1305.0,0.0,519.0,785.0,1.0,0.0,1305.0,vitimas
2026,2026-03-01,SP,Realização de vistorias,0.0,10102.0,0.0,0.0,0.0,0.0,10102.0,ocorrencias
2026,2026-03-01,SP,Roubo a instituição financeira,0.0,0.0,0.0,0.0,0.0,0.0,0.0,ocorrencias
2026,2026-03-01,SP,Roubo de carga,0.0,206.0,0.0,0.0,0.0,0.0,206.0,ocorrencias
2026,2026-03-01,SP,Roubo de veículo,0.0,1612.0,0.0,0.0,0.0,0.0,1612.0,ocorrencias
2026,2026-03-01,SP,Roubo seguido de morte (latrocínio),7.0,0.0,0.0,7.0,0.0,0.0,7.0,vitimas
2026,2026-03-01,SP,Suicídio,246.0,0.0,62.0,184.0,0.0,0.0,246.0,vitimas
2026,2026-03-01,SP,Suicídio de Agente do Estado,2.0,0.0,0.0,2.0,0.0,0.0,2.0,vitimas
2026,2026-03-01,SP,Tentativa de feminicídio,69.0,0.0,68.0,1.0,0.0,0.0,69.0,vitimas
2026,2026-03-01,SP,Tentativa de homicídio,314.0,0.0,29.0,283.0,2.0,0.0,314.0,vitimas
2026,2026-03-01,SP,Tráfico de drogas,0.0,4113.0,0.0,0.0,0.0,0.0,4113.0,ocorrencias
2026,2026-03-01,TO,Apreensão de Cocaína,0.0,0.0,0.0,0.0,0.0,1847.0,1847.0,kg
2026,2026-03-01,TO,Apreensão de Maconha,0.0,0.0,0.0,0.0,0.0,1266.0,1266.0,kg
2026,2026-03-01,TO,Arma de Fogo Apreendida,0.0,100.0,0.0,0.0,0.0,0.0,100.0,ocorrencias
2026,2026-03-01,TO,Atendimento pré-hospitalar,0.0,2928.0,0.0,0.0,0.0,0.0,2928.0,ocorrencias
2026,2026-03-01,TO,Busca e salvamento,0.0,957.0,0.0,0.0,0.0,0.0,957.0,ocorrencias
2026,2026-03-01,TO,Combate a incêndios,0.0,301.0,0.0,0.0,0.0,0.0,301.0,ocorrencias
2026,2026-03-01,TO,Emissão de Alvarás de licença,0.0,1693.0,0.0,0.0,0.0,0.0,1693.0,ocorrencias
2026,2026-03-01,TO,Estupro,18.0,0.0,14.0,2.0,2.0,0.0,18.0,vitimas
2026,2026-03-01,TO,Estupro de vulnerável,58.0,0.0,52.0,6.0,0.0,0.0,58.0,vitimas
2026,2026-03-01,TO,Feminicídio,1.0,0.0,1.0,0.0,0.0,0.0,1.0,vitimas
2026,2026-03-01,TO,Furto de veículo,0.0,102.0,0.0,0.0,0.0,0.0,102.0,ocorrencias
2026,2026-03-01,TO,Homicídio doloso,17.0,0.0,0.0,17.0,0.0,0.0,17.0,vitimas
2026,2026-03-01,TO,Lesão corporal seguida de morte,0.0,0.0,0.0,0.0,0.0,0.0,0.0,vitimas
2026,2026-03-01,TO,Mandado de prisão cumprido,0.0,234.0,0.0,0.0,0.0,0.0,234.0,ocorrencias
2026,2026-03-01,TO,Morte de Agente do Estado,0.0,0.0,0.0,0.0,0.0,0.0,0.0,vitimas
2026,2026-03-01,TO,Morte no trânsito ou em decorrência dele (exceto homicídio doloso),53.0,0.0,8.0,44.0,1.0,0.0,53.0,vitimas
2026,2026-03-01,TO,Morte por intervenção de Agente do Estado,5.0,0.0,0.0,5.0,0.0,0.0,5.0,vitimas
2026,2026-03-01,TO,Mortes a esclarecer (sem indício de crime),26.0,0.0,4.0,22.0,0.0,0.0,26.0,vitimas
2026,2026-03-01,TO,Mortes no trânsito,14.0,0.0,1.0,12.0,1.0,0.0,14.0,vitimas
2026,2026-03-01,TO,Pessoa Desaparecida,44.0,0.0,17.0,27.0,0.0,0.0,44.0,vitimas
2026,2026-03-01,TO,Pessoa Localizada,27.0,0.0,13.0,14.0,0.0,0.0,27.0,vitimas
2026,2026-03-01,TO,Realização de vistorias,0.0,488.0,0.0,0.0,0.0,0.0,488.0,ocorrencias
2026,2026-03-01,TO,Roubo a instituição financeira,0.0,0.0,0.0,0.0,0.0,0.0,0.0,ocorrencias
2026,2026-03-01,TO,Roubo de carga,0.0,0.0,0.0,0.0,0.0,0.0,0.0,ocorrencias
2026,2026-03-01,TO,Roubo de veículo,0.0,16.0,0.0,0.0,0.0,0.0,16.0,ocorrencias
2026,2026-03-01,TO,Roubo seguido de morte (latrocínio),1.0,0.0,0.0,1.0,0.0,0.0,1.0,vitimas
2026,2026-03-01,TO,Suicídio,11.0,0.0,3.0,8.0,0.0,0.0,11.0,vitimas
2026,2026-03-01,TO,Suicídio de Agente do Estado,0.0,0.0,0.0,0.0,0.0,0.0,0.0,vitimas
2026,2026-03-01,TO,Tentativa de feminicídio,7.0,0.0,4.0,3.0,0.0,0.0,7.0,vitimas
2026,2026-03-01,TO,Tentativa de homicídio,40.0,0.0,9.0,29.0,2.0,0.0,40.0,vitimas
2026,2026-03-01,TO,Tráfico de drogas,0.0,83.0,0.0,0.0,0.0,0.0,83.0,ocorrencias
2026,2026-04-01,AC,Apreensão de Cocaína,0.0,0.0,0.0,0.0,0.0,51696.0,51696.0,kg
2026,2026-04-01,AC,Apreensão de Maconha,0.0,0.0,0.0,0.0,0.0,33958.0,33958.0,kg
2026,2026-04-01,AC,Arma de Fogo Apreendida,0.0,38.0,0.0,0.0,0.0,0.0,38.0,ocorrencias
2026,2026-04-01,AC,Atendimento pré-hospitalar,0.0,61.0,0.0,0.0,0.0,0.0,61.0,ocorrencias
2026,2026-04-01,AC,Busca e salvamento,0.0,38.0,0.0,0.0,0.0,0.0,38.0,ocorrencias
2026,2026-04-01,AC,Combate a incêndios,0.0,116.0,0.0,0.0,0.0,0.0,116.0,ocorrencias
2026,2026-04-01,AC,Emissão de Alvarás de licença,0.0,623.0,0.0,0.0,0.0,0.0,623.0,ocorrencias
2026,2026-04-01,AC,Estupro,9.0,0.0,9.0,0.0,0.0,0.0,9.0,vitimas
2026,2026-04-01,AC,Estupro de vulnerável,61.0,0.0,53.0,8.0,0.0,0.0,61.0,vitimas
2026,2026-04-01,AC,Feminicídio,0.0,0.0,0.0,0.0,0.0,0.0,0.0,vitimas
2026,2026-04-01,AC,Furto de veículo,0.0,55.0,0.0,0.0,0.0,0.0,55.0,ocorrencias
2026,2026-04-01,AC,Homicídio doloso,13.0,0.0,0.0,13.0,0.0,0.0,13.0,vitimas
2026,2026-04-01,AC,Lesão corporal seguida de morte,1.0,0.0,0.0,1.0,0.0,0.0,1.0,vitimas
2026,2026-04-01,AC,Mandado de prisão cumprido,0.0,177.0,0.0,0.0,0.0,0.0,177.0,ocorrencias
2026,2026-04-01,AC,Morte de Agente do Estado,0.0,0.0,0.0,0.0,0.0,0.0,0.0,vitimas
2026,2026-04-01,AC,Morte no trânsito ou em decorrência dele (exceto homicídio doloso),2.0,0.0,0.0,2.0,0.0,0.0,2.0,vitimas
2026,2026-04-01,AC,Morte por intervenção de Agente do Estado,2.0,0.0,0.0,2.0,0.0,0.0,2.0,vitimas
2026,2026-04-01,AC,Mortes a esclarecer (sem indício de crime),7.0,0.0,1.0,6.0,0.0,0.0,7.0,vitimas
2026,2026-04-01,AC,Mortes no trânsito,0.0,0.0,0.0,0.0,0.0,0.0,0.0,vitimas
2026,2026-04-01,AC,Pessoa Desaparecida,46.0,0.0,14.0,29.0,3.0,0.0,46.0,vitimas
2026,2026-04-01,AC,Pessoa Localizada,28.0,0.0,10.0,16.0,2.0,0.0,28.0,vitimas
2026,2026-04-01,AC,Realização de vistorias,0.0,801.0,0.0,0.0,0.0,0.0,801.0,ocorrencias
2026,2026-04-01,AC,Roubo a instituição financeira,0.0,0.0,0.0,0.0,0.0,0.0,0.0,ocorrencias
2026,2026-04-01,AC,Roubo de carga,0.0,0.0,0.0,0.0,0.0,0.0,0.0,ocorrencias
2026,2026-04-01,AC,Roubo de veículo,0.0,27.0,0.0,0.0,0.0,0.0,27.0,ocorrencias
2026,2026-04-01,AC,Roubo seguido de morte (latrocínio),0.0,0.0,0.0,0.0,0.0,0.0,0.0,vitimas
2026,2026-04-01,AC,Suicídio,9.0,0.0,2.0,7.0,0.0,0.0,9.0,vitimas
2026,2026-04-01,AC,Suicídio de Agente do Estado,0.0,0.0,0.0,0.0,0.0,0.0,0.0,vitimas
2026,2026-04-01,AC,Tentativa de feminicídio,2.0,0.0,2.0,0.0,0.0,0.0,2.0,vitimas
2026,2026-04-01,AC,Tentativa de homicídio,27.0,0.0,3.0,24.0,0.0,0.0,27.0,vitimas
2026,2026-04-01,AC,Tráfico de drogas,0.0,79.0,0.0,0.0,0.0,0.0,79.0,ocorrencias
2026,2026-04-01,AL,Apreensão de Cocaína,0.0,0.0,0.0,0.0,0.0,1.0,1.0,kg
2026,2026-04-01,AL,Apreensão de Maconha,0.0,0.0,0.0,0.0,0.0,0.0,0.0,kg
2026,2026-04-01,AL,Arma de Fogo Apreendida,0.0,0.0,0.0,0.0,0.0,0.0,0.0,ocorrencias
2026,2026-04-01,AL,Atendimento pré-hospitalar,0.0,745.0,0.0,0.0,0.0,0.0,745.0,ocorrencias
2026,2026-04-01,AL,Busca e salvamento,0.0,538.0,0.0,0.0,0.0,0.0,538.0,ocorrencias
2026,2026-04-01,AL,Combate a incêndios,0.0,92.0,0.0,0.0,0.0,0.0,92.0,ocorrencias
2026,2026-04-01,AL,Emissão de Alvarás de licença,0.0,750.0,0.0,0.0,0.0,0.0,750.0,ocorrencias
2026,2026-04-01,AL,Mandado de prisão cumprido,0.0,0.0,0.0,0.0,0.0,0.0,0.0,ocorrencias
2026,2026-04-01,AL,Morte de Agente do Estado,0.0,0.0,0.0,0.0,0.0,0.0,0.0,vitimas
2026,2026-04-01,AL,Morte por intervenção de Agente do Estado,0.0,0.0,0.0,0.0,0.0,0.0,0.0,vitimas
2026,2026-04-01,AL,Mortes no trânsito,0.0,0.0,0.0,0.0,0.0,0.0,0.0,vitimas
2026,2026-04-01,AL,Realização de vistorias,0.0,1040.0,0.0,0.0,0.0,0.0,1040.0,ocorrencias
2026,2026-04-01,AL,Suicídio de Agente do Estado,0.0,0.0,0.0,0.0,0.0,0.0,0.0,vitimas
2026,2026-04-01,AM,Apreensão de Cocaína,0.0,0.0,0.0,0.0,0.0,406025.0,406025.0,kg
2026,2026-04-01,AM,Apreensão de Maconha,0.0,0.0,0.0,0.0,0.0,418223.0,418223.0,kg
2026,2026-04-01,AM,Arma de Fogo Apreendida,0.0,114.0,0.0,0.0,0.0,0.0,114.0,ocorrencias
2026,2026-04-01,AM,Atendimento pré-hospitalar,0.0,115.0,0.0,0.0,0.0,0.0,115.0,ocorrencias
2026,2026-04-01,AM,Busca e salvamento,0.0,10.0,0.0,0.0,0.0,0.0,10.0,ocorrencias
2026,2026-04-01,AM,Combate a incêndios,0.0,147.0,0.0,0.0,0.0,0.0,147.0,ocorrencias
2026,2026-04-01,AM,Emissão de Alvarás de licença,0.0,476.0,0.0,0.0,0.0,0.0,476.0,ocorrencias
2026,2026-04-01,AM,Estupro,35.0,0.0,32.0,2.0,1.0,0.0,35.0,vitimas
2026,2026-04-01,AM,Estupro de vulnerável,132.0,0.0,115.0,14.0,3.0,0.0,132.0,vitimas
2026,2026-04-01,AM,Feminicídio,2.0,0.0,2.0,0.0,0.0,0.0,2.0,vitimas
2026,2026-04-01,AM,Furto de veículo,0.0,111.0,0.0,0.0,0.0,0.0,111.0,ocorrencias
2026,2026-04-01,AM,Homicídio doloso,54.0,0.0,5.0,49.0,0.0,0.0,54.0,vitimas
2026,2026-04-01,AM,Lesão corporal seguida de morte,1.0,0.0,0.0,1.0,0.0,0.0,1.0,vitimas
2026,2026-04-01,AM,Mandado de prisão cumprido,0.0,440.0,0.0,0.0,0.0,0.0,440.0,ocorrencias
2026,2026-04-01,AM,Morte de Agente do Estado,0.0,0.0,0.0,0.0,0.0,0.0,0.0,vitimas
2026,2026-04-01,AM,Morte no trânsito ou em decorrência dele (exceto homicídio doloso),24.0,0.0,10.0,14.0,0.0,0.0,24.0,vitimas
2026,2026-04-01,AM,Morte por intervenção de Agente do Estado,5.0,0.0,0.0,5.0,0.0,0.0,5.0,vitimas
2026,2026-04-01,AM,Mortes a esclarecer (sem indício de crime),0.0,0.0,0.0,0.0,0.0,0.0,0.0,vitimas
2026,2026-04-01,AM,Mortes no trânsito,0.0,0.0,0.0,0.0,0.0,0.0,0.0,vitimas
2026,2026-04-01,AM,Pessoa Desaparecida,82.0,0.0,38.0,44.0,0.0,0.0,82.0,vitimas
2026,2026-04-01,AM,Pessoa Localizada,65.0,0.0,33.0,32.0,0.0,0.0,65.0,vitimas
2026,2026-04-01,AM,Realização de vistorias,0.0,473.0,0.0,0.0,0.0,0.0,473.0,ocorrencias
2026,2026-04-01,AM,Roubo a instituição financeira,0.0,0.0,0.0,0.0,0.0,0.0,0.0,ocorrencias
2026,2026-04-01,AM,Roubo de carga,0.0,0.0,0.0,0.0,0.0,0.0,0.0,ocorrencias
2026,2026-04-01,AM,Roubo de veículo,0.0,25.0,0.0,0.0,0.0,0.0,25.0,ocorrencias
2026,2026-04-01,AM,Roubo seguido de morte (latrocínio),1.0,0.0,0.0,1.0,0.0,0.0,1.0,vitimas
2026,2026-04-01,AM,Suicídio,17.0,0.0,1.0,16.0,0.0,0.0,17.0,vitimas
2026,2026-04-01,AM,Suicídio de Agente do Estado,0.0,0.0,0.0,0.0,0.0,0.0,0.0,vitimas
2026,2026-04-01,AM,Tentativa de feminicídio,10.0,0.0,10.0,0.0,0.0,0.0,10.0,vitimas
2026,2026-04-01,AM,Tentativa de homicídio,70.0,0.0,18.0,50.0,2.0,0.0,70.0,vitimas
2026,2026-04-01,AM,Tráfico de drogas,0.0,315.0,0.0,0.0,0.0,0.0,315.0,ocorrencias
2026,2026-04-01,AP,Apreensão de Cocaína,0.0,0.0,0.0,0.0,0.0,0.0,0.0,kg
2026,2026-04-01,AP,Apreensão de Maconha,0.0,0.0,0.0,0.0,0.0,0.0,0.0,kg
2026,2026-04-01,AP,Arma de Fogo Apreendida,0.0,19.0,0.0,0.0,0.0,0.0,19.0,ocorrencias
2026,2026-04-01,AP,Atendimento pré-hospitalar,0.0,0.0,0.0,0.0,0.0,0.0,0.0,ocorrencias
2026,2026-04-01,AP,Busca e salvamento,0.0,0.0,0.0,0.0,0.0,0.0,0.0,ocorrencias
2026,2026-04-01,AP,Combate a incêndios,0.0,0.0,0.0,0.0,0.0,0.0,0.0,ocorrencias
2026,2026-04-01,AP,Emissão de Alvarás de licença,0.0,0.0,0.0,0.0,0.0,0.0,0.0,ocorrencias
2026,2026-04-01,AP,Estupro,16.0,0.0,16.0,0.0,0.0,0.0,16.0,vitimas
2026,2026-04-01,AP,Estupro de vulnerável,50.0,0.0,47.0,3.0,0.0,0.0,50.0,vitimas
2026,2026-04-01,AP,Feminicídio,0.0,0.0,0.0,0.0,0.0,0.0,0.0,vitimas
2026,2026-04-01,AP,Furto de veículo,0.0,23.0,0.0,0.0,0.0,0.0,23.0,ocorrencias
2026,2026-04-01,AP,Homicídio doloso,22.0,0.0,0.0,22.0,0.0,0.0,22.0,vitimas
2026,2026-04-01,AP,Lesão corporal seguida de morte,0.0,0.0,0.0,0.0,0.0,0.0,0.0,vitimas
2026,2026-04-01,AP,Mandado de prisão cumprido,0.0,114.0,0.0,0.0,0.0,0.0,114.0,ocorrencias
2026,2026-04-01,AP,Morte de Agente do Estado,0.0,0.0,0.0,0.0,0.0,0.0,0.0,vitimas
2026,2026-04-01,AP,Morte no trânsito ou em decorrência dele (exceto homicídio doloso),9.0,0.0,2.0,7.0,0.0,0.0,9.0,vitimas
2026,2026-04-01,AP,Morte por intervenção de Agente do Estado,4.0,0.0,0.0,4.0,0.0,0.0,4.0,vitimas
2026,2026-04-01,AP,Mortes a esclarecer (sem indício de crime),0.0,0.0,0.0,0.0,0.0,0.0,0.0,vitimas
2026,2026-04-01,AP,Mortes no trânsito,0.0,0.0,0.0,0.0,0.0,0.0,0.0,vitimas
2026,2026-04-01,AP,Pessoa Desaparecida,49.0,0.0,22.0,27.0,0.0,0.0,49.0,vitimas
2026,2026-04-01,AP,Pessoa Localizada,26.0,0.0,12.0,14.0,0.0,0.0,26.0,vitimas
2026,2026-04-01,AP,Realização de vistorias,0.0,0.0,0.0,0.0,0.0,0.0,0.0,ocorrencias
2026,2026-04-01,AP,Roubo a instituição financeira,0.0,0.0,0.0,0.0,0.0,0.0,0.0,ocorrencias
2026,2026-04-01,AP,Roubo de carga,0.0,0.0,0.0,0.0,0.0,0.0,0.0,ocorrencias
2026,2026-04-01,AP,Roubo de veículo,0.0,7.0,0.0,0.0,0.0,0.0,7.0,ocorrencias
2026,2026-04-01,AP,Roubo seguido de morte (latrocínio),0.0,0.0,0.0,0.0,0.0,0.0,0.0,vitimas
2026,2026-04-01,AP,Suicídio,10.0,0.0,4.0,6.0,0.0,0.0,10.0,vitimas
2026,2026-04-01,AP,Suicídio de Agente do Estado,1.0,0.0,0.0,1.0,0.0,0.0,1.0,vitimas
2026,2026-04-01,AP,Tentativa de feminicídio,5.0,0.0,5.0,0.0,0.0,0.0,5.0,vitimas
2026,2026-04-01,AP,Tentativa de homicídio,15.0,0.0,0.0,15.0,0.0,0.0,15.0,vitimas
2026,2026-04-01,AP,Tráfico de drogas,0.0,82.0,0.0,0.0,0.0,0.0,82.0,ocorrencias
2026,2026-04-01,BA,Apreensão de Cocaína,0.0,0.0,0.0,0.0,0.0,31647.0,31647.0,kg
2026,2026-04-01,BA,Apreensão de Maconha,0.0,0.0,0.0,0.0,0.0,143817.0,143817.0,kg
2026,2026-04-01,BA,Arma de Fogo Apreendida,0.0,614.0,0.0,0.0,0.0,0.0,614.0,ocorrencias
2026,2026-04-01,BA,Atendimento pré-hospitalar,0.0,380.0,0.0,0.0,0.0,0.0,380.0,ocorrencias
2026,2026-04-01,BA,Busca e salvamento,0.0,897.0,0.0,0.0,0.0,0.0,897.0,ocorrencias
2026,2026-04-01,BA,Combate a incêndios,0.0,547.0,0.0,0.0,0.0,0.0,547.0,ocorrencias
2026,2026-04-01,BA,Emissão de Alvarás de licença,0.0,2815.0,0.0,0.0,0.0,0.0,2815.0,ocorrencias
2026,2026-04-01,BA,Estupro,99.0,0.0,91.0,7.0,1.0,0.0,99.0,vitimas
2026,2026-04-01,BA,Estupro de vulnerável,255.0,0.0,221.0,30.0,4.0,0.0,255.0,vitimas
2026,2026-04-01,BA,Feminicídio,8.0,0.0,8.0,0.0,0.0,0.0,8.0,vitimas
2026,2026-04-01,BA,Furto de veículo,0.0,512.0,0.0,0.0,0.0,0.0,512.0,ocorrencias
2026,2026-04-01,BA,Homicídio doloso,242.0,0.0,20.0,222.0,0.0,0.0,242.0,vitimas
2026,2026-04-01,BA,Lesão corporal seguida de morte,7.0,0.0,0.0,7.0,0.0,0.0,7.0,vitimas
2026,2026-04-01,BA,Mandado de prisão cumprido,0.0,1027.0,0.0,0.0,0.0,0.0,1027.0,ocorrencias
2026,2026-04-01,BA,Morte de Agente do Estado,2.0,0.0,0.0,2.0,0.0,0.0,2.0,vitimas
2026,2026-04-01,BA,Morte no trânsito ou em decorrência dele (exceto homicídio doloso),62.0,0.0,16.0,45.0,1.0,0.0,62.0,vitimas
2026,2026-04-01,BA,Morte por intervenção de Agente do Estado,117.0,0.0,0.0,117.0,0.0,0.0,117.0,vitimas
2026,2026-04-01,BA,Mortes a esclarecer (sem indício de crime),95.0,0.0,26.0,59.0,10.0,0.0,95.0,vitimas
2026,2026-04-01,BA,Mortes no trânsito,0.0,0.0,0.0,0.0,0.0,0.0,0.0,vitimas
2026,2026-04-01,BA,Pessoa Desaparecida,340.0,0.0,111.0,225.0,4.0,0.0,340.0,vitimas
2026,2026-04-01,BA,Pessoa Localizada,79.0,0.0,29.0,48.0,2.0,0.0,79.0,vitimas
2026,2026-04-01,BA,Realização de vistorias,0.0,1100.0,0.0,0.0,0.0,0.0,1100.0,ocorrencias
2026,2026-04-01,BA,Roubo a instituição financeira,0.0,0.0,0.0,0.0,0.0,0.0,0.0,ocorrencias
2026,2026-04-01,BA,Roubo de carga,0.0,16.0,0.0,0.0,0.0,0.0,16.0,ocorrencias
2026,2026-04-01,BA,Roubo de veículo,0.0,585.0,0.0,0.0,0.0,0.0,585.0,ocorrencias
2026,2026-04-01,BA,Roubo seguido de morte (latrocínio),4.0,0.0,0.0,4.0,0.0,0.0,4.0,vitimas
2026,2026-04-01,BA,Suicídio,73.0,0.0,15.0,56.0,2.0,0.0,73.0,vitimas
2026,2026-04-01,BA,Suicídio de Agente do Estado,1.0,0.0,0.0,1.0,0.0,0.0,1.0,vitimas
2026,2026-04-01,BA,Tentativa de feminicídio,30.0,0.0,30.0,0.0,0.0,0.0,30.0,vitimas
2026,2026-04-01,BA,Tentativa de homicídio,263.0,0.0,36.0,201.0,26.0,0.0,263.0,vitimas
2026,2026-04-01,BA,Tráfico de drogas,0.0,747.0,0.0,0.0,0.0,0.0,747.0,ocorrencias
2026,2026-04-01,CE,Apreensão de Cocaína,0.0,0.0,0.0,0.0,0.0,8892.0,8892.0,kg
2026,2026-04-01,CE,Apreensão de Maconha,0.0,0.0,0.0,0.0,0.0,22664.0,22664.0,kg
2026,2026-04-01,CE,Arma de Fogo Apreendida,0.0,406.0,0.0,0.0,0.0,0.0,406.0,ocorrencias
2026,2026-04-01,CE,Atendimento pré-hospitalar,0.0,47.0,0.0,0.0,0.0,0.0,47.0,ocorrencias
2026,2026-04-01,CE,Busca e salvamento,0.0,2496.0,0.0,0.0,0.0,0.0,2496.0,ocorrencias
2026,2026-04-01,CE,Combate a incêndios,0.0,307.0,0.0,0.0,0.0,0.0,307.0,ocorrencias
2026,2026-04-01,CE,Emissão de Alvarás de licença,0.0,4738.0,0.0,0.0,0.0,0.0,4738.0,ocorrencias
2026,2026-04-01,CE,Estupro,24.0,0.0,24.0,0.0,0.0,0.0,24.0,vitimas
2026,2026-04-01,CE,Estupro de vulnerável,131.0,0.0,113.0,16.0,2.0,0.0,131.0,vitimas
2026,2026-04-01,CE,Feminicídio,4.0,0.0,4.0,0.0,0.0,0.0,4.0,vitimas
2026,2026-04-01,CE,Furto de veículo,0.0,308.0,0.0,0.0,0.0,0.0,308.0,ocorrencias
2026,2026-04-01,CE,Homicídio doloso,108.0,0.0,7.0,101.0,0.0,0.0,108.0,vitimas
2026,2026-04-01,CE,Lesão corporal seguida de morte,1.0,0.0,0.0,1.0,0.0,0.0,1.0,vitimas
2026,2026-04-01,CE,Mandado de prisão cumprido,0.0,727.0,0.0,0.0,0.0,0.0,727.0,ocorrencias
2026,2026-04-01,CE,Morte de Agente do Estado,0.0,0.0,0.0,0.0,0.0,0.0,0.0,vitimas
2026,2026-04-01,CE,Morte no trânsito ou em decorrência dele (exceto homicídio doloso),118.0,0.0,22.0,96.0,0.0,0.0,118.0,vitimas
2026,2026-04-01,CE,Morte por intervenção de Agente do Estado,9.0,0.0,0.0,9.0,0.0,0.0,9.0,vitimas
2026,2026-04-01,CE,Mortes a esclarecer (sem indício de crime),26.0,0.0,4.0,22.0,0.0,0.0,26.0,vitimas
2026,2026-04-01,CE,Mortes no trânsito,0.0,0.0,0.0,0.0,0.0,0.0,0.0,vitimas
2026,2026-04-01,CE,Pessoa Desaparecida,208.0,0.0,51.0,156.0,1.0,0.0,208.0,vitimas
2026,2026-04-01,CE,Pessoa Localizada,134.0,0.0,33.0,100.0,1.0,0.0,134.0,vitimas
2026,2026-04-01,CE,Realização de vistorias,0.0,6266.0,0.0,0.0,0.0,0.0,6266.0,ocorrencias
2026,2026-04-01,CE,Roubo a instituição financeira,0.0,0.0,0.0,0.0,0.0,0.0,0.0,ocorrencias
2026,2026-04-01,CE,Roubo de carga,0.0,3.0,0.0,0.0,0.0,0.0,3.0,ocorrencias
2026,2026-04-01,CE,Roubo de veículo,0.0,174.0,0.0,0.0,0.0,0.0,174.0,ocorrencias
2026,2026-04-01,CE,Roubo seguido de morte (latrocínio),0.0,0.0,0.0,0.0,0.0,0.0,0.0,vitimas
2026,2026-04-01,CE,Suicídio,64.0,0.0,16.0,48.0,0.0,0.0,64.0,vitimas
2026,2026-04-01,CE,Suicídio de Agente do Estado,0.0,0.0,0.0,0.0,0.0,0.0,0.0,vitimas
2026,2026-04-01,CE,Tentativa de feminicídio,11.0,0.0,11.0,0.0,0.0,0.0,11.0,vitimas
2026,2026-04-01,CE,Tentativa de homicídio,55.0,0.0,11.0,43.0,1.0,0.0,55.0,vitimas
2026,2026-04-01,CE,Tráfico de drogas,0.0,578.0,0.0,0.0,0.0,0.0,578.0,ocorrencias
2026,2026-04-01,DF,Apreensão de Cocaína,0.0,0.0,0.0,0.0,0.0,36027.0,36027.0,kg
2026,2026-04-01,DF,Apreensão de Maconha,0.0,0.0,0.0,0.0,0.0,27862.0,27862.0,kg
2026,2026-04-01,DF,Arma de Fogo Apreendida,0.0,132.0,0.0,0.0,0.0,0.0,132.0,ocorrencias
2026,2026-04-01,DF,Atendimento pré-hospitalar,0.0,0.0,0.0,0.0,0.0,0.0,0.0,ocorrencias
2026,2026-04-01,DF,Busca e salvamento,0.0,0.0,0.0,0.0,0.0,0.0,0.0,ocorrencias
2026,2026-04-01,DF,Combate a incêndios,0.0,0.0,0.0,0.0,0.0,0.0,0.0,ocorrencias
2026,2026-04-01,DF,Emissão de Alvarás de licença,0.0,0.0,0.0,0.0,0.0,0.0,0.0,ocorrencias
2026,2026-04-01,DF,Estupro,28.0,0.0,27.0,1.0,0.0,0.0,28.0,vitimas
2026,2026-04-01,DF,Estupro de vulnerável,38.0,0.0,36.0,2.0,0.0,0.0,38.0,vitimas
2026,2026-04-01,DF,Feminicídio,1.0,0.0,1.0,0.0,0.0,0.0,1.0,vitimas
2026,2026-04-01,DF,Furto de veículo,0.0,220.0,0.0,0.0,0.0,0.0,220.0,ocorrencias
2026,2026-04-01,DF,Homicídio doloso,9.0,0.0,0.0,9.0,0.0,0.0,9.0,vitimas
2026,2026-04-01,DF,Lesão corporal seguida de morte,0.0,0.0,0.0,0.0,0.0,0.0,0.0,vitimas
2026,2026-04-01,DF,Mandado de prisão cumprido,0.0,0.0,0.0,0.0,0.0,0.0,0.0,ocorrencias
2026,2026-04-01,DF,Morte de Agente do Estado,0.0,0.0,0.0,0.0,0.0,0.0,0.0,vitimas
2026,2026-04-01,DF,Morte no trânsito ou em decorrência dele (exceto homicídio doloso),22.0,0.0,5.0,17.0,0.0,0.0,22.0,vitimas
2026,2026-04-01,DF,Morte por intervenção de Agente do Estado,1.0,0.0,0.0,1.0,0.0,0.0,1.0,vitimas
2026,2026-04-01,DF,Mortes a esclarecer (sem indício de crime),0.0,0.0,0.0,0.0,0.0,0.0,0.0,vitimas
2026,2026-04-01,DF,Mortes no trânsito,0.0,0.0,0.0,0.0,0.0,0.0,0.0,vitimas
2026,2026-04-01,DF,Pessoa Desaparecida,188.0,0.0,76.0,111.0,1.0,0.0,188.0,vitimas
2026,2026-04-01,DF,Pessoa Localizada,141.0,0.0,63.0,77.0,1.0,0.0,141.0,vitimas
2026,2026-04-01,DF,Realização de vistorias,0.0,0.0,0.0,0.0,0.0,0.0,0.0,ocorrencias
2026,2026-04-01,DF,Roubo a instituição financeira,0.0,0.0,0.0,0.0,0.0,0.0,0.0,ocorrencias
2026,2026-04-01,DF,Roubo de carga,0.0,0.0,0.0,0.0,0.0,0.0,0.0,ocorrencias
2026,2026-04-01,DF,Roubo de veículo,0.0,51.0,0.0,0.0,0.0,0.0,51.0,ocorrencias
2026,2026-04-01,DF,Roubo seguido de morte (latrocínio),1.0,0.0,0.0,1.0,0.0,0.0,1.0,vitimas
2026,2026-04-01,DF,Suicídio,27.0,0.0,7.0,20.0,0.0,0.0,27.0,vitimas
2026,2026-04-01,DF,Suicídio de Agente do Estado,1.0,0.0,0.0,1.0,0.0,0.0,1.0,vitimas
2026,2026-04-01,DF,Tentativa de feminicídio,9.0,0.0,9.0,0.0,0.0,0.0,9.0,vitimas
2026,2026-04-01,DF,Tentativa de homicídio,69.0,0.0,10.0,59.0,0.0,0.0,69.0,vitimas
2026,2026-04-01,DF,Tráfico de drogas,0.0,313.0,0.0,0.0,0.0,0.0,313.0,ocorrencias
2026,2026-04-01,ES,Apreensão de Cocaína,0.0,0.0,0.0,0.0,0.0,5310.0,5310.0,kg
2026,2026-04-01,ES,Apreensão de Maconha,0.0,0.0,0.0,0.0,0.0,3159.0,3159.0,kg
2026,2026-04-01,ES,Arma de Fogo Apreendida,0.0,288.0,0.0,0.0,0.0,0.0,288.0,ocorrencias
2026,2026-04-01,ES,Atendimento pré-hospitalar,0.0,729.0,0.0,0.0,0.0,0.0,729.0,ocorrencias
2026,2026-04-01,ES,Busca e salvamento,0.0,311.0,0.0,0.0,0.0,0.0,311.0,ocorrencias
2026,2026-04-01,ES,Combate a incêndios,0.0,400.0,0.0,0.0,0.0,0.0,400.0,ocorrencias
2026,2026-04-01,ES,Emissão de Alvarás de licença,0.0,3491.0,0.0,0.0,0.0,0.0,3491.0,ocorrencias
2026,2026-04-01,ES,Estupro,35.0,0.0,27.0,5.0,3.0,0.0,35.0,vitimas
2026,2026-04-01,ES,Estupro de vulnerável,70.0,0.0,53.0,15.0,2.0,0.0,70.0,vitimas
2026,2026-04-01,ES,Feminicídio,1.0,0.0,1.0,0.0,0.0,0.0,1.0,vitimas
2026,2026-04-01,ES,Furto de veículo,0.0,294.0,0.0,0.0,0.0,0.0,294.0,ocorrencias
2026,2026-04-01,ES,Homicídio doloso,43.0,0.0,7.0,34.0,2.0,0.0,43.0,vitimas
2026,2026-04-01,ES,Lesão corporal seguida de morte,0.0,0.0,0.0,0.0,0.0,0.0,0.0,vitimas
2026,2026-04-01,ES,Mandado de prisão cumprido,0.0,581.0,0.0,0.0,0.0,0.0,581.0,ocorrencias
2026,2026-04-01,ES,Morte de Agente do Estado,0.0,0.0,0.0,0.0,0.0,0.0,0.0,vitimas
2026,2026-04-01,ES,Morte no trânsito ou em decorrência dele (exceto homicídio doloso),95.0,0.0,19.0,74.0,2.0,0.0,95.0,vitimas
2026,2026-04-01,ES,Morte por intervenção de Agente do Estado,10.0,0.0,0.0,10.0,0.0,0.0,10.0,vitimas
2026,2026-04-01,ES,Mortes a esclarecer (sem indício de crime),4.0,0.0,1.0,3.0,0.0,0.0,4.0,vitimas
2026,2026-04-01,ES,Mortes no trânsito,0.0,0.0,0.0,0.0,0.0,0.0,0.0,vitimas
2026,2026-04-01,ES,Pessoa Desaparecida,244.0,0.0,91.0,143.0,10.0,0.0,244.0,vitimas
2026,2026-04-01,ES,Pessoa Localizada,41.0,0.0,17.0,23.0,1.0,0.0,41.0,vitimas
2026,2026-04-01,ES,Realização de vistorias,0.0,3838.0,0.0,0.0,0.0,0.0,3838.0,ocorrencias
2026,2026-04-01,ES,Roubo a instituição financeira,0.0,2.0,0.0,0.0,0.0,0.0,2.0,ocorrencias
2026,2026-04-01,ES,Roubo de carga,0.0,1.0,0.0,0.0,0.0,0.0,1.0,ocorrencias
2026,2026-04-01,ES,Roubo de veículo,0.0,100.0,0.0,0.0,0.0,0.0,100.0,ocorrencias
2026,2026-04-01,ES,Roubo seguido de morte (latrocínio),0.0,0.0,0.0,0.0,0.0,0.0,0.0,vitimas
2026,2026-04-01,ES,Suicídio,27.0,0.0,6.0,20.0,1.0,0.0,27.0,vitimas
2026,2026-04-01,ES,Suicídio de Agente do Estado,0.0,0.0,0.0,0.0,0.0,0.0,0.0,vitimas
2026,2026-04-01,ES,Tentativa de feminicídio,2.0,0.0,2.0,0.0,0.0,0.0,2.0,vitimas
2026,2026-04-01,ES,Tentativa de homicídio,94.0,0.0,21.0,72.0,1.0,0.0,94.0,vitimas
2026,2026-04-01,ES,Tráfico de drogas,0.0,427.0,0.0,0.0,0.0,0.0,427.0,ocorrencias
2026,2026-04-01,GO,Apreensão de Cocaína,0.0,0.0,0.0,0.0,0.0,126959.0,126959.0,kg
2026,2026-04-01,GO,Apreensão de Maconha,0.0,0.0,0.0,0.0,0.0,11258.0,11258.0,kg
2026,2026-04-01,GO,Arma de Fogo Apreendida,0.0,250.0,0.0,0.0,0.0,0.0,250.0,ocorrencias
2026,2026-04-01,GO,Atendimento pré-hospitalar,0.0,0.0,0.0,0.0,0.0,0.0,0.0,ocorrencias
2026,2026-04-01,GO,Busca e salvamento,0.0,0.0,0.0,0.0,0.0,0.0,0.0,ocorrencias
2026,2026-04-01,GO,Combate a incêndios,0.0,0.0,0.0,0.0,0.0,0.0,0.0,ocorrencias
2026,2026-04-01,GO,Emissão de Alvarás de licença,0.0,0.0,0.0,0.0,0.0,0.0,0.0,ocorrencias
2026,2026-04-01,GO,Estupro,65.0,0.0,58.0,7.0,0.0,0.0,65.0,vitimas
2026,2026-04-01,GO,Estupro de vulnerável,216.0,0.0,186.0,27.0,3.0,0.0,216.0,vitimas
2026,2026-04-01,GO,Feminicídio,8.0,0.0,8.0,0.0,0.0,0.0,8.0,vitimas
2026,2026-04-01,GO,Furto de veículo,0.0,198.0,0.0,0.0,0.0,0.0,198.0,ocorrencias
2026,2026-04-01,GO,Homicídio doloso,64.0,0.0,4.0,56.0,4.0,0.0,64.0,vitimas
2026,2026-04-01,GO,Lesão corporal seguida de morte,3.0,0.0,0.0,3.0,0.0,0.0,3.0,vitimas
2026,2026-04-01,GO,Mandado de prisão cumprido,0.0,794.0,0.0,0.0,0.0,0.0,794.0,ocorrencias
2026,2026-04-01,GO,Morte de Agente do Estado,0.0,0.0,0.0,0.0,0.0,0.0,0.0,vitimas
2026,2026-04-01,GO,Morte no trânsito ou em decorrência dele (exceto homicídio doloso),54.0,0.0,8.0,43.0,3.0,0.0,54.0,vitimas
2026,2026-04-01,GO,Morte por intervenção de Agente do Estado,22.0,0.0,0.0,15.0,7.0,0.0,22.0,vitimas
2026,2026-04-01,GO,Mortes a esclarecer (sem indício de crime),49.0,0.0,8.0,35.0,6.0,0.0,49.0,vitimas
2026,2026-04-01,GO,Mortes no trânsito,0.0,0.0,0.0,0.0,0.0,0.0,0.0,vitimas
2026,2026-04-01,GO,Pessoa Desaparecida,305.0,0.0,123.0,176.0,6.0,0.0,305.0,vitimas
2026,2026-04-01,GO,Pessoa Localizada,142.0,0.0,50.0,92.0,0.0,0.0,142.0,vitimas
2026,2026-04-01,GO,Realização de vistorias,0.0,0.0,0.0,0.0,0.0,0.0,0.0,ocorrencias
2026,2026-04-01,GO,Roubo a instituição financeira,0.0,0.0,0.0,0.0,0.0,0.0,0.0,ocorrencias
2026,2026-04-01,GO,Roubo de carga,0.0,0.0,0.0,0.0,0.0,0.0,0.0,ocorrencias
2026,2026-04-01,GO,Roubo de veículo,0.0,26.0,0.0,0.0,0.0,0.0,26.0,ocorrencias
2026,2026-04-01,GO,Roubo seguido de morte (latrocínio),1.0,0.0,0.0,1.0,0.0,0.0,1.0,vitimas
2026,2026-04-01,GO,Suicídio,81.0,0.0,18.0,61.0,2.0,0.0,81.0,vitimas
2026,2026-04-01,GO,Suicídio de Agente do Estado,0.0,0.0,0.0,0.0,0.0,0.0,0.0,vitimas
2026,2026-04-01,GO,Tentativa de feminicídio,22.0,0.0,20.0,1.0,1.0,0.0,22.0,vitimas
2026,2026-04-01,GO,Tentativa de homicídio,115.0,0.0,16.0,98.0,1.0,0.0,115.0,vitimas
2026,2026-04-01,GO,Tráfico de drogas,0.0,516.0,0.0,0.0,0.0,0.0,516.0,ocorrencias
2026,2026-04-01,MA,Apreensão de Cocaína,0.0,0.0,0.0,0.0,0.0,1773.0,1773.0,kg
2026,2026-04-01,MA,Apreensão de Maconha,0.0,0.0,0.0,0.0,0.0,1047.0,1047.0,kg
2026,2026-04-01,MA,Arma de Fogo Apreendida,0.0,263.0,0.0,0.0,0.0,0.0,263.0,ocorrencias
2026,2026-04-01,MA,Atendimento pré-hospitalar,0.0,198.0,0.0,0.0,0.0,0.0,198.0,ocorrencias
2026,2026-04-01,MA,Busca e salvamento,0.0,515.0,0.0,0.0,0.0,0.0,515.0,ocorrencias
2026,2026-04-01,MA,Combate a incêndios,0.0,91.0,0.0,0.0,0.0,0.0,91.0,ocorrencias
2026,2026-04-01,MA,Emissão de Alvarás de licença,0.0,679.0,0.0,0.0,0.0,0.0,679.0,ocorrencias
2026,2026-04-01,MA,Estupro,24.0,0.0,23.0,1.0,0.0,0.0,24.0,vitimas
2026,2026-04-01,MA,Estupro de vulnerável,126.0,0.0,112.0,14.0,0.0,0.0,126.0,vitimas
2026,2026-04-01,MA,Feminicídio,2.0,0.0,2.0,0.0,0.0,0.0,2.0,vitimas
2026,2026-04-01,MA,Furto de veículo,0.0,225.0,0.0,0.0,0.0,0.0,225.0,ocorrencias
2026,2026-04-01,MA,Homicídio doloso,147.0,0.0,4.0,143.0,0.0,0.0,147.0,vitimas
2026,2026-04-01,MA,Lesão corporal seguida de morte,2.0,0.0,0.0,2.0,0.0,0.0,2.0,vitimas
2026,2026-04-01,MA,Mandado de prisão cumprido,0.0,377.0,0.0,0.0,0.0,0.0,377.0,ocorrencias
2026,2026-04-01,MA,Morte de Agente do Estado,1.0,0.0,0.0,1.0,0.0,0.0,1.0,vitimas
2026,2026-04-01,MA,Morte no trânsito ou em decorrência dele (exceto homicídio doloso),85.0,0.0,15.0,70.0,0.0,0.0,85.0,vitimas
2026,2026-04-01,MA,Morte por intervenção de Agente do Estado,13.0,0.0,0.0,13.0,0.0,0.0,13.0,vitimas
2026,2026-04-01,MA,Mortes a esclarecer (sem indício de crime),12.0,0.0,4.0,8.0,0.0,0.0,12.0,vitimas
2026,2026-04-01,MA,Mortes no trânsito,0.0,0.0,0.0,0.0,0.0,0.0,0.0,vitimas
2026,2026-04-01,MA,Pessoa Desaparecida,101.0,0.0,23.0,68.0,10.0,0.0,101.0,vitimas
2026,2026-04-01,MA,Pessoa Localizada,20.0,0.0,4.0,14.0,2.0,0.0,20.0,vitimas
2026,2026-04-01,MA,Realização de vistorias,0.0,521.0,0.0,0.0,0.0,0.0,521.0,ocorrencias
2026,2026-04-01,MA,Roubo a instituição financeira,0.0,0.0,0.0,0.0,0.0,0.0,0.0,ocorrencias
2026,2026-04-01,MA,Roubo de carga,0.0,10.0,0.0,0.0,0.0,0.0,10.0,ocorrencias
2026,2026-04-01,MA,Roubo de veículo,0.0,267.0,0.0,0.0,0.0,0.0,267.0,ocorrencias
2026,2026-04-01,MA,Roubo seguido de morte (latrocínio),4.0,0.0,0.0,4.0,0.0,0.0,4.0,vitimas
2026,2026-04-01,MA,Suicídio,29.0,0.0,8.0,21.0,0.0,0.0,29.0,vitimas
2026,2026-04-01,MA,Suicídio de Agente do Estado,0.0,0.0,0.0,0.0,0.0,0.0,0.0,vitimas
2026,2026-04-01,MA,Tentativa de feminicídio,9.0,0.0,9.0,0.0,0.0,0.0,9.0,vitimas
2026,2026-04-01,MA,Tentativa de homicídio,140.0,0.0,25.0,115.0,0.0,0.0,140.0,vitimas
2026,2026-04-01,MA,Tráfico de drogas,0.0,196.0,0.0,0.0,0.0,0.0,196.0,ocorrencias
2026,2026-04-01,MG,Apreensão de Cocaína,0.0,0.0,0.0,0.0,0.0,131.0,131.0,kg
2026,2026-04-01,MG,Apreensão de Maconha,0.0,0.0,0.0,0.0,0.0,23.0,23.0,kg
2026,2026-04-01,MG,Arma de Fogo Apreendida,0.0,1162.0,0.0,0.0,0.0,0.0,1162.0,ocorrencias
2026,2026-04-01,MG,Atendimento pré-hospitalar,0.0,6586.0,0.0,0.0,0.0,0.0,6586.0,ocorrencias
2026,2026-04-01,MG,Busca e salvamento,0.0,5724.0,0.0,0.0,0.0,0.0,5724.0,ocorrencias
2026,2026-04-01,MG,Combate a incêndios,0.0,2007.0,0.0,0.0,0.0,0.0,2007.0,ocorrencias
2026,2026-04-01,MG,Emissão de Alvarás de licença,0.0,0.0,0.0,0.0,0.0,0.0,0.0,ocorrencias
2026,2026-04-01,MG,Estupro,104.0,0.0,93.0,11.0,0.0,0.0,104.0,vitimas
2026,2026-04-01,MG,Estupro de vulnerável,312.0,0.0,247.0,62.0,3.0,0.0,312.0,vitimas
2026,2026-04-01,MG,Feminicídio,7.0,0.0,6.0,0.0,1.0,0.0,7.0,vitimas
2026,2026-04-01,MG,Furto de veículo,0.0,1706.0,0.0,0.0,0.0,0.0,1706.0,ocorrencias
2026,2026-04-01,MG,Homicídio doloso,172.0,0.0,10.0,161.0,1.0,0.0,172.0,vitimas
2026,2026-04-01,MG,Lesão corporal seguida de morte,0.0,0.0,0.0,0.0,0.0,0.0,0.0,vitimas
2026,2026-04-01,MG,Mandado de prisão cumprido,0.0,1126.0,0.0,0.0,0.0,0.0,1126.0,ocorrencias
2026,2026-04-01,MG,Morte de Agente do Estado,0.0,0.0,0.0,0.0,0.0,0.0,0.0,vitimas
2026,2026-04-01,MG,Morte no trânsito ou em decorrência dele (exceto homicídio doloso),228.0,0.0,50.0,178.0,0.0,0.0,228.0,vitimas
2026,2026-04-01,MG,Morte por intervenção de Agente do Estado,0.0,0.0,0.0,0.0,0.0,0.0,0.0,vitimas
2026,2026-04-01,MG,Mortes a esclarecer (sem indício de crime),0.0,0.0,0.0,0.0,0.0,0.0,0.0,vitimas
2026,2026-04-01,MG,Mortes no trânsito,0.0,0.0,0.0,0.0,0.0,0.0,0.0,vitimas
2026,2026-04-01,MG,Pessoa Desaparecida,809.0,0.0,301.0,508.0,0.0,0.0,809.0,vitimas
2026,2026-04-01,MG,Pessoa Localizada,469.0,0.0,193.0,275.0,1.0,0.0,469.0,vitimas
2026,2026-04-01,MG,Realização de vistorias,0.0,2736.0,0.0,0.0,0.0,0.0,2736.0,ocorrencias
2026,2026-04-01,MG,Roubo a instituição financeira,0.0,1.0,0.0,0.0,0.0,0.0,1.0,ocorrencias
2026,2026-04-01,MG,Roubo de carga,0.0,5.0,0.0,0.0,0.0,0.0,5.0,ocorrencias
2026,2026-04-01,MG,Roubo de veículo,0.0,235.0,0.0,0.0,0.0,0.0,235.0,ocorrencias
2026,2026-04-01,MG,Roubo seguido de morte (latrocínio),2.0,0.0,1.0,1.0,0.0,0.0,2.0,vitimas
2026,2026-04-01,MG,Suicídio,153.0,0.0,27.0,126.0,0.0,0.0,153.0,vitimas
2026,2026-04-01,MG,Suicídio de Agente do Estado,1.0,0.0,0.0,0.0,1.0,0.0,1.0,vitimas
2026,2026-04-01,MG,Tentativa de feminicídio,11.0,0.0,11.0,0.0,0.0,0.0,11.0,vitimas
2026,2026-04-01,MG,Tentativa de homicídio,179.0,0.0,17.0,162.0,0.0,0.0,179.0,vitimas
2026,2026-04-01,MG,Tráfico de drogas,0.0,2739.0,0.0,0.0,0.0,0.0,2739.0,ocorrencias
2026,2026-04-01,MS,Apreensão de Cocaína,0.0,0.0,0.0,0.0,0.0,1871893.0,1871893.0,kg
2026,2026-04-01,MS,Apreensão de Maconha,0.0,0.0,0.0,0.0,0.0,2313075.0,2313075.0,kg
2026,2026-04-01,MS,Arma de Fogo Apreendida,0.0,135.0,0.0,0.0,0.0,0.0,135.0,ocorrencias
2026,2026-04-01,MS,Atendimento pré-hospitalar,0.0,1916.0,0.0,0.0,0.0,0.0,1916.0,ocorrencias
2026,2026-04-01,MS,Busca e salvamento,0.0,5204.0,0.0,0.0,0.0,0.0,5204.0,ocorrencias
2026,2026-04-01,MS,Combate a incêndios,0.0,411.0,0.0,0.0,0.0,0.0,411.0,ocorrencias
2026,2026-04-01,MS,Emissão de Alvarás de licença,0.0,11321.0,0.0,0.0,0.0,0.0,11321.0,ocorrencias
2026,2026-04-01,MS,Estupro,135.0,0.0,121.0,12.0,2.0,0.0,135.0,vitimas
2026,2026-04-01,MS,Estupro de vulnerável,99.0,0.0,87.0,10.0,2.0,0.0,99.0,vitimas
2026,2026-04-01,MS,Feminicídio,4.0,0.0,4.0,0.0,0.0,0.0,4.0,vitimas
2026,2026-04-01,MS,Furto de veículo,0.0,192.0,0.0,0.0,0.0,0.0,192.0,ocorrencias
2026,2026-04-01,MS,Homicídio doloso,34.0,0.0,1.0,30.0,3.0,0.0,34.0,vitimas
2026,2026-04-01,MS,Lesão corporal seguida de morte,2.0,0.0,0.0,2.0,0.0,0.0,2.0,vitimas
2026,2026-04-01,MS,Mandado de prisão cumprido,0.0,346.0,0.0,0.0,0.0,0.0,346.0,ocorrencias
2026,2026-04-01,MS,Morte de Agente do Estado,0.0,0.0,0.0,0.0,0.0,0.0,0.0,vitimas
2026,2026-04-01,MS,Morte no trânsito ou em decorrência dele (exceto homicídio doloso),32.0,0.0,6.0,26.0,0.0,0.0,32.0,vitimas
2026,2026-04-01,MS,Morte por intervenção de Agente do Estado,9.0,0.0,0.0,9.0,0.0,0.0,9.0,vitimas
2026,2026-04-01,MS,Mortes a esclarecer (sem indício de crime),11.0,0.0,1.0,9.0,1.0,0.0,11.0,vitimas
2026,2026-04-01,MS,Mortes no trânsito,0.0,0.0,0.0,0.0,0.0,0.0,0.0,vitimas
2026,2026-04-01,MS,Pessoa Desaparecida,82.0,0.0,35.0,47.0,0.0,0.0,82.0,vitimas
2026,2026-04-01,MS,Pessoa Localizada,80.0,0.0,34.0,46.0,0.0,0.0,80.0,vitimas
2026,2026-04-01,MS,Realização de vistorias,0.0,4727.0,0.0,0.0,0.0,0.0,4727.0,ocorrencias
2026,2026-04-01,MS,Roubo a instituição financeira,0.0,0.0,0.0,0.0,0.0,0.0,0.0,ocorrencias
2026,2026-04-01,MS,Roubo de carga,0.0,0.0,0.0,0.0,0.0,0.0,0.0,ocorrencias
2026,2026-04-01,MS,Roubo de veículo,0.0,19.0,0.0,0.0,0.0,0.0,19.0,ocorrencias
2026,2026-04-01,MS,Roubo seguido de morte (latrocínio),0.0,0.0,0.0,0.0,0.0,0.0,0.0,vitimas
2026,2026-04-01,MS,Suicídio,31.0,0.0,6.0,25.0,0.0,0.0,31.0,vitimas
2026,2026-04-01,MS,Suicídio de Agente do Estado,1.0,0.0,0.0,1.0,0.0,0.0,1.0,vitimas
2026,2026-04-01,MS,Tentativa de feminicídio,12.0,0.0,11.0,0.0,1.0,0.0,12.0,vitimas
2026,2026-04-01,MS,Tentativa de homicídio,69.0,0.0,7.0,60.0,2.0,0.0,69.0,vitimas
2026,2026-04-01,MS,Tráfico de drogas,0.0,355.0,0.0,0.0,0.0,0.0,355.0,ocorrencias
2026,2026-04-01,MT,Apreensão de Cocaína,0.0,0.0,0.0,0.0,0.0,867564.0,867564.0,kg
2026,2026-04-01,MT,Apreensão de Maconha,0.0,0.0,0.0,0.0,0.0,180766.0,180766.0,kg
2026,2026-04-01,MT,Arma de Fogo Apreendida,0.0,216.0,0.0,0.0,0.0,0.0,216.0,ocorrencias
2026,2026-04-01,MT,Atendimento pré-hospitalar,0.0,5300.0,0.0,0.0,0.0,0.0,5300.0,ocorrencias
2026,2026-04-01,MT,Busca e salvamento,0.0,988.0,0.0,0.0,0.0,0.0,988.0,ocorrencias
2026,2026-04-01,MT,Combate a incêndios,0.0,303.0,0.0,0.0,0.0,0.0,303.0,ocorrencias
2026,2026-04-01,MT,Emissão de Alvarás de licença,0.0,5465.0,0.0,0.0,0.0,0.0,5465.0,ocorrencias
2026,2026-04-01,MT,Estupro,50.0,0.0,46.0,4.0,0.0,0.0,50.0,vitimas
2026,2026-04-01,MT,Estupro de vulnerável,113.0,0.0,92.0,21.0,0.0,0.0,113.0,vitimas
2026,2026-04-01,MT,Feminicídio,3.0,0.0,3.0,0.0,0.0,0.0,3.0,vitimas
2026,2026-04-01,MT,Furto de veículo,0.0,169.0,0.0,0.0,0.0,0.0,169.0,ocorrencias
2026,2026-04-01,MT,Homicídio doloso,52.0,0.0,4.0,48.0,0.0,0.0,52.0,vitimas
2026,2026-04-01,MT,Lesão corporal seguida de morte,0.0,0.0,0.0,0.0,0.0,0.0,0.0,vitimas
2026,2026-04-01,MT,Mandado de prisão cumprido,0.0,798.0,0.0,0.0,0.0,0.0,798.0,ocorrencias
2026,2026-04-01,MT,Morte de Agente do Estado,0.0,0.0,0.0,0.0,0.0,0.0,0.0,vitimas
2026,2026-04-01,MT,Morte no trânsito ou em decorrência dele (exceto homicídio doloso),82.0,0.0,17.0,65.0,0.0,0.0,82.0,vitimas
2026,2026-04-01,MT,Morte por intervenção de Agente do Estado,7.0,0.0,0.0,7.0,0.0,0.0,7.0,vitimas
2026,2026-04-01,MT,Mortes a esclarecer (sem indício de crime),40.0,0.0,12.0,28.0,0.0,0.0,40.0,vitimas
2026,2026-04-01,MT,Mortes no trânsito,0.0,0.0,0.0,0.0,0.0,0.0,0.0,vitimas
2026,2026-04-01,MT,Pessoa Desaparecida,196.0,0.0,76.0,120.0,0.0,0.0,196.0,vitimas
2026,2026-04-01,MT,Pessoa Localizada,101.0,0.0,37.0,64.0,0.0,0.0,101.0,vitimas
2026,2026-04-01,MT,Realização de vistorias,0.0,2875.0,0.0,0.0,0.0,0.0,2875.0,ocorrencias
2026,2026-04-01,MT,Roubo a instituição financeira,0.0,0.0,0.0,0.0,0.0,0.0,0.0,ocorrencias
2026,2026-04-01,MT,Roubo de carga,0.0,5.0,0.0,0.0,0.0,0.0,5.0,ocorrencias
2026,2026-04-01,MT,Roubo de veículo,0.0,40.0,0.0,0.0,0.0,0.0,40.0,ocorrencias
2026,2026-04-01,MT,Roubo seguido de morte (latrocínio),1.0,0.0,0.0,1.0,0.0,0.0,1.0,vitimas
2026,2026-04-01,MT,Suicídio,32.0,0.0,5.0,27.0,0.0,0.0,32.0,vitimas
2026,2026-04-01,MT,Suicídio de Agente do Estado,0.0,0.0,0.0,0.0,0.0,0.0,0.0,vitimas
2026,2026-04-01,MT,Tentativa de feminicídio,16.0,0.0,16.0,0.0,0.0,0.0,16.0,vitimas
2026,2026-04-01,MT,Tentativa de homicídio,89.0,0.0,16.0,73.0,0.0,0.0,89.0,vitimas
2026,2026-04-01,MT,Tráfico de drogas,0.0,503.0,0.0,0.0,0.0,0.0,503.0,ocorrencias
2026,2026-04-01,PA,Apreensão de Cocaína,0.0,0.0,0.0,0.0,0.0,1099808.0,1099808.0,kg
2026,2026-04-01,PA,Apreensão de Maconha,0.0,0.0,0.0,0.0,0.0,607158.0,607158.0,kg
2026,2026-04-01,PA,Arma de Fogo Apreendida,0.0,130.0,0.0,0.0,0.0,0.0,130.0,ocorrencias
2026,2026-04-01,PA,Atendimento pré-hospitalar,0.0,2089.0,0.0,0.0,0.0,0.0,2089.0,ocorrencias
2026,2026-04-01,PA,Busca e salvamento,0.0,129.0,0.0,0.0,0.0,0.0,129.0,ocorrencias
2026,2026-04-01,PA,Combate a incêndios,0.0,312.0,0.0,0.0,0.0,0.0,312.0,ocorrencias
2026,2026-04-01,PA,Emissão de Alvarás de licença,0.0,0.0,0.0,0.0,0.0,0.0,0.0,ocorrencias
2026,2026-04-01,PA,Estupro,30.0,0.0,27.0,3.0,0.0,0.0,30.0,vitimas
2026,2026-04-01,PA,Estupro de vulnerável,227.0,0.0,202.0,18.0,7.0,0.0,227.0,vitimas
2026,2026-04-01,PA,Feminicídio,9.0,0.0,9.0,0.0,0.0,0.0,9.0,vitimas
2026,2026-04-01,PA,Furto de veículo,0.0,184.0,0.0,0.0,0.0,0.0,184.0,ocorrencias
2026,2026-04-01,PA,Homicídio doloso,116.0,0.0,6.0,109.0,1.0,0.0,116.0,vitimas
2026,2026-04-01,PA,Lesão corporal seguida de morte,4.0,0.0,0.0,4.0,0.0,0.0,4.0,vitimas
2026,2026-04-01,PA,Mandado de prisão cumprido,0.0,542.0,0.0,0.0,0.0,0.0,542.0,ocorrencias
2026,2026-04-01,PA,Morte de Agente do Estado,0.0,0.0,0.0,0.0,0.0,0.0,0.0,vitimas
2026,2026-04-01,PA,Morte no trânsito ou em decorrência dele (exceto homicídio doloso),71.0,0.0,17.0,53.0,1.0,0.0,71.0,vitimas
2026,2026-04-01,PA,Morte por intervenção de Agente do Estado,38.0,0.0,0.0,38.0,0.0,0.0,38.0,vitimas
2026,2026-04-01,PA,Mortes a esclarecer (sem indício de crime),43.0,0.0,8.0,35.0,0.0,0.0,43.0,vitimas
2026,2026-04-01,PA,Mortes no trânsito,0.0,0.0,0.0,0.0,0.0,0.0,0.0,vitimas
2026,2026-04-01,PA,Pessoa Desaparecida,158.0,0.0,62.0,96.0,0.0,0.0,158.0,vitimas
2026,2026-04-01,PA,Pessoa Localizada,28.0,0.0,14.0,14.0,0.0,0.0,28.0,vitimas
2026,2026-04-01,PA,Realização de vistorias,0.0,0.0,0.0,0.0,0.0,0.0,0.0,ocorrencias
2026,2026-04-01,PA,Roubo a instituição financeira,0.0,0.0,0.0,0.0,0.0,0.0,0.0,ocorrencias
2026,2026-04-01,PA,Roubo de carga,0.0,2.0,0.0,0.0,0.0,0.0,2.0,ocorrencias
2026,2026-04-01,PA,Roubo de veículo,0.0,73.0,0.0,0.0,0.0,0.0,73.0,ocorrencias
2026,2026-04-01,PA,Roubo seguido de morte (latrocínio),1.0,0.0,0.0,1.0,0.0,0.0,1.0,vitimas
2026,2026-04-01,PA,Suicídio,58.0,0.0,11.0,46.0,1.0,0.0,58.0,vitimas
2026,2026-04-01,PA,Suicídio de Agente do Estado,0.0,0.0,0.0,0.0,0.0,0.0,0.0,vitimas
2026,2026-04-01,PA,Tentativa de feminicídio,14.0,0.0,14.0,0.0,0.0,0.0,14.0,vitimas
2026,2026-04-01,PA,Tentativa de homicídio,124.0,0.0,20.0,104.0,0.0,0.0,124.0,vitimas
2026,2026-04-01,PA,Tráfico de drogas,0.0,435.0,0.0,0.0,0.0,0.0,435.0,ocorrencias
2026,2026-04-01,PB,Apreensão de Cocaína,0.0,0.0,0.0,0.0,0.0,9174.0,9174.0,kg
2026,2026-04-01,PB,Apreensão de Maconha,0.0,0.0,0.0,0.0,0.0,72396.0,72396.0,kg
2026,2026-04-01,PB,Arma de Fogo Apreendida,0.0,309.0,0.0,0.0,0.0,0.0,309.0,ocorrencias
2026,2026-04-01,PB,Atendimento pré-hospitalar,0.0,478.0,0.0,0.0,0.0,0.0,478.0,ocorrencias
2026,2026-04-01,PB,Busca e salvamento,0.0,890.0,0.0,0.0,0.0,0.0,890.0,ocorrencias
2026,2026-04-01,PB,Combate a incêndios,0.0,413.0,0.0,0.0,0.0,0.0,413.0,ocorrencias
2026,2026-04-01,PB,Emissão de Alvarás de licença,0.0,1859.0,0.0,0.0,0.0,0.0,1859.0,ocorrencias
2026,2026-04-01,PB,Estupro,21.0,0.0,20.0,1.0,0.0,0.0,21.0,vitimas
2026,2026-04-01,PB,Estupro de vulnerável,94.0,0.0,76.0,18.0,0.0,0.0,94.0,vitimas
2026,2026-04-01,PB,Feminicídio,2.0,0.0,2.0,0.0,0.0,0.0,2.0,vitimas
2026,2026-04-01,PB,Furto de veículo,0.0,178.0,0.0,0.0,0.0,0.0,178.0,ocorrencias
2026,2026-04-01,PB,Homicídio doloso,60.0,0.0,1.0,59.0,0.0,0.0,60.0,vitimas
2026,2026-04-01,PB,Lesão corporal seguida de morte,1.0,0.0,0.0,1.0,0.0,0.0,1.0,vitimas
2026,2026-04-01,PB,Mandado de prisão cumprido,0.0,455.0,0.0,0.0,0.0,0.0,455.0,ocorrencias
2026,2026-04-01,PB,Morte de Agente do Estado,0.0,0.0,0.0,0.0,0.0,0.0,0.0,vitimas
2026,2026-04-01,PB,Morte no trânsito ou em decorrência dele (exceto homicídio doloso),57.0,0.0,10.0,47.0,0.0,0.0,57.0,vitimas
2026,2026-04-01,PB,Morte por intervenção de Agente do Estado,6.0,0.0,0.0,6.0,0.0,0.0,6.0,vitimas
2026,2026-04-01,PB,Mortes a esclarecer (sem indício de crime),0.0,0.0,0.0,0.0,0.0,0.0,0.0,vitimas
2026,2026-04-01,PB,Mortes no trânsito,0.0,0.0,0.0,0.0,0.0,0.0,0.0,vitimas
2026,2026-04-01,PB,Pessoa Desaparecida,74.0,0.0,24.0,50.0,0.0,0.0,74.0,vitimas
2026,2026-04-01,PB,Pessoa Localizada,48.0,0.0,16.0,32.0,0.0,0.0,48.0,vitimas
2026,2026-04-01,PB,Realização de vistorias,0.0,1125.0,0.0,0.0,0.0,0.0,1125.0,ocorrencias
2026,2026-04-01,PB,Roubo a instituição financeira,0.0,0.0,0.0,0.0,0.0,0.0,0.0,ocorrencias
2026,2026-04-01,PB,Roubo de carga,0.0,1.0,0.0,0.0,0.0,0.0,1.0,ocorrencias
2026,2026-04-01,PB,Roubo de veículo,0.0,360.0,0.0,0.0,0.0,0.0,360.0,ocorrencias
2026,2026-04-01,PB,Roubo seguido de morte (latrocínio),1.0,0.0,0.0,1.0,0.0,0.0,1.0,vitimas
2026,2026-04-01,PB,Suicídio,16.0,0.0,3.0,13.0,0.0,0.0,16.0,vitimas
2026,2026-04-01,PB,Suicídio de Agente do Estado,0.0,0.0,0.0,0.0,0.0,0.0,0.0,vitimas
2026,2026-04-01,PB,Tentativa de feminicídio,1.0,0.0,1.0,0.0,0.0,0.0,1.0,vitimas
2026,2026-04-01,PB,Tentativa de homicídio,56.0,0.0,6.0,50.0,0.0,0.0,56.0,vitimas
2026,2026-04-01,PB,Tráfico de drogas,0.0,250.0,0.0,0.0,0.0,0.0,250.0,ocorrencias
2026,2026-04-01,PE,Apreensão de Cocaína,0.0,0.0,0.0,0.0,0.0,396.0,396.0,kg
2026,2026-04-01,PE,Apreensão de Maconha,0.0,0.0,0.0,0.0,0.0,2133476.0,2133476.0,kg
2026,2026-04-01,PE,Arma de Fogo Apreendida,0.0,566.0,0.0,0.0,0.0,0.0,566.0,ocorrencias
2026,2026-04-01,PE,Atendimento pré-hospitalar,0.0,1746.0,0.0,0.0,0.0,0.0,1746.0,ocorrencias
2026,2026-04-01,PE,Busca e salvamento,0.0,677.0,0.0,0.0,0.0,0.0,677.0,ocorrencias
2026,2026-04-01,PE,Combate a incêndios,0.0,335.0,0.0,0.0,0.0,0.0,335.0,ocorrencias
2026,2026-04-01,PE,Emissão de Alvarás de licença,0.0,8386.0,0.0,0.0,0.0,0.0,8386.0,ocorrencias
2026,2026-04-01,PE,Estupro,43.0,0.0,40.0,2.0,1.0,0.0,43.0,vitimas
2026,2026-04-01,PE,Estupro de vulnerável,131.0,0.0,115.0,13.0,3.0,0.0,131.0,vitimas
2026,2026-04-01,PE,Feminicídio,2.0,0.0,2.0,0.0,0.0,0.0,2.0,vitimas
2026,2026-04-01,PE,Furto de veículo,0.0,499.0,0.0,0.0,0.0,0.0,499.0,ocorrencias
2026,2026-04-01,PE,Homicídio doloso,186.0,0.0,16.0,169.0,1.0,0.0,186.0,vitimas
2026,2026-04-01,PE,Lesão corporal seguida de morte,3.0,0.0,0.0,3.0,0.0,0.0,3.0,vitimas
2026,2026-04-01,PE,Mandado de prisão cumprido,0.0,940.0,0.0,0.0,0.0,0.0,940.0,ocorrencias
2026,2026-04-01,PE,Morte de Agente do Estado,0.0,0.0,0.0,0.0,0.0,0.0,0.0,vitimas
2026,2026-04-01,PE,Morte no trânsito ou em decorrência dele (exceto homicídio doloso),143.0,0.0,19.0,124.0,0.0,0.0,143.0,vitimas
2026,2026-04-01,PE,Morte por intervenção de Agente do Estado,13.0,0.0,1.0,12.0,0.0,0.0,13.0,vitimas
2026,2026-04-01,PE,Mortes a esclarecer (sem indício de crime),179.0,0.0,50.0,126.0,3.0,0.0,179.0,vitimas
2026,2026-04-01,PE,Mortes no trânsito,0.0,0.0,0.0,0.0,0.0,0.0,0.0,vitimas
2026,2026-04-01,PE,Pessoa Desaparecida,217.0,0.0,59.0,145.0,13.0,0.0,217.0,vitimas
2026,2026-04-01,PE,Pessoa Localizada,71.0,0.0,26.0,40.0,5.0,0.0,71.0,vitimas
2026,2026-04-01,PE,Realização de vistorias,0.0,4930.0,0.0,0.0,0.0,0.0,4930.0,ocorrencias
2026,2026-04-01,PE,Roubo a instituição financeira,0.0,0.0,0.0,0.0,0.0,0.0,0.0,ocorrencias
2026,2026-04-01,PE,Roubo de carga,0.0,25.0,0.0,0.0,0.0,0.0,25.0,ocorrencias
2026,2026-04-01,PE,Roubo de veículo,0.0,842.0,0.0,0.0,0.0,0.0,842.0,ocorrencias
2026,2026-04-01,PE,Roubo seguido de morte (latrocínio),8.0,0.0,2.0,6.0,0.0,0.0,8.0,vitimas
2026,2026-04-01,PE,Suicídio,43.0,0.0,6.0,37.0,0.0,0.0,43.0,vitimas
2026,2026-04-01,PE,Suicídio de Agente do Estado,0.0,0.0,0.0,0.0,0.0,0.0,0.0,vitimas
2026,2026-04-01,PE,Tentativa de feminicídio,13.0,0.0,13.0,0.0,0.0,0.0,13.0,vitimas
2026,2026-04-01,PE,Tentativa de homicídio,123.0,0.0,12.0,111.0,0.0,0.0,123.0,vitimas
2026,2026-04-01,PE,Tráfico de drogas,0.0,1045.0,0.0,0.0,0.0,0.0,1045.0,ocorrencias
2026,2026-04-01,PI,Apreensão de Cocaína,0.0,0.0,0.0,0.0,0.0,119.0,119.0,kg
2026,2026-04-01,PI,Apreensão de Maconha,0.0,0.0,0.0,0.0,0.0,1377505.0,1377505.0,kg
2026,2026-04-01,PI,Arma de Fogo Apreendida,0.0,122.0,0.0,0.0,0.0,0.0,122.0,ocorrencias
2026,2026-04-01,PI,Atendimento pré-hospitalar,0.0,162.0,0.0,0.0,0.0,0.0,162.0,ocorrencias
2026,2026-04-01,PI,Busca e salvamento,0.0,424.0,0.0,0.0,0.0,0.0,424.0,ocorrencias
2026,2026-04-01,PI,Combate a incêndios,0.0,156.0,0.0,0.0,0.0,0.0,156.0,ocorrencias
2026,2026-04-01,PI,Emissão de Alvarás de licença,0.0,830.0,0.0,0.0,0.0,0.0,830.0,ocorrencias
2026,2026-04-01,PI,Estupro,18.0,0.0,16.0,1.0,1.0,0.0,18.0,vitimas
2026,2026-04-01,PI,Estupro de vulnerável,84.0,0.0,75.0,4.0,5.0,0.0,84.0,vitimas
2026,2026-04-01,PI,Feminicídio,0.0,0.0,0.0,0.0,0.0,0.0,0.0,vitimas
2026,2026-04-01,PI,Furto de veículo,0.0,130.0,0.0,0.0,0.0,0.0,130.0,ocorrencias
2026,2026-04-01,PI,Homicídio doloso,0.0,0.0,0.0,0.0,0.0,0.0,0.0,vitimas
2026,2026-04-01,PI,Lesão corporal seguida de morte,0.0,0.0,0.0,0.0,0.0,0.0,0.0,vitimas
2026,2026-04-01,PI,Mandado de prisão cumprido,0.0,424.0,0.0,0.0,0.0,0.0,424.0,ocorrencias
2026,2026-04-01,PI,Morte de Agente do Estado,0.0,0.0,0.0,0.0,0.0,0.0,0.0,vitimas
2026,2026-04-01,PI,Morte no trânsito ou em decorrência dele (exceto homicídio doloso),0.0,0.0,0.0,0.0,0.0,0.0,0.0,vitimas
2026,2026-04-01,PI,Morte por intervenção de Agente do Estado,0.0,0.0,0.0,0.0,0.0,0.0,0.0,vitimas
2026,2026-04-01,PI,Mortes a esclarecer (sem indício de crime),0.0,0.0,0.0,0.0,0.0,0.0,0.0,vitimas
2026,2026-04-01,PI,Mortes no trânsito,0.0,0.0,0.0,0.0,0.0,0.0,0.0,vitimas
2026,2026-04-01,PI,Pessoa Desaparecida,51.0,0.0,8.0,40.0,3.0,0.0,51.0,vitimas
2026,2026-04-01,PI,Pessoa Localizada,11.0,0.0,3.0,8.0,0.0,0.0,11.0,vitimas
2026,2026-04-01,PI,Realização de vistorias,0.0,685.0,0.0,0.0,0.0,0.0,685.0,ocorrencias
2026,2026-04-01,PI,Roubo a instituição financeira,0.0,0.0,0.0,0.0,0.0,0.0,0.0,ocorrencias
2026,2026-04-01,PI,Roubo de carga,0.0,0.0,0.0,0.0,0.0,0.0,0.0,ocorrencias
2026,2026-04-01,PI,Roubo de veículo,0.0,133.0,0.0,0.0,0.0,0.0,133.0,ocorrencias
2026,2026-04-01,PI,Roubo seguido de morte (latrocínio),2.0,0.0,0.0,2.0,0.0,0.0,2.0,vitimas
2026,2026-04-01,PI,Suicídio,0.0,0.0,0.0,0.0,0.0,0.0,0.0,vitimas
2026,2026-04-01,PI,Suicídio de Agente do Estado,1.0,0.0,0.0,1.0,0.0,0.0,1.0,vitimas
2026,2026-04-01,PI,Tentativa de feminicídio,0.0,0.0,0.0,0.0,0.0,0.0,0.0,vitimas
2026,2026-04-01,PI,Tentativa de homicídio,0.0,0.0,0.0,0.0,0.0,0.0,0.0,vitimas
2026,2026-04-01,PI,Tráfico de drogas,0.0,172.0,0.0,0.0,0.0,0.0,172.0,ocorrencias
2026,2026-04-01,PR,Apreensão de Cocaína,0.0,0.0,0.0,0.0,0.0,2112795.0,2112795.0,kg
2026,2026-04-01,PR,Apreensão de Maconha,0.0,0.0,0.0,0.0,0.0,31850155.0,31850155.0,kg
2026,2026-04-01,PR,Arma de Fogo Apreendida,0.0,390.0,0.0,0.0,0.0,0.0,390.0,ocorrencias
2026,2026-04-01,PR,Atendimento pré-hospitalar,0.0,2891.0,0.0,0.0,0.0,0.0,2891.0,ocorrencias
2026,2026-04-01,PR,Busca e salvamento,0.0,1114.0,0.0,0.0,0.0,0.0,1114.0,ocorrencias
2026,2026-04-01,PR,Combate a incêndios,0.0,1384.0,0.0,0.0,0.0,0.0,1384.0,ocorrencias
2026,2026-04-01,PR,Emissão de Alvarás de licença,0.0,12017.0,0.0,0.0,0.0,0.0,12017.0,ocorrencias
2026,2026-04-01,PR,Estupro,123.0,0.0,120.0,3.0,0.0,0.0,123.0,vitimas
2026,2026-04-01,PR,Estupro de vulnerável,397.0,0.0,339.0,57.0,1.0,0.0,397.0,vitimas
2026,2026-04-01,PR,Feminicídio,5.0,0.0,5.0,0.0,0.0,0.0,5.0,vitimas
2026,2026-04-01,PR,Furto de veículo,0.0,575.0,0.0,0.0,0.0,0.0,575.0,ocorrencias
2026,2026-04-01,PR,Homicídio doloso,82.0,0.0,8.0,69.0,5.0,0.0,82.0,vitimas
2026,2026-04-01,PR,Lesão corporal seguida de morte,2.0,0.0,0.0,2.0,0.0,0.0,2.0,vitimas
2026,2026-04-01,PR,Mandado de prisão cumprido,0.0,3214.0,0.0,0.0,0.0,0.0,3214.0,ocorrencias
2026,2026-04-01,PR,Morte de Agente do Estado,0.0,0.0,0.0,0.0,0.0,0.0,0.0,vitimas
2026,2026-04-01,PR,Morte no trânsito ou em decorrência dele (exceto homicídio doloso),47.0,0.0,9.0,38.0,0.0,0.0,47.0,vitimas
2026,2026-04-01,PR,Morte por intervenção de Agente do Estado,26.0,0.0,0.0,25.0,1.0,0.0,26.0,vitimas
2026,2026-04-01,PR,Mortes a esclarecer (sem indício de crime),8.0,0.0,0.0,7.0,1.0,0.0,8.0,vitimas
2026,2026-04-01,PR,Mortes no trânsito,0.0,0.0,0.0,0.0,0.0,0.0,0.0,vitimas
2026,2026-04-01,PR,Pessoa Desaparecida,481.0,0.0,201.0,280.0,0.0,0.0,481.0,vitimas
2026,2026-04-01,PR,Pessoa Localizada,365.0,0.0,158.0,207.0,0.0,0.0,365.0,vitimas
2026,2026-04-01,PR,Realização de vistorias,0.0,2227.0,0.0,0.0,0.0,0.0,2227.0,ocorrencias
2026,2026-04-01,PR,Roubo a instituição financeira,0.0,0.0,0.0,0.0,0.0,0.0,0.0,ocorrencias
2026,2026-04-01,PR,Roubo de carga,0.0,0.0,0.0,0.0,0.0,0.0,0.0,ocorrencias
2026,2026-04-01,PR,Roubo de veículo,0.0,82.0,0.0,0.0,0.0,0.0,82.0,ocorrencias
2026,2026-04-01,PR,Roubo seguido de morte (latrocínio),0.0,0.0,0.0,0.0,0.0,0.0,0.0,vitimas
2026,2026-04-01,PR,Suicídio,62.0,0.0,11.0,51.0,0.0,0.0,62.0,vitimas
2026,2026-04-01,PR,Suicídio de Agente do Estado,0.0,0.0,0.0,0.0,0.0,0.0,0.0,vitimas
2026,2026-04-01,PR,Tentativa de feminicídio,21.0,0.0,21.0,0.0,0.0,0.0,21.0,vitimas
2026,2026-04-01,PR,Tentativa de homicídio,58.0,0.0,9.0,47.0,2.0,0.0,58.0,vitimas
2026,2026-04-01,PR,Tráfico de drogas,0.0,1218.0,0.0,0.0,0.0,0.0,1218.0,ocorrencias
2026,2026-04-01,RJ,Apreensão de Cocaína,0.0,0.0,0.0,0.0,0.0,16135.0,16135.0,kg
2026,2026-04-01,RJ,Apreensão de Maconha,0.0,0.0,0.0,0.0,0.0,258387.0,258387.0,kg
2026,2026-04-01,RJ,Arma de Fogo Apreendida,0.0,759.0,0.0,0.0,0.0,0.0,759.0,ocorrencias
2026,2026-04-01,RJ,Atendimento pré-hospitalar,0.0,12253.0,0.0,0.0,0.0,0.0,12253.0,ocorrencias
2026,2026-04-01,RJ,Busca e salvamento,0.0,12499.0,0.0,0.0,0.0,0.0,12499.0,ocorrencias
2026,2026-04-01,RJ,Combate a incêndios,0.0,3522.0,0.0,0.0,0.0,0.0,3522.0,ocorrencias
2026,2026-04-01,RJ,Emissão de Alvarás de licença,0.0,3865.0,0.0,0.0,0.0,0.0,3865.0,ocorrencias
2026,2026-04-01,RJ,Estupro,165.0,0.0,153.0,9.0,3.0,0.0,165.0,vitimas
2026,2026-04-01,RJ,Estupro de vulnerável,369.0,0.0,311.0,53.0,5.0,0.0,369.0,vitimas
2026,2026-04-01,RJ,Feminicídio,7.0,0.0,7.0,0.0,0.0,0.0,7.0,vitimas
2026,2026-04-01,RJ,Furto de veículo,0.0,1324.0,0.0,0.0,0.0,0.0,1324.0,ocorrencias
2026,2026-04-01,RJ,Homicídio doloso,241.0,0.0,16.0,204.0,21.0,0.0,241.0,vitimas
2026,2026-04-01,RJ,Lesão corporal seguida de morte,3.0,0.0,0.0,3.0,0.0,0.0,3.0,vitimas
2026,2026-04-01,RJ,Mandado de prisão cumprido,0.0,1004.0,0.0,0.0,0.0,0.0,1004.0,ocorrencias
2026,2026-04-01,RJ,Morte de Agente do Estado,0.0,0.0,0.0,0.0,0.0,0.0,0.0,vitimas
2026,2026-04-01,RJ,Morte no trânsito ou em decorrência dele (exceto homicídio doloso),218.0,0.0,42.0,170.0,6.0,0.0,218.0,vitimas
2026,2026-04-01,RJ,Morte por intervenção de Agente do Estado,45.0,0.0,1.0,43.0,1.0,0.0,45.0,vitimas
2026,2026-04-01,RJ,Mortes a esclarecer (sem indício de crime),234.0,0.0,70.0,163.0,1.0,0.0,234.0,vitimas
2026,2026-04-01,RJ,Mortes no trânsito,0.0,0.0,0.0,0.0,0.0,0.0,0.0,vitimas
2026,2026-04-01,RJ,Pessoa Desaparecida,589.0,0.0,202.0,385.0,2.0,0.0,589.0,vitimas
2026,2026-04-01,RJ,Pessoa Localizada,256.0,0.0,0.0,8.0,248.0,0.0,256.0,vitimas
2026,2026-04-01,RJ,Realização de vistorias,0.0,273.0,0.0,0.0,0.0,0.0,273.0,ocorrencias
2026,2026-04-01,RJ,Roubo a instituição financeira,0.0,2.0,0.0,0.0,0.0,0.0,2.0,ocorrencias
2026,2026-04-01,RJ,Roubo de carga,0.0,443.0,0.0,0.0,0.0,0.0,443.0,ocorrencias
2026,2026-04-01,RJ,Roubo de veículo,0.0,2549.0,0.0,0.0,0.0,0.0,2549.0,ocorrencias
2026,2026-04-01,RJ,Roubo seguido de morte (latrocínio),6.0,0.0,1.0,5.0,0.0,0.0,6.0,vitimas
2026,2026-04-01,RJ,Suicídio,111.0,0.0,32.0,79.0,0.0,0.0,111.0,vitimas
2026,2026-04-01,RJ,Suicídio de Agente do Estado,1.0,0.0,0.0,1.0,0.0,0.0,1.0,vitimas
2026,2026-04-01,RJ,Tentativa de feminicídio,28.0,0.0,28.0,0.0,0.0,0.0,28.0,vitimas
2026,2026-04-01,RJ,Tentativa de homicídio,302.0,0.0,27.0,247.0,28.0,0.0,302.0,vitimas
2026,2026-04-01,RJ,Tráfico de drogas,0.0,2211.0,0.0,0.0,0.0,0.0,2211.0,ocorrencias
2026,2026-04-01,RN,Apreensão de Cocaína,0.0,0.0,0.0,0.0,0.0,13082.0,13082.0,kg
2026,2026-04-01,RN,Apreensão de Maconha,0.0,0.0,0.0,0.0,0.0,35902.0,35902.0,kg
2026,2026-04-01,RN,Arma de Fogo Apreendida,0.0,173.0,0.0,0.0,0.0,0.0,173.0,ocorrencias
2026,2026-04-01,RN,Atendimento pré-hospitalar,0.0,215.0,0.0,0.0,0.0,0.0,215.0,ocorrencias
2026,2026-04-01,RN,Busca e salvamento,0.0,840.0,0.0,0.0,0.0,0.0,840.0,ocorrencias
2026,2026-04-01,RN,Combate a incêndios,0.0,148.0,0.0,0.0,0.0,0.0,148.0,ocorrencias
2026,2026-04-01,RN,Emissão de Alvarás de licença,0.0,0.0,0.0,0.0,0.0,0.0,0.0,ocorrencias
2026,2026-04-01,RN,Estupro,14.0,0.0,12.0,2.0,0.0,0.0,14.0,vitimas
2026,2026-04-01,RN,Estupro de vulnerável,36.0,0.0,34.0,1.0,1.0,0.0,36.0,vitimas
2026,2026-04-01,RN,Feminicídio,0.0,0.0,0.0,0.0,0.0,0.0,0.0,vitimas
2026,2026-04-01,RN,Furto de veículo,0.0,99.0,0.0,0.0,0.0,0.0,99.0,ocorrencias
2026,2026-04-01,RN,Homicídio doloso,68.0,0.0,2.0,66.0,0.0,0.0,68.0,vitimas
2026,2026-04-01,RN,Lesão corporal seguida de morte,0.0,0.0,0.0,0.0,0.0,0.0,0.0,vitimas
2026,2026-04-01,RN,Mandado de prisão cumprido,0.0,320.0,0.0,0.0,0.0,0.0,320.0,ocorrencias
2026,2026-04-01,RN,Morte de Agente do Estado,0.0,0.0,0.0,0.0,0.0,0.0,0.0,vitimas
2026,2026-04-01,RN,Morte no trânsito ou em decorrência dele (exceto homicídio doloso),51.0,0.0,13.0,38.0,0.0,0.0,51.0,vitimas
2026,2026-04-01,RN,Morte por intervenção de Agente do Estado,21.0,0.0,1.0,20.0,0.0,0.0,21.0,vitimas
2026,2026-04-01,RN,Mortes a esclarecer (sem indício de crime),60.0,0.0,18.0,40.0,2.0,0.0,60.0,vitimas
2026,2026-04-01,RN,Mortes no trânsito,0.0,0.0,0.0,0.0,0.0,0.0,0.0,vitimas
2026,2026-04-01,RN,Pessoa Desaparecida,61.0,0.0,19.0,41.0,1.0,0.0,61.0,vitimas
2026,2026-04-01,RN,Pessoa Localizada,21.0,0.0,2.0,18.0,1.0,0.0,21.0,vitimas
2026,2026-04-01,RN,Realização de vistorias,0.0,0.0,0.0,0.0,0.0,0.0,0.0,ocorrencias
2026,2026-04-01,RN,Roubo a instituição financeira,0.0,0.0,0.0,0.0,0.0,0.0,0.0,ocorrencias
2026,2026-04-01,RN,Roubo de carga,0.0,2.0,0.0,0.0,0.0,0.0,2.0,ocorrencias
2026,2026-04-01,RN,Roubo de veículo,0.0,114.0,0.0,0.0,0.0,0.0,114.0,ocorrencias
2026,2026-04-01,RN,Roubo seguido de morte (latrocínio),1.0,0.0,0.0,1.0,0.0,0.0,1.0,vitimas
2026,2026-04-01,RN,Suicídio,20.0,0.0,2.0,18.0,0.0,0.0,20.0,vitimas
2026,2026-04-01,RN,Suicídio de Agente do Estado,0.0,0.0,0.0,0.0,0.0,0.0,0.0,vitimas
2026,2026-04-01,RN,Tentativa de feminicídio,6.0,0.0,6.0,0.0,0.0,0.0,6.0,vitimas
2026,2026-04-01,RN,Tentativa de homicídio,62.0,0.0,5.0,52.0,5.0,0.0,62.0,vitimas
2026,2026-04-01,RN,Tráfico de drogas,0.0,198.0,0.0,0.0,0.0,0.0,198.0,ocorrencias
2026,2026-04-01,RO,Apreensão de Cocaína,0.0,0.0,0.0,0.0,0.0,2663.0,2663.0,kg
2026,2026-04-01,RO,Apreensão de Maconha,0.0,0.0,0.0,0.0,0.0,491999.0,491999.0,kg
2026,2026-04-01,RO,Arma de Fogo Apreendida,0.0,154.0,0.0,0.0,0.0,0.0,154.0,ocorrencias
2026,2026-04-01,RO,Atendimento pré-hospitalar,0.0,0.0,0.0,0.0,0.0,0.0,0.0,ocorrencias
2026,2026-04-01,RO,Busca e salvamento,0.0,0.0,0.0,0.0,0.0,0.0,0.0,ocorrencias
2026,2026-04-01,RO,Combate a incêndios,0.0,0.0,0.0,0.0,0.0,0.0,0.0,ocorrencias
2026,2026-04-01,RO,Emissão de Alvarás de licença,0.0,0.0,0.0,0.0,0.0,0.0,0.0,ocorrencias
2026,2026-04-01,RO,Estupro,38.0,0.0,36.0,1.0,1.0,0.0,38.0,vitimas
2026,2026-04-01,RO,Estupro de vulnerável,96.0,0.0,74.0,12.0,10.0,0.0,96.0,vitimas
2026,2026-04-01,RO,Feminicídio,0.0,0.0,0.0,0.0,0.0,0.0,0.0,vitimas
2026,2026-04-01,RO,Furto de veículo,0.0,105.0,0.0,0.0,0.0,0.0,105.0,ocorrencias
2026,2026-04-01,RO,Homicídio doloso,18.0,0.0,1.0,17.0,0.0,0.0,18.0,vitimas
2026,2026-04-01,RO,Lesão corporal seguida de morte,2.0,0.0,0.0,2.0,0.0,0.0,2.0,vitimas
2026,2026-04-01,RO,Mandado de prisão cumprido,0.0,241.0,0.0,0.0,0.0,0.0,241.0,ocorrencias
2026,2026-04-01,RO,Morte de Agente do Estado,0.0,0.0,0.0,0.0,0.0,0.0,0.0,vitimas
2026,2026-04-01,RO,Morte no trânsito ou em decorrência dele (exceto homicídio doloso),27.0,0.0,4.0,22.0,1.0,0.0,27.0,vitimas
2026,2026-04-01,RO,Morte por intervenção de Agente do Estado,3.0,0.0,0.0,3.0,0.0,0.0,3.0,vitimas
2026,2026-04-01,RO,Mortes a esclarecer (sem indício de crime),25.0,0.0,4.0,21.0,0.0,0.0,25.0,vitimas
2026,2026-04-01,RO,Mortes no trânsito,0.0,0.0,0.0,0.0,0.0,0.0,0.0,vitimas
2026,2026-04-01,RO,Pessoa Desaparecida,69.0,0.0,31.0,38.0,0.0,0.0,69.0,vitimas
2026,2026-04-01,RO,Pessoa Localizada,4.0,0.0,2.0,2.0,0.0,0.0,4.0,vitimas
2026,2026-04-01,RO,Realização de vistorias,0.0,0.0,0.0,0.0,0.0,0.0,0.0,ocorrencias
2026,2026-04-01,RO,Roubo a instituição financeira,0.0,0.0,0.0,0.0,0.0,0.0,0.0,ocorrencias
2026,2026-04-01,RO,Roubo de carga,0.0,0.0,0.0,0.0,0.0,0.0,0.0,ocorrencias
2026,2026-04-01,RO,Roubo de veículo,0.0,28.0,0.0,0.0,0.0,0.0,28.0,ocorrencias
2026,2026-04-01,RO,Roubo seguido de morte (latrocínio),3.0,0.0,0.0,3.0,0.0,0.0,3.0,vitimas
2026,2026-04-01,RO,Suicídio,19.0,0.0,9.0,10.0,0.0,0.0,19.0,vitimas
2026,2026-04-01,RO,Suicídio de Agente do Estado,0.0,0.0,0.0,0.0,0.0,0.0,0.0,vitimas
2026,2026-04-01,RO,Tentativa de feminicídio,5.0,0.0,5.0,0.0,0.0,0.0,5.0,vitimas
2026,2026-04-01,RO,Tentativa de homicídio,75.0,0.0,16.0,59.0,0.0,0.0,75.0,vitimas
2026,2026-04-01,RO,Tráfico de drogas,0.0,199.0,0.0,0.0,0.0,0.0,199.0,ocorrencias
2026,2026-04-01,RR,Apreensão de Cocaína,0.0,0.0,0.0,0.0,0.0,14083.0,14083.0,kg
2026,2026-04-01,RR,Apreensão de Maconha,0.0,0.0,0.0,0.0,0.0,46062.0,46062.0,kg
2026,2026-04-01,RR,Arma de Fogo Apreendida,0.0,30.0,0.0,0.0,0.0,0.0,30.0,ocorrencias
2026,2026-04-01,RR,Atendimento pré-hospitalar,0.0,171.0,0.0,0.0,0.0,0.0,171.0,ocorrencias
2026,2026-04-01,RR,Busca e salvamento,0.0,178.0,0.0,0.0,0.0,0.0,178.0,ocorrencias
2026,2026-04-01,RR,Combate a incêndios,0.0,59.0,0.0,0.0,0.0,0.0,59.0,ocorrencias
2026,2026-04-01,RR,Emissão de Alvarás de licença,0.0,140.0,0.0,0.0,0.0,0.0,140.0,ocorrencias
2026,2026-04-01,RR,Estupro,14.0,0.0,13.0,1.0,0.0,0.0,14.0,vitimas
2026,2026-04-01,RR,Estupro de vulnerável,35.0,0.0,29.0,4.0,2.0,0.0,35.0,vitimas
2026,2026-04-01,RR,Feminicídio,1.0,0.0,1.0,0.0,0.0,0.0,1.0,vitimas
2026,2026-04-01,RR,Furto de veículo,0.0,29.0,0.0,0.0,0.0,0.0,29.0,ocorrencias
2026,2026-04-01,RR,Homicídio doloso,15.0,0.0,0.0,13.0,2.0,0.0,15.0,vitimas
2026,2026-04-01,RR,Lesão corporal seguida de morte,0.0,0.0,0.0,0.0,0.0,0.0,0.0,vitimas
2026,2026-04-01,RR,Mandado de prisão cumprido,0.0,86.0,0.0,0.0,0.0,0.0,86.0,ocorrencias
2026,2026-04-01,RR,Morte de Agente do Estado,0.0,0.0,0.0,0.0,0.0,0.0,0.0,vitimas
2026,2026-04-01,RR,Morte no trânsito ou em decorrência dele (exceto homicídio doloso),1.0,0.0,0.0,1.0,0.0,0.0,1.0,vitimas
2026,2026-04-01,RR,Morte por intervenção de Agente do Estado,1.0,0.0,0.0,1.0,0.0,0.0,1.0,vitimas
2026,2026-04-01,RR,Mortes a esclarecer (sem indício de crime),13.0,0.0,5.0,8.0,0.0,0.0,13.0,vitimas
2026,2026-04-01,RR,Mortes no trânsito,0.0,0.0,0.0,0.0,0.0,0.0,0.0,vitimas
2026,2026-04-01,RR,Pessoa Desaparecida,32.0,0.0,16.0,16.0,0.0,0.0,32.0,vitimas
2026,2026-04-01,RR,Pessoa Localizada,29.0,0.0,14.0,15.0,0.0,0.0,29.0,vitimas
2026,2026-04-01,RR,Realização de vistorias,0.0,48.0,0.0,0.0,0.0,0.0,48.0,ocorrencias
2026,2026-04-01,RR,Roubo a instituição financeira,0.0,0.0,0.0,0.0,0.0,0.0,0.0,ocorrencias
2026,2026-04-01,RR,Roubo de carga,0.0,0.0,0.0,0.0,0.0,0.0,0.0,ocorrencias
2026,2026-04-01,RR,Roubo de veículo,0.0,10.0,0.0,0.0,0.0,0.0,10.0,ocorrencias
2026,2026-04-01,RR,Roubo seguido de morte (latrocínio),0.0,0.0,0.0,0.0,0.0,0.0,0.0,vitimas
2026,2026-04-01,RR,Suicídio,5.0,0.0,1.0,4.0,0.0,0.0,5.0,vitimas
2026,2026-04-01,RR,Suicídio de Agente do Estado,0.0,0.0,0.0,0.0,0.0,0.0,0.0,vitimas
2026,2026-04-01,RR,Tentativa de feminicídio,2.0,0.0,2.0,0.0,0.0,0.0,2.0,vitimas
2026,2026-04-01,RR,Tentativa de homicídio,34.0,0.0,2.0,32.0,0.0,0.0,34.0,vitimas
2026,2026-04-01,RR,Tráfico de drogas,0.0,38.0,0.0,0.0,0.0,0.0,38.0,ocorrencias
2026,2026-04-01,RS,Apreensão de Cocaína,0.0,0.0,0.0,0.0,0.0,1233060.0,1233060.0,kg
2026,2026-04-01,RS,Apreensão de Maconha,0.0,0.0,0.0,0.0,0.0,200600986.0,200600986.0,kg
2026,2026-04-01,RS,Arma de Fogo Apreendida,0.0,650.0,0.0,0.0,0.0,0.0,650.0,ocorrencias
2026,2026-04-01,RS,Atendimento pré-hospitalar,0.0,2555.0,0.0,0.0,0.0,0.0,2555.0,ocorrencias
2026,2026-04-01,RS,Busca e salvamento,0.0,1071.0,0.0,0.0,0.0,0.0,1071.0,ocorrencias
2026,2026-04-01,RS,Combate a incêndios,0.0,1542.0,0.0,0.0,0.0,0.0,1542.0,ocorrencias
2026,2026-04-01,RS,Emissão de Alvarás de licença,0.0,3372.0,0.0,0.0,0.0,0.0,3372.0,ocorrencias
2026,2026-04-01,RS,Estupro,68.0,0.0,61.0,7.0,0.0,0.0,68.0,vitimas
2026,2026-04-01,RS,Estupro de vulnerável,244.0,0.0,211.0,33.0,0.0,0.0,244.0,vitimas
2026,2026-04-01,RS,Feminicídio,6.0,0.0,6.0,0.0,0.0,0.0,6.0,vitimas
2026,2026-04-01,RS,Furto de veículo,0.0,466.0,0.0,0.0,0.0,0.0,466.0,ocorrencias
2026,2026-04-01,RS,Homicídio doloso,72.0,0.0,4.0,68.0,0.0,0.0,72.0,vitimas
2026,2026-04-01,RS,Lesão corporal seguida de morte,2.0,0.0,0.0,2.0,0.0,0.0,2.0,vitimas
2026,2026-04-01,RS,Mandado de prisão cumprido,0.0,822.0,0.0,0.0,0.0,0.0,822.0,ocorrencias
2026,2026-04-01,RS,Morte de Agente do Estado,0.0,0.0,0.0,0.0,0.0,0.0,0.0,vitimas
2026,2026-04-01,RS,Morte no trânsito ou em decorrência dele (exceto homicídio doloso),91.0,0.0,23.0,68.0,0.0,0.0,91.0,vitimas
2026,2026-04-01,RS,Morte por intervenção de Agente do Estado,7.0,0.0,0.0,7.0,0.0,0.0,7.0,vitimas
2026,2026-04-01,RS,Mortes a esclarecer (sem indício de crime),96.0,0.0,29.0,67.0,0.0,0.0,96.0,vitimas
2026,2026-04-01,RS,Mortes no trânsito,0.0,0.0,0.0,0.0,0.0,0.0,0.0,vitimas
2026,2026-04-01,RS,Pessoa Desaparecida,555.0,0.0,207.0,348.0,0.0,0.0,555.0,vitimas
2026,2026-04-01,RS,Pessoa Localizada,569.0,0.0,213.0,356.0,0.0,0.0,569.0,vitimas
2026,2026-04-01,RS,Realização de vistorias,0.0,2145.0,0.0,0.0,0.0,0.0,2145.0,ocorrencias
2026,2026-04-01,RS,Roubo a instituição financeira,0.0,0.0,0.0,0.0,0.0,0.0,0.0,ocorrencias
2026,2026-04-01,RS,Roubo de carga,0.0,6.0,0.0,0.0,0.0,0.0,6.0,ocorrencias
2026,2026-04-01,RS,Roubo de veículo,0.0,155.0,0.0,0.0,0.0,0.0,155.0,ocorrencias
2026,2026-04-01,RS,Roubo seguido de morte (latrocínio),1.0,0.0,0.0,1.0,0.0,0.0,1.0,vitimas
2026,2026-04-01,RS,Suicídio,105.0,0.0,25.0,80.0,0.0,0.0,105.0,vitimas
2026,2026-04-01,RS,Suicídio de Agente do Estado,0.0,0.0,0.0,0.0,0.0,0.0,0.0,vitimas
2026,2026-04-01,RS,Tentativa de feminicídio,19.0,0.0,19.0,0.0,0.0,0.0,19.0,vitimas
2026,2026-04-01,RS,Tentativa de homicídio,154.0,0.0,22.0,132.0,0.0,0.0,154.0,vitimas
2026,2026-04-01,RS,Tráfico de drogas,0.0,1332.0,0.0,0.0,0.0,0.0,1332.0,ocorrencias
2026,2026-04-01,SC,Apreensão de Cocaína,0.0,0.0,0.0,0.0,0.0,321109.0,321109.0,kg
2026,2026-04-01,SC,Apreensão de Maconha,0.0,0.0,0.0,0.0,0.0,123452.0,123452.0,kg
2026,2026-04-01,SC,Arma de Fogo Apreendida,0.0,179.0,0.0,0.0,0.0,0.0,179.0,ocorrencias
2026,2026-04-01,SC,Atendimento pré-hospitalar,0.0,14049.0,0.0,0.0,0.0,0.0,14049.0,ocorrencias
2026,2026-04-01,SC,Busca e salvamento,0.0,1280.0,0.0,0.0,0.0,0.0,1280.0,ocorrencias
2026,2026-04-01,SC,Combate a incêndios,0.0,860.0,0.0,0.0,0.0,0.0,860.0,ocorrencias
2026,2026-04-01,SC,Emissão de Alvarás de licença,0.0,36332.0,0.0,0.0,0.0,0.0,36332.0,ocorrencias
2026,2026-04-01,SC,Estupro,105.0,0.0,94.0,11.0,0.0,0.0,105.0,vitimas
2026,2026-04-01,SC,Estupro de vulnerável,230.0,0.0,193.0,36.0,1.0,0.0,230.0,vitimas
2026,2026-04-01,SC,Feminicídio,10.0,0.0,10.0,0.0,0.0,0.0,10.0,vitimas
2026,2026-04-01,SC,Furto de veículo,0.0,592.0,0.0,0.0,0.0,0.0,592.0,ocorrencias
2026,2026-04-01,SC,Homicídio doloso,35.0,0.0,4.0,31.0,0.0,0.0,35.0,vitimas
2026,2026-04-01,SC,Lesão corporal seguida de morte,0.0,0.0,0.0,0.0,0.0,0.0,0.0,vitimas
2026,2026-04-01,SC,Mandado de prisão cumprido,0.0,1372.0,0.0,0.0,0.0,0.0,1372.0,ocorrencias
2026,2026-04-01,SC,Morte de Agente do Estado,0.0,0.0,0.0,0.0,0.0,0.0,0.0,vitimas
2026,2026-04-01,SC,Morte no trânsito ou em decorrência dele (exceto homicídio doloso),48.0,0.0,11.0,37.0,0.0,0.0,48.0,vitimas
2026,2026-04-01,SC,Morte por intervenção de Agente do Estado,11.0,0.0,0.0,11.0,0.0,0.0,11.0,vitimas
2026,2026-04-01,SC,Mortes a esclarecer (sem indício de crime),0.0,0.0,0.0,0.0,0.0,0.0,0.0,vitimas
2026,2026-04-01,SC,Mortes no trânsito,0.0,0.0,0.0,0.0,0.0,0.0,0.0,vitimas
2026,2026-04-01,SC,Pessoa Desaparecida,400.0,0.0,172.0,227.0,1.0,0.0,400.0,vitimas
2026,2026-04-01,SC,Pessoa Localizada,332.0,0.0,153.0,179.0,0.0,0.0,332.0,vitimas
2026,2026-04-01,SC,Realização de vistorias,0.0,4862.0,0.0,0.0,0.0,0.0,4862.0,ocorrencias
2026,2026-04-01,SC,Roubo a instituição financeira,0.0,0.0,0.0,0.0,0.0,0.0,0.0,ocorrencias
2026,2026-04-01,SC,Roubo de carga,0.0,1.0,0.0,0.0,0.0,0.0,1.0,ocorrencias
2026,2026-04-01,SC,Roubo de veículo,0.0,57.0,0.0,0.0,0.0,0.0,57.0,ocorrencias
2026,2026-04-01,SC,Roubo seguido de morte (latrocínio),1.0,0.0,0.0,1.0,0.0,0.0,1.0,vitimas
2026,2026-04-01,SC,Suicídio,67.0,0.0,11.0,56.0,0.0,0.0,67.0,vitimas
2026,2026-04-01,SC,Suicídio de Agente do Estado,0.0,0.0,0.0,0.0,0.0,0.0,0.0,vitimas
2026,2026-04-01,SC,Tentativa de feminicídio,24.0,0.0,24.0,0.0,0.0,0.0,24.0,vitimas
2026,2026-04-01,SC,Tentativa de homicídio,116.0,0.0,11.0,105.0,0.0,0.0,116.0,vitimas
2026,2026-04-01,SC,Tráfico de drogas,0.0,674.0,0.0,0.0,0.0,0.0,674.0,ocorrencias
2026,2026-04-01,SE,Apreensão de Cocaína,0.0,0.0,0.0,0.0,0.0,6623.0,6623.0,kg
2026,2026-04-01,SE,Apreensão de Maconha,0.0,0.0,0.0,0.0,0.0,4662.0,4662.0,kg
2026,2026-04-01,SE,Arma de Fogo Apreendida,0.0,66.0,0.0,0.0,0.0,0.0,66.0,ocorrencias
2026,2026-04-01,SE,Atendimento pré-hospitalar,0.0,0.0,0.0,0.0,0.0,0.0,0.0,ocorrencias
2026,2026-04-01,SE,Busca e salvamento,0.0,0.0,0.0,0.0,0.0,0.0,0.0,ocorrencias
2026,2026-04-01,SE,Combate a incêndios,0.0,0.0,0.0,0.0,0.0,0.0,0.0,ocorrencias
2026,2026-04-01,SE,Emissão de Alvarás de licença,0.0,0.0,0.0,0.0,0.0,0.0,0.0,ocorrencias
2026,2026-04-01,SE,Estupro,14.0,0.0,14.0,0.0,0.0,0.0,14.0,vitimas
2026,2026-04-01,SE,Estupro de vulnerável,41.0,0.0,31.0,4.0,6.0,0.0,41.0,vitimas
2026,2026-04-01,SE,Feminicídio,2.0,0.0,2.0,0.0,0.0,0.0,2.0,vitimas
2026,2026-04-01,SE,Furto de veículo,0.0,60.0,0.0,0.0,0.0,0.0,60.0,ocorrencias
2026,2026-04-01,SE,Homicídio doloso,19.0,0.0,2.0,17.0,0.0,0.0,19.0,vitimas
2026,2026-04-01,SE,Lesão corporal seguida de morte,0.0,0.0,0.0,0.0,0.0,0.0,0.0,vitimas
2026,2026-04-01,SE,Mandado de prisão cumprido,0.0,167.0,0.0,0.0,0.0,0.0,167.0,ocorrencias
2026,2026-04-01,SE,Morte de Agente do Estado,0.0,0.0,0.0,0.0,0.0,0.0,0.0,vitimas
2026,2026-04-01,SE,Morte no trânsito ou em decorrência dele (exceto homicídio doloso),17.0,0.0,4.0,12.0,1.0,0.0,17.0,vitimas
2026,2026-04-01,SE,Morte por intervenção de Agente do Estado,21.0,0.0,0.0,21.0,0.0,0.0,21.0,vitimas
2026,2026-04-01,SE,Mortes a esclarecer (sem indício de crime),36.0,0.0,9.0,26.0,1.0,0.0,36.0,vitimas
2026,2026-04-01,SE,Mortes no trânsito,0.0,0.0,0.0,0.0,0.0,0.0,0.0,vitimas
2026,2026-04-01,SE,Pessoa Desaparecida,19.0,0.0,8.0,11.0,0.0,0.0,19.0,vitimas
2026,2026-04-01,SE,Pessoa Localizada,10.0,0.0,5.0,5.0,0.0,0.0,10.0,vitimas
2026,2026-04-01,SE,Realização de vistorias,0.0,0.0,0.0,0.0,0.0,0.0,0.0,ocorrencias
2026,2026-04-01,SE,Roubo a instituição financeira,0.0,0.0,0.0,0.0,0.0,0.0,0.0,ocorrencias
2026,2026-04-01,SE,Roubo de carga,0.0,0.0,0.0,0.0,0.0,0.0,0.0,ocorrencias
2026,2026-04-01,SE,Roubo de veículo,0.0,30.0,0.0,0.0,0.0,0.0,30.0,ocorrencias
2026,2026-04-01,SE,Roubo seguido de morte (latrocínio),0.0,0.0,0.0,0.0,0.0,0.0,0.0,vitimas
2026,2026-04-01,SE,Suicídio,11.0,0.0,4.0,7.0,0.0,0.0,11.0,vitimas
2026,2026-04-01,SE,Suicídio de Agente do Estado,0.0,0.0,0.0,0.0,0.0,0.0,0.0,vitimas
2026,2026-04-01,SE,Tentativa de feminicídio,11.0,0.0,10.0,1.0,0.0,0.0,11.0,vitimas
2026,2026-04-01,SE,Tentativa de homicídio,63.0,0.0,2.0,58.0,3.0,0.0,63.0,vitimas
2026,2026-04-01,SE,Tráfico de drogas,0.0,101.0,0.0,0.0,0.0,0.0,101.0,ocorrencias
2026,2026-04-01,SP,Apreensão de Cocaína,0.0,0.0,0.0,0.0,0.0,3324395.0,3324395.0,kg
2026,2026-04-01,SP,Apreensão de Maconha,0.0,0.0,0.0,0.0,0.0,7629923.0,7629923.0,kg
2026,2026-04-01,SP,Arma de Fogo Apreendida,0.0,1050.0,0.0,0.0,0.0,0.0,1050.0,ocorrencias
2026,2026-04-01,SP,Atendimento pré-hospitalar,0.0,17442.0,0.0,0.0,0.0,0.0,17442.0,ocorrencias
2026,2026-04-01,SP,Busca e salvamento,0.0,5797.0,0.0,0.0,0.0,0.0,5797.0,ocorrencias
2026,2026-04-01,SP,Combate a incêndios,0.0,3679.0,0.0,0.0,0.0,0.0,3679.0,ocorrencias
2026,2026-04-01,SP,Emissão de Alvarás de licença,0.0,20260.0,0.0,0.0,0.0,0.0,20260.0,ocorrencias
2026,2026-04-01,SP,Estupro,346.0,0.0,327.0,18.0,1.0,0.0,346.0,vitimas
2026,2026-04-01,SP,Estupro de vulnerável,1094.0,0.0,883.0,206.0,5.0,0.0,1094.0,vitimas
2026,2026-04-01,SP,Feminicídio,20.0,0.0,20.0,0.0,0.0,0.0,20.0,vitimas
2026,2026-04-01,SP,Furto de veículo,0.0,6562.0,0.0,0.0,0.0,0.0,6562.0,ocorrencias
2026,2026-04-01,SP,Homicídio doloso,191.0,0.0,18.0,172.0,1.0,0.0,191.0,vitimas
2026,2026-04-01,SP,Lesão corporal seguida de morte,6.0,0.0,0.0,6.0,0.0,0.0,6.0,vitimas
2026,2026-04-01,SP,Mandado de prisão cumprido,0.0,6416.0,0.0,0.0,0.0,0.0,6416.0,ocorrencias
2026,2026-04-01,SP,Morte de Agente do Estado,1.0,0.0,0.0,1.0,0.0,0.0,1.0,vitimas
2026,2026-04-01,SP,Morte no trânsito ou em decorrência dele (exceto homicídio doloso),366.0,0.0,87.0,278.0,1.0,0.0,366.0,vitimas
2026,2026-04-01,SP,Morte por intervenção de Agente do Estado,63.0,0.0,2.0,60.0,1.0,0.0,63.0,vitimas
2026,2026-04-01,SP,Mortes a esclarecer (sem indício de crime),314.0,0.0,54.0,247.0,13.0,0.0,314.0,vitimas
2026,2026-04-01,SP,Mortes no trânsito,0.0,0.0,0.0,0.0,0.0,0.0,0.0,vitimas
2026,2026-04-01,SP,Pessoa Desaparecida,1735.0,0.0,622.0,1109.0,4.0,0.0,1735.0,vitimas
2026,2026-04-01,SP,Pessoa Localizada,1210.0,0.0,485.0,722.0,3.0,0.0,1210.0,vitimas
2026,2026-04-01,SP,Realização de vistorias,0.0,9043.0,0.0,0.0,0.0,0.0,9043.0,ocorrencias
2026,2026-04-01,SP,Roubo a instituição financeira,0.0,0.0,0.0,0.0,0.0,0.0,0.0,ocorrencias
2026,2026-04-01,SP,Roubo de carga,0.0,210.0,0.0,0.0,0.0,0.0,210.0,ocorrencias
2026,2026-04-01,SP,Roubo de veículo,0.0,1531.0,0.0,0.0,0.0,0.0,1531.0,ocorrencias
2026,2026-04-01,SP,Roubo seguido de morte (latrocínio),12.0,0.0,2.0,10.0,0.0,0.0,12.0,vitimas
2026,2026-04-01,SP,Suicídio,230.0,0.0,51.0,179.0,0.0,0.0,230.0,vitimas
2026,2026-04-01,SP,Suicídio de Agente do Estado,0.0,0.0,0.0,0.0,0.0,0.0,0.0,vitimas
2026,2026-04-01,SP,Tentativa de feminicídio,78.0,0.0,78.0,0.0,0.0,0.0,78.0,vitimas
2026,2026-04-01,SP,Tentativa de homicídio,337.0,0.0,43.0,292.0,2.0,0.0,337.0,vitimas
2026,2026-04-01,SP,Tráfico de drogas,0.0,4237.0,0.0,0.0,0.0,0.0,4237.0,ocorrencias
2026,2026-04-01,TO,Apreensão de Cocaína,0.0,0.0,0.0,0.0,0.0,941765.0,941765.0,kg
2026,2026-04-01,TO,Apreensão de Maconha,0.0,0.0,0.0,0.0,0.0,21774.0,21774.0,kg
2026,2026-04-01,TO,Arma de Fogo Apreendida,0.0,61.0,0.0,0.0,0.0,0.0,61.0,ocorrencias
2026,2026-04-01,TO,Atendimento pré-hospitalar,0.0,1023.0,0.0,0.0,0.0,0.0,1023.0,ocorrencias
2026,2026-04-01,TO,Busca e salvamento,0.0,313.0,0.0,0.0,0.0,0.0,313.0,ocorrencias
2026,2026-04-01,TO,Combate a incêndios,0.0,69.0,0.0,0.0,0.0,0.0,69.0,ocorrencias
2026,2026-04-01,TO,Emissão de Alvarás de licença,0.0,1302.0,0.0,0.0,0.0,0.0,1302.0,ocorrencias
2026,2026-04-01,TO,Estupro,15.0,0.0,13.0,2.0,0.0,0.0,15.0,vitimas
2026,2026-04-01,TO,Estupro de vulnerável,52.0,0.0,43.0,8.0,1.0,0.0,52.0,vitimas
2026,2026-04-01,TO,Feminicídio,0.0,0.0,0.0,0.0,0.0,0.0,0.0,vitimas
2026,2026-04-01,TO,Furto de veículo,0.0,98.0,0.0,0.0,0.0,0.0,98.0,ocorrencias
2026,2026-04-01,TO,Homicídio doloso,25.0,0.0,2.0,22.0,1.0,0.0,25.0,vitimas
2026,2026-04-01,TO,Lesão corporal seguida de morte,0.0,0.0,0.0,0.0,0.0,0.0,0.0,vitimas
2026,2026-04-01,TO,Mandado de prisão cumprido,0.0,199.0,0.0,0.0,0.0,0.0,199.0,ocorrencias
2026,2026-04-01,TO,Morte de Agente do Estado,0.0,0.0,0.0,0.0,0.0,0.0,0.0,vitimas
2026,2026-04-01,TO,Morte no trânsito ou em decorrência dele (exceto homicídio doloso),39.0,0.0,7.0,32.0,0.0,0.0,39.0,vitimas
2026,2026-04-01,TO,Morte por intervenção de Agente do Estado,1.0,0.0,0.0,0.0,1.0,0.0,1.0,vitimas
2026,2026-04-01,TO,Mortes a esclarecer (sem indício de crime),29.0,0.0,5.0,22.0,2.0,0.0,29.0,vitimas
2026,2026-04-01,TO,Mortes no trânsito,0.0,0.0,0.0,0.0,0.0,0.0,0.0,vitimas
2026,2026-04-01,TO,Pessoa Desaparecida,48.0,0.0,11.0,37.0,0.0,0.0,48.0,vitimas
2026,2026-04-01,TO,Pessoa Localizada,24.0,0.0,7.0,17.0,0.0,0.0,24.0,vitimas
2026,2026-04-01,TO,Realização de vistorias,0.0,346.0,0.0,0.0,0.0,0.0,346.0,ocorrencias
2026,2026-04-01,TO,Roubo a instituição financeira,0.0,0.0,0.0,0.0,0.0,0.0,0.0,ocorrencias
2026,2026-04-01,TO,Roubo de carga,0.0,0.0,0.0,0.0,0.0,0.0,0.0,ocorrencias
2026,2026-04-01,TO,Roubo de veículo,0.0,16.0,0.0,0.0,0.0,0.0,16.0,ocorrencias
2026,2026-04-01,TO,Roubo seguido de morte (latrocínio),1.0,0.0,0.0,1.0,0.0,0.0,1.0,vitimas
2026,2026-04-01,TO,Suicídio,11.0,0.0,2.0,9.0,0.0,0.0,11.0,vitimas
2026,2026-04-01,TO,Suicídio de Agente do Estado,0.0,0.0,0.0,0.0,0.0,0.0,0.0,vitimas
2026,2026-04-01,TO,Tentativa de feminicídio,4.0,0.0,4.0,0.0,0.0,0.0,4.0,vitimas
2026,2026-04-01,TO,Tentativa de homicídio,33.0,0.0,7.0,26.0,0.0,0.0,33.0,vitimas
2026,2026-04-01,TO,Tráfico de drogas,0.0,91.0,0.0,0.0,0.0,0.0,91.0,ocorrencias
